ISO-10303-21;
HEADER;
FILE_DESCRIPTION(('Open CASCADE Model'),'2;1');
FILE_NAME('Open CASCADE Shape Model','2026-07-31T13:20:53',('Author'),(
    'Open CASCADE'),'Open CASCADE STEP processor 7.9','Open CASCADE 7.9'
  ,'Unknown');
FILE_SCHEMA(('AUTOMOTIVE_DESIGN { 1 0 10303 214 1 1 1 1 }'));
ENDSEC;
DATA;
#1 = APPLICATION_PROTOCOL_DEFINITION('international standard',
  'automotive_design',2000,#2);
#2 = APPLICATION_CONTEXT(
  'core data for automotive mechanical design processes');
#3 = SHAPE_DEFINITION_REPRESENTATION(#4,#10);
#4 = PRODUCT_DEFINITION_SHAPE('','',#5);
#5 = PRODUCT_DEFINITION('design','',#6,#9);
#6 = PRODUCT_DEFINITION_FORMATION('','',#7);
#7 = PRODUCT('verifier-enclosure','verifier-enclosure','',(#8));
#8 = PRODUCT_CONTEXT('',#2,'mechanical');
#9 = PRODUCT_DEFINITION_CONTEXT('part definition',#2,'design');
#10 = SHAPE_REPRESENTATION('',(#11,#15,#19,#23,#27),#31);
#11 = AXIS2_PLACEMENT_3D('',#12,#13,#14);
#12 = CARTESIAN_POINT('',(0.,0.,0.));
#13 = DIRECTION('',(0.,0.,1.));
#14 = DIRECTION('',(1.,0.,-0.));
#15 = AXIS2_PLACEMENT_3D('',#16,#17,#18);
#16 = CARTESIAN_POINT('',(0.,0.,0.));
#17 = DIRECTION('',(0.,0.,1.));
#18 = DIRECTION('',(1.,0.,-0.));
#19 = AXIS2_PLACEMENT_3D('',#20,#21,#22);
#20 = CARTESIAN_POINT('',(0.,0.,0.));
#21 = DIRECTION('',(0.,0.,1.));
#22 = DIRECTION('',(1.,0.,-0.));
#23 = AXIS2_PLACEMENT_3D('',#24,#25,#26);
#24 = CARTESIAN_POINT('',(0.,0.,0.));
#25 = DIRECTION('',(0.,0.,1.));
#26 = DIRECTION('',(1.,0.,-0.));
#27 = AXIS2_PLACEMENT_3D('',#28,#29,#30);
#28 = CARTESIAN_POINT('',(0.,0.,0.));
#29 = DIRECTION('',(0.,0.,1.));
#30 = DIRECTION('',(1.,0.,-0.));
#31 = ( GEOMETRIC_REPRESENTATION_CONTEXT(3) 
GLOBAL_UNCERTAINTY_ASSIGNED_CONTEXT((#35)) GLOBAL_UNIT_ASSIGNED_CONTEXT(
(#32,#33,#34)) REPRESENTATION_CONTEXT('Context #1',
  '3D Context with UNIT and UNCERTAINTY') );
#32 = ( LENGTH_UNIT() NAMED_UNIT(*) SI_UNIT(.MILLI.,.METRE.) );
#33 = ( NAMED_UNIT(*) PLANE_ANGLE_UNIT() SI_UNIT($,.RADIAN.) );
#34 = ( NAMED_UNIT(*) SI_UNIT($,.STERADIAN.) SOLID_ANGLE_UNIT() );
#35 = UNCERTAINTY_MEASURE_WITH_UNIT(LENGTH_MEASURE(1.E-07),#32,
  'distance_accuracy_value','confusion accuracy');
#36 = PRODUCT_RELATED_PRODUCT_CATEGORY('part',$,(#7));
#37 = SHAPE_DEFINITION_REPRESENTATION(#38,#44);
#38 = PRODUCT_DEFINITION_SHAPE('','',#39);
#39 = PRODUCT_DEFINITION('design','',#40,#43);
#40 = PRODUCT_DEFINITION_FORMATION('','',#41);
#41 = PRODUCT('chassis','chassis','',(#42));
#42 = PRODUCT_CONTEXT('',#2,'mechanical');
#43 = PRODUCT_DEFINITION_CONTEXT('part definition',#2,'design');
#44 = ADVANCED_BREP_SHAPE_REPRESENTATION('',(#11,#45),#6691);
#45 = MANIFOLD_SOLID_BREP('',#46);
#46 = CLOSED_SHELL('',(#47,#167,#255,#332,#455,#533,#586,#639,#715,#1271
    ,#1296,#1900,#1925,#2001,#2026,#2051,#2129,#2154,#2179,#2227,#2254,
    #2327,#2379,#2438,#2617,#2666,#2716,#2877,#2927,#3049,#3096,#3149,
    #3201,#3254,#3286,#3353,#3399,#3406,#3413,#3469,#3524,#3579,#3635,
    #3690,#3746,#3801,#3857,#4204,#4281,#4412,#4461,#4534,#4643,#4835,
    #4884,#4933,#4960,#5034,#5084,#5131,#5159,#5231,#5309,#5359,#5408,
    #5462,#5512,#5516,#5555,#5594,#5598,#5637,#5641,#5680,#5684,#5756,
    #5806,#5856,#5884,#5911,#5918,#5967,#6020,#6047,#6074,#6087,#6094,
    #6227,#6286,#6345,#6404,#6463,#6513,#6563,#6613,#6663,#6670,#6677,
    #6684));
#47 = ADVANCED_FACE('',(#48),#62,.F.);
#48 = FACE_BOUND('',#49,.F.);
#49 = EDGE_LOOP('',(#50,#85,#113,#141));
#50 = ORIENTED_EDGE('',*,*,#51,.T.);
#51 = EDGE_CURVE('',#52,#54,#56,.T.);
#52 = VERTEX_POINT('',#53);
#53 = CARTESIAN_POINT('',(-54.,-34.,1.));
#54 = VERTEX_POINT('',#55);
#55 = CARTESIAN_POINT('',(-54.,-34.,18.7));
#56 = SURFACE_CURVE('',#57,(#61,#73),.PCURVE_S1.);
#57 = LINE('',#58,#59);
#58 = CARTESIAN_POINT('',(-54.,-34.,0.));
#59 = VECTOR('',#60,1.);
#60 = DIRECTION('',(0.,0.,1.));
#61 = PCURVE('',#62,#67);
#62 = PLANE('',#63);
#63 = AXIS2_PLACEMENT_3D('',#64,#65,#66);
#64 = CARTESIAN_POINT('',(-64.,-34.,0.));
#65 = DIRECTION('',(0.,1.,0.));
#66 = DIRECTION('',(1.,0.,0.));
#67 = DEFINITIONAL_REPRESENTATION('',(#68),#72);
#68 = LINE('',#69,#70);
#69 = CARTESIAN_POINT('',(10.,0.));
#70 = VECTOR('',#71,1.);
#71 = DIRECTION('',(0.,-1.));
#72 = ( GEOMETRIC_REPRESENTATION_CONTEXT(2) 
PARAMETRIC_REPRESENTATION_CONTEXT() REPRESENTATION_CONTEXT('2D SPACE',''
  ) );
#73 = PCURVE('',#74,#79);
#74 = CYLINDRICAL_SURFACE('',#75,10.);
#75 = AXIS2_PLACEMENT_3D('',#76,#77,#78);
#76 = CARTESIAN_POINT('',(-54.,-24.,0.));
#77 = DIRECTION('',(0.,0.,1.));
#78 = DIRECTION('',(0.,-1.,0.));
#79 = DEFINITIONAL_REPRESENTATION('',(#80),#84);
#80 = LINE('',#81,#82);
#81 = CARTESIAN_POINT('',(-0.,0.));
#82 = VECTOR('',#83,1.);
#83 = DIRECTION('',(-0.,1.));
#84 = ( GEOMETRIC_REPRESENTATION_CONTEXT(2) 
PARAMETRIC_REPRESENTATION_CONTEXT() REPRESENTATION_CONTEXT('2D SPACE',''
  ) );
#85 = ORIENTED_EDGE('',*,*,#86,.T.);
#86 = EDGE_CURVE('',#54,#87,#89,.T.);
#87 = VERTEX_POINT('',#88);
#88 = CARTESIAN_POINT('',(54.,-34.,18.7));
#89 = SURFACE_CURVE('',#90,(#94,#101),.PCURVE_S1.);
#90 = LINE('',#91,#92);
#91 = CARTESIAN_POINT('',(-54.,-34.,18.7));
#92 = VECTOR('',#93,1.);
#93 = DIRECTION('',(1.,0.,0.));
#94 = PCURVE('',#62,#95);
#95 = DEFINITIONAL_REPRESENTATION('',(#96),#100);
#96 = LINE('',#97,#98);
#97 = CARTESIAN_POINT('',(10.,-18.7));
#98 = VECTOR('',#99,1.);
#99 = DIRECTION('',(1.,0.));
#100 = ( GEOMETRIC_REPRESENTATION_CONTEXT(2) 
PARAMETRIC_REPRESENTATION_CONTEXT() REPRESENTATION_CONTEXT('2D SPACE',''
  ) );
#101 = PCURVE('',#102,#107);
#102 = PLANE('',#103);
#103 = AXIS2_PLACEMENT_3D('',#104,#105,#106);
#104 = CARTESIAN_POINT('',(-54.,-33.85,18.85));
#105 = DIRECTION('',(3.472568050348E-18,0.707106781187,-0.707106781187)
  );
#106 = DIRECTION('',(-1.,2.455476416533E-18,-2.455476416532E-18));
#107 = DEFINITIONAL_REPRESENTATION('',(#108),#112);
#108 = LINE('',#109,#110);
#109 = CARTESIAN_POINT('',(-0.,-0.212132034356));
#110 = VECTOR('',#111,1.);
#111 = DIRECTION('',(-1.,0.));
#112 = ( GEOMETRIC_REPRESENTATION_CONTEXT(2) 
PARAMETRIC_REPRESENTATION_CONTEXT() REPRESENTATION_CONTEXT('2D SPACE',''
  ) );
#113 = ORIENTED_EDGE('',*,*,#114,.F.);
#114 = EDGE_CURVE('',#115,#87,#117,.T.);
#115 = VERTEX_POINT('',#116);
#116 = CARTESIAN_POINT('',(54.,-34.,1.));
#117 = SURFACE_CURVE('',#118,(#122,#129),.PCURVE_S1.);
#118 = LINE('',#119,#120);
#119 = CARTESIAN_POINT('',(54.,-34.,0.));
#120 = VECTOR('',#121,1.);
#121 = DIRECTION('',(0.,0.,1.));
#122 = PCURVE('',#62,#123);
#123 = DEFINITIONAL_REPRESENTATION('',(#124),#128);
#124 = LINE('',#125,#126);
#125 = CARTESIAN_POINT('',(118.,0.));
#126 = VECTOR('',#127,1.);
#127 = DIRECTION('',(0.,-1.));
#128 = ( GEOMETRIC_REPRESENTATION_CONTEXT(2) 
PARAMETRIC_REPRESENTATION_CONTEXT() REPRESENTATION_CONTEXT('2D SPACE',''
  ) );
#129 = PCURVE('',#130,#135);
#130 = CYLINDRICAL_SURFACE('',#131,10.);
#131 = AXIS2_PLACEMENT_3D('',#132,#133,#134);
#132 = CARTESIAN_POINT('',(54.,-24.,0.));
#133 = DIRECTION('',(0.,0.,1.));
#134 = DIRECTION('',(0.,-1.,0.));
#135 = DEFINITIONAL_REPRESENTATION('',(#136),#140);
#136 = LINE('',#137,#138);
#137 = CARTESIAN_POINT('',(0.,0.));
#138 = VECTOR('',#139,1.);
#139 = DIRECTION('',(0.,1.));
#140 = ( GEOMETRIC_REPRESENTATION_CONTEXT(2) 
PARAMETRIC_REPRESENTATION_CONTEXT() REPRESENTATION_CONTEXT('2D SPACE',''
  ) );
#141 = ORIENTED_EDGE('',*,*,#142,.F.);
#142 = EDGE_CURVE('',#52,#115,#143,.T.);
#143 = SURFACE_CURVE('',#144,(#148,#155),.PCURVE_S1.);
#144 = LINE('',#145,#146);
#145 = CARTESIAN_POINT('',(-54.,-34.,1.));
#146 = VECTOR('',#147,1.);
#147 = DIRECTION('',(1.,0.,0.));
#148 = PCURVE('',#62,#149);
#149 = DEFINITIONAL_REPRESENTATION('',(#150),#154);
#150 = LINE('',#151,#152);
#151 = CARTESIAN_POINT('',(10.,-1.));
#152 = VECTOR('',#153,1.);
#153 = DIRECTION('',(1.,0.));
#154 = ( GEOMETRIC_REPRESENTATION_CONTEXT(2) 
PARAMETRIC_REPRESENTATION_CONTEXT() REPRESENTATION_CONTEXT('2D SPACE',''
  ) );
#155 = PCURVE('',#156,#161);
#156 = PLANE('',#157);
#157 = AXIS2_PLACEMENT_3D('',#158,#159,#160);
#158 = CARTESIAN_POINT('',(-54.,-33.5,0.5));
#159 = DIRECTION('',(0.,-0.707106781187,-0.707106781187));
#160 = DIRECTION('',(-1.,-0.,-0.));
#161 = DEFINITIONAL_REPRESENTATION('',(#162),#166);
#162 = LINE('',#163,#164);
#163 = CARTESIAN_POINT('',(-0.,-0.707106781187));
#164 = VECTOR('',#165,1.);
#165 = DIRECTION('',(-1.,0.));
#166 = ( GEOMETRIC_REPRESENTATION_CONTEXT(2) 
PARAMETRIC_REPRESENTATION_CONTEXT() REPRESENTATION_CONTEXT('2D SPACE',''
  ) );
#167 = ADVANCED_FACE('',(#168),#74,.T.);
#168 = FACE_BOUND('',#169,.F.);
#169 = EDGE_LOOP('',(#170,#171,#200,#228));
#170 = ORIENTED_EDGE('',*,*,#51,.F.);
#171 = ORIENTED_EDGE('',*,*,#172,.F.);
#172 = EDGE_CURVE('',#173,#52,#175,.T.);
#173 = VERTEX_POINT('',#174);
#174 = CARTESIAN_POINT('',(-64.,-24.,1.));
#175 = SURFACE_CURVE('',#176,(#181,#188),.PCURVE_S1.);
#176 = CIRCLE('',#177,10.);
#177 = AXIS2_PLACEMENT_3D('',#178,#179,#180);
#178 = CARTESIAN_POINT('',(-54.,-24.,1.));
#179 = DIRECTION('',(0.,0.,1.));
#180 = DIRECTION('',(-1.,0.,0.));
#181 = PCURVE('',#74,#182);
#182 = DEFINITIONAL_REPRESENTATION('',(#183),#187);
#183 = LINE('',#184,#185);
#184 = CARTESIAN_POINT('',(-1.570796326795,1.));
#185 = VECTOR('',#186,1.);
#186 = DIRECTION('',(1.,-0.));
#187 = ( GEOMETRIC_REPRESENTATION_CONTEXT(2) 
PARAMETRIC_REPRESENTATION_CONTEXT() REPRESENTATION_CONTEXT('2D SPACE',''
  ) );
#188 = PCURVE('',#189,#194);
#189 = CONICAL_SURFACE('',#190,10.,0.785398163397);
#190 = AXIS2_PLACEMENT_3D('',#191,#192,#193);
#191 = CARTESIAN_POINT('',(-54.,-24.,1.));
#192 = DIRECTION('',(0.,0.,1.));
#193 = DIRECTION('',(-1.,0.,0.));
#194 = DEFINITIONAL_REPRESENTATION('',(#195),#199);
#195 = LINE('',#196,#197);
#196 = CARTESIAN_POINT('',(0.,-0.));
#197 = VECTOR('',#198,1.);
#198 = DIRECTION('',(1.,-0.));
#199 = ( GEOMETRIC_REPRESENTATION_CONTEXT(2) 
PARAMETRIC_REPRESENTATION_CONTEXT() REPRESENTATION_CONTEXT('2D SPACE',''
  ) );
#200 = ORIENTED_EDGE('',*,*,#201,.T.);
#201 = EDGE_CURVE('',#173,#202,#204,.T.);
#202 = VERTEX_POINT('',#203);
#203 = CARTESIAN_POINT('',(-64.,-24.,18.7));
#204 = SURFACE_CURVE('',#205,(#209,#216),.PCURVE_S1.);
#205 = LINE('',#206,#207);
#206 = CARTESIAN_POINT('',(-64.,-24.,0.));
#207 = VECTOR('',#208,1.);
#208 = DIRECTION('',(0.,0.,1.));
#209 = PCURVE('',#74,#210);
#210 = DEFINITIONAL_REPRESENTATION('',(#211),#215);
#211 = LINE('',#212,#213);
#212 = CARTESIAN_POINT('',(-1.570796326795,0.));
#213 = VECTOR('',#214,1.);
#214 = DIRECTION('',(-0.,1.));
#215 = ( GEOMETRIC_REPRESENTATION_CONTEXT(2) 
PARAMETRIC_REPRESENTATION_CONTEXT() REPRESENTATION_CONTEXT('2D SPACE',''
  ) );
#216 = PCURVE('',#217,#222);
#217 = PLANE('',#218);
#218 = AXIS2_PLACEMENT_3D('',#219,#220,#221);
#219 = CARTESIAN_POINT('',(-64.,34.,0.));
#220 = DIRECTION('',(1.,0.,-0.));
#221 = DIRECTION('',(0.,-1.,0.));
#222 = DEFINITIONAL_REPRESENTATION('',(#223),#227);
#223 = LINE('',#224,#225);
#224 = CARTESIAN_POINT('',(58.,0.));
#225 = VECTOR('',#226,1.);
#226 = DIRECTION('',(0.,-1.));
#227 = ( GEOMETRIC_REPRESENTATION_CONTEXT(2) 
PARAMETRIC_REPRESENTATION_CONTEXT() REPRESENTATION_CONTEXT('2D SPACE',''
  ) );
#228 = ORIENTED_EDGE('',*,*,#229,.T.);
#229 = EDGE_CURVE('',#202,#54,#230,.T.);
#230 = SURFACE_CURVE('',#231,(#236,#243),.PCURVE_S1.);
#231 = CIRCLE('',#232,10.);
#232 = AXIS2_PLACEMENT_3D('',#233,#234,#235);
#233 = CARTESIAN_POINT('',(-54.,-24.,18.7));
#234 = DIRECTION('',(0.,0.,1.));
#235 = DIRECTION('',(-1.,0.,0.));
#236 = PCURVE('',#74,#237);
#237 = DEFINITIONAL_REPRESENTATION('',(#238),#242);
#238 = LINE('',#239,#240);
#239 = CARTESIAN_POINT('',(-1.570796326795,18.7));
#240 = VECTOR('',#241,1.);
#241 = DIRECTION('',(1.,-0.));
#242 = ( GEOMETRIC_REPRESENTATION_CONTEXT(2) 
PARAMETRIC_REPRESENTATION_CONTEXT() REPRESENTATION_CONTEXT('2D SPACE',''
  ) );
#243 = PCURVE('',#244,#249);
#244 = CONICAL_SURFACE('',#245,10.,0.785398163397);
#245 = AXIS2_PLACEMENT_3D('',#246,#247,#248);
#246 = CARTESIAN_POINT('',(-54.,-24.,18.7));
#247 = DIRECTION('',(-0.,-0.,-1.));
#248 = DIRECTION('',(-1.,0.,0.));
#249 = DEFINITIONAL_REPRESENTATION('',(#250),#254);
#250 = LINE('',#251,#252);
#251 = CARTESIAN_POINT('',(-0.,-0.));
#252 = VECTOR('',#253,1.);
#253 = DIRECTION('',(-1.,-0.));
#254 = ( GEOMETRIC_REPRESENTATION_CONTEXT(2) 
PARAMETRIC_REPRESENTATION_CONTEXT() REPRESENTATION_CONTEXT('2D SPACE',''
  ) );
#255 = ADVANCED_FACE('',(#256),#102,.F.);
#256 = FACE_BOUND('',#257,.T.);
#257 = EDGE_LOOP('',(#258,#279,#280,#306));
#258 = ORIENTED_EDGE('',*,*,#259,.F.);
#259 = EDGE_CURVE('',#54,#260,#262,.T.);
#260 = VERTEX_POINT('',#261);
#261 = CARTESIAN_POINT('',(-54.,-33.7,19.));
#262 = SURFACE_CURVE('',#263,(#267,#273),.PCURVE_S1.);
#263 = LINE('',#264,#265);
#264 = CARTESIAN_POINT('',(-54.,-33.85,18.85));
#265 = VECTOR('',#266,1.);
#266 = DIRECTION('',(-0.,0.707106781187,0.707106781187));
#267 = PCURVE('',#102,#268);
#268 = DEFINITIONAL_REPRESENTATION('',(#269),#272);
#269 = B_SPLINE_CURVE_WITH_KNOTS('',1,(#270,#271),.UNSPECIFIED.,.F.,.F.,
  (2,2),(-0.212132034356,0.212132034356),.PIECEWISE_BEZIER_KNOTS.);
#270 = CARTESIAN_POINT('',(0.,-0.212132034356));
#271 = CARTESIAN_POINT('',(0.,0.212132034356));
#272 = ( GEOMETRIC_REPRESENTATION_CONTEXT(2) 
PARAMETRIC_REPRESENTATION_CONTEXT() REPRESENTATION_CONTEXT('2D SPACE',''
  ) );
#273 = PCURVE('',#244,#274);
#274 = DEFINITIONAL_REPRESENTATION('',(#275),#278);
#275 = B_SPLINE_CURVE_WITH_KNOTS('',1,(#276,#277),.UNSPECIFIED.,.F.,.F.,
  (2,2),(-0.212132034356,0.212132034356),.PIECEWISE_BEZIER_KNOTS.);
#276 = CARTESIAN_POINT('',(-1.570796326795,0.));
#277 = CARTESIAN_POINT('',(-1.570796326795,-0.3));
#278 = ( GEOMETRIC_REPRESENTATION_CONTEXT(2) 
PARAMETRIC_REPRESENTATION_CONTEXT() REPRESENTATION_CONTEXT('2D SPACE',''
  ) );
#279 = ORIENTED_EDGE('',*,*,#86,.T.);
#280 = ORIENTED_EDGE('',*,*,#281,.T.);
#281 = EDGE_CURVE('',#87,#282,#284,.T.);
#282 = VERTEX_POINT('',#283);
#283 = CARTESIAN_POINT('',(54.,-33.7,19.));
#284 = SURFACE_CURVE('',#285,(#289,#295),.PCURVE_S1.);
#285 = LINE('',#286,#287);
#286 = CARTESIAN_POINT('',(54.,-33.85,18.85));
#287 = VECTOR('',#288,1.);
#288 = DIRECTION('',(-0.,0.707106781187,0.707106781187));
#289 = PCURVE('',#102,#290);
#290 = DEFINITIONAL_REPRESENTATION('',(#291),#294);
#291 = B_SPLINE_CURVE_WITH_KNOTS('',1,(#292,#293),.UNSPECIFIED.,.F.,.F.,
  (2,2),(-0.212132034356,0.212132034356),.PIECEWISE_BEZIER_KNOTS.);
#292 = CARTESIAN_POINT('',(-108.,-0.212132034356));
#293 = CARTESIAN_POINT('',(-108.,0.212132034356));
#294 = ( GEOMETRIC_REPRESENTATION_CONTEXT(2) 
PARAMETRIC_REPRESENTATION_CONTEXT() REPRESENTATION_CONTEXT('2D SPACE',''
  ) );
#295 = PCURVE('',#296,#301);
#296 = CONICAL_SURFACE('',#297,10.,0.785398163397);
#297 = AXIS2_PLACEMENT_3D('',#298,#299,#300);
#298 = CARTESIAN_POINT('',(54.,-24.,18.7));
#299 = DIRECTION('',(-0.,-0.,-1.));
#300 = DIRECTION('',(0.,-1.,0.));
#301 = DEFINITIONAL_REPRESENTATION('',(#302),#305);
#302 = B_SPLINE_CURVE_WITH_KNOTS('',1,(#303,#304),.UNSPECIFIED.,.F.,.F.,
  (2,2),(-0.212132034356,0.212132034356),.PIECEWISE_BEZIER_KNOTS.);
#303 = CARTESIAN_POINT('',(0.,0.));
#304 = CARTESIAN_POINT('',(0.,-0.3));
#305 = ( GEOMETRIC_REPRESENTATION_CONTEXT(2) 
PARAMETRIC_REPRESENTATION_CONTEXT() REPRESENTATION_CONTEXT('2D SPACE',''
  ) );
#306 = ORIENTED_EDGE('',*,*,#307,.F.);
#307 = EDGE_CURVE('',#260,#282,#308,.T.);
#308 = SURFACE_CURVE('',#309,(#313,#320),.PCURVE_S1.);
#309 = LINE('',#310,#311);
#310 = CARTESIAN_POINT('',(-54.,-33.7,19.));
#311 = VECTOR('',#312,1.);
#312 = DIRECTION('',(1.,0.,0.));
#313 = PCURVE('',#102,#314);
#314 = DEFINITIONAL_REPRESENTATION('',(#315),#319);
#315 = LINE('',#316,#317);
#316 = CARTESIAN_POINT('',(-0.,0.212132034356));
#317 = VECTOR('',#318,1.);
#318 = DIRECTION('',(-1.,0.));
#319 = ( GEOMETRIC_REPRESENTATION_CONTEXT(2) 
PARAMETRIC_REPRESENTATION_CONTEXT() REPRESENTATION_CONTEXT('2D SPACE',''
  ) );
#320 = PCURVE('',#321,#326);
#321 = PLANE('',#322);
#322 = AXIS2_PLACEMENT_3D('',#323,#324,#325);
#323 = CARTESIAN_POINT('',(0.,0.,19.));
#324 = DIRECTION('',(0.,0.,1.));
#325 = DIRECTION('',(1.,0.,-0.));
#326 = DEFINITIONAL_REPRESENTATION('',(#327),#331);
#327 = LINE('',#328,#329);
#328 = CARTESIAN_POINT('',(-54.,-33.7));
#329 = VECTOR('',#330,1.);
#330 = DIRECTION('',(1.,0.));
#331 = ( GEOMETRIC_REPRESENTATION_CONTEXT(2) 
PARAMETRIC_REPRESENTATION_CONTEXT() REPRESENTATION_CONTEXT('2D SPACE',''
  ) );
#332 = ADVANCED_FACE('',(#333),#156,.T.);
#333 = FACE_BOUND('',#334,.F.);
#334 = EDGE_LOOP('',(#335,#356,#357,#383,#411,#434));
#335 = ORIENTED_EDGE('',*,*,#336,.F.);
#336 = EDGE_CURVE('',#52,#337,#339,.T.);
#337 = VERTEX_POINT('',#338);
#338 = CARTESIAN_POINT('',(-54.,-33.,-1.554312234475E-15));
#339 = SURFACE_CURVE('',#340,(#344,#350),.PCURVE_S1.);
#340 = LINE('',#341,#342);
#341 = CARTESIAN_POINT('',(-54.,-33.5,0.5));
#342 = VECTOR('',#343,1.);
#343 = DIRECTION('',(-0.,0.707106781187,-0.707106781187));
#344 = PCURVE('',#156,#345);
#345 = DEFINITIONAL_REPRESENTATION('',(#346),#349);
#346 = B_SPLINE_CURVE_WITH_KNOTS('',1,(#347,#348),.UNSPECIFIED.,.F.,.F.,
  (2,2),(-0.707106781187,0.707106781187),.PIECEWISE_BEZIER_KNOTS.);
#347 = CARTESIAN_POINT('',(0.,-0.707106781187));
#348 = CARTESIAN_POINT('',(0.,0.707106781187));
#349 = ( GEOMETRIC_REPRESENTATION_CONTEXT(2) 
PARAMETRIC_REPRESENTATION_CONTEXT() REPRESENTATION_CONTEXT('2D SPACE',''
  ) );
#350 = PCURVE('',#189,#351);
#351 = DEFINITIONAL_REPRESENTATION('',(#352),#355);
#352 = B_SPLINE_CURVE_WITH_KNOTS('',1,(#353,#354),.UNSPECIFIED.,.F.,.F.,
  (2,2),(-0.707106781187,0.707106781187),.PIECEWISE_BEZIER_KNOTS.);
#353 = CARTESIAN_POINT('',(1.570796326795,0.));
#354 = CARTESIAN_POINT('',(1.570796326795,-1.));
#355 = ( GEOMETRIC_REPRESENTATION_CONTEXT(2) 
PARAMETRIC_REPRESENTATION_CONTEXT() REPRESENTATION_CONTEXT('2D SPACE',''
  ) );
#356 = ORIENTED_EDGE('',*,*,#142,.T.);
#357 = ORIENTED_EDGE('',*,*,#358,.T.);
#358 = EDGE_CURVE('',#115,#359,#361,.T.);
#359 = VERTEX_POINT('',#360);
#360 = CARTESIAN_POINT('',(54.,-33.,-1.554312234475E-15));
#361 = SURFACE_CURVE('',#362,(#366,#372),.PCURVE_S1.);
#362 = LINE('',#363,#364);
#363 = CARTESIAN_POINT('',(54.,-33.5,0.5));
#364 = VECTOR('',#365,1.);
#365 = DIRECTION('',(-0.,0.707106781187,-0.707106781187));
#366 = PCURVE('',#156,#367);
#367 = DEFINITIONAL_REPRESENTATION('',(#368),#371);
#368 = B_SPLINE_CURVE_WITH_KNOTS('',1,(#369,#370),.UNSPECIFIED.,.F.,.F.,
  (2,2),(-0.707106781187,0.707106781187),.PIECEWISE_BEZIER_KNOTS.);
#369 = CARTESIAN_POINT('',(-108.,-0.707106781187));
#370 = CARTESIAN_POINT('',(-108.,0.707106781187));
#371 = ( GEOMETRIC_REPRESENTATION_CONTEXT(2) 
PARAMETRIC_REPRESENTATION_CONTEXT() REPRESENTATION_CONTEXT('2D SPACE',''
  ) );
#372 = PCURVE('',#373,#378);
#373 = CONICAL_SURFACE('',#374,10.,0.785398163397);
#374 = AXIS2_PLACEMENT_3D('',#375,#376,#377);
#375 = CARTESIAN_POINT('',(54.,-24.,1.));
#376 = DIRECTION('',(0.,0.,1.));
#377 = DIRECTION('',(0.,-1.,0.));
#378 = DEFINITIONAL_REPRESENTATION('',(#379),#382);
#379 = B_SPLINE_CURVE_WITH_KNOTS('',1,(#380,#381),.UNSPECIFIED.,.F.,.F.,
  (2,2),(-0.707106781187,0.707106781187),.PIECEWISE_BEZIER_KNOTS.);
#380 = CARTESIAN_POINT('',(0.,0.));
#381 = CARTESIAN_POINT('',(0.,-1.));
#382 = ( GEOMETRIC_REPRESENTATION_CONTEXT(2) 
PARAMETRIC_REPRESENTATION_CONTEXT() REPRESENTATION_CONTEXT('2D SPACE',''
  ) );
#383 = ORIENTED_EDGE('',*,*,#384,.F.);
#384 = EDGE_CURVE('',#385,#359,#387,.T.);
#385 = VERTEX_POINT('',#386);
#386 = CARTESIAN_POINT('',(48.,-33.,0.));
#387 = SURFACE_CURVE('',#388,(#392,#399),.PCURVE_S1.);
#388 = LINE('',#389,#390);
#389 = CARTESIAN_POINT('',(-54.,-33.,0.));
#390 = VECTOR('',#391,1.);
#391 = DIRECTION('',(1.,0.,0.));
#392 = PCURVE('',#156,#393);
#393 = DEFINITIONAL_REPRESENTATION('',(#394),#398);
#394 = LINE('',#395,#396);
#395 = CARTESIAN_POINT('',(-0.,0.707106781187));
#396 = VECTOR('',#397,1.);
#397 = DIRECTION('',(-1.,0.));
#398 = ( GEOMETRIC_REPRESENTATION_CONTEXT(2) 
PARAMETRIC_REPRESENTATION_CONTEXT() REPRESENTATION_CONTEXT('2D SPACE',''
  ) );
#399 = PCURVE('',#400,#405);
#400 = PLANE('',#401);
#401 = AXIS2_PLACEMENT_3D('',#402,#403,#404);
#402 = CARTESIAN_POINT('',(0.,0.,0.));
#403 = DIRECTION('',(0.,0.,1.));
#404 = DIRECTION('',(1.,0.,-0.));
#405 = DEFINITIONAL_REPRESENTATION('',(#406),#410);
#406 = LINE('',#407,#408);
#407 = CARTESIAN_POINT('',(-54.,-33.));
#408 = VECTOR('',#409,1.);
#409 = DIRECTION('',(1.,0.));
#410 = ( GEOMETRIC_REPRESENTATION_CONTEXT(2) 
PARAMETRIC_REPRESENTATION_CONTEXT() REPRESENTATION_CONTEXT('2D SPACE',''
  ) );
#411 = ORIENTED_EDGE('',*,*,#412,.F.);
#412 = EDGE_CURVE('',#413,#385,#415,.T.);
#413 = VERTEX_POINT('',#414);
#414 = CARTESIAN_POINT('',(-48.,-33.,0.));
#415 = SURFACE_CURVE('',#416,(#420,#427),.PCURVE_S1.);
#416 = LINE('',#417,#418);
#417 = CARTESIAN_POINT('',(-54.,-33.,0.));
#418 = VECTOR('',#419,1.);
#419 = DIRECTION('',(1.,0.,0.));
#420 = PCURVE('',#156,#421);
#421 = DEFINITIONAL_REPRESENTATION('',(#422),#426);
#422 = LINE('',#423,#424);
#423 = CARTESIAN_POINT('',(-0.,0.707106781187));
#424 = VECTOR('',#425,1.);
#425 = DIRECTION('',(-1.,0.));
#426 = ( GEOMETRIC_REPRESENTATION_CONTEXT(2) 
PARAMETRIC_REPRESENTATION_CONTEXT() REPRESENTATION_CONTEXT('2D SPACE',''
  ) );
#427 = PCURVE('',#400,#428);
#428 = DEFINITIONAL_REPRESENTATION('',(#429),#433);
#429 = LINE('',#430,#431);
#430 = CARTESIAN_POINT('',(-54.,-33.));
#431 = VECTOR('',#432,1.);
#432 = DIRECTION('',(1.,0.));
#433 = ( GEOMETRIC_REPRESENTATION_CONTEXT(2) 
PARAMETRIC_REPRESENTATION_CONTEXT() REPRESENTATION_CONTEXT('2D SPACE',''
  ) );
#434 = ORIENTED_EDGE('',*,*,#435,.F.);
#435 = EDGE_CURVE('',#337,#413,#436,.T.);
#436 = SURFACE_CURVE('',#437,(#441,#448),.PCURVE_S1.);
#437 = LINE('',#438,#439);
#438 = CARTESIAN_POINT('',(-54.,-33.,0.));
#439 = VECTOR('',#440,1.);
#440 = DIRECTION('',(1.,0.,0.));
#441 = PCURVE('',#156,#442);
#442 = DEFINITIONAL_REPRESENTATION('',(#443),#447);
#443 = LINE('',#444,#445);
#444 = CARTESIAN_POINT('',(-0.,0.707106781187));
#445 = VECTOR('',#446,1.);
#446 = DIRECTION('',(-1.,0.));
#447 = ( GEOMETRIC_REPRESENTATION_CONTEXT(2) 
PARAMETRIC_REPRESENTATION_CONTEXT() REPRESENTATION_CONTEXT('2D SPACE',''
  ) );
#448 = PCURVE('',#400,#449);
#449 = DEFINITIONAL_REPRESENTATION('',(#450),#454);
#450 = LINE('',#451,#452);
#451 = CARTESIAN_POINT('',(-54.,-33.));
#452 = VECTOR('',#453,1.);
#453 = DIRECTION('',(1.,0.));
#454 = ( GEOMETRIC_REPRESENTATION_CONTEXT(2) 
PARAMETRIC_REPRESENTATION_CONTEXT() REPRESENTATION_CONTEXT('2D SPACE',''
  ) );
#455 = ADVANCED_FACE('',(#456),#130,.T.);
#456 = FACE_BOUND('',#457,.T.);
#457 = EDGE_LOOP('',(#458,#459,#483,#511));
#458 = ORIENTED_EDGE('',*,*,#114,.F.);
#459 = ORIENTED_EDGE('',*,*,#460,.T.);
#460 = EDGE_CURVE('',#115,#461,#463,.T.);
#461 = VERTEX_POINT('',#462);
#462 = CARTESIAN_POINT('',(64.,-24.,1.));
#463 = SURFACE_CURVE('',#464,(#469,#476),.PCURVE_S1.);
#464 = CIRCLE('',#465,10.);
#465 = AXIS2_PLACEMENT_3D('',#466,#467,#468);
#466 = CARTESIAN_POINT('',(54.,-24.,1.));
#467 = DIRECTION('',(0.,0.,1.));
#468 = DIRECTION('',(0.,-1.,0.));
#469 = PCURVE('',#130,#470);
#470 = DEFINITIONAL_REPRESENTATION('',(#471),#475);
#471 = LINE('',#472,#473);
#472 = CARTESIAN_POINT('',(0.,1.));
#473 = VECTOR('',#474,1.);
#474 = DIRECTION('',(1.,0.));
#475 = ( GEOMETRIC_REPRESENTATION_CONTEXT(2) 
PARAMETRIC_REPRESENTATION_CONTEXT() REPRESENTATION_CONTEXT('2D SPACE',''
  ) );
#476 = PCURVE('',#373,#477);
#477 = DEFINITIONAL_REPRESENTATION('',(#478),#482);
#478 = LINE('',#479,#480);
#479 = CARTESIAN_POINT('',(0.,-0.));
#480 = VECTOR('',#481,1.);
#481 = DIRECTION('',(1.,-0.));
#482 = ( GEOMETRIC_REPRESENTATION_CONTEXT(2) 
PARAMETRIC_REPRESENTATION_CONTEXT() REPRESENTATION_CONTEXT('2D SPACE',''
  ) );
#483 = ORIENTED_EDGE('',*,*,#484,.T.);
#484 = EDGE_CURVE('',#461,#485,#487,.T.);
#485 = VERTEX_POINT('',#486);
#486 = CARTESIAN_POINT('',(64.,-24.,18.7));
#487 = SURFACE_CURVE('',#488,(#492,#499),.PCURVE_S1.);
#488 = LINE('',#489,#490);
#489 = CARTESIAN_POINT('',(64.,-24.,0.));
#490 = VECTOR('',#491,1.);
#491 = DIRECTION('',(0.,0.,1.));
#492 = PCURVE('',#130,#493);
#493 = DEFINITIONAL_REPRESENTATION('',(#494),#498);
#494 = LINE('',#495,#496);
#495 = CARTESIAN_POINT('',(1.570796326795,0.));
#496 = VECTOR('',#497,1.);
#497 = DIRECTION('',(0.,1.));
#498 = ( GEOMETRIC_REPRESENTATION_CONTEXT(2) 
PARAMETRIC_REPRESENTATION_CONTEXT() REPRESENTATION_CONTEXT('2D SPACE',''
  ) );
#499 = PCURVE('',#500,#505);
#500 = PLANE('',#501);
#501 = AXIS2_PLACEMENT_3D('',#502,#503,#504);
#502 = CARTESIAN_POINT('',(64.,-34.,0.));
#503 = DIRECTION('',(-1.,0.,0.));
#504 = DIRECTION('',(0.,1.,0.));
#505 = DEFINITIONAL_REPRESENTATION('',(#506),#510);
#506 = LINE('',#507,#508);
#507 = CARTESIAN_POINT('',(10.,0.));
#508 = VECTOR('',#509,1.);
#509 = DIRECTION('',(0.,-1.));
#510 = ( GEOMETRIC_REPRESENTATION_CONTEXT(2) 
PARAMETRIC_REPRESENTATION_CONTEXT() REPRESENTATION_CONTEXT('2D SPACE',''
  ) );
#511 = ORIENTED_EDGE('',*,*,#512,.F.);
#512 = EDGE_CURVE('',#87,#485,#513,.T.);
#513 = SURFACE_CURVE('',#514,(#519,#526),.PCURVE_S1.);
#514 = CIRCLE('',#515,10.);
#515 = AXIS2_PLACEMENT_3D('',#516,#517,#518);
#516 = CARTESIAN_POINT('',(54.,-24.,18.7));
#517 = DIRECTION('',(0.,0.,1.));
#518 = DIRECTION('',(0.,-1.,0.));
#519 = PCURVE('',#130,#520);
#520 = DEFINITIONAL_REPRESENTATION('',(#521),#525);
#521 = LINE('',#522,#523);
#522 = CARTESIAN_POINT('',(0.,18.7));
#523 = VECTOR('',#524,1.);
#524 = DIRECTION('',(1.,0.));
#525 = ( GEOMETRIC_REPRESENTATION_CONTEXT(2) 
PARAMETRIC_REPRESENTATION_CONTEXT() REPRESENTATION_CONTEXT('2D SPACE',''
  ) );
#526 = PCURVE('',#296,#527);
#527 = DEFINITIONAL_REPRESENTATION('',(#528),#532);
#528 = LINE('',#529,#530);
#529 = CARTESIAN_POINT('',(-0.,-0.));
#530 = VECTOR('',#531,1.);
#531 = DIRECTION('',(-1.,-0.));
#532 = ( GEOMETRIC_REPRESENTATION_CONTEXT(2) 
PARAMETRIC_REPRESENTATION_CONTEXT() REPRESENTATION_CONTEXT('2D SPACE',''
  ) );
#533 = ADVANCED_FACE('',(#534),#244,.T.);
#534 = FACE_BOUND('',#535,.T.);
#535 = EDGE_LOOP('',(#536,#562,#563,#564));
#536 = ORIENTED_EDGE('',*,*,#537,.F.);
#537 = EDGE_CURVE('',#202,#538,#540,.T.);
#538 = VERTEX_POINT('',#539);
#539 = CARTESIAN_POINT('',(-63.7,-24.,19.));
#540 = SURFACE_CURVE('',#541,(#545,#551),.PCURVE_S1.);
#541 = LINE('',#542,#543);
#542 = CARTESIAN_POINT('',(-63.85,-24.,18.85));
#543 = VECTOR('',#544,1.);
#544 = DIRECTION('',(0.707106781187,-0.,0.707106781187));
#545 = PCURVE('',#244,#546);
#546 = DEFINITIONAL_REPRESENTATION('',(#547),#550);
#547 = B_SPLINE_CURVE_WITH_KNOTS('',1,(#548,#549),.UNSPECIFIED.,.F.,.F.,
  (2,2),(-0.212132034356,0.212132034356),.PIECEWISE_BEZIER_KNOTS.);
#548 = CARTESIAN_POINT('',(0.,0.));
#549 = CARTESIAN_POINT('',(0.,-0.3));
#550 = ( GEOMETRIC_REPRESENTATION_CONTEXT(2) 
PARAMETRIC_REPRESENTATION_CONTEXT() REPRESENTATION_CONTEXT('2D SPACE',''
  ) );
#551 = PCURVE('',#552,#557);
#552 = PLANE('',#553);
#553 = AXIS2_PLACEMENT_3D('',#554,#555,#556);
#554 = CARTESIAN_POINT('',(-63.85,24.,18.85));
#555 = DIRECTION('',(0.707106781187,-3.472568050348E-18,-0.707106781187)
  );
#556 = DIRECTION('',(2.455476416533E-18,1.,-2.455476416532E-18));
#557 = DEFINITIONAL_REPRESENTATION('',(#558),#561);
#558 = B_SPLINE_CURVE_WITH_KNOTS('',1,(#559,#560),.UNSPECIFIED.,.F.,.F.,
  (2,2),(-0.212132034356,0.212132034356),.PIECEWISE_BEZIER_KNOTS.);
#559 = CARTESIAN_POINT('',(-48.,-0.212132034356));
#560 = CARTESIAN_POINT('',(-48.,0.212132034356));
#561 = ( GEOMETRIC_REPRESENTATION_CONTEXT(2) 
PARAMETRIC_REPRESENTATION_CONTEXT() REPRESENTATION_CONTEXT('2D SPACE',''
  ) );
#562 = ORIENTED_EDGE('',*,*,#229,.T.);
#563 = ORIENTED_EDGE('',*,*,#259,.T.);
#564 = ORIENTED_EDGE('',*,*,#565,.F.);
#565 = EDGE_CURVE('',#538,#260,#566,.T.);
#566 = SURFACE_CURVE('',#567,(#572,#579),.PCURVE_S1.);
#567 = CIRCLE('',#568,9.7);
#568 = AXIS2_PLACEMENT_3D('',#569,#570,#571);
#569 = CARTESIAN_POINT('',(-54.,-24.,19.));
#570 = DIRECTION('',(0.,0.,1.));
#571 = DIRECTION('',(-1.,0.,0.));
#572 = PCURVE('',#244,#573);
#573 = DEFINITIONAL_REPRESENTATION('',(#574),#578);
#574 = LINE('',#575,#576);
#575 = CARTESIAN_POINT('',(-0.,-0.3));
#576 = VECTOR('',#577,1.);
#577 = DIRECTION('',(-1.,-0.));
#578 = ( GEOMETRIC_REPRESENTATION_CONTEXT(2) 
PARAMETRIC_REPRESENTATION_CONTEXT() REPRESENTATION_CONTEXT('2D SPACE',''
  ) );
#579 = PCURVE('',#321,#580);
#580 = DEFINITIONAL_REPRESENTATION('',(#581),#585);
#581 = CIRCLE('',#582,9.7);
#582 = AXIS2_PLACEMENT_2D('',#583,#584);
#583 = CARTESIAN_POINT('',(-54.,-24.));
#584 = DIRECTION('',(-1.,0.));
#585 = ( GEOMETRIC_REPRESENTATION_CONTEXT(2) 
PARAMETRIC_REPRESENTATION_CONTEXT() REPRESENTATION_CONTEXT('2D SPACE',''
  ) );
#586 = ADVANCED_FACE('',(#587),#189,.T.);
#587 = FACE_BOUND('',#588,.F.);
#588 = EDGE_LOOP('',(#589,#615,#616,#617));
#589 = ORIENTED_EDGE('',*,*,#590,.F.);
#590 = EDGE_CURVE('',#173,#591,#593,.T.);
#591 = VERTEX_POINT('',#592);
#592 = CARTESIAN_POINT('',(-63.,-24.,9.436895709314E-16));
#593 = SURFACE_CURVE('',#594,(#598,#604),.PCURVE_S1.);
#594 = LINE('',#595,#596);
#595 = CARTESIAN_POINT('',(-63.5,-24.,0.5));
#596 = VECTOR('',#597,1.);
#597 = DIRECTION('',(0.707106781187,0.,-0.707106781187));
#598 = PCURVE('',#189,#599);
#599 = DEFINITIONAL_REPRESENTATION('',(#600),#603);
#600 = B_SPLINE_CURVE_WITH_KNOTS('',1,(#601,#602),.UNSPECIFIED.,.F.,.F.,
  (2,2),(-0.707106781187,0.707106781187),.PIECEWISE_BEZIER_KNOTS.);
#601 = CARTESIAN_POINT('',(0.,0.));
#602 = CARTESIAN_POINT('',(0.,-1.));
#603 = ( GEOMETRIC_REPRESENTATION_CONTEXT(2) 
PARAMETRIC_REPRESENTATION_CONTEXT() REPRESENTATION_CONTEXT('2D SPACE',''
  ) );
#604 = PCURVE('',#605,#610);
#605 = PLANE('',#606);
#606 = AXIS2_PLACEMENT_3D('',#607,#608,#609);
#607 = CARTESIAN_POINT('',(-63.5,24.,0.5));
#608 = DIRECTION('',(-0.707106781187,0.,-0.707106781187));
#609 = DIRECTION('',(-0.,1.,0.));
#610 = DEFINITIONAL_REPRESENTATION('',(#611),#614);
#611 = B_SPLINE_CURVE_WITH_KNOTS('',1,(#612,#613),.UNSPECIFIED.,.F.,.F.,
  (2,2),(-0.707106781187,0.707106781187),.PIECEWISE_BEZIER_KNOTS.);
#612 = CARTESIAN_POINT('',(-48.,-0.707106781187));
#613 = CARTESIAN_POINT('',(-48.,0.707106781187));
#614 = ( GEOMETRIC_REPRESENTATION_CONTEXT(2) 
PARAMETRIC_REPRESENTATION_CONTEXT() REPRESENTATION_CONTEXT('2D SPACE',''
  ) );
#615 = ORIENTED_EDGE('',*,*,#172,.T.);
#616 = ORIENTED_EDGE('',*,*,#336,.T.);
#617 = ORIENTED_EDGE('',*,*,#618,.F.);
#618 = EDGE_CURVE('',#591,#337,#619,.T.);
#619 = SURFACE_CURVE('',#620,(#625,#632),.PCURVE_S1.);
#620 = CIRCLE('',#621,9.);
#621 = AXIS2_PLACEMENT_3D('',#622,#623,#624);
#622 = CARTESIAN_POINT('',(-54.,-24.,0.));
#623 = DIRECTION('',(0.,0.,1.));
#624 = DIRECTION('',(-1.,0.,0.));
#625 = PCURVE('',#189,#626);
#626 = DEFINITIONAL_REPRESENTATION('',(#627),#631);
#627 = LINE('',#628,#629);
#628 = CARTESIAN_POINT('',(0.,-1.));
#629 = VECTOR('',#630,1.);
#630 = DIRECTION('',(1.,-0.));
#631 = ( GEOMETRIC_REPRESENTATION_CONTEXT(2) 
PARAMETRIC_REPRESENTATION_CONTEXT() REPRESENTATION_CONTEXT('2D SPACE',''
  ) );
#632 = PCURVE('',#400,#633);
#633 = DEFINITIONAL_REPRESENTATION('',(#634),#638);
#634 = CIRCLE('',#635,9.);
#635 = AXIS2_PLACEMENT_2D('',#636,#637);
#636 = CARTESIAN_POINT('',(-54.,-24.));
#637 = DIRECTION('',(-1.,0.));
#638 = ( GEOMETRIC_REPRESENTATION_CONTEXT(2) 
PARAMETRIC_REPRESENTATION_CONTEXT() REPRESENTATION_CONTEXT('2D SPACE',''
  ) );
#639 = ADVANCED_FACE('',(#640),#217,.F.);
#640 = FACE_BOUND('',#641,.F.);
#641 = EDGE_LOOP('',(#642,#672,#693,#694));
#642 = ORIENTED_EDGE('',*,*,#643,.T.);
#643 = EDGE_CURVE('',#644,#646,#648,.T.);
#644 = VERTEX_POINT('',#645);
#645 = CARTESIAN_POINT('',(-64.,24.,1.));
#646 = VERTEX_POINT('',#647);
#647 = CARTESIAN_POINT('',(-64.,24.,18.7));
#648 = SURFACE_CURVE('',#649,(#653,#660),.PCURVE_S1.);
#649 = LINE('',#650,#651);
#650 = CARTESIAN_POINT('',(-64.,24.,0.));
#651 = VECTOR('',#652,1.);
#652 = DIRECTION('',(0.,0.,1.));
#653 = PCURVE('',#217,#654);
#654 = DEFINITIONAL_REPRESENTATION('',(#655),#659);
#655 = LINE('',#656,#657);
#656 = CARTESIAN_POINT('',(10.,0.));
#657 = VECTOR('',#658,1.);
#658 = DIRECTION('',(0.,-1.));
#659 = ( GEOMETRIC_REPRESENTATION_CONTEXT(2) 
PARAMETRIC_REPRESENTATION_CONTEXT() REPRESENTATION_CONTEXT('2D SPACE',''
  ) );
#660 = PCURVE('',#661,#666);
#661 = CYLINDRICAL_SURFACE('',#662,10.);
#662 = AXIS2_PLACEMENT_3D('',#663,#664,#665);
#663 = CARTESIAN_POINT('',(-54.,24.,0.));
#664 = DIRECTION('',(0.,0.,1.));
#665 = DIRECTION('',(-0.,1.,0.));
#666 = DEFINITIONAL_REPRESENTATION('',(#667),#671);
#667 = LINE('',#668,#669);
#668 = CARTESIAN_POINT('',(1.570796326795,0.));
#669 = VECTOR('',#670,1.);
#670 = DIRECTION('',(0.,1.));
#671 = ( GEOMETRIC_REPRESENTATION_CONTEXT(2) 
PARAMETRIC_REPRESENTATION_CONTEXT() REPRESENTATION_CONTEXT('2D SPACE',''
  ) );
#672 = ORIENTED_EDGE('',*,*,#673,.T.);
#673 = EDGE_CURVE('',#646,#202,#674,.T.);
#674 = SURFACE_CURVE('',#675,(#679,#686),.PCURVE_S1.);
#675 = LINE('',#676,#677);
#676 = CARTESIAN_POINT('',(-64.,24.,18.7));
#677 = VECTOR('',#678,1.);
#678 = DIRECTION('',(0.,-1.,0.));
#679 = PCURVE('',#217,#680);
#680 = DEFINITIONAL_REPRESENTATION('',(#681),#685);
#681 = LINE('',#682,#683);
#682 = CARTESIAN_POINT('',(10.,-18.7));
#683 = VECTOR('',#684,1.);
#684 = DIRECTION('',(1.,0.));
#685 = ( GEOMETRIC_REPRESENTATION_CONTEXT(2) 
PARAMETRIC_REPRESENTATION_CONTEXT() REPRESENTATION_CONTEXT('2D SPACE',''
  ) );
#686 = PCURVE('',#552,#687);
#687 = DEFINITIONAL_REPRESENTATION('',(#688),#692);
#688 = LINE('',#689,#690);
#689 = CARTESIAN_POINT('',(-0.,-0.212132034356));
#690 = VECTOR('',#691,1.);
#691 = DIRECTION('',(-1.,0.));
#692 = ( GEOMETRIC_REPRESENTATION_CONTEXT(2) 
PARAMETRIC_REPRESENTATION_CONTEXT() REPRESENTATION_CONTEXT('2D SPACE',''
  ) );
#693 = ORIENTED_EDGE('',*,*,#201,.F.);
#694 = ORIENTED_EDGE('',*,*,#695,.F.);
#695 = EDGE_CURVE('',#644,#173,#696,.T.);
#696 = SURFACE_CURVE('',#697,(#701,#708),.PCURVE_S1.);
#697 = LINE('',#698,#699);
#698 = CARTESIAN_POINT('',(-64.,24.,1.));
#699 = VECTOR('',#700,1.);
#700 = DIRECTION('',(0.,-1.,0.));
#701 = PCURVE('',#217,#702);
#702 = DEFINITIONAL_REPRESENTATION('',(#703),#707);
#703 = LINE('',#704,#705);
#704 = CARTESIAN_POINT('',(10.,-1.));
#705 = VECTOR('',#706,1.);
#706 = DIRECTION('',(1.,0.));
#707 = ( GEOMETRIC_REPRESENTATION_CONTEXT(2) 
PARAMETRIC_REPRESENTATION_CONTEXT() REPRESENTATION_CONTEXT('2D SPACE',''
  ) );
#708 = PCURVE('',#605,#709);
#709 = DEFINITIONAL_REPRESENTATION('',(#710),#714);
#710 = LINE('',#711,#712);
#711 = CARTESIAN_POINT('',(-0.,-0.707106781187));
#712 = VECTOR('',#713,1.);
#713 = DIRECTION('',(-1.,0.));
#714 = ( GEOMETRIC_REPRESENTATION_CONTEXT(2) 
PARAMETRIC_REPRESENTATION_CONTEXT() REPRESENTATION_CONTEXT('2D SPACE',''
  ) );
#715 = ADVANCED_FACE('',(#716,#879),#321,.T.);
#716 = FACE_BOUND('',#717,.T.);
#717 = EDGE_LOOP('',(#718,#719,#743,#771,#800,#828,#857,#878));
#718 = ORIENTED_EDGE('',*,*,#307,.T.);
#719 = ORIENTED_EDGE('',*,*,#720,.T.);
#720 = EDGE_CURVE('',#282,#721,#723,.T.);
#721 = VERTEX_POINT('',#722);
#722 = CARTESIAN_POINT('',(63.7,-24.,19.));
#723 = SURFACE_CURVE('',#724,(#729,#736),.PCURVE_S1.);
#724 = CIRCLE('',#725,9.7);
#725 = AXIS2_PLACEMENT_3D('',#726,#727,#728);
#726 = CARTESIAN_POINT('',(54.,-24.,19.));
#727 = DIRECTION('',(0.,0.,1.));
#728 = DIRECTION('',(0.,-1.,0.));
#729 = PCURVE('',#321,#730);
#730 = DEFINITIONAL_REPRESENTATION('',(#731),#735);
#731 = CIRCLE('',#732,9.7);
#732 = AXIS2_PLACEMENT_2D('',#733,#734);
#733 = CARTESIAN_POINT('',(54.,-24.));
#734 = DIRECTION('',(0.,-1.));
#735 = ( GEOMETRIC_REPRESENTATION_CONTEXT(2) 
PARAMETRIC_REPRESENTATION_CONTEXT() REPRESENTATION_CONTEXT('2D SPACE',''
  ) );
#736 = PCURVE('',#296,#737);
#737 = DEFINITIONAL_REPRESENTATION('',(#738),#742);
#738 = LINE('',#739,#740);
#739 = CARTESIAN_POINT('',(-0.,-0.3));
#740 = VECTOR('',#741,1.);
#741 = DIRECTION('',(-1.,-0.));
#742 = ( GEOMETRIC_REPRESENTATION_CONTEXT(2) 
PARAMETRIC_REPRESENTATION_CONTEXT() REPRESENTATION_CONTEXT('2D SPACE',''
  ) );
#743 = ORIENTED_EDGE('',*,*,#744,.T.);
#744 = EDGE_CURVE('',#721,#745,#747,.T.);
#745 = VERTEX_POINT('',#746);
#746 = CARTESIAN_POINT('',(63.7,24.,19.));
#747 = SURFACE_CURVE('',#748,(#752,#759),.PCURVE_S1.);
#748 = LINE('',#749,#750);
#749 = CARTESIAN_POINT('',(63.7,-24.,19.));
#750 = VECTOR('',#751,1.);
#751 = DIRECTION('',(0.,1.,0.));
#752 = PCURVE('',#321,#753);
#753 = DEFINITIONAL_REPRESENTATION('',(#754),#758);
#754 = LINE('',#755,#756);
#755 = CARTESIAN_POINT('',(63.7,-24.));
#756 = VECTOR('',#757,1.);
#757 = DIRECTION('',(0.,1.));
#758 = ( GEOMETRIC_REPRESENTATION_CONTEXT(2) 
PARAMETRIC_REPRESENTATION_CONTEXT() REPRESENTATION_CONTEXT('2D SPACE',''
  ) );
#759 = PCURVE('',#760,#765);
#760 = PLANE('',#761);
#761 = AXIS2_PLACEMENT_3D('',#762,#763,#764);
#762 = CARTESIAN_POINT('',(63.85,-24.,18.85));
#763 = DIRECTION('',(-0.707106781187,3.472568050348E-18,-0.707106781187)
  );
#764 = DIRECTION('',(-2.455476416533E-18,-1.,-2.455476416532E-18));
#765 = DEFINITIONAL_REPRESENTATION('',(#766),#770);
#766 = LINE('',#767,#768);
#767 = CARTESIAN_POINT('',(-0.,0.212132034356));
#768 = VECTOR('',#769,1.);
#769 = DIRECTION('',(-1.,0.));
#770 = ( GEOMETRIC_REPRESENTATION_CONTEXT(2) 
PARAMETRIC_REPRESENTATION_CONTEXT() REPRESENTATION_CONTEXT('2D SPACE',''
  ) );
#771 = ORIENTED_EDGE('',*,*,#772,.T.);
#772 = EDGE_CURVE('',#745,#773,#775,.T.);
#773 = VERTEX_POINT('',#774);
#774 = CARTESIAN_POINT('',(54.,33.7,19.));
#775 = SURFACE_CURVE('',#776,(#781,#788),.PCURVE_S1.);
#776 = CIRCLE('',#777,9.7);
#777 = AXIS2_PLACEMENT_3D('',#778,#779,#780);
#778 = CARTESIAN_POINT('',(54.,24.,19.));
#779 = DIRECTION('',(0.,0.,1.));
#780 = DIRECTION('',(1.,0.,-0.));
#781 = PCURVE('',#321,#782);
#782 = DEFINITIONAL_REPRESENTATION('',(#783),#787);
#783 = CIRCLE('',#784,9.7);
#784 = AXIS2_PLACEMENT_2D('',#785,#786);
#785 = CARTESIAN_POINT('',(54.,24.));
#786 = DIRECTION('',(1.,0.));
#787 = ( GEOMETRIC_REPRESENTATION_CONTEXT(2) 
PARAMETRIC_REPRESENTATION_CONTEXT() REPRESENTATION_CONTEXT('2D SPACE',''
  ) );
#788 = PCURVE('',#789,#794);
#789 = CONICAL_SURFACE('',#790,10.,0.785398163397);
#790 = AXIS2_PLACEMENT_3D('',#791,#792,#793);
#791 = CARTESIAN_POINT('',(54.,24.,18.7));
#792 = DIRECTION('',(-0.,-0.,-1.));
#793 = DIRECTION('',(1.,0.,0.));
#794 = DEFINITIONAL_REPRESENTATION('',(#795),#799);
#795 = LINE('',#796,#797);
#796 = CARTESIAN_POINT('',(-0.,-0.3));
#797 = VECTOR('',#798,1.);
#798 = DIRECTION('',(-1.,-0.));
#799 = ( GEOMETRIC_REPRESENTATION_CONTEXT(2) 
PARAMETRIC_REPRESENTATION_CONTEXT() REPRESENTATION_CONTEXT('2D SPACE',''
  ) );
#800 = ORIENTED_EDGE('',*,*,#801,.T.);
#801 = EDGE_CURVE('',#773,#802,#804,.T.);
#802 = VERTEX_POINT('',#803);
#803 = CARTESIAN_POINT('',(-54.,33.7,19.));
#804 = SURFACE_CURVE('',#805,(#809,#816),.PCURVE_S1.);
#805 = LINE('',#806,#807);
#806 = CARTESIAN_POINT('',(54.,33.7,19.));
#807 = VECTOR('',#808,1.);
#808 = DIRECTION('',(-1.,0.,0.));
#809 = PCURVE('',#321,#810);
#810 = DEFINITIONAL_REPRESENTATION('',(#811),#815);
#811 = LINE('',#812,#813);
#812 = CARTESIAN_POINT('',(54.,33.7));
#813 = VECTOR('',#814,1.);
#814 = DIRECTION('',(-1.,0.));
#815 = ( GEOMETRIC_REPRESENTATION_CONTEXT(2) 
PARAMETRIC_REPRESENTATION_CONTEXT() REPRESENTATION_CONTEXT('2D SPACE',''
  ) );
#816 = PCURVE('',#817,#822);
#817 = PLANE('',#818);
#818 = AXIS2_PLACEMENT_3D('',#819,#820,#821);
#819 = CARTESIAN_POINT('',(54.,33.85,18.85));
#820 = DIRECTION('',(-3.472568050348E-18,-0.707106781187,-0.707106781187
    ));
#821 = DIRECTION('',(1.,-2.455476416533E-18,-2.455476416532E-18));
#822 = DEFINITIONAL_REPRESENTATION('',(#823),#827);
#823 = LINE('',#824,#825);
#824 = CARTESIAN_POINT('',(-0.,0.212132034356));
#825 = VECTOR('',#826,1.);
#826 = DIRECTION('',(-1.,0.));
#827 = ( GEOMETRIC_REPRESENTATION_CONTEXT(2) 
PARAMETRIC_REPRESENTATION_CONTEXT() REPRESENTATION_CONTEXT('2D SPACE',''
  ) );
#828 = ORIENTED_EDGE('',*,*,#829,.T.);
#829 = EDGE_CURVE('',#802,#830,#832,.T.);
#830 = VERTEX_POINT('',#831);
#831 = CARTESIAN_POINT('',(-63.7,24.,19.));
#832 = SURFACE_CURVE('',#833,(#838,#845),.PCURVE_S1.);
#833 = CIRCLE('',#834,9.7);
#834 = AXIS2_PLACEMENT_3D('',#835,#836,#837);
#835 = CARTESIAN_POINT('',(-54.,24.,19.));
#836 = DIRECTION('',(0.,0.,1.));
#837 = DIRECTION('',(0.,1.,-0.));
#838 = PCURVE('',#321,#839);
#839 = DEFINITIONAL_REPRESENTATION('',(#840),#844);
#840 = CIRCLE('',#841,9.7);
#841 = AXIS2_PLACEMENT_2D('',#842,#843);
#842 = CARTESIAN_POINT('',(-54.,24.));
#843 = DIRECTION('',(0.,1.));
#844 = ( GEOMETRIC_REPRESENTATION_CONTEXT(2) 
PARAMETRIC_REPRESENTATION_CONTEXT() REPRESENTATION_CONTEXT('2D SPACE',''
  ) );
#845 = PCURVE('',#846,#851);
#846 = CONICAL_SURFACE('',#847,10.,0.785398163397);
#847 = AXIS2_PLACEMENT_3D('',#848,#849,#850);
#848 = CARTESIAN_POINT('',(-54.,24.,18.7));
#849 = DIRECTION('',(-0.,-0.,-1.));
#850 = DIRECTION('',(0.,1.,-0.));
#851 = DEFINITIONAL_REPRESENTATION('',(#852),#856);
#852 = LINE('',#853,#854);
#853 = CARTESIAN_POINT('',(-0.,-0.3));
#854 = VECTOR('',#855,1.);
#855 = DIRECTION('',(-1.,-0.));
#856 = ( GEOMETRIC_REPRESENTATION_CONTEXT(2) 
PARAMETRIC_REPRESENTATION_CONTEXT() REPRESENTATION_CONTEXT('2D SPACE',''
  ) );
#857 = ORIENTED_EDGE('',*,*,#858,.T.);
#858 = EDGE_CURVE('',#830,#538,#859,.T.);
#859 = SURFACE_CURVE('',#860,(#864,#871),.PCURVE_S1.);
#860 = LINE('',#861,#862);
#861 = CARTESIAN_POINT('',(-63.7,24.,19.));
#862 = VECTOR('',#863,1.);
#863 = DIRECTION('',(0.,-1.,0.));
#864 = PCURVE('',#321,#865);
#865 = DEFINITIONAL_REPRESENTATION('',(#866),#870);
#866 = LINE('',#867,#868);
#867 = CARTESIAN_POINT('',(-63.7,24.));
#868 = VECTOR('',#869,1.);
#869 = DIRECTION('',(0.,-1.));
#870 = ( GEOMETRIC_REPRESENTATION_CONTEXT(2) 
PARAMETRIC_REPRESENTATION_CONTEXT() REPRESENTATION_CONTEXT('2D SPACE',''
  ) );
#871 = PCURVE('',#552,#872);
#872 = DEFINITIONAL_REPRESENTATION('',(#873),#877);
#873 = LINE('',#874,#875);
#874 = CARTESIAN_POINT('',(-0.,0.212132034356));
#875 = VECTOR('',#876,1.);
#876 = DIRECTION('',(-1.,0.));
#877 = ( GEOMETRIC_REPRESENTATION_CONTEXT(2) 
PARAMETRIC_REPRESENTATION_CONTEXT() REPRESENTATION_CONTEXT('2D SPACE',''
  ) );
#878 = ORIENTED_EDGE('',*,*,#565,.T.);
#879 = FACE_BOUND('',#880,.T.);
#880 = EDGE_LOOP('',(#881,#912,#940,#969,#997,#1026,#1054,#1080,#1109,
    #1135,#1164,#1190,#1216,#1245));
#881 = ORIENTED_EDGE('',*,*,#882,.F.);
#882 = EDGE_CURVE('',#883,#885,#887,.T.);
#883 = VERTEX_POINT('',#884);
#884 = CARTESIAN_POINT('',(54.,-30.8,19.));
#885 = VERTEX_POINT('',#886);
#886 = CARTESIAN_POINT('',(60.8,-24.,19.));
#887 = SURFACE_CURVE('',#888,(#893,#900),.PCURVE_S1.);
#888 = CIRCLE('',#889,6.8);
#889 = AXIS2_PLACEMENT_3D('',#890,#891,#892);
#890 = CARTESIAN_POINT('',(54.,-24.,19.));
#891 = DIRECTION('',(0.,0.,1.));
#892 = DIRECTION('',(0.,-1.,0.));
#893 = PCURVE('',#321,#894);
#894 = DEFINITIONAL_REPRESENTATION('',(#895),#899);
#895 = CIRCLE('',#896,6.8);
#896 = AXIS2_PLACEMENT_2D('',#897,#898);
#897 = CARTESIAN_POINT('',(54.,-24.));
#898 = DIRECTION('',(0.,-1.));
#899 = ( GEOMETRIC_REPRESENTATION_CONTEXT(2) 
PARAMETRIC_REPRESENTATION_CONTEXT() REPRESENTATION_CONTEXT('2D SPACE',''
  ) );
#900 = PCURVE('',#901,#906);
#901 = CONICAL_SURFACE('',#902,6.5,0.785398163397);
#902 = AXIS2_PLACEMENT_3D('',#903,#904,#905);
#903 = CARTESIAN_POINT('',(54.,-24.,18.7));
#904 = DIRECTION('',(0.,0.,1.));
#905 = DIRECTION('',(0.,-1.,0.));
#906 = DEFINITIONAL_REPRESENTATION('',(#907),#911);
#907 = LINE('',#908,#909);
#908 = CARTESIAN_POINT('',(-0.,0.3));
#909 = VECTOR('',#910,1.);
#910 = DIRECTION('',(1.,-0.));
#911 = ( GEOMETRIC_REPRESENTATION_CONTEXT(2) 
PARAMETRIC_REPRESENTATION_CONTEXT() REPRESENTATION_CONTEXT('2D SPACE',''
  ) );
#912 = ORIENTED_EDGE('',*,*,#913,.F.);
#913 = EDGE_CURVE('',#914,#883,#916,.T.);
#914 = VERTEX_POINT('',#915);
#915 = CARTESIAN_POINT('',(-54.,-30.8,19.));
#916 = SURFACE_CURVE('',#917,(#921,#928),.PCURVE_S1.);
#917 = LINE('',#918,#919);
#918 = CARTESIAN_POINT('',(-54.,-30.8,19.));
#919 = VECTOR('',#920,1.);
#920 = DIRECTION('',(1.,-0.,-0.));
#921 = PCURVE('',#321,#922);
#922 = DEFINITIONAL_REPRESENTATION('',(#923),#927);
#923 = LINE('',#924,#925);
#924 = CARTESIAN_POINT('',(-54.,-30.8));
#925 = VECTOR('',#926,1.);
#926 = DIRECTION('',(1.,-0.));
#927 = ( GEOMETRIC_REPRESENTATION_CONTEXT(2) 
PARAMETRIC_REPRESENTATION_CONTEXT() REPRESENTATION_CONTEXT('2D SPACE',''
  ) );
#928 = PCURVE('',#929,#934);
#929 = PLANE('',#930);
#930 = AXIS2_PLACEMENT_3D('',#931,#932,#933);
#931 = CARTESIAN_POINT('',(-54.,-30.65,18.85));
#932 = DIRECTION('',(0.,0.707106781187,0.707106781187));
#933 = DIRECTION('',(1.,0.,-0.));
#934 = DEFINITIONAL_REPRESENTATION('',(#935),#939);
#935 = LINE('',#936,#937);
#936 = CARTESIAN_POINT('',(0.,-0.212132034356));
#937 = VECTOR('',#938,1.);
#938 = DIRECTION('',(1.,0.));
#939 = ( GEOMETRIC_REPRESENTATION_CONTEXT(2) 
PARAMETRIC_REPRESENTATION_CONTEXT() REPRESENTATION_CONTEXT('2D SPACE',''
  ) );
#940 = ORIENTED_EDGE('',*,*,#941,.F.);
#941 = EDGE_CURVE('',#942,#914,#944,.T.);
#942 = VERTEX_POINT('',#943);
#943 = CARTESIAN_POINT('',(-60.8,-24.,19.));
#944 = SURFACE_CURVE('',#945,(#950,#957),.PCURVE_S1.);
#945 = CIRCLE('',#946,6.8);
#946 = AXIS2_PLACEMENT_3D('',#947,#948,#949);
#947 = CARTESIAN_POINT('',(-54.,-24.,19.));
#948 = DIRECTION('',(0.,0.,1.));
#949 = DIRECTION('',(-1.,0.,0.));
#950 = PCURVE('',#321,#951);
#951 = DEFINITIONAL_REPRESENTATION('',(#952),#956);
#952 = CIRCLE('',#953,6.8);
#953 = AXIS2_PLACEMENT_2D('',#954,#955);
#954 = CARTESIAN_POINT('',(-54.,-24.));
#955 = DIRECTION('',(-1.,0.));
#956 = ( GEOMETRIC_REPRESENTATION_CONTEXT(2) 
PARAMETRIC_REPRESENTATION_CONTEXT() REPRESENTATION_CONTEXT('2D SPACE',''
  ) );
#957 = PCURVE('',#958,#963);
#958 = CONICAL_SURFACE('',#959,6.5,0.785398163397);
#959 = AXIS2_PLACEMENT_3D('',#960,#961,#962);
#960 = CARTESIAN_POINT('',(-54.,-24.,18.7));
#961 = DIRECTION('',(0.,0.,1.));
#962 = DIRECTION('',(-1.,0.,0.));
#963 = DEFINITIONAL_REPRESENTATION('',(#964),#968);
#964 = LINE('',#965,#966);
#965 = CARTESIAN_POINT('',(-0.,0.3));
#966 = VECTOR('',#967,1.);
#967 = DIRECTION('',(1.,-0.));
#968 = ( GEOMETRIC_REPRESENTATION_CONTEXT(2) 
PARAMETRIC_REPRESENTATION_CONTEXT() REPRESENTATION_CONTEXT('2D SPACE',''
  ) );
#969 = ORIENTED_EDGE('',*,*,#970,.F.);
#970 = EDGE_CURVE('',#971,#942,#973,.T.);
#971 = VERTEX_POINT('',#972);
#972 = CARTESIAN_POINT('',(-60.8,24.,19.));
#973 = SURFACE_CURVE('',#974,(#978,#985),.PCURVE_S1.);
#974 = LINE('',#975,#976);
#975 = CARTESIAN_POINT('',(-60.8,24.,19.));
#976 = VECTOR('',#977,1.);
#977 = DIRECTION('',(0.,-1.,-0.));
#978 = PCURVE('',#321,#979);
#979 = DEFINITIONAL_REPRESENTATION('',(#980),#984);
#980 = LINE('',#981,#982);
#981 = CARTESIAN_POINT('',(-60.8,24.));
#982 = VECTOR('',#983,1.);
#983 = DIRECTION('',(0.,-1.));
#984 = ( GEOMETRIC_REPRESENTATION_CONTEXT(2) 
PARAMETRIC_REPRESENTATION_CONTEXT() REPRESENTATION_CONTEXT('2D SPACE',''
  ) );
#985 = PCURVE('',#986,#991);
#986 = PLANE('',#987);
#987 = AXIS2_PLACEMENT_3D('',#988,#989,#990);
#988 = CARTESIAN_POINT('',(-60.65,24.,18.85));
#989 = DIRECTION('',(0.707106781187,3.472568050348E-18,0.707106781187));
#990 = DIRECTION('',(2.455476416533E-18,-1.,2.455476416532E-18));
#991 = DEFINITIONAL_REPRESENTATION('',(#992),#996);
#992 = LINE('',#993,#994);
#993 = CARTESIAN_POINT('',(0.,-0.212132034356));
#994 = VECTOR('',#995,1.);
#995 = DIRECTION('',(1.,0.));
#996 = ( GEOMETRIC_REPRESENTATION_CONTEXT(2) 
PARAMETRIC_REPRESENTATION_CONTEXT() REPRESENTATION_CONTEXT('2D SPACE',''
  ) );
#997 = ORIENTED_EDGE('',*,*,#998,.F.);
#998 = EDGE_CURVE('',#999,#971,#1001,.T.);
#999 = VERTEX_POINT('',#1000);
#1000 = CARTESIAN_POINT('',(-54.,30.8,19.));
#1001 = SURFACE_CURVE('',#1002,(#1007,#1014),.PCURVE_S1.);
#1002 = CIRCLE('',#1003,6.8);
#1003 = AXIS2_PLACEMENT_3D('',#1004,#1005,#1006);
#1004 = CARTESIAN_POINT('',(-54.,24.,19.));
#1005 = DIRECTION('',(0.,-0.,1.));
#1006 = DIRECTION('',(0.,1.,0.));
#1007 = PCURVE('',#321,#1008);
#1008 = DEFINITIONAL_REPRESENTATION('',(#1009),#1013);
#1009 = CIRCLE('',#1010,6.8);
#1010 = AXIS2_PLACEMENT_2D('',#1011,#1012);
#1011 = CARTESIAN_POINT('',(-54.,24.));
#1012 = DIRECTION('',(0.,1.));
#1013 = ( GEOMETRIC_REPRESENTATION_CONTEXT(2) 
PARAMETRIC_REPRESENTATION_CONTEXT() REPRESENTATION_CONTEXT('2D SPACE',''
  ) );
#1014 = PCURVE('',#1015,#1020);
#1015 = CONICAL_SURFACE('',#1016,6.5,0.785398163397);
#1016 = AXIS2_PLACEMENT_3D('',#1017,#1018,#1019);
#1017 = CARTESIAN_POINT('',(-54.,24.,18.7));
#1018 = DIRECTION('',(0.,0.,1.));
#1019 = DIRECTION('',(0.,1.,0.));
#1020 = DEFINITIONAL_REPRESENTATION('',(#1021),#1025);
#1021 = LINE('',#1022,#1023);
#1022 = CARTESIAN_POINT('',(-0.,0.3));
#1023 = VECTOR('',#1024,1.);
#1024 = DIRECTION('',(1.,-0.));
#1025 = ( GEOMETRIC_REPRESENTATION_CONTEXT(2) 
PARAMETRIC_REPRESENTATION_CONTEXT() REPRESENTATION_CONTEXT('2D SPACE',''
  ) );
#1026 = ORIENTED_EDGE('',*,*,#1027,.F.);
#1027 = EDGE_CURVE('',#1028,#999,#1030,.T.);
#1028 = VERTEX_POINT('',#1029);
#1029 = CARTESIAN_POINT('',(30.765,30.8,19.));
#1030 = SURFACE_CURVE('',#1031,(#1035,#1042),.PCURVE_S1.);
#1031 = LINE('',#1032,#1033);
#1032 = CARTESIAN_POINT('',(54.,30.8,19.));
#1033 = VECTOR('',#1034,1.);
#1034 = DIRECTION('',(-1.,-0.,0.));
#1035 = PCURVE('',#321,#1036);
#1036 = DEFINITIONAL_REPRESENTATION('',(#1037),#1041);
#1037 = LINE('',#1038,#1039);
#1038 = CARTESIAN_POINT('',(54.,30.8));
#1039 = VECTOR('',#1040,1.);
#1040 = DIRECTION('',(-1.,0.));
#1041 = ( GEOMETRIC_REPRESENTATION_CONTEXT(2) 
PARAMETRIC_REPRESENTATION_CONTEXT() REPRESENTATION_CONTEXT('2D SPACE',''
  ) );
#1042 = PCURVE('',#1043,#1048);
#1043 = PLANE('',#1044);
#1044 = AXIS2_PLACEMENT_3D('',#1045,#1046,#1047);
#1045 = CARTESIAN_POINT('',(54.,30.65,18.85));
#1046 = DIRECTION('',(0.,-0.707106781187,0.707106781187));
#1047 = DIRECTION('',(-1.,0.,0.));
#1048 = DEFINITIONAL_REPRESENTATION('',(#1049),#1053);
#1049 = LINE('',#1050,#1051);
#1050 = CARTESIAN_POINT('',(0.,-0.212132034356));
#1051 = VECTOR('',#1052,1.);
#1052 = DIRECTION('',(1.,0.));
#1053 = ( GEOMETRIC_REPRESENTATION_CONTEXT(2) 
PARAMETRIC_REPRESENTATION_CONTEXT() REPRESENTATION_CONTEXT('2D SPACE',''
  ) );
#1054 = ORIENTED_EDGE('',*,*,#1055,.T.);
#1055 = EDGE_CURVE('',#1028,#1056,#1058,.T.);
#1056 = VERTEX_POINT('',#1057);
#1057 = CARTESIAN_POINT('',(30.765,31.,19.));
#1058 = SURFACE_CURVE('',#1059,(#1063,#1069),.PCURVE_S1.);
#1059 = LINE('',#1060,#1061);
#1060 = CARTESIAN_POINT('',(30.765,16.,19.));
#1061 = VECTOR('',#1062,1.);
#1062 = DIRECTION('',(-0.,1.,0.));
#1063 = PCURVE('',#321,#1064);
#1064 = DEFINITIONAL_REPRESENTATION('',(#1065),#1068);
#1065 = B_SPLINE_CURVE_WITH_KNOTS('',1,(#1066,#1067),.UNSPECIFIED.,.F.,
  .F.,(2,2),(12.2,15.),.PIECEWISE_BEZIER_KNOTS.);
#1066 = CARTESIAN_POINT('',(30.765,28.2));
#1067 = CARTESIAN_POINT('',(30.765,31.));
#1068 = ( GEOMETRIC_REPRESENTATION_CONTEXT(2) 
PARAMETRIC_REPRESENTATION_CONTEXT() REPRESENTATION_CONTEXT('2D SPACE',''
  ) );
#1069 = PCURVE('',#1070,#1075);
#1070 = PLANE('',#1071);
#1071 = AXIS2_PLACEMENT_3D('',#1072,#1073,#1074);
#1072 = CARTESIAN_POINT('',(30.765,32.,3.));
#1073 = DIRECTION('',(1.,0.,-0.));
#1074 = DIRECTION('',(0.,-1.,0.));
#1075 = DEFINITIONAL_REPRESENTATION('',(#1076),#1079);
#1076 = B_SPLINE_CURVE_WITH_KNOTS('',1,(#1077,#1078),.UNSPECIFIED.,.F.,
  .F.,(2,2),(12.2,15.),.PIECEWISE_BEZIER_KNOTS.);
#1077 = CARTESIAN_POINT('',(3.8,-16.));
#1078 = CARTESIAN_POINT('',(1.,-16.));
#1079 = ( GEOMETRIC_REPRESENTATION_CONTEXT(2) 
PARAMETRIC_REPRESENTATION_CONTEXT() REPRESENTATION_CONTEXT('2D SPACE',''
  ) );
#1080 = ORIENTED_EDGE('',*,*,#1081,.F.);
#1081 = EDGE_CURVE('',#1082,#1056,#1084,.T.);
#1082 = VERTEX_POINT('',#1083);
#1083 = CARTESIAN_POINT('',(31.765,32.,19.));
#1084 = SURFACE_CURVE('',#1085,(#1090,#1097),.PCURVE_S1.);
#1085 = CIRCLE('',#1086,1.);
#1086 = AXIS2_PLACEMENT_3D('',#1087,#1088,#1089);
#1087 = CARTESIAN_POINT('',(31.765,31.,19.));
#1088 = DIRECTION('',(0.,0.,1.));
#1089 = DIRECTION('',(-0.,1.,0.));
#1090 = PCURVE('',#321,#1091);
#1091 = DEFINITIONAL_REPRESENTATION('',(#1092),#1096);
#1092 = CIRCLE('',#1093,1.);
#1093 = AXIS2_PLACEMENT_2D('',#1094,#1095);
#1094 = CARTESIAN_POINT('',(31.765,31.));
#1095 = DIRECTION('',(0.,1.));
#1096 = ( GEOMETRIC_REPRESENTATION_CONTEXT(2) 
PARAMETRIC_REPRESENTATION_CONTEXT() REPRESENTATION_CONTEXT('2D SPACE',''
  ) );
#1097 = PCURVE('',#1098,#1103);
#1098 = CYLINDRICAL_SURFACE('',#1099,1.);
#1099 = AXIS2_PLACEMENT_3D('',#1100,#1101,#1102);
#1100 = CARTESIAN_POINT('',(31.765,31.,3.));
#1101 = DIRECTION('',(0.,0.,1.));
#1102 = DIRECTION('',(-0.,1.,0.));
#1103 = DEFINITIONAL_REPRESENTATION('',(#1104),#1108);
#1104 = LINE('',#1105,#1106);
#1105 = CARTESIAN_POINT('',(0.,16.));
#1106 = VECTOR('',#1107,1.);
#1107 = DIRECTION('',(1.,0.));
#1108 = ( GEOMETRIC_REPRESENTATION_CONTEXT(2) 
PARAMETRIC_REPRESENTATION_CONTEXT() REPRESENTATION_CONTEXT('2D SPACE',''
  ) );
#1109 = ORIENTED_EDGE('',*,*,#1110,.T.);
#1110 = EDGE_CURVE('',#1082,#1111,#1113,.T.);
#1111 = VERTEX_POINT('',#1112);
#1112 = CARTESIAN_POINT('',(58.765,32.,19.));
#1113 = SURFACE_CURVE('',#1114,(#1118,#1124),.PCURVE_S1.);
#1114 = LINE('',#1115,#1116);
#1115 = CARTESIAN_POINT('',(29.8825,32.,19.));
#1116 = VECTOR('',#1117,1.);
#1117 = DIRECTION('',(1.,0.,-0.));
#1118 = PCURVE('',#321,#1119);
#1119 = DEFINITIONAL_REPRESENTATION('',(#1120),#1123);
#1120 = B_SPLINE_CURVE_WITH_KNOTS('',1,(#1121,#1122),.UNSPECIFIED.,.F.,
  .F.,(2,2),(1.8825,28.8825),.PIECEWISE_BEZIER_KNOTS.);
#1121 = CARTESIAN_POINT('',(31.765,32.));
#1122 = CARTESIAN_POINT('',(58.765,32.));
#1123 = ( GEOMETRIC_REPRESENTATION_CONTEXT(2) 
PARAMETRIC_REPRESENTATION_CONTEXT() REPRESENTATION_CONTEXT('2D SPACE',''
  ) );
#1124 = PCURVE('',#1125,#1130);
#1125 = PLANE('',#1126);
#1126 = AXIS2_PLACEMENT_3D('',#1127,#1128,#1129);
#1127 = CARTESIAN_POINT('',(59.765,32.,3.));
#1128 = DIRECTION('',(0.,-1.,0.));
#1129 = DIRECTION('',(-1.,0.,0.));
#1130 = DEFINITIONAL_REPRESENTATION('',(#1131),#1134);
#1131 = B_SPLINE_CURVE_WITH_KNOTS('',1,(#1132,#1133),.UNSPECIFIED.,.F.,
  .F.,(2,2),(1.8825,28.8825),.PIECEWISE_BEZIER_KNOTS.);
#1132 = CARTESIAN_POINT('',(28.,-16.));
#1133 = CARTESIAN_POINT('',(1.,-16.));
#1134 = ( GEOMETRIC_REPRESENTATION_CONTEXT(2) 
PARAMETRIC_REPRESENTATION_CONTEXT() REPRESENTATION_CONTEXT('2D SPACE',''
  ) );
#1135 = ORIENTED_EDGE('',*,*,#1136,.F.);
#1136 = EDGE_CURVE('',#1137,#1111,#1139,.T.);
#1137 = VERTEX_POINT('',#1138);
#1138 = CARTESIAN_POINT('',(59.765,31.,19.));
#1139 = SURFACE_CURVE('',#1140,(#1145,#1152),.PCURVE_S1.);
#1140 = CIRCLE('',#1141,1.);
#1141 = AXIS2_PLACEMENT_3D('',#1142,#1143,#1144);
#1142 = CARTESIAN_POINT('',(58.765,31.,19.));
#1143 = DIRECTION('',(0.,0.,1.));
#1144 = DIRECTION('',(1.,0.,-0.));
#1145 = PCURVE('',#321,#1146);
#1146 = DEFINITIONAL_REPRESENTATION('',(#1147),#1151);
#1147 = CIRCLE('',#1148,1.);
#1148 = AXIS2_PLACEMENT_2D('',#1149,#1150);
#1149 = CARTESIAN_POINT('',(58.765,31.));
#1150 = DIRECTION('',(1.,0.));
#1151 = ( GEOMETRIC_REPRESENTATION_CONTEXT(2) 
PARAMETRIC_REPRESENTATION_CONTEXT() REPRESENTATION_CONTEXT('2D SPACE',''
  ) );
#1152 = PCURVE('',#1153,#1158);
#1153 = CYLINDRICAL_SURFACE('',#1154,1.);
#1154 = AXIS2_PLACEMENT_3D('',#1155,#1156,#1157);
#1155 = CARTESIAN_POINT('',(58.765,31.,3.));
#1156 = DIRECTION('',(0.,0.,1.));
#1157 = DIRECTION('',(1.,0.,-0.));
#1158 = DEFINITIONAL_REPRESENTATION('',(#1159),#1163);
#1159 = LINE('',#1160,#1161);
#1160 = CARTESIAN_POINT('',(0.,16.));
#1161 = VECTOR('',#1162,1.);
#1162 = DIRECTION('',(1.,0.));
#1163 = ( GEOMETRIC_REPRESENTATION_CONTEXT(2) 
PARAMETRIC_REPRESENTATION_CONTEXT() REPRESENTATION_CONTEXT('2D SPACE',''
  ) );
#1164 = ORIENTED_EDGE('',*,*,#1165,.T.);
#1165 = EDGE_CURVE('',#1137,#1166,#1168,.T.);
#1166 = VERTEX_POINT('',#1167);
#1167 = CARTESIAN_POINT('',(59.765,28.2,19.));
#1168 = SURFACE_CURVE('',#1169,(#1173,#1179),.PCURVE_S1.);
#1169 = LINE('',#1170,#1171);
#1170 = CARTESIAN_POINT('',(59.765,14.1,19.));
#1171 = VECTOR('',#1172,1.);
#1172 = DIRECTION('',(0.,-1.,0.));
#1173 = PCURVE('',#321,#1174);
#1174 = DEFINITIONAL_REPRESENTATION('',(#1175),#1178);
#1175 = B_SPLINE_CURVE_WITH_KNOTS('',1,(#1176,#1177),.UNSPECIFIED.,.F.,
  .F.,(2,2),(-16.9,-14.1),.PIECEWISE_BEZIER_KNOTS.);
#1176 = CARTESIAN_POINT('',(59.765,31.));
#1177 = CARTESIAN_POINT('',(59.765,28.2));
#1178 = ( GEOMETRIC_REPRESENTATION_CONTEXT(2) 
PARAMETRIC_REPRESENTATION_CONTEXT() REPRESENTATION_CONTEXT('2D SPACE',''
  ) );
#1179 = PCURVE('',#1180,#1185);
#1180 = PLANE('',#1181);
#1181 = AXIS2_PLACEMENT_3D('',#1182,#1183,#1184);
#1182 = CARTESIAN_POINT('',(59.765,28.2,3.));
#1183 = DIRECTION('',(-1.,0.,0.));
#1184 = DIRECTION('',(0.,1.,0.));
#1185 = DEFINITIONAL_REPRESENTATION('',(#1186),#1189);
#1186 = B_SPLINE_CURVE_WITH_KNOTS('',1,(#1187,#1188),.UNSPECIFIED.,.F.,
  .F.,(2,2),(-16.9,-14.1),.PIECEWISE_BEZIER_KNOTS.);
#1187 = CARTESIAN_POINT('',(2.8,-16.));
#1188 = CARTESIAN_POINT('',(0.,-16.));
#1189 = ( GEOMETRIC_REPRESENTATION_CONTEXT(2) 
PARAMETRIC_REPRESENTATION_CONTEXT() REPRESENTATION_CONTEXT('2D SPACE',''
  ) );
#1190 = ORIENTED_EDGE('',*,*,#1191,.T.);
#1191 = EDGE_CURVE('',#1166,#1192,#1194,.T.);
#1192 = VERTEX_POINT('',#1193);
#1193 = CARTESIAN_POINT('',(59.347896782848,28.2,19.));
#1194 = SURFACE_CURVE('',#1195,(#1199,#1205),.PCURVE_S1.);
#1195 = LINE('',#1196,#1197);
#1196 = CARTESIAN_POINT('',(15.3825,28.2,19.));
#1197 = VECTOR('',#1198,1.);
#1198 = DIRECTION('',(-1.,0.,0.));
#1199 = PCURVE('',#321,#1200);
#1200 = DEFINITIONAL_REPRESENTATION('',(#1201),#1204);
#1201 = B_SPLINE_CURVE_WITH_KNOTS('',1,(#1202,#1203),.UNSPECIFIED.,.F.,
  .F.,(2,2),(-44.3825,-15.3825),.PIECEWISE_BEZIER_KNOTS.);
#1202 = CARTESIAN_POINT('',(59.765,28.2));
#1203 = CARTESIAN_POINT('',(30.765,28.2));
#1204 = ( GEOMETRIC_REPRESENTATION_CONTEXT(2) 
PARAMETRIC_REPRESENTATION_CONTEXT() REPRESENTATION_CONTEXT('2D SPACE',''
  ) );
#1205 = PCURVE('',#1206,#1211);
#1206 = PLANE('',#1207);
#1207 = AXIS2_PLACEMENT_3D('',#1208,#1209,#1210);
#1208 = CARTESIAN_POINT('',(30.765,28.2,3.));
#1209 = DIRECTION('',(0.,1.,0.));
#1210 = DIRECTION('',(1.,0.,0.));
#1211 = DEFINITIONAL_REPRESENTATION('',(#1212),#1215);
#1212 = B_SPLINE_CURVE_WITH_KNOTS('',1,(#1213,#1214),.UNSPECIFIED.,.F.,
  .F.,(2,2),(-44.3825,-15.3825),.PIECEWISE_BEZIER_KNOTS.);
#1213 = CARTESIAN_POINT('',(29.,-16.));
#1214 = CARTESIAN_POINT('',(0.,-16.));
#1215 = ( GEOMETRIC_REPRESENTATION_CONTEXT(2) 
PARAMETRIC_REPRESENTATION_CONTEXT() REPRESENTATION_CONTEXT('2D SPACE',''
  ) );
#1216 = ORIENTED_EDGE('',*,*,#1217,.F.);
#1217 = EDGE_CURVE('',#1218,#1192,#1220,.T.);
#1218 = VERTEX_POINT('',#1219);
#1219 = CARTESIAN_POINT('',(60.8,24.,19.));
#1220 = SURFACE_CURVE('',#1221,(#1226,#1233),.PCURVE_S1.);
#1221 = CIRCLE('',#1222,6.8);
#1222 = AXIS2_PLACEMENT_3D('',#1223,#1224,#1225);
#1223 = CARTESIAN_POINT('',(54.,24.,19.));
#1224 = DIRECTION('',(0.,0.,1.));
#1225 = DIRECTION('',(1.,0.,-0.));
#1226 = PCURVE('',#321,#1227);
#1227 = DEFINITIONAL_REPRESENTATION('',(#1228),#1232);
#1228 = CIRCLE('',#1229,6.8);
#1229 = AXIS2_PLACEMENT_2D('',#1230,#1231);
#1230 = CARTESIAN_POINT('',(54.,24.));
#1231 = DIRECTION('',(1.,0.));
#1232 = ( GEOMETRIC_REPRESENTATION_CONTEXT(2) 
PARAMETRIC_REPRESENTATION_CONTEXT() REPRESENTATION_CONTEXT('2D SPACE',''
  ) );
#1233 = PCURVE('',#1234,#1239);
#1234 = CONICAL_SURFACE('',#1235,6.5,0.785398163397);
#1235 = AXIS2_PLACEMENT_3D('',#1236,#1237,#1238);
#1236 = CARTESIAN_POINT('',(54.,24.,18.7));
#1237 = DIRECTION('',(0.,0.,1.));
#1238 = DIRECTION('',(1.,0.,-0.));
#1239 = DEFINITIONAL_REPRESENTATION('',(#1240),#1244);
#1240 = LINE('',#1241,#1242);
#1241 = CARTESIAN_POINT('',(-0.,0.3));
#1242 = VECTOR('',#1243,1.);
#1243 = DIRECTION('',(1.,-0.));
#1244 = ( GEOMETRIC_REPRESENTATION_CONTEXT(2) 
PARAMETRIC_REPRESENTATION_CONTEXT() REPRESENTATION_CONTEXT('2D SPACE',''
  ) );
#1245 = ORIENTED_EDGE('',*,*,#1246,.F.);
#1246 = EDGE_CURVE('',#885,#1218,#1247,.T.);
#1247 = SURFACE_CURVE('',#1248,(#1252,#1259),.PCURVE_S1.);
#1248 = LINE('',#1249,#1250);
#1249 = CARTESIAN_POINT('',(60.8,-24.,19.));
#1250 = VECTOR('',#1251,1.);
#1251 = DIRECTION('',(-0.,1.,-0.));
#1252 = PCURVE('',#321,#1253);
#1253 = DEFINITIONAL_REPRESENTATION('',(#1254),#1258);
#1254 = LINE('',#1255,#1256);
#1255 = CARTESIAN_POINT('',(60.8,-24.));
#1256 = VECTOR('',#1257,1.);
#1257 = DIRECTION('',(0.,1.));
#1258 = ( GEOMETRIC_REPRESENTATION_CONTEXT(2) 
PARAMETRIC_REPRESENTATION_CONTEXT() REPRESENTATION_CONTEXT('2D SPACE',''
  ) );
#1259 = PCURVE('',#1260,#1265);
#1260 = PLANE('',#1261);
#1261 = AXIS2_PLACEMENT_3D('',#1262,#1263,#1264);
#1262 = CARTESIAN_POINT('',(60.65,-24.,18.85));
#1263 = DIRECTION('',(-0.707106781187,-3.472568050348E-18,0.707106781187
    ));
#1264 = DIRECTION('',(-2.455476416533E-18,1.,2.455476416532E-18));
#1265 = DEFINITIONAL_REPRESENTATION('',(#1266),#1270);
#1266 = LINE('',#1267,#1268);
#1267 = CARTESIAN_POINT('',(0.,-0.212132034356));
#1268 = VECTOR('',#1269,1.);
#1269 = DIRECTION('',(1.,0.));
#1270 = ( GEOMETRIC_REPRESENTATION_CONTEXT(2) 
PARAMETRIC_REPRESENTATION_CONTEXT() REPRESENTATION_CONTEXT('2D SPACE',''
  ) );
#1271 = ADVANCED_FACE('',(#1272),#296,.T.);
#1272 = FACE_BOUND('',#1273,.T.);
#1273 = EDGE_LOOP('',(#1274,#1275,#1276,#1295));
#1274 = ORIENTED_EDGE('',*,*,#281,.F.);
#1275 = ORIENTED_EDGE('',*,*,#512,.T.);
#1276 = ORIENTED_EDGE('',*,*,#1277,.T.);
#1277 = EDGE_CURVE('',#485,#721,#1278,.T.);
#1278 = SURFACE_CURVE('',#1279,(#1283,#1289),.PCURVE_S1.);
#1279 = LINE('',#1280,#1281);
#1280 = CARTESIAN_POINT('',(64.,-24.,18.7));
#1281 = VECTOR('',#1282,1.);
#1282 = DIRECTION('',(-0.707106781187,4.329780281177E-17,0.707106781187)
  );
#1283 = PCURVE('',#296,#1284);
#1284 = DEFINITIONAL_REPRESENTATION('',(#1285),#1288);
#1285 = B_SPLINE_CURVE_WITH_KNOTS('',1,(#1286,#1287),.UNSPECIFIED.,.F.,
  .F.,(2,2),(0.,0.424264068712),.PIECEWISE_BEZIER_KNOTS.);
#1286 = CARTESIAN_POINT('',(-1.570796326795,0.));
#1287 = CARTESIAN_POINT('',(-1.570796326795,-0.3));
#1288 = ( GEOMETRIC_REPRESENTATION_CONTEXT(2) 
PARAMETRIC_REPRESENTATION_CONTEXT() REPRESENTATION_CONTEXT('2D SPACE',''
  ) );
#1289 = PCURVE('',#760,#1290);
#1290 = DEFINITIONAL_REPRESENTATION('',(#1291),#1294);
#1291 = B_SPLINE_CURVE_WITH_KNOTS('',1,(#1292,#1293),.UNSPECIFIED.,.F.,
  .F.,(2,2),(0.,0.424264068712),.PIECEWISE_BEZIER_KNOTS.);
#1292 = CARTESIAN_POINT('',(0.,-0.212132034356));
#1293 = CARTESIAN_POINT('',(0.,0.212132034356));
#1294 = ( GEOMETRIC_REPRESENTATION_CONTEXT(2) 
PARAMETRIC_REPRESENTATION_CONTEXT() REPRESENTATION_CONTEXT('2D SPACE',''
  ) );
#1295 = ORIENTED_EDGE('',*,*,#720,.F.);
#1296 = ADVANCED_FACE('',(#1297,#1508,#1571,#1606,#1641,#1704,#1739,
    #1802,#1837),#400,.F.);
#1297 = FACE_BOUND('',#1298,.F.);
#1298 = EDGE_LOOP('',(#1299,#1329,#1358,#1379,#1380,#1381,#1382,#1383,
    #1407,#1435,#1464,#1487));
#1299 = ORIENTED_EDGE('',*,*,#1300,.T.);
#1300 = EDGE_CURVE('',#1301,#1303,#1305,.T.);
#1301 = VERTEX_POINT('',#1302);
#1302 = CARTESIAN_POINT('',(-48.,33.,0.));
#1303 = VERTEX_POINT('',#1304);
#1304 = CARTESIAN_POINT('',(-54.,33.,-1.554312234475E-15));
#1305 = SURFACE_CURVE('',#1306,(#1310,#1317),.PCURVE_S1.);
#1306 = LINE('',#1307,#1308);
#1307 = CARTESIAN_POINT('',(54.,33.,0.));
#1308 = VECTOR('',#1309,1.);
#1309 = DIRECTION('',(-1.,0.,0.));
#1310 = PCURVE('',#400,#1311);
#1311 = DEFINITIONAL_REPRESENTATION('',(#1312),#1316);
#1312 = LINE('',#1313,#1314);
#1313 = CARTESIAN_POINT('',(54.,33.));
#1314 = VECTOR('',#1315,1.);
#1315 = DIRECTION('',(-1.,0.));
#1316 = ( GEOMETRIC_REPRESENTATION_CONTEXT(2) 
PARAMETRIC_REPRESENTATION_CONTEXT() REPRESENTATION_CONTEXT('2D SPACE',''
  ) );
#1317 = PCURVE('',#1318,#1323);
#1318 = PLANE('',#1319);
#1319 = AXIS2_PLACEMENT_3D('',#1320,#1321,#1322);
#1320 = CARTESIAN_POINT('',(54.,33.5,0.5));
#1321 = DIRECTION('',(0.,0.707106781187,-0.707106781187));
#1322 = DIRECTION('',(1.,-0.,-0.));
#1323 = DEFINITIONAL_REPRESENTATION('',(#1324),#1328);
#1324 = LINE('',#1325,#1326);
#1325 = CARTESIAN_POINT('',(-0.,0.707106781187));
#1326 = VECTOR('',#1327,1.);
#1327 = DIRECTION('',(-1.,0.));
#1328 = ( GEOMETRIC_REPRESENTATION_CONTEXT(2) 
PARAMETRIC_REPRESENTATION_CONTEXT() REPRESENTATION_CONTEXT('2D SPACE',''
  ) );
#1329 = ORIENTED_EDGE('',*,*,#1330,.T.);
#1330 = EDGE_CURVE('',#1303,#1331,#1333,.T.);
#1331 = VERTEX_POINT('',#1332);
#1332 = CARTESIAN_POINT('',(-63.,24.,0.));
#1333 = SURFACE_CURVE('',#1334,(#1339,#1346),.PCURVE_S1.);
#1334 = CIRCLE('',#1335,9.);
#1335 = AXIS2_PLACEMENT_3D('',#1336,#1337,#1338);
#1336 = CARTESIAN_POINT('',(-54.,24.,0.));
#1337 = DIRECTION('',(0.,-0.,1.));
#1338 = DIRECTION('',(0.,1.,0.));
#1339 = PCURVE('',#400,#1340);
#1340 = DEFINITIONAL_REPRESENTATION('',(#1341),#1345);
#1341 = CIRCLE('',#1342,9.);
#1342 = AXIS2_PLACEMENT_2D('',#1343,#1344);
#1343 = CARTESIAN_POINT('',(-54.,24.));
#1344 = DIRECTION('',(0.,1.));
#1345 = ( GEOMETRIC_REPRESENTATION_CONTEXT(2) 
PARAMETRIC_REPRESENTATION_CONTEXT() REPRESENTATION_CONTEXT('2D SPACE',''
  ) );
#1346 = PCURVE('',#1347,#1352);
#1347 = CONICAL_SURFACE('',#1348,10.,0.785398163397);
#1348 = AXIS2_PLACEMENT_3D('',#1349,#1350,#1351);
#1349 = CARTESIAN_POINT('',(-54.,24.,1.));
#1350 = DIRECTION('',(0.,0.,1.));
#1351 = DIRECTION('',(0.,1.,0.));
#1352 = DEFINITIONAL_REPRESENTATION('',(#1353),#1357);
#1353 = LINE('',#1354,#1355);
#1354 = CARTESIAN_POINT('',(0.,-1.));
#1355 = VECTOR('',#1356,1.);
#1356 = DIRECTION('',(1.,-0.));
#1357 = ( GEOMETRIC_REPRESENTATION_CONTEXT(2) 
PARAMETRIC_REPRESENTATION_CONTEXT() REPRESENTATION_CONTEXT('2D SPACE',''
  ) );
#1358 = ORIENTED_EDGE('',*,*,#1359,.T.);
#1359 = EDGE_CURVE('',#1331,#591,#1360,.T.);
#1360 = SURFACE_CURVE('',#1361,(#1365,#1372),.PCURVE_S1.);
#1361 = LINE('',#1362,#1363);
#1362 = CARTESIAN_POINT('',(-63.,24.,0.));
#1363 = VECTOR('',#1364,1.);
#1364 = DIRECTION('',(0.,-1.,0.));
#1365 = PCURVE('',#400,#1366);
#1366 = DEFINITIONAL_REPRESENTATION('',(#1367),#1371);
#1367 = LINE('',#1368,#1369);
#1368 = CARTESIAN_POINT('',(-63.,24.));
#1369 = VECTOR('',#1370,1.);
#1370 = DIRECTION('',(0.,-1.));
#1371 = ( GEOMETRIC_REPRESENTATION_CONTEXT(2) 
PARAMETRIC_REPRESENTATION_CONTEXT() REPRESENTATION_CONTEXT('2D SPACE',''
  ) );
#1372 = PCURVE('',#605,#1373);
#1373 = DEFINITIONAL_REPRESENTATION('',(#1374),#1378);
#1374 = LINE('',#1375,#1376);
#1375 = CARTESIAN_POINT('',(-0.,0.707106781187));
#1376 = VECTOR('',#1377,1.);
#1377 = DIRECTION('',(-1.,0.));
#1378 = ( GEOMETRIC_REPRESENTATION_CONTEXT(2) 
PARAMETRIC_REPRESENTATION_CONTEXT() REPRESENTATION_CONTEXT('2D SPACE',''
  ) );
#1379 = ORIENTED_EDGE('',*,*,#618,.T.);
#1380 = ORIENTED_EDGE('',*,*,#435,.T.);
#1381 = ORIENTED_EDGE('',*,*,#412,.T.);
#1382 = ORIENTED_EDGE('',*,*,#384,.T.);
#1383 = ORIENTED_EDGE('',*,*,#1384,.T.);
#1384 = EDGE_CURVE('',#359,#1385,#1387,.T.);
#1385 = VERTEX_POINT('',#1386);
#1386 = CARTESIAN_POINT('',(63.,-24.,0.));
#1387 = SURFACE_CURVE('',#1388,(#1393,#1400),.PCURVE_S1.);
#1388 = CIRCLE('',#1389,9.);
#1389 = AXIS2_PLACEMENT_3D('',#1390,#1391,#1392);
#1390 = CARTESIAN_POINT('',(54.,-24.,0.));
#1391 = DIRECTION('',(0.,0.,1.));
#1392 = DIRECTION('',(0.,-1.,0.));
#1393 = PCURVE('',#400,#1394);
#1394 = DEFINITIONAL_REPRESENTATION('',(#1395),#1399);
#1395 = CIRCLE('',#1396,9.);
#1396 = AXIS2_PLACEMENT_2D('',#1397,#1398);
#1397 = CARTESIAN_POINT('',(54.,-24.));
#1398 = DIRECTION('',(0.,-1.));
#1399 = ( GEOMETRIC_REPRESENTATION_CONTEXT(2) 
PARAMETRIC_REPRESENTATION_CONTEXT() REPRESENTATION_CONTEXT('2D SPACE',''
  ) );
#1400 = PCURVE('',#373,#1401);
#1401 = DEFINITIONAL_REPRESENTATION('',(#1402),#1406);
#1402 = LINE('',#1403,#1404);
#1403 = CARTESIAN_POINT('',(0.,-1.));
#1404 = VECTOR('',#1405,1.);
#1405 = DIRECTION('',(1.,-0.));
#1406 = ( GEOMETRIC_REPRESENTATION_CONTEXT(2) 
PARAMETRIC_REPRESENTATION_CONTEXT() REPRESENTATION_CONTEXT('2D SPACE',''
  ) );
#1407 = ORIENTED_EDGE('',*,*,#1408,.T.);
#1408 = EDGE_CURVE('',#1385,#1409,#1411,.T.);
#1409 = VERTEX_POINT('',#1410);
#1410 = CARTESIAN_POINT('',(63.,24.,9.436895709314E-16));
#1411 = SURFACE_CURVE('',#1412,(#1416,#1423),.PCURVE_S1.);
#1412 = LINE('',#1413,#1414);
#1413 = CARTESIAN_POINT('',(63.,-24.,0.));
#1414 = VECTOR('',#1415,1.);
#1415 = DIRECTION('',(0.,1.,0.));
#1416 = PCURVE('',#400,#1417);
#1417 = DEFINITIONAL_REPRESENTATION('',(#1418),#1422);
#1418 = LINE('',#1419,#1420);
#1419 = CARTESIAN_POINT('',(63.,-24.));
#1420 = VECTOR('',#1421,1.);
#1421 = DIRECTION('',(0.,1.));
#1422 = ( GEOMETRIC_REPRESENTATION_CONTEXT(2) 
PARAMETRIC_REPRESENTATION_CONTEXT() REPRESENTATION_CONTEXT('2D SPACE',''
  ) );
#1423 = PCURVE('',#1424,#1429);
#1424 = PLANE('',#1425);
#1425 = AXIS2_PLACEMENT_3D('',#1426,#1427,#1428);
#1426 = CARTESIAN_POINT('',(63.5,-24.,0.5));
#1427 = DIRECTION('',(0.707106781187,0.,-0.707106781187));
#1428 = DIRECTION('',(-0.,-1.,-0.));
#1429 = DEFINITIONAL_REPRESENTATION('',(#1430),#1434);
#1430 = LINE('',#1431,#1432);
#1431 = CARTESIAN_POINT('',(-0.,0.707106781187));
#1432 = VECTOR('',#1433,1.);
#1433 = DIRECTION('',(-1.,0.));
#1434 = ( GEOMETRIC_REPRESENTATION_CONTEXT(2) 
PARAMETRIC_REPRESENTATION_CONTEXT() REPRESENTATION_CONTEXT('2D SPACE',''
  ) );
#1435 = ORIENTED_EDGE('',*,*,#1436,.T.);
#1436 = EDGE_CURVE('',#1409,#1437,#1439,.T.);
#1437 = VERTEX_POINT('',#1438);
#1438 = CARTESIAN_POINT('',(54.,33.,0.));
#1439 = SURFACE_CURVE('',#1440,(#1445,#1452),.PCURVE_S1.);
#1440 = CIRCLE('',#1441,9.);
#1441 = AXIS2_PLACEMENT_3D('',#1442,#1443,#1444);
#1442 = CARTESIAN_POINT('',(54.,24.,0.));
#1443 = DIRECTION('',(0.,0.,1.));
#1444 = DIRECTION('',(1.,0.,-0.));
#1445 = PCURVE('',#400,#1446);
#1446 = DEFINITIONAL_REPRESENTATION('',(#1447),#1451);
#1447 = CIRCLE('',#1448,9.);
#1448 = AXIS2_PLACEMENT_2D('',#1449,#1450);
#1449 = CARTESIAN_POINT('',(54.,24.));
#1450 = DIRECTION('',(1.,0.));
#1451 = ( GEOMETRIC_REPRESENTATION_CONTEXT(2) 
PARAMETRIC_REPRESENTATION_CONTEXT() REPRESENTATION_CONTEXT('2D SPACE',''
  ) );
#1452 = PCURVE('',#1453,#1458);
#1453 = CONICAL_SURFACE('',#1454,10.,0.785398163397);
#1454 = AXIS2_PLACEMENT_3D('',#1455,#1456,#1457);
#1455 = CARTESIAN_POINT('',(54.,24.,1.));
#1456 = DIRECTION('',(0.,0.,1.));
#1457 = DIRECTION('',(1.,0.,-0.));
#1458 = DEFINITIONAL_REPRESENTATION('',(#1459),#1463);
#1459 = LINE('',#1460,#1461);
#1460 = CARTESIAN_POINT('',(0.,-1.));
#1461 = VECTOR('',#1462,1.);
#1462 = DIRECTION('',(1.,-0.));
#1463 = ( GEOMETRIC_REPRESENTATION_CONTEXT(2) 
PARAMETRIC_REPRESENTATION_CONTEXT() REPRESENTATION_CONTEXT('2D SPACE',''
  ) );
#1464 = ORIENTED_EDGE('',*,*,#1465,.T.);
#1465 = EDGE_CURVE('',#1437,#1466,#1468,.T.);
#1466 = VERTEX_POINT('',#1467);
#1467 = CARTESIAN_POINT('',(48.,33.,0.));
#1468 = SURFACE_CURVE('',#1469,(#1473,#1480),.PCURVE_S1.);
#1469 = LINE('',#1470,#1471);
#1470 = CARTESIAN_POINT('',(54.,33.,0.));
#1471 = VECTOR('',#1472,1.);
#1472 = DIRECTION('',(-1.,0.,0.));
#1473 = PCURVE('',#400,#1474);
#1474 = DEFINITIONAL_REPRESENTATION('',(#1475),#1479);
#1475 = LINE('',#1476,#1477);
#1476 = CARTESIAN_POINT('',(54.,33.));
#1477 = VECTOR('',#1478,1.);
#1478 = DIRECTION('',(-1.,0.));
#1479 = ( GEOMETRIC_REPRESENTATION_CONTEXT(2) 
PARAMETRIC_REPRESENTATION_CONTEXT() REPRESENTATION_CONTEXT('2D SPACE',''
  ) );
#1480 = PCURVE('',#1318,#1481);
#1481 = DEFINITIONAL_REPRESENTATION('',(#1482),#1486);
#1482 = LINE('',#1483,#1484);
#1483 = CARTESIAN_POINT('',(-0.,0.707106781187));
#1484 = VECTOR('',#1485,1.);
#1485 = DIRECTION('',(-1.,0.));
#1486 = ( GEOMETRIC_REPRESENTATION_CONTEXT(2) 
PARAMETRIC_REPRESENTATION_CONTEXT() REPRESENTATION_CONTEXT('2D SPACE',''
  ) );
#1487 = ORIENTED_EDGE('',*,*,#1488,.T.);
#1488 = EDGE_CURVE('',#1466,#1301,#1489,.T.);
#1489 = SURFACE_CURVE('',#1490,(#1494,#1501),.PCURVE_S1.);
#1490 = LINE('',#1491,#1492);
#1491 = CARTESIAN_POINT('',(54.,33.,0.));
#1492 = VECTOR('',#1493,1.);
#1493 = DIRECTION('',(-1.,0.,0.));
#1494 = PCURVE('',#400,#1495);
#1495 = DEFINITIONAL_REPRESENTATION('',(#1496),#1500);
#1496 = LINE('',#1497,#1498);
#1497 = CARTESIAN_POINT('',(54.,33.));
#1498 = VECTOR('',#1499,1.);
#1499 = DIRECTION('',(-1.,0.));
#1500 = ( GEOMETRIC_REPRESENTATION_CONTEXT(2) 
PARAMETRIC_REPRESENTATION_CONTEXT() REPRESENTATION_CONTEXT('2D SPACE',''
  ) );
#1501 = PCURVE('',#1318,#1502);
#1502 = DEFINITIONAL_REPRESENTATION('',(#1503),#1507);
#1503 = LINE('',#1504,#1505);
#1504 = CARTESIAN_POINT('',(-0.,0.707106781187));
#1505 = VECTOR('',#1506,1.);
#1506 = DIRECTION('',(-1.,0.));
#1507 = ( GEOMETRIC_REPRESENTATION_CONTEXT(2) 
PARAMETRIC_REPRESENTATION_CONTEXT() REPRESENTATION_CONTEXT('2D SPACE',''
  ) );
#1508 = FACE_BOUND('',#1509,.F.);
#1509 = EDGE_LOOP('',(#1510,#1545));
#1510 = ORIENTED_EDGE('',*,*,#1511,.T.);
#1511 = EDGE_CURVE('',#1512,#1514,#1516,.T.);
#1512 = VERTEX_POINT('',#1513);
#1513 = CARTESIAN_POINT('',(-44.5,-29.5,0.));
#1514 = VERTEX_POINT('',#1515);
#1515 = CARTESIAN_POINT('',(-48.,-33.,0.));
#1516 = SURFACE_CURVE('',#1517,(#1522,#1533),.PCURVE_S1.);
#1517 = CIRCLE('',#1518,3.5);
#1518 = AXIS2_PLACEMENT_3D('',#1519,#1520,#1521);
#1519 = CARTESIAN_POINT('',(-48.,-29.5,0.));
#1520 = DIRECTION('',(0.,0.,-1.));
#1521 = DIRECTION('',(1.,0.,0.));
#1522 = PCURVE('',#400,#1523);
#1523 = DEFINITIONAL_REPRESENTATION('',(#1524),#1532);
#1524 = ( BOUNDED_CURVE() B_SPLINE_CURVE(2,(#1525,#1526,#1527,#1528,
#1529,#1530,#1531),.UNSPECIFIED.,.T.,.F.) B_SPLINE_CURVE_WITH_KNOTS((1,2
    ,2,2,2,1),(-2.094395102393,0.,2.094395102393,4.188790204786,
6.28318530718,8.377580409573),.UNSPECIFIED.) CURVE() 
GEOMETRIC_REPRESENTATION_ITEM() RATIONAL_B_SPLINE_CURVE((1.,0.5,1.,0.5,
1.,0.5,1.)) REPRESENTATION_ITEM('') );
#1525 = CARTESIAN_POINT('',(-44.5,-29.5));
#1526 = CARTESIAN_POINT('',(-44.5,-35.56217782649));
#1527 = CARTESIAN_POINT('',(-49.75,-32.53108891324));
#1528 = CARTESIAN_POINT('',(-55.,-29.5));
#1529 = CARTESIAN_POINT('',(-49.75,-26.46891108675));
#1530 = CARTESIAN_POINT('',(-44.5,-23.4378221735));
#1531 = CARTESIAN_POINT('',(-44.5,-29.5));
#1532 = ( GEOMETRIC_REPRESENTATION_CONTEXT(2) 
PARAMETRIC_REPRESENTATION_CONTEXT() REPRESENTATION_CONTEXT('2D SPACE',''
  ) );
#1533 = PCURVE('',#1534,#1539);
#1534 = CYLINDRICAL_SURFACE('',#1535,3.5);
#1535 = AXIS2_PLACEMENT_3D('',#1536,#1537,#1538);
#1536 = CARTESIAN_POINT('',(-48.,-29.5,-1.E-02));
#1537 = DIRECTION('',(-0.,-0.,-1.));
#1538 = DIRECTION('',(1.,0.,0.));
#1539 = DEFINITIONAL_REPRESENTATION('',(#1540),#1544);
#1540 = LINE('',#1541,#1542);
#1541 = CARTESIAN_POINT('',(-6.28318530718,-1.E-02));
#1542 = VECTOR('',#1543,1.);
#1543 = DIRECTION('',(1.,-0.));
#1544 = ( GEOMETRIC_REPRESENTATION_CONTEXT(2) 
PARAMETRIC_REPRESENTATION_CONTEXT() REPRESENTATION_CONTEXT('2D SPACE',''
  ) );
#1545 = ORIENTED_EDGE('',*,*,#1546,.T.);
#1546 = EDGE_CURVE('',#1514,#1512,#1547,.T.);
#1547 = SURFACE_CURVE('',#1548,(#1553,#1564),.PCURVE_S1.);
#1548 = CIRCLE('',#1549,3.5);
#1549 = AXIS2_PLACEMENT_3D('',#1550,#1551,#1552);
#1550 = CARTESIAN_POINT('',(-48.,-29.5,0.));
#1551 = DIRECTION('',(0.,0.,-1.));
#1552 = DIRECTION('',(1.,0.,0.));
#1553 = PCURVE('',#400,#1554);
#1554 = DEFINITIONAL_REPRESENTATION('',(#1555),#1563);
#1555 = ( BOUNDED_CURVE() B_SPLINE_CURVE(2,(#1556,#1557,#1558,#1559,
#1560,#1561,#1562),.UNSPECIFIED.,.T.,.F.) B_SPLINE_CURVE_WITH_KNOTS((1,2
    ,2,2,2,1),(-2.094395102393,0.,2.094395102393,4.188790204786,
6.28318530718,8.377580409573),.UNSPECIFIED.) CURVE() 
GEOMETRIC_REPRESENTATION_ITEM() RATIONAL_B_SPLINE_CURVE((1.,0.5,1.,0.5,
1.,0.5,1.)) REPRESENTATION_ITEM('') );
#1556 = CARTESIAN_POINT('',(-44.5,-29.5));
#1557 = CARTESIAN_POINT('',(-44.5,-35.56217782649));
#1558 = CARTESIAN_POINT('',(-49.75,-32.53108891324));
#1559 = CARTESIAN_POINT('',(-55.,-29.5));
#1560 = CARTESIAN_POINT('',(-49.75,-26.46891108675));
#1561 = CARTESIAN_POINT('',(-44.5,-23.4378221735));
#1562 = CARTESIAN_POINT('',(-44.5,-29.5));
#1563 = ( GEOMETRIC_REPRESENTATION_CONTEXT(2) 
PARAMETRIC_REPRESENTATION_CONTEXT() REPRESENTATION_CONTEXT('2D SPACE',''
  ) );
#1564 = PCURVE('',#1534,#1565);
#1565 = DEFINITIONAL_REPRESENTATION('',(#1566),#1570);
#1566 = LINE('',#1567,#1568);
#1567 = CARTESIAN_POINT('',(-6.28318530718,-1.E-02));
#1568 = VECTOR('',#1569,1.);
#1569 = DIRECTION('',(1.,-0.));
#1570 = ( GEOMETRIC_REPRESENTATION_CONTEXT(2) 
PARAMETRIC_REPRESENTATION_CONTEXT() REPRESENTATION_CONTEXT('2D SPACE',''
  ) );
#1571 = FACE_BOUND('',#1572,.F.);
#1572 = EDGE_LOOP('',(#1573));
#1573 = ORIENTED_EDGE('',*,*,#1574,.T.);
#1574 = EDGE_CURVE('',#1575,#1575,#1577,.T.);
#1575 = VERTEX_POINT('',#1576);
#1576 = CARTESIAN_POINT('',(-51.05,-24.45,0.));
#1577 = SURFACE_CURVE('',#1578,(#1583,#1594),.PCURVE_S1.);
#1578 = CIRCLE('',#1579,3.2);
#1579 = AXIS2_PLACEMENT_3D('',#1580,#1581,#1582);
#1580 = CARTESIAN_POINT('',(-54.25,-24.45,0.));
#1581 = DIRECTION('',(0.,0.,-1.));
#1582 = DIRECTION('',(1.,0.,0.));
#1583 = PCURVE('',#400,#1584);
#1584 = DEFINITIONAL_REPRESENTATION('',(#1585),#1593);
#1585 = ( BOUNDED_CURVE() B_SPLINE_CURVE(2,(#1586,#1587,#1588,#1589,
#1590,#1591,#1592),.UNSPECIFIED.,.T.,.F.) B_SPLINE_CURVE_WITH_KNOTS((1,2
    ,2,2,2,1),(-2.094395102393,0.,2.094395102393,4.188790204786,
6.28318530718,8.377580409573),.UNSPECIFIED.) CURVE() 
GEOMETRIC_REPRESENTATION_ITEM() RATIONAL_B_SPLINE_CURVE((1.,0.5,1.,0.5,
1.,0.5,1.)) REPRESENTATION_ITEM('') );
#1586 = CARTESIAN_POINT('',(-51.05,-24.45));
#1587 = CARTESIAN_POINT('',(-51.05,-29.99256258422));
#1588 = CARTESIAN_POINT('',(-55.85,-27.22128129211));
#1589 = CARTESIAN_POINT('',(-60.65,-24.45));
#1590 = CARTESIAN_POINT('',(-55.85,-21.67871870789));
#1591 = CARTESIAN_POINT('',(-51.05,-18.90743741578));
#1592 = CARTESIAN_POINT('',(-51.05,-24.45));
#1593 = ( GEOMETRIC_REPRESENTATION_CONTEXT(2) 
PARAMETRIC_REPRESENTATION_CONTEXT() REPRESENTATION_CONTEXT('2D SPACE',''
  ) );
#1594 = PCURVE('',#1595,#1600);
#1595 = CYLINDRICAL_SURFACE('',#1596,3.2);
#1596 = AXIS2_PLACEMENT_3D('',#1597,#1598,#1599);
#1597 = CARTESIAN_POINT('',(-54.25,-24.45,-1.E-02));
#1598 = DIRECTION('',(-0.,-0.,-1.));
#1599 = DIRECTION('',(1.,0.,0.));
#1600 = DEFINITIONAL_REPRESENTATION('',(#1601),#1605);
#1601 = LINE('',#1602,#1603);
#1602 = CARTESIAN_POINT('',(-6.28318530718,-1.E-02));
#1603 = VECTOR('',#1604,1.);
#1604 = DIRECTION('',(1.,-0.));
#1605 = ( GEOMETRIC_REPRESENTATION_CONTEXT(2) 
PARAMETRIC_REPRESENTATION_CONTEXT() REPRESENTATION_CONTEXT('2D SPACE',''
  ) );
#1606 = FACE_BOUND('',#1607,.F.);
#1607 = EDGE_LOOP('',(#1608));
#1608 = ORIENTED_EDGE('',*,*,#1609,.T.);
#1609 = EDGE_CURVE('',#1610,#1610,#1612,.T.);
#1610 = VERTEX_POINT('',#1611);
#1611 = CARTESIAN_POINT('',(7.09,-24.45,0.));
#1612 = SURFACE_CURVE('',#1613,(#1618,#1629),.PCURVE_S1.);
#1613 = CIRCLE('',#1614,3.2);
#1614 = AXIS2_PLACEMENT_3D('',#1615,#1616,#1617);
#1615 = CARTESIAN_POINT('',(3.89,-24.45,0.));
#1616 = DIRECTION('',(0.,0.,-1.));
#1617 = DIRECTION('',(1.,0.,0.));
#1618 = PCURVE('',#400,#1619);
#1619 = DEFINITIONAL_REPRESENTATION('',(#1620),#1628);
#1620 = ( BOUNDED_CURVE() B_SPLINE_CURVE(2,(#1621,#1622,#1623,#1624,
#1625,#1626,#1627),.UNSPECIFIED.,.T.,.F.) B_SPLINE_CURVE_WITH_KNOTS((1,2
    ,2,2,2,1),(-2.094395102393,0.,2.094395102393,4.188790204786,
6.28318530718,8.377580409573),.UNSPECIFIED.) CURVE() 
GEOMETRIC_REPRESENTATION_ITEM() RATIONAL_B_SPLINE_CURVE((1.,0.5,1.,0.5,
1.,0.5,1.)) REPRESENTATION_ITEM('') );
#1621 = CARTESIAN_POINT('',(7.09,-24.45));
#1622 = CARTESIAN_POINT('',(7.09,-29.99256258422));
#1623 = CARTESIAN_POINT('',(2.29,-27.22128129211));
#1624 = CARTESIAN_POINT('',(-2.51,-24.45));
#1625 = CARTESIAN_POINT('',(2.29,-21.67871870789));
#1626 = CARTESIAN_POINT('',(7.09,-18.90743741578));
#1627 = CARTESIAN_POINT('',(7.09,-24.45));
#1628 = ( GEOMETRIC_REPRESENTATION_CONTEXT(2) 
PARAMETRIC_REPRESENTATION_CONTEXT() REPRESENTATION_CONTEXT('2D SPACE',''
  ) );
#1629 = PCURVE('',#1630,#1635);
#1630 = CYLINDRICAL_SURFACE('',#1631,3.2);
#1631 = AXIS2_PLACEMENT_3D('',#1632,#1633,#1634);
#1632 = CARTESIAN_POINT('',(3.89,-24.45,-1.E-02));
#1633 = DIRECTION('',(-0.,-0.,-1.));
#1634 = DIRECTION('',(1.,0.,0.));
#1635 = DEFINITIONAL_REPRESENTATION('',(#1636),#1640);
#1636 = LINE('',#1637,#1638);
#1637 = CARTESIAN_POINT('',(-6.28318530718,-1.E-02));
#1638 = VECTOR('',#1639,1.);
#1639 = DIRECTION('',(1.,-0.));
#1640 = ( GEOMETRIC_REPRESENTATION_CONTEXT(2) 
PARAMETRIC_REPRESENTATION_CONTEXT() REPRESENTATION_CONTEXT('2D SPACE',''
  ) );
#1641 = FACE_BOUND('',#1642,.F.);
#1642 = EDGE_LOOP('',(#1643,#1678));
#1643 = ORIENTED_EDGE('',*,*,#1644,.T.);
#1644 = EDGE_CURVE('',#1645,#1647,#1649,.T.);
#1645 = VERTEX_POINT('',#1646);
#1646 = CARTESIAN_POINT('',(51.5,-29.5,0.));
#1647 = VERTEX_POINT('',#1648);
#1648 = CARTESIAN_POINT('',(48.,-33.,0.));
#1649 = SURFACE_CURVE('',#1650,(#1655,#1666),.PCURVE_S1.);
#1650 = CIRCLE('',#1651,3.5);
#1651 = AXIS2_PLACEMENT_3D('',#1652,#1653,#1654);
#1652 = CARTESIAN_POINT('',(48.,-29.5,0.));
#1653 = DIRECTION('',(0.,0.,-1.));
#1654 = DIRECTION('',(1.,0.,0.));
#1655 = PCURVE('',#400,#1656);
#1656 = DEFINITIONAL_REPRESENTATION('',(#1657),#1665);
#1657 = ( BOUNDED_CURVE() B_SPLINE_CURVE(2,(#1658,#1659,#1660,#1661,
#1662,#1663,#1664),.UNSPECIFIED.,.T.,.F.) B_SPLINE_CURVE_WITH_KNOTS((1,2
    ,2,2,2,1),(-2.094395102393,0.,2.094395102393,4.188790204786,
6.28318530718,8.377580409573),.UNSPECIFIED.) CURVE() 
GEOMETRIC_REPRESENTATION_ITEM() RATIONAL_B_SPLINE_CURVE((1.,0.5,1.,0.5,
1.,0.5,1.)) REPRESENTATION_ITEM('') );
#1658 = CARTESIAN_POINT('',(51.5,-29.5));
#1659 = CARTESIAN_POINT('',(51.5,-35.56217782649));
#1660 = CARTESIAN_POINT('',(46.25,-32.53108891324));
#1661 = CARTESIAN_POINT('',(41.,-29.5));
#1662 = CARTESIAN_POINT('',(46.25,-26.46891108675));
#1663 = CARTESIAN_POINT('',(51.5,-23.4378221735));
#1664 = CARTESIAN_POINT('',(51.5,-29.5));
#1665 = ( GEOMETRIC_REPRESENTATION_CONTEXT(2) 
PARAMETRIC_REPRESENTATION_CONTEXT() REPRESENTATION_CONTEXT('2D SPACE',''
  ) );
#1666 = PCURVE('',#1667,#1672);
#1667 = CYLINDRICAL_SURFACE('',#1668,3.5);
#1668 = AXIS2_PLACEMENT_3D('',#1669,#1670,#1671);
#1669 = CARTESIAN_POINT('',(48.,-29.5,-1.E-02));
#1670 = DIRECTION('',(-0.,-0.,-1.));
#1671 = DIRECTION('',(1.,0.,0.));
#1672 = DEFINITIONAL_REPRESENTATION('',(#1673),#1677);
#1673 = LINE('',#1674,#1675);
#1674 = CARTESIAN_POINT('',(-6.28318530718,-1.E-02));
#1675 = VECTOR('',#1676,1.);
#1676 = DIRECTION('',(1.,-0.));
#1677 = ( GEOMETRIC_REPRESENTATION_CONTEXT(2) 
PARAMETRIC_REPRESENTATION_CONTEXT() REPRESENTATION_CONTEXT('2D SPACE',''
  ) );
#1678 = ORIENTED_EDGE('',*,*,#1679,.T.);
#1679 = EDGE_CURVE('',#1647,#1645,#1680,.T.);
#1680 = SURFACE_CURVE('',#1681,(#1686,#1697),.PCURVE_S1.);
#1681 = CIRCLE('',#1682,3.5);
#1682 = AXIS2_PLACEMENT_3D('',#1683,#1684,#1685);
#1683 = CARTESIAN_POINT('',(48.,-29.5,0.));
#1684 = DIRECTION('',(0.,0.,-1.));
#1685 = DIRECTION('',(1.,0.,0.));
#1686 = PCURVE('',#400,#1687);
#1687 = DEFINITIONAL_REPRESENTATION('',(#1688),#1696);
#1688 = ( BOUNDED_CURVE() B_SPLINE_CURVE(2,(#1689,#1690,#1691,#1692,
#1693,#1694,#1695),.UNSPECIFIED.,.T.,.F.) B_SPLINE_CURVE_WITH_KNOTS((1,2
    ,2,2,2,1),(-2.094395102393,0.,2.094395102393,4.188790204786,
6.28318530718,8.377580409573),.UNSPECIFIED.) CURVE() 
GEOMETRIC_REPRESENTATION_ITEM() RATIONAL_B_SPLINE_CURVE((1.,0.5,1.,0.5,
1.,0.5,1.)) REPRESENTATION_ITEM('') );
#1689 = CARTESIAN_POINT('',(51.5,-29.5));
#1690 = CARTESIAN_POINT('',(51.5,-35.56217782649));
#1691 = CARTESIAN_POINT('',(46.25,-32.53108891324));
#1692 = CARTESIAN_POINT('',(41.,-29.5));
#1693 = CARTESIAN_POINT('',(46.25,-26.46891108675));
#1694 = CARTESIAN_POINT('',(51.5,-23.4378221735));
#1695 = CARTESIAN_POINT('',(51.5,-29.5));
#1696 = ( GEOMETRIC_REPRESENTATION_CONTEXT(2) 
PARAMETRIC_REPRESENTATION_CONTEXT() REPRESENTATION_CONTEXT('2D SPACE',''
  ) );
#1697 = PCURVE('',#1667,#1698);
#1698 = DEFINITIONAL_REPRESENTATION('',(#1699),#1703);
#1699 = LINE('',#1700,#1701);
#1700 = CARTESIAN_POINT('',(-6.28318530718,-1.E-02));
#1701 = VECTOR('',#1702,1.);
#1702 = DIRECTION('',(1.,-0.));
#1703 = ( GEOMETRIC_REPRESENTATION_CONTEXT(2) 
PARAMETRIC_REPRESENTATION_CONTEXT() REPRESENTATION_CONTEXT('2D SPACE',''
  ) );
#1704 = FACE_BOUND('',#1705,.F.);
#1705 = EDGE_LOOP('',(#1706));
#1706 = ORIENTED_EDGE('',*,*,#1707,.T.);
#1707 = EDGE_CURVE('',#1708,#1708,#1710,.T.);
#1708 = VERTEX_POINT('',#1709);
#1709 = CARTESIAN_POINT('',(-51.05,24.45,0.));
#1710 = SURFACE_CURVE('',#1711,(#1716,#1727),.PCURVE_S1.);
#1711 = CIRCLE('',#1712,3.2);
#1712 = AXIS2_PLACEMENT_3D('',#1713,#1714,#1715);
#1713 = CARTESIAN_POINT('',(-54.25,24.45,0.));
#1714 = DIRECTION('',(0.,0.,-1.));
#1715 = DIRECTION('',(1.,0.,0.));
#1716 = PCURVE('',#400,#1717);
#1717 = DEFINITIONAL_REPRESENTATION('',(#1718),#1726);
#1718 = ( BOUNDED_CURVE() B_SPLINE_CURVE(2,(#1719,#1720,#1721,#1722,
#1723,#1724,#1725),.UNSPECIFIED.,.T.,.F.) B_SPLINE_CURVE_WITH_KNOTS((1,2
    ,2,2,2,1),(-2.094395102393,0.,2.094395102393,4.188790204786,
6.28318530718,8.377580409573),.UNSPECIFIED.) CURVE() 
GEOMETRIC_REPRESENTATION_ITEM() RATIONAL_B_SPLINE_CURVE((1.,0.5,1.,0.5,
1.,0.5,1.)) REPRESENTATION_ITEM('') );
#1719 = CARTESIAN_POINT('',(-51.05,24.45));
#1720 = CARTESIAN_POINT('',(-51.05,18.90743741578));
#1721 = CARTESIAN_POINT('',(-55.85,21.67871870789));
#1722 = CARTESIAN_POINT('',(-60.65,24.45));
#1723 = CARTESIAN_POINT('',(-55.85,27.22128129211));
#1724 = CARTESIAN_POINT('',(-51.05,29.99256258422));
#1725 = CARTESIAN_POINT('',(-51.05,24.45));
#1726 = ( GEOMETRIC_REPRESENTATION_CONTEXT(2) 
PARAMETRIC_REPRESENTATION_CONTEXT() REPRESENTATION_CONTEXT('2D SPACE',''
  ) );
#1727 = PCURVE('',#1728,#1733);
#1728 = CYLINDRICAL_SURFACE('',#1729,3.2);
#1729 = AXIS2_PLACEMENT_3D('',#1730,#1731,#1732);
#1730 = CARTESIAN_POINT('',(-54.25,24.45,-1.E-02));
#1731 = DIRECTION('',(-0.,-0.,-1.));
#1732 = DIRECTION('',(1.,0.,0.));
#1733 = DEFINITIONAL_REPRESENTATION('',(#1734),#1738);
#1734 = LINE('',#1735,#1736);
#1735 = CARTESIAN_POINT('',(-6.28318530718,-1.E-02));
#1736 = VECTOR('',#1737,1.);
#1737 = DIRECTION('',(1.,-0.));
#1738 = ( GEOMETRIC_REPRESENTATION_CONTEXT(2) 
PARAMETRIC_REPRESENTATION_CONTEXT() REPRESENTATION_CONTEXT('2D SPACE',''
  ) );
#1739 = FACE_BOUND('',#1740,.F.);
#1740 = EDGE_LOOP('',(#1741,#1776));
#1741 = ORIENTED_EDGE('',*,*,#1742,.T.);
#1742 = EDGE_CURVE('',#1743,#1745,#1747,.T.);
#1743 = VERTEX_POINT('',#1744);
#1744 = CARTESIAN_POINT('',(-44.5,29.5,0.));
#1745 = VERTEX_POINT('',#1746);
#1746 = CARTESIAN_POINT('',(-48.,33.,0.));
#1747 = SURFACE_CURVE('',#1748,(#1753,#1764),.PCURVE_S1.);
#1748 = CIRCLE('',#1749,3.5);
#1749 = AXIS2_PLACEMENT_3D('',#1750,#1751,#1752);
#1750 = CARTESIAN_POINT('',(-48.,29.5,0.));
#1751 = DIRECTION('',(0.,0.,-1.));
#1752 = DIRECTION('',(1.,0.,0.));
#1753 = PCURVE('',#400,#1754);
#1754 = DEFINITIONAL_REPRESENTATION('',(#1755),#1763);
#1755 = ( BOUNDED_CURVE() B_SPLINE_CURVE(2,(#1756,#1757,#1758,#1759,
#1760,#1761,#1762),.UNSPECIFIED.,.T.,.F.) B_SPLINE_CURVE_WITH_KNOTS((1,2
    ,2,2,2,1),(-2.094395102393,0.,2.094395102393,4.188790204786,
6.28318530718,8.377580409573),.UNSPECIFIED.) CURVE() 
GEOMETRIC_REPRESENTATION_ITEM() RATIONAL_B_SPLINE_CURVE((1.,0.5,1.,0.5,
1.,0.5,1.)) REPRESENTATION_ITEM('') );
#1756 = CARTESIAN_POINT('',(-44.5,29.5));
#1757 = CARTESIAN_POINT('',(-44.5,23.437822173509));
#1758 = CARTESIAN_POINT('',(-49.75,26.468911086754));
#1759 = CARTESIAN_POINT('',(-55.,29.5));
#1760 = CARTESIAN_POINT('',(-49.75,32.531088913246));
#1761 = CARTESIAN_POINT('',(-44.5,35.562177826491));
#1762 = CARTESIAN_POINT('',(-44.5,29.5));
#1763 = ( GEOMETRIC_REPRESENTATION_CONTEXT(2) 
PARAMETRIC_REPRESENTATION_CONTEXT() REPRESENTATION_CONTEXT('2D SPACE',''
  ) );
#1764 = PCURVE('',#1765,#1770);
#1765 = CYLINDRICAL_SURFACE('',#1766,3.5);
#1766 = AXIS2_PLACEMENT_3D('',#1767,#1768,#1769);
#1767 = CARTESIAN_POINT('',(-48.,29.5,-1.E-02));
#1768 = DIRECTION('',(-0.,-0.,-1.));
#1769 = DIRECTION('',(1.,0.,0.));
#1770 = DEFINITIONAL_REPRESENTATION('',(#1771),#1775);
#1771 = LINE('',#1772,#1773);
#1772 = CARTESIAN_POINT('',(-6.28318530718,-1.E-02));
#1773 = VECTOR('',#1774,1.);
#1774 = DIRECTION('',(1.,-0.));
#1775 = ( GEOMETRIC_REPRESENTATION_CONTEXT(2) 
PARAMETRIC_REPRESENTATION_CONTEXT() REPRESENTATION_CONTEXT('2D SPACE',''
  ) );
#1776 = ORIENTED_EDGE('',*,*,#1777,.T.);
#1777 = EDGE_CURVE('',#1745,#1743,#1778,.T.);
#1778 = SURFACE_CURVE('',#1779,(#1784,#1795),.PCURVE_S1.);
#1779 = CIRCLE('',#1780,3.5);
#1780 = AXIS2_PLACEMENT_3D('',#1781,#1782,#1783);
#1781 = CARTESIAN_POINT('',(-48.,29.5,0.));
#1782 = DIRECTION('',(0.,0.,-1.));
#1783 = DIRECTION('',(1.,0.,0.));
#1784 = PCURVE('',#400,#1785);
#1785 = DEFINITIONAL_REPRESENTATION('',(#1786),#1794);
#1786 = ( BOUNDED_CURVE() B_SPLINE_CURVE(2,(#1787,#1788,#1789,#1790,
#1791,#1792,#1793),.UNSPECIFIED.,.T.,.F.) B_SPLINE_CURVE_WITH_KNOTS((1,2
    ,2,2,2,1),(-2.094395102393,0.,2.094395102393,4.188790204786,
6.28318530718,8.377580409573),.UNSPECIFIED.) CURVE() 
GEOMETRIC_REPRESENTATION_ITEM() RATIONAL_B_SPLINE_CURVE((1.,0.5,1.,0.5,
1.,0.5,1.)) REPRESENTATION_ITEM('') );
#1787 = CARTESIAN_POINT('',(-44.5,29.5));
#1788 = CARTESIAN_POINT('',(-44.5,23.437822173509));
#1789 = CARTESIAN_POINT('',(-49.75,26.468911086754));
#1790 = CARTESIAN_POINT('',(-55.,29.5));
#1791 = CARTESIAN_POINT('',(-49.75,32.531088913246));
#1792 = CARTESIAN_POINT('',(-44.5,35.562177826491));
#1793 = CARTESIAN_POINT('',(-44.5,29.5));
#1794 = ( GEOMETRIC_REPRESENTATION_CONTEXT(2) 
PARAMETRIC_REPRESENTATION_CONTEXT() REPRESENTATION_CONTEXT('2D SPACE',''
  ) );
#1795 = PCURVE('',#1765,#1796);
#1796 = DEFINITIONAL_REPRESENTATION('',(#1797),#1801);
#1797 = LINE('',#1798,#1799);
#1798 = CARTESIAN_POINT('',(-6.28318530718,-1.E-02));
#1799 = VECTOR('',#1800,1.);
#1800 = DIRECTION('',(1.,-0.));
#1801 = ( GEOMETRIC_REPRESENTATION_CONTEXT(2) 
PARAMETRIC_REPRESENTATION_CONTEXT() REPRESENTATION_CONTEXT('2D SPACE',''
  ) );
#1802 = FACE_BOUND('',#1803,.F.);
#1803 = EDGE_LOOP('',(#1804));
#1804 = ORIENTED_EDGE('',*,*,#1805,.T.);
#1805 = EDGE_CURVE('',#1806,#1806,#1808,.T.);
#1806 = VERTEX_POINT('',#1807);
#1807 = CARTESIAN_POINT('',(7.09,24.45,0.));
#1808 = SURFACE_CURVE('',#1809,(#1814,#1825),.PCURVE_S1.);
#1809 = CIRCLE('',#1810,3.2);
#1810 = AXIS2_PLACEMENT_3D('',#1811,#1812,#1813);
#1811 = CARTESIAN_POINT('',(3.89,24.45,0.));
#1812 = DIRECTION('',(0.,0.,-1.));
#1813 = DIRECTION('',(1.,0.,0.));
#1814 = PCURVE('',#400,#1815);
#1815 = DEFINITIONAL_REPRESENTATION('',(#1816),#1824);
#1816 = ( BOUNDED_CURVE() B_SPLINE_CURVE(2,(#1817,#1818,#1819,#1820,
#1821,#1822,#1823),.UNSPECIFIED.,.T.,.F.) B_SPLINE_CURVE_WITH_KNOTS((1,2
    ,2,2,2,1),(-2.094395102393,0.,2.094395102393,4.188790204786,
6.28318530718,8.377580409573),.UNSPECIFIED.) CURVE() 
GEOMETRIC_REPRESENTATION_ITEM() RATIONAL_B_SPLINE_CURVE((1.,0.5,1.,0.5,
1.,0.5,1.)) REPRESENTATION_ITEM('') );
#1817 = CARTESIAN_POINT('',(7.09,24.45));
#1818 = CARTESIAN_POINT('',(7.09,18.90743741578));
#1819 = CARTESIAN_POINT('',(2.29,21.67871870789));
#1820 = CARTESIAN_POINT('',(-2.51,24.45));
#1821 = CARTESIAN_POINT('',(2.29,27.22128129211));
#1822 = CARTESIAN_POINT('',(7.09,29.99256258422));
#1823 = CARTESIAN_POINT('',(7.09,24.45));
#1824 = ( GEOMETRIC_REPRESENTATION_CONTEXT(2) 
PARAMETRIC_REPRESENTATION_CONTEXT() REPRESENTATION_CONTEXT('2D SPACE',''
  ) );
#1825 = PCURVE('',#1826,#1831);
#1826 = CYLINDRICAL_SURFACE('',#1827,3.2);
#1827 = AXIS2_PLACEMENT_3D('',#1828,#1829,#1830);
#1828 = CARTESIAN_POINT('',(3.89,24.45,-1.E-02));
#1829 = DIRECTION('',(-0.,-0.,-1.));
#1830 = DIRECTION('',(1.,0.,0.));
#1831 = DEFINITIONAL_REPRESENTATION('',(#1832),#1836);
#1832 = LINE('',#1833,#1834);
#1833 = CARTESIAN_POINT('',(-6.28318530718,-1.E-02));
#1834 = VECTOR('',#1835,1.);
#1835 = DIRECTION('',(1.,-0.));
#1836 = ( GEOMETRIC_REPRESENTATION_CONTEXT(2) 
PARAMETRIC_REPRESENTATION_CONTEXT() REPRESENTATION_CONTEXT('2D SPACE',''
  ) );
#1837 = FACE_BOUND('',#1838,.F.);
#1838 = EDGE_LOOP('',(#1839,#1874));
#1839 = ORIENTED_EDGE('',*,*,#1840,.T.);
#1840 = EDGE_CURVE('',#1841,#1843,#1845,.T.);
#1841 = VERTEX_POINT('',#1842);
#1842 = CARTESIAN_POINT('',(51.5,29.5,0.));
#1843 = VERTEX_POINT('',#1844);
#1844 = CARTESIAN_POINT('',(48.,33.,0.));
#1845 = SURFACE_CURVE('',#1846,(#1851,#1862),.PCURVE_S1.);
#1846 = CIRCLE('',#1847,3.5);
#1847 = AXIS2_PLACEMENT_3D('',#1848,#1849,#1850);
#1848 = CARTESIAN_POINT('',(48.,29.5,0.));
#1849 = DIRECTION('',(0.,0.,-1.));
#1850 = DIRECTION('',(1.,0.,0.));
#1851 = PCURVE('',#400,#1852);
#1852 = DEFINITIONAL_REPRESENTATION('',(#1853),#1861);
#1853 = ( BOUNDED_CURVE() B_SPLINE_CURVE(2,(#1854,#1855,#1856,#1857,
#1858,#1859,#1860),.UNSPECIFIED.,.T.,.F.) B_SPLINE_CURVE_WITH_KNOTS((1,2
    ,2,2,2,1),(-2.094395102393,0.,2.094395102393,4.188790204786,
6.28318530718,8.377580409573),.UNSPECIFIED.) CURVE() 
GEOMETRIC_REPRESENTATION_ITEM() RATIONAL_B_SPLINE_CURVE((1.,0.5,1.,0.5,
1.,0.5,1.)) REPRESENTATION_ITEM('') );
#1854 = CARTESIAN_POINT('',(51.5,29.5));
#1855 = CARTESIAN_POINT('',(51.5,23.437822173509));
#1856 = CARTESIAN_POINT('',(46.25,26.468911086754));
#1857 = CARTESIAN_POINT('',(41.,29.5));
#1858 = CARTESIAN_POINT('',(46.25,32.531088913246));
#1859 = CARTESIAN_POINT('',(51.5,35.562177826491));
#1860 = CARTESIAN_POINT('',(51.5,29.5));
#1861 = ( GEOMETRIC_REPRESENTATION_CONTEXT(2) 
PARAMETRIC_REPRESENTATION_CONTEXT() REPRESENTATION_CONTEXT('2D SPACE',''
  ) );
#1862 = PCURVE('',#1863,#1868);
#1863 = CYLINDRICAL_SURFACE('',#1864,3.5);
#1864 = AXIS2_PLACEMENT_3D('',#1865,#1866,#1867);
#1865 = CARTESIAN_POINT('',(48.,29.5,-1.E-02));
#1866 = DIRECTION('',(-0.,-0.,-1.));
#1867 = DIRECTION('',(1.,0.,0.));
#1868 = DEFINITIONAL_REPRESENTATION('',(#1869),#1873);
#1869 = LINE('',#1870,#1871);
#1870 = CARTESIAN_POINT('',(-6.28318530718,-1.E-02));
#1871 = VECTOR('',#1872,1.);
#1872 = DIRECTION('',(1.,-0.));
#1873 = ( GEOMETRIC_REPRESENTATION_CONTEXT(2) 
PARAMETRIC_REPRESENTATION_CONTEXT() REPRESENTATION_CONTEXT('2D SPACE',''
  ) );
#1874 = ORIENTED_EDGE('',*,*,#1875,.T.);
#1875 = EDGE_CURVE('',#1843,#1841,#1876,.T.);
#1876 = SURFACE_CURVE('',#1877,(#1882,#1893),.PCURVE_S1.);
#1877 = CIRCLE('',#1878,3.5);
#1878 = AXIS2_PLACEMENT_3D('',#1879,#1880,#1881);
#1879 = CARTESIAN_POINT('',(48.,29.5,0.));
#1880 = DIRECTION('',(0.,0.,-1.));
#1881 = DIRECTION('',(1.,0.,0.));
#1882 = PCURVE('',#400,#1883);
#1883 = DEFINITIONAL_REPRESENTATION('',(#1884),#1892);
#1884 = ( BOUNDED_CURVE() B_SPLINE_CURVE(2,(#1885,#1886,#1887,#1888,
#1889,#1890,#1891),.UNSPECIFIED.,.T.,.F.) B_SPLINE_CURVE_WITH_KNOTS((1,2
    ,2,2,2,1),(-2.094395102393,0.,2.094395102393,4.188790204786,
6.28318530718,8.377580409573),.UNSPECIFIED.) CURVE() 
GEOMETRIC_REPRESENTATION_ITEM() RATIONAL_B_SPLINE_CURVE((1.,0.5,1.,0.5,
1.,0.5,1.)) REPRESENTATION_ITEM('') );
#1885 = CARTESIAN_POINT('',(51.5,29.5));
#1886 = CARTESIAN_POINT('',(51.5,23.437822173509));
#1887 = CARTESIAN_POINT('',(46.25,26.468911086754));
#1888 = CARTESIAN_POINT('',(41.,29.5));
#1889 = CARTESIAN_POINT('',(46.25,32.531088913246));
#1890 = CARTESIAN_POINT('',(51.5,35.562177826491));
#1891 = CARTESIAN_POINT('',(51.5,29.5));
#1892 = ( GEOMETRIC_REPRESENTATION_CONTEXT(2) 
PARAMETRIC_REPRESENTATION_CONTEXT() REPRESENTATION_CONTEXT('2D SPACE',''
  ) );
#1893 = PCURVE('',#1863,#1894);
#1894 = DEFINITIONAL_REPRESENTATION('',(#1895),#1899);
#1895 = LINE('',#1896,#1897);
#1896 = CARTESIAN_POINT('',(-6.28318530718,-1.E-02));
#1897 = VECTOR('',#1898,1.);
#1898 = DIRECTION('',(1.,-0.));
#1899 = ( GEOMETRIC_REPRESENTATION_CONTEXT(2) 
PARAMETRIC_REPRESENTATION_CONTEXT() REPRESENTATION_CONTEXT('2D SPACE',''
  ) );
#1900 = ADVANCED_FACE('',(#1901),#373,.T.);
#1901 = FACE_BOUND('',#1902,.F.);
#1902 = EDGE_LOOP('',(#1903,#1904,#1905,#1924));
#1903 = ORIENTED_EDGE('',*,*,#358,.F.);
#1904 = ORIENTED_EDGE('',*,*,#460,.T.);
#1905 = ORIENTED_EDGE('',*,*,#1906,.T.);
#1906 = EDGE_CURVE('',#461,#1385,#1907,.T.);
#1907 = SURFACE_CURVE('',#1908,(#1912,#1918),.PCURVE_S1.);
#1908 = LINE('',#1909,#1910);
#1909 = CARTESIAN_POINT('',(64.,-24.,1.));
#1910 = VECTOR('',#1911,1.);
#1911 = DIRECTION('',(-0.707106781187,4.329780281177E-17,-0.707106781187
    ));
#1912 = PCURVE('',#373,#1913);
#1913 = DEFINITIONAL_REPRESENTATION('',(#1914),#1917);
#1914 = B_SPLINE_CURVE_WITH_KNOTS('',1,(#1915,#1916),.UNSPECIFIED.,.F.,
  .F.,(2,2),(0.,1.414213562373),.PIECEWISE_BEZIER_KNOTS.);
#1915 = CARTESIAN_POINT('',(1.570796326795,0.));
#1916 = CARTESIAN_POINT('',(1.570796326795,-1.));
#1917 = ( GEOMETRIC_REPRESENTATION_CONTEXT(2) 
PARAMETRIC_REPRESENTATION_CONTEXT() REPRESENTATION_CONTEXT('2D SPACE',''
  ) );
#1918 = PCURVE('',#1424,#1919);
#1919 = DEFINITIONAL_REPRESENTATION('',(#1920),#1923);
#1920 = B_SPLINE_CURVE_WITH_KNOTS('',1,(#1921,#1922),.UNSPECIFIED.,.F.,
  .F.,(2,2),(0.,1.414213562373),.PIECEWISE_BEZIER_KNOTS.);
#1921 = CARTESIAN_POINT('',(0.,-0.707106781187));
#1922 = CARTESIAN_POINT('',(0.,0.707106781187));
#1923 = ( GEOMETRIC_REPRESENTATION_CONTEXT(2) 
PARAMETRIC_REPRESENTATION_CONTEXT() REPRESENTATION_CONTEXT('2D SPACE',''
  ) );
#1924 = ORIENTED_EDGE('',*,*,#1384,.F.);
#1925 = ADVANCED_FACE('',(#1926),#500,.F.);
#1926 = FACE_BOUND('',#1927,.F.);
#1927 = EDGE_LOOP('',(#1928,#1929,#1952,#1980));
#1928 = ORIENTED_EDGE('',*,*,#484,.T.);
#1929 = ORIENTED_EDGE('',*,*,#1930,.T.);
#1930 = EDGE_CURVE('',#485,#1931,#1933,.T.);
#1931 = VERTEX_POINT('',#1932);
#1932 = CARTESIAN_POINT('',(64.,24.,18.7));
#1933 = SURFACE_CURVE('',#1934,(#1938,#1945),.PCURVE_S1.);
#1934 = LINE('',#1935,#1936);
#1935 = CARTESIAN_POINT('',(64.,-24.,18.7));
#1936 = VECTOR('',#1937,1.);
#1937 = DIRECTION('',(0.,1.,0.));
#1938 = PCURVE('',#500,#1939);
#1939 = DEFINITIONAL_REPRESENTATION('',(#1940),#1944);
#1940 = LINE('',#1941,#1942);
#1941 = CARTESIAN_POINT('',(10.,-18.7));
#1942 = VECTOR('',#1943,1.);
#1943 = DIRECTION('',(1.,0.));
#1944 = ( GEOMETRIC_REPRESENTATION_CONTEXT(2) 
PARAMETRIC_REPRESENTATION_CONTEXT() REPRESENTATION_CONTEXT('2D SPACE',''
  ) );
#1945 = PCURVE('',#760,#1946);
#1946 = DEFINITIONAL_REPRESENTATION('',(#1947),#1951);
#1947 = LINE('',#1948,#1949);
#1948 = CARTESIAN_POINT('',(-0.,-0.212132034356));
#1949 = VECTOR('',#1950,1.);
#1950 = DIRECTION('',(-1.,0.));
#1951 = ( GEOMETRIC_REPRESENTATION_CONTEXT(2) 
PARAMETRIC_REPRESENTATION_CONTEXT() REPRESENTATION_CONTEXT('2D SPACE',''
  ) );
#1952 = ORIENTED_EDGE('',*,*,#1953,.F.);
#1953 = EDGE_CURVE('',#1954,#1931,#1956,.T.);
#1954 = VERTEX_POINT('',#1955);
#1955 = CARTESIAN_POINT('',(64.,24.,1.));
#1956 = SURFACE_CURVE('',#1957,(#1961,#1968),.PCURVE_S1.);
#1957 = LINE('',#1958,#1959);
#1958 = CARTESIAN_POINT('',(64.,24.,0.));
#1959 = VECTOR('',#1960,1.);
#1960 = DIRECTION('',(0.,0.,1.));
#1961 = PCURVE('',#500,#1962);
#1962 = DEFINITIONAL_REPRESENTATION('',(#1963),#1967);
#1963 = LINE('',#1964,#1965);
#1964 = CARTESIAN_POINT('',(58.,0.));
#1965 = VECTOR('',#1966,1.);
#1966 = DIRECTION('',(0.,-1.));
#1967 = ( GEOMETRIC_REPRESENTATION_CONTEXT(2) 
PARAMETRIC_REPRESENTATION_CONTEXT() REPRESENTATION_CONTEXT('2D SPACE',''
  ) );
#1968 = PCURVE('',#1969,#1974);
#1969 = CYLINDRICAL_SURFACE('',#1970,10.);
#1970 = AXIS2_PLACEMENT_3D('',#1971,#1972,#1973);
#1971 = CARTESIAN_POINT('',(54.,24.,0.));
#1972 = DIRECTION('',(0.,0.,1.));
#1973 = DIRECTION('',(1.,0.,-0.));
#1974 = DEFINITIONAL_REPRESENTATION('',(#1975),#1979);
#1975 = LINE('',#1976,#1977);
#1976 = CARTESIAN_POINT('',(0.,0.));
#1977 = VECTOR('',#1978,1.);
#1978 = DIRECTION('',(0.,1.));
#1979 = ( GEOMETRIC_REPRESENTATION_CONTEXT(2) 
PARAMETRIC_REPRESENTATION_CONTEXT() REPRESENTATION_CONTEXT('2D SPACE',''
  ) );
#1980 = ORIENTED_EDGE('',*,*,#1981,.F.);
#1981 = EDGE_CURVE('',#461,#1954,#1982,.T.);
#1982 = SURFACE_CURVE('',#1983,(#1987,#1994),.PCURVE_S1.);
#1983 = LINE('',#1984,#1985);
#1984 = CARTESIAN_POINT('',(64.,-24.,1.));
#1985 = VECTOR('',#1986,1.);
#1986 = DIRECTION('',(0.,1.,0.));
#1987 = PCURVE('',#500,#1988);
#1988 = DEFINITIONAL_REPRESENTATION('',(#1989),#1993);
#1989 = LINE('',#1990,#1991);
#1990 = CARTESIAN_POINT('',(10.,-1.));
#1991 = VECTOR('',#1992,1.);
#1992 = DIRECTION('',(1.,0.));
#1993 = ( GEOMETRIC_REPRESENTATION_CONTEXT(2) 
PARAMETRIC_REPRESENTATION_CONTEXT() REPRESENTATION_CONTEXT('2D SPACE',''
  ) );
#1994 = PCURVE('',#1424,#1995);
#1995 = DEFINITIONAL_REPRESENTATION('',(#1996),#2000);
#1996 = LINE('',#1997,#1998);
#1997 = CARTESIAN_POINT('',(-0.,-0.707106781187));
#1998 = VECTOR('',#1999,1.);
#1999 = DIRECTION('',(-1.,0.));
#2000 = ( GEOMETRIC_REPRESENTATION_CONTEXT(2) 
PARAMETRIC_REPRESENTATION_CONTEXT() REPRESENTATION_CONTEXT('2D SPACE',''
  ) );
#2001 = ADVANCED_FACE('',(#2002),#552,.F.);
#2002 = FACE_BOUND('',#2003,.T.);
#2003 = EDGE_LOOP('',(#2004,#2023,#2024,#2025));
#2004 = ORIENTED_EDGE('',*,*,#2005,.F.);
#2005 = EDGE_CURVE('',#646,#830,#2006,.T.);
#2006 = SURFACE_CURVE('',#2007,(#2011,#2017),.PCURVE_S1.);
#2007 = LINE('',#2008,#2009);
#2008 = CARTESIAN_POINT('',(-64.,24.,18.7));
#2009 = VECTOR('',#2010,1.);
#2010 = DIRECTION('',(0.707106781187,-4.329780281177E-17,0.707106781187)
  );
#2011 = PCURVE('',#552,#2012);
#2012 = DEFINITIONAL_REPRESENTATION('',(#2013),#2016);
#2013 = B_SPLINE_CURVE_WITH_KNOTS('',1,(#2014,#2015),.UNSPECIFIED.,.F.,
  .F.,(2,2),(0.,0.424264068712),.PIECEWISE_BEZIER_KNOTS.);
#2014 = CARTESIAN_POINT('',(0.,-0.212132034356));
#2015 = CARTESIAN_POINT('',(0.,0.212132034356));
#2016 = ( GEOMETRIC_REPRESENTATION_CONTEXT(2) 
PARAMETRIC_REPRESENTATION_CONTEXT() REPRESENTATION_CONTEXT('2D SPACE',''
  ) );
#2017 = PCURVE('',#846,#2018);
#2018 = DEFINITIONAL_REPRESENTATION('',(#2019),#2022);
#2019 = B_SPLINE_CURVE_WITH_KNOTS('',1,(#2020,#2021),.UNSPECIFIED.,.F.,
  .F.,(2,2),(0.,0.424264068712),.PIECEWISE_BEZIER_KNOTS.);
#2020 = CARTESIAN_POINT('',(-1.570796326795,0.));
#2021 = CARTESIAN_POINT('',(-1.570796326795,-0.3));
#2022 = ( GEOMETRIC_REPRESENTATION_CONTEXT(2) 
PARAMETRIC_REPRESENTATION_CONTEXT() REPRESENTATION_CONTEXT('2D SPACE',''
  ) );
#2023 = ORIENTED_EDGE('',*,*,#673,.T.);
#2024 = ORIENTED_EDGE('',*,*,#537,.T.);
#2025 = ORIENTED_EDGE('',*,*,#858,.F.);
#2026 = ADVANCED_FACE('',(#2027),#605,.T.);
#2027 = FACE_BOUND('',#2028,.F.);
#2028 = EDGE_LOOP('',(#2029,#2048,#2049,#2050));
#2029 = ORIENTED_EDGE('',*,*,#2030,.F.);
#2030 = EDGE_CURVE('',#644,#1331,#2031,.T.);
#2031 = SURFACE_CURVE('',#2032,(#2036,#2042),.PCURVE_S1.);
#2032 = LINE('',#2033,#2034);
#2033 = CARTESIAN_POINT('',(-64.,24.,1.));
#2034 = VECTOR('',#2035,1.);
#2035 = DIRECTION('',(0.707106781187,-4.329780281177E-17,-0.707106781187
    ));
#2036 = PCURVE('',#605,#2037);
#2037 = DEFINITIONAL_REPRESENTATION('',(#2038),#2041);
#2038 = B_SPLINE_CURVE_WITH_KNOTS('',1,(#2039,#2040),.UNSPECIFIED.,.F.,
  .F.,(2,2),(0.,1.414213562373),.PIECEWISE_BEZIER_KNOTS.);
#2039 = CARTESIAN_POINT('',(0.,-0.707106781187));
#2040 = CARTESIAN_POINT('',(0.,0.707106781187));
#2041 = ( GEOMETRIC_REPRESENTATION_CONTEXT(2) 
PARAMETRIC_REPRESENTATION_CONTEXT() REPRESENTATION_CONTEXT('2D SPACE',''
  ) );
#2042 = PCURVE('',#1347,#2043);
#2043 = DEFINITIONAL_REPRESENTATION('',(#2044),#2047);
#2044 = B_SPLINE_CURVE_WITH_KNOTS('',1,(#2045,#2046),.UNSPECIFIED.,.F.,
  .F.,(2,2),(0.,1.414213562373),.PIECEWISE_BEZIER_KNOTS.);
#2045 = CARTESIAN_POINT('',(1.570796326795,0.));
#2046 = CARTESIAN_POINT('',(1.570796326795,-1.));
#2047 = ( GEOMETRIC_REPRESENTATION_CONTEXT(2) 
PARAMETRIC_REPRESENTATION_CONTEXT() REPRESENTATION_CONTEXT('2D SPACE',''
  ) );
#2048 = ORIENTED_EDGE('',*,*,#695,.T.);
#2049 = ORIENTED_EDGE('',*,*,#590,.T.);
#2050 = ORIENTED_EDGE('',*,*,#1359,.F.);
#2051 = ADVANCED_FACE('',(#2052),#661,.T.);
#2052 = FACE_BOUND('',#2053,.T.);
#2053 = EDGE_LOOP('',(#2054,#2084,#2106,#2107));
#2054 = ORIENTED_EDGE('',*,*,#2055,.F.);
#2055 = EDGE_CURVE('',#2056,#2058,#2060,.T.);
#2056 = VERTEX_POINT('',#2057);
#2057 = CARTESIAN_POINT('',(-54.,34.,1.));
#2058 = VERTEX_POINT('',#2059);
#2059 = CARTESIAN_POINT('',(-54.,34.,18.7));
#2060 = SURFACE_CURVE('',#2061,(#2065,#2072),.PCURVE_S1.);
#2061 = LINE('',#2062,#2063);
#2062 = CARTESIAN_POINT('',(-54.,34.,0.));
#2063 = VECTOR('',#2064,1.);
#2064 = DIRECTION('',(0.,0.,1.));
#2065 = PCURVE('',#661,#2066);
#2066 = DEFINITIONAL_REPRESENTATION('',(#2067),#2071);
#2067 = LINE('',#2068,#2069);
#2068 = CARTESIAN_POINT('',(0.,0.));
#2069 = VECTOR('',#2070,1.);
#2070 = DIRECTION('',(0.,1.));
#2071 = ( GEOMETRIC_REPRESENTATION_CONTEXT(2) 
PARAMETRIC_REPRESENTATION_CONTEXT() REPRESENTATION_CONTEXT('2D SPACE',''
  ) );
#2072 = PCURVE('',#2073,#2078);
#2073 = PLANE('',#2074);
#2074 = AXIS2_PLACEMENT_3D('',#2075,#2076,#2077);
#2075 = CARTESIAN_POINT('',(64.,34.,0.));
#2076 = DIRECTION('',(0.,-1.,0.));
#2077 = DIRECTION('',(-1.,0.,0.));
#2078 = DEFINITIONAL_REPRESENTATION('',(#2079),#2083);
#2079 = LINE('',#2080,#2081);
#2080 = CARTESIAN_POINT('',(118.,0.));
#2081 = VECTOR('',#2082,1.);
#2082 = DIRECTION('',(0.,-1.));
#2083 = ( GEOMETRIC_REPRESENTATION_CONTEXT(2) 
PARAMETRIC_REPRESENTATION_CONTEXT() REPRESENTATION_CONTEXT('2D SPACE',''
  ) );
#2084 = ORIENTED_EDGE('',*,*,#2085,.T.);
#2085 = EDGE_CURVE('',#2056,#644,#2086,.T.);
#2086 = SURFACE_CURVE('',#2087,(#2092,#2099),.PCURVE_S1.);
#2087 = CIRCLE('',#2088,10.);
#2088 = AXIS2_PLACEMENT_3D('',#2089,#2090,#2091);
#2089 = CARTESIAN_POINT('',(-54.,24.,1.));
#2090 = DIRECTION('',(0.,-0.,1.));
#2091 = DIRECTION('',(0.,1.,0.));
#2092 = PCURVE('',#661,#2093);
#2093 = DEFINITIONAL_REPRESENTATION('',(#2094),#2098);
#2094 = LINE('',#2095,#2096);
#2095 = CARTESIAN_POINT('',(0.,1.));
#2096 = VECTOR('',#2097,1.);
#2097 = DIRECTION('',(1.,0.));
#2098 = ( GEOMETRIC_REPRESENTATION_CONTEXT(2) 
PARAMETRIC_REPRESENTATION_CONTEXT() REPRESENTATION_CONTEXT('2D SPACE',''
  ) );
#2099 = PCURVE('',#1347,#2100);
#2100 = DEFINITIONAL_REPRESENTATION('',(#2101),#2105);
#2101 = LINE('',#2102,#2103);
#2102 = CARTESIAN_POINT('',(0.,-0.));
#2103 = VECTOR('',#2104,1.);
#2104 = DIRECTION('',(1.,-0.));
#2105 = ( GEOMETRIC_REPRESENTATION_CONTEXT(2) 
PARAMETRIC_REPRESENTATION_CONTEXT() REPRESENTATION_CONTEXT('2D SPACE',''
  ) );
#2106 = ORIENTED_EDGE('',*,*,#643,.T.);
#2107 = ORIENTED_EDGE('',*,*,#2108,.F.);
#2108 = EDGE_CURVE('',#2058,#646,#2109,.T.);
#2109 = SURFACE_CURVE('',#2110,(#2115,#2122),.PCURVE_S1.);
#2110 = CIRCLE('',#2111,10.);
#2111 = AXIS2_PLACEMENT_3D('',#2112,#2113,#2114);
#2112 = CARTESIAN_POINT('',(-54.,24.,18.7));
#2113 = DIRECTION('',(0.,0.,1.));
#2114 = DIRECTION('',(0.,1.,-0.));
#2115 = PCURVE('',#661,#2116);
#2116 = DEFINITIONAL_REPRESENTATION('',(#2117),#2121);
#2117 = LINE('',#2118,#2119);
#2118 = CARTESIAN_POINT('',(0.,18.7));
#2119 = VECTOR('',#2120,1.);
#2120 = DIRECTION('',(1.,0.));
#2121 = ( GEOMETRIC_REPRESENTATION_CONTEXT(2) 
PARAMETRIC_REPRESENTATION_CONTEXT() REPRESENTATION_CONTEXT('2D SPACE',''
  ) );
#2122 = PCURVE('',#846,#2123);
#2123 = DEFINITIONAL_REPRESENTATION('',(#2124),#2128);
#2124 = LINE('',#2125,#2126);
#2125 = CARTESIAN_POINT('',(-0.,-0.));
#2126 = VECTOR('',#2127,1.);
#2127 = DIRECTION('',(-1.,-0.));
#2128 = ( GEOMETRIC_REPRESENTATION_CONTEXT(2) 
PARAMETRIC_REPRESENTATION_CONTEXT() REPRESENTATION_CONTEXT('2D SPACE',''
  ) );
#2129 = ADVANCED_FACE('',(#2130),#760,.F.);
#2130 = FACE_BOUND('',#2131,.T.);
#2131 = EDGE_LOOP('',(#2132,#2133,#2134,#2153));
#2132 = ORIENTED_EDGE('',*,*,#1277,.F.);
#2133 = ORIENTED_EDGE('',*,*,#1930,.T.);
#2134 = ORIENTED_EDGE('',*,*,#2135,.T.);
#2135 = EDGE_CURVE('',#1931,#745,#2136,.T.);
#2136 = SURFACE_CURVE('',#2137,(#2141,#2147),.PCURVE_S1.);
#2137 = LINE('',#2138,#2139);
#2138 = CARTESIAN_POINT('',(63.85,24.,18.85));
#2139 = VECTOR('',#2140,1.);
#2140 = DIRECTION('',(-0.707106781187,-0.,0.707106781187));
#2141 = PCURVE('',#760,#2142);
#2142 = DEFINITIONAL_REPRESENTATION('',(#2143),#2146);
#2143 = B_SPLINE_CURVE_WITH_KNOTS('',1,(#2144,#2145),.UNSPECIFIED.,.F.,
  .F.,(2,2),(-0.212132034356,0.212132034356),.PIECEWISE_BEZIER_KNOTS.);
#2144 = CARTESIAN_POINT('',(-48.,-0.212132034356));
#2145 = CARTESIAN_POINT('',(-48.,0.212132034356));
#2146 = ( GEOMETRIC_REPRESENTATION_CONTEXT(2) 
PARAMETRIC_REPRESENTATION_CONTEXT() REPRESENTATION_CONTEXT('2D SPACE',''
  ) );
#2147 = PCURVE('',#789,#2148);
#2148 = DEFINITIONAL_REPRESENTATION('',(#2149),#2152);
#2149 = B_SPLINE_CURVE_WITH_KNOTS('',1,(#2150,#2151),.UNSPECIFIED.,.F.,
  .F.,(2,2),(-0.212132034356,0.212132034356),.PIECEWISE_BEZIER_KNOTS.);
#2150 = CARTESIAN_POINT('',(0.,0.));
#2151 = CARTESIAN_POINT('',(0.,-0.3));
#2152 = ( GEOMETRIC_REPRESENTATION_CONTEXT(2) 
PARAMETRIC_REPRESENTATION_CONTEXT() REPRESENTATION_CONTEXT('2D SPACE',''
  ) );
#2153 = ORIENTED_EDGE('',*,*,#744,.F.);
#2154 = ADVANCED_FACE('',(#2155),#846,.T.);
#2155 = FACE_BOUND('',#2156,.T.);
#2156 = EDGE_LOOP('',(#2157,#2176,#2177,#2178));
#2157 = ORIENTED_EDGE('',*,*,#2158,.F.);
#2158 = EDGE_CURVE('',#2058,#802,#2159,.T.);
#2159 = SURFACE_CURVE('',#2160,(#2164,#2170),.PCURVE_S1.);
#2160 = LINE('',#2161,#2162);
#2161 = CARTESIAN_POINT('',(-54.,33.85,18.85));
#2162 = VECTOR('',#2163,1.);
#2163 = DIRECTION('',(-0.,-0.707106781187,0.707106781187));
#2164 = PCURVE('',#846,#2165);
#2165 = DEFINITIONAL_REPRESENTATION('',(#2166),#2169);
#2166 = B_SPLINE_CURVE_WITH_KNOTS('',1,(#2167,#2168),.UNSPECIFIED.,.F.,
  .F.,(2,2),(-0.212132034356,0.212132034356),.PIECEWISE_BEZIER_KNOTS.);
#2167 = CARTESIAN_POINT('',(0.,0.));
#2168 = CARTESIAN_POINT('',(0.,-0.3));
#2169 = ( GEOMETRIC_REPRESENTATION_CONTEXT(2) 
PARAMETRIC_REPRESENTATION_CONTEXT() REPRESENTATION_CONTEXT('2D SPACE',''
  ) );
#2170 = PCURVE('',#817,#2171);
#2171 = DEFINITIONAL_REPRESENTATION('',(#2172),#2175);
#2172 = B_SPLINE_CURVE_WITH_KNOTS('',1,(#2173,#2174),.UNSPECIFIED.,.F.,
  .F.,(2,2),(-0.212132034356,0.212132034356),.PIECEWISE_BEZIER_KNOTS.);
#2173 = CARTESIAN_POINT('',(-108.,-0.212132034356));
#2174 = CARTESIAN_POINT('',(-108.,0.212132034356));
#2175 = ( GEOMETRIC_REPRESENTATION_CONTEXT(2) 
PARAMETRIC_REPRESENTATION_CONTEXT() REPRESENTATION_CONTEXT('2D SPACE',''
  ) );
#2176 = ORIENTED_EDGE('',*,*,#2108,.T.);
#2177 = ORIENTED_EDGE('',*,*,#2005,.T.);
#2178 = ORIENTED_EDGE('',*,*,#829,.F.);
#2179 = ADVANCED_FACE('',(#2180),#789,.T.);
#2180 = FACE_BOUND('',#2181,.T.);
#2181 = EDGE_LOOP('',(#2182,#2183,#2207,#2226));
#2182 = ORIENTED_EDGE('',*,*,#2135,.F.);
#2183 = ORIENTED_EDGE('',*,*,#2184,.T.);
#2184 = EDGE_CURVE('',#1931,#2185,#2187,.T.);
#2185 = VERTEX_POINT('',#2186);
#2186 = CARTESIAN_POINT('',(54.,34.,18.7));
#2187 = SURFACE_CURVE('',#2188,(#2193,#2200),.PCURVE_S1.);
#2188 = CIRCLE('',#2189,10.);
#2189 = AXIS2_PLACEMENT_3D('',#2190,#2191,#2192);
#2190 = CARTESIAN_POINT('',(54.,24.,18.7));
#2191 = DIRECTION('',(0.,0.,1.));
#2192 = DIRECTION('',(1.,0.,-0.));
#2193 = PCURVE('',#789,#2194);
#2194 = DEFINITIONAL_REPRESENTATION('',(#2195),#2199);
#2195 = LINE('',#2196,#2197);
#2196 = CARTESIAN_POINT('',(-0.,-0.));
#2197 = VECTOR('',#2198,1.);
#2198 = DIRECTION('',(-1.,-0.));
#2199 = ( GEOMETRIC_REPRESENTATION_CONTEXT(2) 
PARAMETRIC_REPRESENTATION_CONTEXT() REPRESENTATION_CONTEXT('2D SPACE',''
  ) );
#2200 = PCURVE('',#1969,#2201);
#2201 = DEFINITIONAL_REPRESENTATION('',(#2202),#2206);
#2202 = LINE('',#2203,#2204);
#2203 = CARTESIAN_POINT('',(0.,18.7));
#2204 = VECTOR('',#2205,1.);
#2205 = DIRECTION('',(1.,0.));
#2206 = ( GEOMETRIC_REPRESENTATION_CONTEXT(2) 
PARAMETRIC_REPRESENTATION_CONTEXT() REPRESENTATION_CONTEXT('2D SPACE',''
  ) );
#2207 = ORIENTED_EDGE('',*,*,#2208,.T.);
#2208 = EDGE_CURVE('',#2185,#773,#2209,.T.);
#2209 = SURFACE_CURVE('',#2210,(#2214,#2220),.PCURVE_S1.);
#2210 = LINE('',#2211,#2212);
#2211 = CARTESIAN_POINT('',(54.,34.,18.7));
#2212 = VECTOR('',#2213,1.);
#2213 = DIRECTION('',(-4.329780281177E-17,-0.707106781187,0.707106781187
    ));
#2214 = PCURVE('',#789,#2215);
#2215 = DEFINITIONAL_REPRESENTATION('',(#2216),#2219);
#2216 = B_SPLINE_CURVE_WITH_KNOTS('',1,(#2217,#2218),.UNSPECIFIED.,.F.,
  .F.,(2,2),(0.,0.424264068712),.PIECEWISE_BEZIER_KNOTS.);
#2217 = CARTESIAN_POINT('',(-1.570796326795,0.));
#2218 = CARTESIAN_POINT('',(-1.570796326795,-0.3));
#2219 = ( GEOMETRIC_REPRESENTATION_CONTEXT(2) 
PARAMETRIC_REPRESENTATION_CONTEXT() REPRESENTATION_CONTEXT('2D SPACE',''
  ) );
#2220 = PCURVE('',#817,#2221);
#2221 = DEFINITIONAL_REPRESENTATION('',(#2222),#2225);
#2222 = B_SPLINE_CURVE_WITH_KNOTS('',1,(#2223,#2224),.UNSPECIFIED.,.F.,
  .F.,(2,2),(0.,0.424264068712),.PIECEWISE_BEZIER_KNOTS.);
#2223 = CARTESIAN_POINT('',(0.,-0.212132034356));
#2224 = CARTESIAN_POINT('',(0.,0.212132034356));
#2225 = ( GEOMETRIC_REPRESENTATION_CONTEXT(2) 
PARAMETRIC_REPRESENTATION_CONTEXT() REPRESENTATION_CONTEXT('2D SPACE',''
  ) );
#2226 = ORIENTED_EDGE('',*,*,#772,.F.);
#2227 = ADVANCED_FACE('',(#2228),#817,.F.);
#2228 = FACE_BOUND('',#2229,.T.);
#2229 = EDGE_LOOP('',(#2230,#2231,#2252,#2253));
#2230 = ORIENTED_EDGE('',*,*,#2208,.F.);
#2231 = ORIENTED_EDGE('',*,*,#2232,.T.);
#2232 = EDGE_CURVE('',#2185,#2058,#2233,.T.);
#2233 = SURFACE_CURVE('',#2234,(#2238,#2245),.PCURVE_S1.);
#2234 = LINE('',#2235,#2236);
#2235 = CARTESIAN_POINT('',(54.,34.,18.7));
#2236 = VECTOR('',#2237,1.);
#2237 = DIRECTION('',(-1.,0.,0.));
#2238 = PCURVE('',#817,#2239);
#2239 = DEFINITIONAL_REPRESENTATION('',(#2240),#2244);
#2240 = LINE('',#2241,#2242);
#2241 = CARTESIAN_POINT('',(-0.,-0.212132034356));
#2242 = VECTOR('',#2243,1.);
#2243 = DIRECTION('',(-1.,0.));
#2244 = ( GEOMETRIC_REPRESENTATION_CONTEXT(2) 
PARAMETRIC_REPRESENTATION_CONTEXT() REPRESENTATION_CONTEXT('2D SPACE',''
  ) );
#2245 = PCURVE('',#2073,#2246);
#2246 = DEFINITIONAL_REPRESENTATION('',(#2247),#2251);
#2247 = LINE('',#2248,#2249);
#2248 = CARTESIAN_POINT('',(10.,-18.7));
#2249 = VECTOR('',#2250,1.);
#2250 = DIRECTION('',(1.,0.));
#2251 = ( GEOMETRIC_REPRESENTATION_CONTEXT(2) 
PARAMETRIC_REPRESENTATION_CONTEXT() REPRESENTATION_CONTEXT('2D SPACE',''
  ) );
#2252 = ORIENTED_EDGE('',*,*,#2158,.T.);
#2253 = ORIENTED_EDGE('',*,*,#801,.F.);
#2254 = ADVANCED_FACE('',(#2255),#901,.F.);
#2255 = FACE_BOUND('',#2256,.T.);
#2256 = EDGE_LOOP('',(#2257,#2278,#2279,#2300));
#2257 = ORIENTED_EDGE('',*,*,#2258,.F.);
#2258 = EDGE_CURVE('',#883,#2259,#2261,.T.);
#2259 = VERTEX_POINT('',#2260);
#2260 = CARTESIAN_POINT('',(54.,-30.5,18.7));
#2261 = SURFACE_CURVE('',#2262,(#2266,#2272),.PCURVE_S1.);
#2262 = LINE('',#2263,#2264);
#2263 = CARTESIAN_POINT('',(54.,-30.5,18.7));
#2264 = VECTOR('',#2265,1.);
#2265 = DIRECTION('',(-0.,0.707106781187,-0.707106781187));
#2266 = PCURVE('',#901,#2267);
#2267 = DEFINITIONAL_REPRESENTATION('',(#2268),#2271);
#2268 = B_SPLINE_CURVE_WITH_KNOTS('',1,(#2269,#2270),.UNSPECIFIED.,.F.,
  .F.,(2,2),(-0.424264068712,0.),.PIECEWISE_BEZIER_KNOTS.);
#2269 = CARTESIAN_POINT('',(0.,0.3));
#2270 = CARTESIAN_POINT('',(0.,0.));
#2271 = ( GEOMETRIC_REPRESENTATION_CONTEXT(2) 
PARAMETRIC_REPRESENTATION_CONTEXT() REPRESENTATION_CONTEXT('2D SPACE',''
  ) );
#2272 = PCURVE('',#929,#2273);
#2273 = DEFINITIONAL_REPRESENTATION('',(#2274),#2277);
#2274 = B_SPLINE_CURVE_WITH_KNOTS('',1,(#2275,#2276),.UNSPECIFIED.,.F.,
  .F.,(2,2),(-0.424264068712,0.),.PIECEWISE_BEZIER_KNOTS.);
#2275 = CARTESIAN_POINT('',(108.,-0.212132034356));
#2276 = CARTESIAN_POINT('',(108.,0.212132034356));
#2277 = ( GEOMETRIC_REPRESENTATION_CONTEXT(2) 
PARAMETRIC_REPRESENTATION_CONTEXT() REPRESENTATION_CONTEXT('2D SPACE',''
  ) );
#2278 = ORIENTED_EDGE('',*,*,#882,.T.);
#2279 = ORIENTED_EDGE('',*,*,#2280,.T.);
#2280 = EDGE_CURVE('',#885,#2281,#2283,.T.);
#2281 = VERTEX_POINT('',#2282);
#2282 = CARTESIAN_POINT('',(60.5,-24.,18.7));
#2283 = SURFACE_CURVE('',#2284,(#2288,#2294),.PCURVE_S1.);
#2284 = LINE('',#2285,#2286);
#2285 = CARTESIAN_POINT('',(60.5,-24.,18.7));
#2286 = VECTOR('',#2287,1.);
#2287 = DIRECTION('',(-0.707106781187,4.329780281177E-17,-0.707106781187
    ));
#2288 = PCURVE('',#901,#2289);
#2289 = DEFINITIONAL_REPRESENTATION('',(#2290),#2293);
#2290 = B_SPLINE_CURVE_WITH_KNOTS('',1,(#2291,#2292),.UNSPECIFIED.,.F.,
  .F.,(2,2),(-0.424264068712,0.),.PIECEWISE_BEZIER_KNOTS.);
#2291 = CARTESIAN_POINT('',(1.570796326795,0.3));
#2292 = CARTESIAN_POINT('',(1.570796326795,0.));
#2293 = ( GEOMETRIC_REPRESENTATION_CONTEXT(2) 
PARAMETRIC_REPRESENTATION_CONTEXT() REPRESENTATION_CONTEXT('2D SPACE',''
  ) );
#2294 = PCURVE('',#1260,#2295);
#2295 = DEFINITIONAL_REPRESENTATION('',(#2296),#2299);
#2296 = B_SPLINE_CURVE_WITH_KNOTS('',1,(#2297,#2298),.UNSPECIFIED.,.F.,
  .F.,(2,2),(-0.424264068712,0.),.PIECEWISE_BEZIER_KNOTS.);
#2297 = CARTESIAN_POINT('',(0.,-0.212132034356));
#2298 = CARTESIAN_POINT('',(0.,0.212132034356));
#2299 = ( GEOMETRIC_REPRESENTATION_CONTEXT(2) 
PARAMETRIC_REPRESENTATION_CONTEXT() REPRESENTATION_CONTEXT('2D SPACE',''
  ) );
#2300 = ORIENTED_EDGE('',*,*,#2301,.F.);
#2301 = EDGE_CURVE('',#2259,#2281,#2302,.T.);
#2302 = SURFACE_CURVE('',#2303,(#2308,#2315),.PCURVE_S1.);
#2303 = CIRCLE('',#2304,6.5);
#2304 = AXIS2_PLACEMENT_3D('',#2305,#2306,#2307);
#2305 = CARTESIAN_POINT('',(54.,-24.,18.7));
#2306 = DIRECTION('',(0.,0.,1.));
#2307 = DIRECTION('',(0.,-1.,0.));
#2308 = PCURVE('',#901,#2309);
#2309 = DEFINITIONAL_REPRESENTATION('',(#2310),#2314);
#2310 = LINE('',#2311,#2312);
#2311 = CARTESIAN_POINT('',(0.,-0.));
#2312 = VECTOR('',#2313,1.);
#2313 = DIRECTION('',(1.,-0.));
#2314 = ( GEOMETRIC_REPRESENTATION_CONTEXT(2) 
PARAMETRIC_REPRESENTATION_CONTEXT() REPRESENTATION_CONTEXT('2D SPACE',''
  ) );
#2315 = PCURVE('',#2316,#2321);
#2316 = CYLINDRICAL_SURFACE('',#2317,6.5);
#2317 = AXIS2_PLACEMENT_3D('',#2318,#2319,#2320);
#2318 = CARTESIAN_POINT('',(54.,-24.,3.));
#2319 = DIRECTION('',(0.,0.,1.));
#2320 = DIRECTION('',(0.,-1.,0.));
#2321 = DEFINITIONAL_REPRESENTATION('',(#2322),#2326);
#2322 = LINE('',#2323,#2324);
#2323 = CARTESIAN_POINT('',(0.,15.7));
#2324 = VECTOR('',#2325,1.);
#2325 = DIRECTION('',(1.,0.));
#2326 = ( GEOMETRIC_REPRESENTATION_CONTEXT(2) 
PARAMETRIC_REPRESENTATION_CONTEXT() REPRESENTATION_CONTEXT('2D SPACE',''
  ) );
#2327 = ADVANCED_FACE('',(#2328),#1260,.T.);
#2328 = FACE_BOUND('',#2329,.T.);
#2329 = EDGE_LOOP('',(#2330,#2331,#2332,#2353));
#2330 = ORIENTED_EDGE('',*,*,#2280,.F.);
#2331 = ORIENTED_EDGE('',*,*,#1246,.T.);
#2332 = ORIENTED_EDGE('',*,*,#2333,.T.);
#2333 = EDGE_CURVE('',#1218,#2334,#2336,.T.);
#2334 = VERTEX_POINT('',#2335);
#2335 = CARTESIAN_POINT('',(60.5,24.,18.7));
#2336 = SURFACE_CURVE('',#2337,(#2341,#2347),.PCURVE_S1.);
#2337 = LINE('',#2338,#2339);
#2338 = CARTESIAN_POINT('',(60.65,24.,18.85));
#2339 = VECTOR('',#2340,1.);
#2340 = DIRECTION('',(-0.707106781187,0.,-0.707106781187));
#2341 = PCURVE('',#1260,#2342);
#2342 = DEFINITIONAL_REPRESENTATION('',(#2343),#2346);
#2343 = B_SPLINE_CURVE_WITH_KNOTS('',1,(#2344,#2345),.UNSPECIFIED.,.F.,
  .F.,(2,2),(-0.212132034356,0.212132034356),.PIECEWISE_BEZIER_KNOTS.);
#2344 = CARTESIAN_POINT('',(48.,-0.212132034356));
#2345 = CARTESIAN_POINT('',(48.,0.212132034356));
#2346 = ( GEOMETRIC_REPRESENTATION_CONTEXT(2) 
PARAMETRIC_REPRESENTATION_CONTEXT() REPRESENTATION_CONTEXT('2D SPACE',''
  ) );
#2347 = PCURVE('',#1234,#2348);
#2348 = DEFINITIONAL_REPRESENTATION('',(#2349),#2352);
#2349 = B_SPLINE_CURVE_WITH_KNOTS('',1,(#2350,#2351),.UNSPECIFIED.,.F.,
  .F.,(2,2),(-0.212132034356,0.212132034356),.PIECEWISE_BEZIER_KNOTS.);
#2350 = CARTESIAN_POINT('',(0.,0.3));
#2351 = CARTESIAN_POINT('',(0.,5.887846720064E-16));
#2352 = ( GEOMETRIC_REPRESENTATION_CONTEXT(2) 
PARAMETRIC_REPRESENTATION_CONTEXT() REPRESENTATION_CONTEXT('2D SPACE',''
  ) );
#2353 = ORIENTED_EDGE('',*,*,#2354,.F.);
#2354 = EDGE_CURVE('',#2281,#2334,#2355,.T.);
#2355 = SURFACE_CURVE('',#2356,(#2360,#2367),.PCURVE_S1.);
#2356 = LINE('',#2357,#2358);
#2357 = CARTESIAN_POINT('',(60.5,-24.,18.7));
#2358 = VECTOR('',#2359,1.);
#2359 = DIRECTION('',(-0.,1.,-0.));
#2360 = PCURVE('',#1260,#2361);
#2361 = DEFINITIONAL_REPRESENTATION('',(#2362),#2366);
#2362 = LINE('',#2363,#2364);
#2363 = CARTESIAN_POINT('',(0.,0.212132034356));
#2364 = VECTOR('',#2365,1.);
#2365 = DIRECTION('',(1.,0.));
#2366 = ( GEOMETRIC_REPRESENTATION_CONTEXT(2) 
PARAMETRIC_REPRESENTATION_CONTEXT() REPRESENTATION_CONTEXT('2D SPACE',''
  ) );
#2367 = PCURVE('',#2368,#2373);
#2368 = PLANE('',#2369);
#2369 = AXIS2_PLACEMENT_3D('',#2370,#2371,#2372);
#2370 = CARTESIAN_POINT('',(60.5,-30.5,3.));
#2371 = DIRECTION('',(-1.,0.,0.));
#2372 = DIRECTION('',(0.,1.,0.));
#2373 = DEFINITIONAL_REPRESENTATION('',(#2374),#2378);
#2374 = LINE('',#2375,#2376);
#2375 = CARTESIAN_POINT('',(6.5,-15.7));
#2376 = VECTOR('',#2377,1.);
#2377 = DIRECTION('',(1.,0.));
#2378 = ( GEOMETRIC_REPRESENTATION_CONTEXT(2) 
PARAMETRIC_REPRESENTATION_CONTEXT() REPRESENTATION_CONTEXT('2D SPACE',''
  ) );
#2379 = ADVANCED_FACE('',(#2380),#1234,.F.);
#2380 = FACE_BOUND('',#2381,.T.);
#2381 = EDGE_LOOP('',(#2382,#2383,#2384,#2411));
#2382 = ORIENTED_EDGE('',*,*,#2333,.F.);
#2383 = ORIENTED_EDGE('',*,*,#1217,.T.);
#2384 = ORIENTED_EDGE('',*,*,#2385,.F.);
#2385 = EDGE_CURVE('',#2386,#1192,#2388,.T.);
#2386 = VERTEX_POINT('',#2387);
#2387 = CARTESIAN_POINT('',(58.960846701925,28.2,18.7));
#2388 = SURFACE_CURVE('',#2389,(#2394,#2404),.PCURVE_S1.);
#2389 = HYPERBOLA('',#2390,4.2,4.2);
#2390 = AXIS2_PLACEMENT_3D('',#2391,#2392,#2393);
#2391 = CARTESIAN_POINT('',(54.,28.2,12.2));
#2392 = DIRECTION('',(0.,1.,0.));
#2393 = DIRECTION('',(0.,-0.,1.));
#2394 = PCURVE('',#1234,#2395);
#2395 = DEFINITIONAL_REPRESENTATION('',(#2396),#2403);
#2396 = B_SPLINE_CURVE_WITH_KNOTS('',5,(#2397,#2398,#2399,#2400,#2401,
    #2402),.UNSPECIFIED.,.F.,.F.,(6,6),(1.003852066508,1.062071525221),
  .PIECEWISE_BEZIER_KNOTS.);
#2397 = CARTESIAN_POINT('',(0.70253415618,-3.552713678801E-15));
#2398 = CARTESIAN_POINT('',(0.695010410746,5.776356194892E-02));
#2399 = CARTESIAN_POINT('',(0.687570241918,0.116628713136));
#2400 = CARTESIAN_POINT('',(0.680213299094,0.176611769439));
#2401 = CARTESIAN_POINT('',(0.672939160675,0.23772966881));
#2402 = CARTESIAN_POINT('',(0.665747345187,0.3));
#2403 = ( GEOMETRIC_REPRESENTATION_CONTEXT(2) 
PARAMETRIC_REPRESENTATION_CONTEXT() REPRESENTATION_CONTEXT('2D SPACE',''
  ) );
#2404 = PCURVE('',#1206,#2405);
#2405 = DEFINITIONAL_REPRESENTATION('',(#2406),#2410);
#2406 = ( BOUNDED_CURVE() B_SPLINE_CURVE(2,(#2407,#2408,#2409),
.UNSPECIFIED.,.F.,.F.) B_SPLINE_CURVE_WITH_KNOTS((3,3),(1.003852066508,
1.062071525221),.PIECEWISE_BEZIER_KNOTS.) CURVE() 
GEOMETRIC_REPRESENTATION_ITEM() RATIONAL_B_SPLINE_CURVE((1.,
1.000423718091,1.)) REPRESENTATION_ITEM('') );
#2407 = CARTESIAN_POINT('',(28.195846701925,-15.7));
#2408 = CARTESIAN_POINT('',(28.38500651591,-15.84436812913));
#2409 = CARTESIAN_POINT('',(28.582896782848,-16.));
#2410 = ( GEOMETRIC_REPRESENTATION_CONTEXT(2) 
PARAMETRIC_REPRESENTATION_CONTEXT() REPRESENTATION_CONTEXT('2D SPACE',''
  ) );
#2411 = ORIENTED_EDGE('',*,*,#2412,.F.);
#2412 = EDGE_CURVE('',#2334,#2386,#2413,.T.);
#2413 = SURFACE_CURVE('',#2414,(#2419,#2426),.PCURVE_S1.);
#2414 = CIRCLE('',#2415,6.5);
#2415 = AXIS2_PLACEMENT_3D('',#2416,#2417,#2418);
#2416 = CARTESIAN_POINT('',(54.,24.,18.7));
#2417 = DIRECTION('',(0.,0.,1.));
#2418 = DIRECTION('',(1.,0.,-0.));
#2419 = PCURVE('',#1234,#2420);
#2420 = DEFINITIONAL_REPRESENTATION('',(#2421),#2425);
#2421 = LINE('',#2422,#2423);
#2422 = CARTESIAN_POINT('',(0.,-0.));
#2423 = VECTOR('',#2424,1.);
#2424 = DIRECTION('',(1.,-0.));
#2425 = ( GEOMETRIC_REPRESENTATION_CONTEXT(2) 
PARAMETRIC_REPRESENTATION_CONTEXT() REPRESENTATION_CONTEXT('2D SPACE',''
  ) );
#2426 = PCURVE('',#2427,#2432);
#2427 = CYLINDRICAL_SURFACE('',#2428,6.5);
#2428 = AXIS2_PLACEMENT_3D('',#2429,#2430,#2431);
#2429 = CARTESIAN_POINT('',(54.,24.,3.));
#2430 = DIRECTION('',(0.,0.,1.));
#2431 = DIRECTION('',(1.,0.,-0.));
#2432 = DEFINITIONAL_REPRESENTATION('',(#2433),#2437);
#2433 = LINE('',#2434,#2435);
#2434 = CARTESIAN_POINT('',(0.,15.7));
#2435 = VECTOR('',#2436,1.);
#2436 = DIRECTION('',(1.,0.));
#2437 = ( GEOMETRIC_REPRESENTATION_CONTEXT(2) 
PARAMETRIC_REPRESENTATION_CONTEXT() REPRESENTATION_CONTEXT('2D SPACE',''
  ) );
#2438 = ADVANCED_FACE('',(#2439),#1206,.T.);
#2439 = FACE_BOUND('',#2440,.T.);
#2440 = EDGE_LOOP('',(#2441,#2471,#2497,#2523,#2549,#2575,#2594,#2595,
    #2596));
#2441 = ORIENTED_EDGE('',*,*,#2442,.F.);
#2442 = EDGE_CURVE('',#2443,#2445,#2447,.T.);
#2443 = VERTEX_POINT('',#2444);
#2444 = CARTESIAN_POINT('',(56.5,28.2,3.));
#2445 = VERTEX_POINT('',#2446);
#2446 = CARTESIAN_POINT('',(59.765,28.2,3.));
#2447 = SURFACE_CURVE('',#2448,(#2452,#2459),.PCURVE_S1.);
#2448 = LINE('',#2449,#2450);
#2449 = CARTESIAN_POINT('',(30.765,28.2,3.));
#2450 = VECTOR('',#2451,1.);
#2451 = DIRECTION('',(1.,0.,0.));
#2452 = PCURVE('',#1206,#2453);
#2453 = DEFINITIONAL_REPRESENTATION('',(#2454),#2458);
#2454 = LINE('',#2455,#2456);
#2455 = CARTESIAN_POINT('',(0.,0.));
#2456 = VECTOR('',#2457,1.);
#2457 = DIRECTION('',(1.,0.));
#2458 = ( GEOMETRIC_REPRESENTATION_CONTEXT(2) 
PARAMETRIC_REPRESENTATION_CONTEXT() REPRESENTATION_CONTEXT('2D SPACE',''
  ) );
#2459 = PCURVE('',#2460,#2465);
#2460 = PLANE('',#2461);
#2461 = AXIS2_PLACEMENT_3D('',#2462,#2463,#2464);
#2462 = CARTESIAN_POINT('',(45.265,30.1,3.));
#2463 = DIRECTION('',(0.,0.,1.));
#2464 = DIRECTION('',(1.,0.,-0.));
#2465 = DEFINITIONAL_REPRESENTATION('',(#2466),#2470);
#2466 = LINE('',#2467,#2468);
#2467 = CARTESIAN_POINT('',(-14.5,-1.9));
#2468 = VECTOR('',#2469,1.);
#2469 = DIRECTION('',(1.,0.));
#2470 = ( GEOMETRIC_REPRESENTATION_CONTEXT(2) 
PARAMETRIC_REPRESENTATION_CONTEXT() REPRESENTATION_CONTEXT('2D SPACE',''
  ) );
#2471 = ORIENTED_EDGE('',*,*,#2472,.T.);
#2472 = EDGE_CURVE('',#2443,#2473,#2475,.T.);
#2473 = VERTEX_POINT('',#2474);
#2474 = CARTESIAN_POINT('',(56.5,28.2,5.5));
#2475 = SURFACE_CURVE('',#2476,(#2480,#2486),.PCURVE_S1.);
#2476 = LINE('',#2477,#2478);
#2477 = CARTESIAN_POINT('',(56.5,28.2,3.));
#2478 = VECTOR('',#2479,1.);
#2479 = DIRECTION('',(0.,-0.,1.));
#2480 = PCURVE('',#1206,#2481);
#2481 = DEFINITIONAL_REPRESENTATION('',(#2482),#2485);
#2482 = B_SPLINE_CURVE_WITH_KNOTS('',1,(#2483,#2484),.UNSPECIFIED.,.F.,
  .F.,(2,2),(0.,2.5),.PIECEWISE_BEZIER_KNOTS.);
#2483 = CARTESIAN_POINT('',(25.735,0.));
#2484 = CARTESIAN_POINT('',(25.735,-2.5));
#2485 = ( GEOMETRIC_REPRESENTATION_CONTEXT(2) 
PARAMETRIC_REPRESENTATION_CONTEXT() REPRESENTATION_CONTEXT('2D SPACE',''
  ) );
#2486 = PCURVE('',#2487,#2492);
#2487 = PLANE('',#2488);
#2488 = AXIS2_PLACEMENT_3D('',#2489,#2490,#2491);
#2489 = CARTESIAN_POINT('',(56.5,30.5,3.));
#2490 = DIRECTION('',(1.,0.,-0.));
#2491 = DIRECTION('',(0.,-1.,0.));
#2492 = DEFINITIONAL_REPRESENTATION('',(#2493),#2496);
#2493 = B_SPLINE_CURVE_WITH_KNOTS('',1,(#2494,#2495),.UNSPECIFIED.,.F.,
  .F.,(2,2),(0.,2.5),.PIECEWISE_BEZIER_KNOTS.);
#2494 = CARTESIAN_POINT('',(2.3,0.));
#2495 = CARTESIAN_POINT('',(2.3,-2.5));
#2496 = ( GEOMETRIC_REPRESENTATION_CONTEXT(2) 
PARAMETRIC_REPRESENTATION_CONTEXT() REPRESENTATION_CONTEXT('2D SPACE',''
  ) );
#2497 = ORIENTED_EDGE('',*,*,#2498,.F.);
#2498 = EDGE_CURVE('',#2499,#2473,#2501,.T.);
#2499 = VERTEX_POINT('',#2500);
#2500 = CARTESIAN_POINT('',(58.3,28.2,5.5));
#2501 = SURFACE_CURVE('',#2502,(#2506,#2512),.PCURVE_S1.);
#2502 = LINE('',#2503,#2504);
#2503 = CARTESIAN_POINT('',(44.0825,28.2,5.5));
#2504 = VECTOR('',#2505,1.);
#2505 = DIRECTION('',(-1.,0.,0.));
#2506 = PCURVE('',#1206,#2507);
#2507 = DEFINITIONAL_REPRESENTATION('',(#2508),#2511);
#2508 = B_SPLINE_CURVE_WITH_KNOTS('',1,(#2509,#2510),.UNSPECIFIED.,.F.,
  .F.,(2,2),(-14.2175,-12.4175),.PIECEWISE_BEZIER_KNOTS.);
#2509 = CARTESIAN_POINT('',(27.535,-2.5));
#2510 = CARTESIAN_POINT('',(25.735,-2.5));
#2511 = ( GEOMETRIC_REPRESENTATION_CONTEXT(2) 
PARAMETRIC_REPRESENTATION_CONTEXT() REPRESENTATION_CONTEXT('2D SPACE',''
  ) );
#2512 = PCURVE('',#2513,#2518);
#2513 = PLANE('',#2514);
#2514 = AXIS2_PLACEMENT_3D('',#2515,#2516,#2517);
#2515 = CARTESIAN_POINT('',(57.4,1.025,5.5));
#2516 = DIRECTION('',(0.,0.,1.));
#2517 = DIRECTION('',(1.,0.,-0.));
#2518 = DEFINITIONAL_REPRESENTATION('',(#2519),#2522);
#2519 = B_SPLINE_CURVE_WITH_KNOTS('',1,(#2520,#2521),.UNSPECIFIED.,.F.,
  .F.,(2,2),(-14.2175,-12.4175),.PIECEWISE_BEZIER_KNOTS.);
#2520 = CARTESIAN_POINT('',(0.9,27.175));
#2521 = CARTESIAN_POINT('',(-0.9,27.175));
#2522 = ( GEOMETRIC_REPRESENTATION_CONTEXT(2) 
PARAMETRIC_REPRESENTATION_CONTEXT() REPRESENTATION_CONTEXT('2D SPACE',''
  ) );
#2523 = ORIENTED_EDGE('',*,*,#2524,.T.);
#2524 = EDGE_CURVE('',#2499,#2525,#2527,.T.);
#2525 = VERTEX_POINT('',#2526);
#2526 = CARTESIAN_POINT('',(58.3,28.2,8.5));
#2527 = SURFACE_CURVE('',#2528,(#2532,#2538),.PCURVE_S1.);
#2528 = LINE('',#2529,#2530);
#2529 = CARTESIAN_POINT('',(58.3,28.2,3.));
#2530 = VECTOR('',#2531,1.);
#2531 = DIRECTION('',(0.,-0.,1.));
#2532 = PCURVE('',#1206,#2533);
#2533 = DEFINITIONAL_REPRESENTATION('',(#2534),#2537);
#2534 = B_SPLINE_CURVE_WITH_KNOTS('',1,(#2535,#2536),.UNSPECIFIED.,.F.,
  .F.,(2,2),(2.5,5.5),.PIECEWISE_BEZIER_KNOTS.);
#2535 = CARTESIAN_POINT('',(27.535,-2.5));
#2536 = CARTESIAN_POINT('',(27.535,-5.5));
#2537 = ( GEOMETRIC_REPRESENTATION_CONTEXT(2) 
PARAMETRIC_REPRESENTATION_CONTEXT() REPRESENTATION_CONTEXT('2D SPACE',''
  ) );
#2538 = PCURVE('',#2539,#2544);
#2539 = PLANE('',#2540);
#2540 = AXIS2_PLACEMENT_3D('',#2541,#2542,#2543);
#2541 = CARTESIAN_POINT('',(58.3,30.5,3.));
#2542 = DIRECTION('',(1.,0.,-0.));
#2543 = DIRECTION('',(0.,-1.,0.));
#2544 = DEFINITIONAL_REPRESENTATION('',(#2545),#2548);
#2545 = B_SPLINE_CURVE_WITH_KNOTS('',1,(#2546,#2547),.UNSPECIFIED.,.F.,
  .F.,(2,2),(2.5,5.5),.PIECEWISE_BEZIER_KNOTS.);
#2546 = CARTESIAN_POINT('',(2.3,-2.5));
#2547 = CARTESIAN_POINT('',(2.3,-5.5));
#2548 = ( GEOMETRIC_REPRESENTATION_CONTEXT(2) 
PARAMETRIC_REPRESENTATION_CONTEXT() REPRESENTATION_CONTEXT('2D SPACE',''
  ) );
#2549 = ORIENTED_EDGE('',*,*,#2550,.F.);
#2550 = EDGE_CURVE('',#2551,#2525,#2553,.T.);
#2551 = VERTEX_POINT('',#2552);
#2552 = CARTESIAN_POINT('',(58.960846701925,28.2,8.5));
#2553 = SURFACE_CURVE('',#2554,(#2558,#2564),.PCURVE_S1.);
#2554 = LINE('',#2555,#2556);
#2555 = CARTESIAN_POINT('',(45.0325,28.2,8.5));
#2556 = VECTOR('',#2557,1.);
#2557 = DIRECTION('',(-1.,0.,0.));
#2558 = PCURVE('',#1206,#2559);
#2559 = DEFINITIONAL_REPRESENTATION('',(#2560),#2563);
#2560 = B_SPLINE_CURVE_WITH_KNOTS('',1,(#2561,#2562),.UNSPECIFIED.,.F.,
  .F.,(2,2),(-14.7325,14.2675),.PIECEWISE_BEZIER_KNOTS.);
#2561 = CARTESIAN_POINT('',(29.,-5.5));
#2562 = CARTESIAN_POINT('',(0.,-5.5));
#2563 = ( GEOMETRIC_REPRESENTATION_CONTEXT(2) 
PARAMETRIC_REPRESENTATION_CONTEXT() REPRESENTATION_CONTEXT('2D SPACE',''
  ) );
#2564 = PCURVE('',#2565,#2570);
#2565 = PLANE('',#2566);
#2566 = AXIS2_PLACEMENT_3D('',#2567,#2568,#2569);
#2567 = CARTESIAN_POINT('',(59.3,1.025,8.5));
#2568 = DIRECTION('',(0.,0.,1.));
#2569 = DIRECTION('',(1.,0.,-0.));
#2570 = DEFINITIONAL_REPRESENTATION('',(#2571),#2574);
#2571 = B_SPLINE_CURVE_WITH_KNOTS('',1,(#2572,#2573),.UNSPECIFIED.,.F.,
  .F.,(2,2),(-14.7325,14.2675),.PIECEWISE_BEZIER_KNOTS.);
#2572 = CARTESIAN_POINT('',(0.465,27.175));
#2573 = CARTESIAN_POINT('',(-28.535,27.175));
#2574 = ( GEOMETRIC_REPRESENTATION_CONTEXT(2) 
PARAMETRIC_REPRESENTATION_CONTEXT() REPRESENTATION_CONTEXT('2D SPACE',''
  ) );
#2575 = ORIENTED_EDGE('',*,*,#2576,.T.);
#2576 = EDGE_CURVE('',#2551,#2386,#2577,.T.);
#2577 = SURFACE_CURVE('',#2578,(#2582,#2588),.PCURVE_S1.);
#2578 = LINE('',#2579,#2580);
#2579 = CARTESIAN_POINT('',(58.960846701925,28.2,3.));
#2580 = VECTOR('',#2581,1.);
#2581 = DIRECTION('',(0.,0.,1.));
#2582 = PCURVE('',#1206,#2583);
#2583 = DEFINITIONAL_REPRESENTATION('',(#2584),#2587);
#2584 = B_SPLINE_CURVE_WITH_KNOTS('',1,(#2585,#2586),.UNSPECIFIED.,.F.,
  .F.,(2,2),(-5.999999999062E-07,15.7000006),.PIECEWISE_BEZIER_KNOTS.);
#2585 = CARTESIAN_POINT('',(28.195846701925,5.999999999062E-07));
#2586 = CARTESIAN_POINT('',(28.195846701925,-15.7000006));
#2587 = ( GEOMETRIC_REPRESENTATION_CONTEXT(2) 
PARAMETRIC_REPRESENTATION_CONTEXT() REPRESENTATION_CONTEXT('2D SPACE',''
  ) );
#2588 = PCURVE('',#2427,#2589);
#2589 = DEFINITIONAL_REPRESENTATION('',(#2590),#2593);
#2590 = B_SPLINE_CURVE_WITH_KNOTS('',1,(#2591,#2592),.UNSPECIFIED.,.F.,
  .F.,(2,2),(-5.999999999062E-07,15.7000006),.PIECEWISE_BEZIER_KNOTS.);
#2591 = CARTESIAN_POINT('',(0.70253415618,-5.999999999062E-07));
#2592 = CARTESIAN_POINT('',(0.70253415618,15.7000006));
#2593 = ( GEOMETRIC_REPRESENTATION_CONTEXT(2) 
PARAMETRIC_REPRESENTATION_CONTEXT() REPRESENTATION_CONTEXT('2D SPACE',''
  ) );
#2594 = ORIENTED_EDGE('',*,*,#2385,.T.);
#2595 = ORIENTED_EDGE('',*,*,#1191,.F.);
#2596 = ORIENTED_EDGE('',*,*,#2597,.F.);
#2597 = EDGE_CURVE('',#2445,#1166,#2598,.T.);
#2598 = SURFACE_CURVE('',#2599,(#2603,#2610),.PCURVE_S1.);
#2599 = LINE('',#2600,#2601);
#2600 = CARTESIAN_POINT('',(59.765,28.2,3.));
#2601 = VECTOR('',#2602,1.);
#2602 = DIRECTION('',(0.,0.,1.));
#2603 = PCURVE('',#1206,#2604);
#2604 = DEFINITIONAL_REPRESENTATION('',(#2605),#2609);
#2605 = LINE('',#2606,#2607);
#2606 = CARTESIAN_POINT('',(29.,0.));
#2607 = VECTOR('',#2608,1.);
#2608 = DIRECTION('',(0.,-1.));
#2609 = ( GEOMETRIC_REPRESENTATION_CONTEXT(2) 
PARAMETRIC_REPRESENTATION_CONTEXT() REPRESENTATION_CONTEXT('2D SPACE',''
  ) );
#2610 = PCURVE('',#1180,#2611);
#2611 = DEFINITIONAL_REPRESENTATION('',(#2612),#2616);
#2612 = LINE('',#2613,#2614);
#2613 = CARTESIAN_POINT('',(0.,0.));
#2614 = VECTOR('',#2615,1.);
#2615 = DIRECTION('',(0.,-1.));
#2616 = ( GEOMETRIC_REPRESENTATION_CONTEXT(2) 
PARAMETRIC_REPRESENTATION_CONTEXT() REPRESENTATION_CONTEXT('2D SPACE',''
  ) );
#2617 = ADVANCED_FACE('',(#2618),#1180,.T.);
#2618 = FACE_BOUND('',#2619,.T.);
#2619 = EDGE_LOOP('',(#2620,#2643,#2664,#2665));
#2620 = ORIENTED_EDGE('',*,*,#2621,.F.);
#2621 = EDGE_CURVE('',#2622,#1137,#2624,.T.);
#2622 = VERTEX_POINT('',#2623);
#2623 = CARTESIAN_POINT('',(59.765,31.,3.));
#2624 = SURFACE_CURVE('',#2625,(#2629,#2636),.PCURVE_S1.);
#2625 = LINE('',#2626,#2627);
#2626 = CARTESIAN_POINT('',(59.765,31.,3.));
#2627 = VECTOR('',#2628,1.);
#2628 = DIRECTION('',(0.,0.,1.));
#2629 = PCURVE('',#1180,#2630);
#2630 = DEFINITIONAL_REPRESENTATION('',(#2631),#2635);
#2631 = LINE('',#2632,#2633);
#2632 = CARTESIAN_POINT('',(2.8,0.));
#2633 = VECTOR('',#2634,1.);
#2634 = DIRECTION('',(0.,-1.));
#2635 = ( GEOMETRIC_REPRESENTATION_CONTEXT(2) 
PARAMETRIC_REPRESENTATION_CONTEXT() REPRESENTATION_CONTEXT('2D SPACE',''
  ) );
#2636 = PCURVE('',#1153,#2637);
#2637 = DEFINITIONAL_REPRESENTATION('',(#2638),#2642);
#2638 = LINE('',#2639,#2640);
#2639 = CARTESIAN_POINT('',(0.,0.));
#2640 = VECTOR('',#2641,1.);
#2641 = DIRECTION('',(0.,1.));
#2642 = ( GEOMETRIC_REPRESENTATION_CONTEXT(2) 
PARAMETRIC_REPRESENTATION_CONTEXT() REPRESENTATION_CONTEXT('2D SPACE',''
  ) );
#2643 = ORIENTED_EDGE('',*,*,#2644,.F.);
#2644 = EDGE_CURVE('',#2445,#2622,#2645,.T.);
#2645 = SURFACE_CURVE('',#2646,(#2650,#2657),.PCURVE_S1.);
#2646 = LINE('',#2647,#2648);
#2647 = CARTESIAN_POINT('',(59.765,28.2,3.));
#2648 = VECTOR('',#2649,1.);
#2649 = DIRECTION('',(0.,1.,0.));
#2650 = PCURVE('',#1180,#2651);
#2651 = DEFINITIONAL_REPRESENTATION('',(#2652),#2656);
#2652 = LINE('',#2653,#2654);
#2653 = CARTESIAN_POINT('',(0.,0.));
#2654 = VECTOR('',#2655,1.);
#2655 = DIRECTION('',(1.,0.));
#2656 = ( GEOMETRIC_REPRESENTATION_CONTEXT(2) 
PARAMETRIC_REPRESENTATION_CONTEXT() REPRESENTATION_CONTEXT('2D SPACE',''
  ) );
#2657 = PCURVE('',#2460,#2658);
#2658 = DEFINITIONAL_REPRESENTATION('',(#2659),#2663);
#2659 = LINE('',#2660,#2661);
#2660 = CARTESIAN_POINT('',(14.5,-1.9));
#2661 = VECTOR('',#2662,1.);
#2662 = DIRECTION('',(0.,1.));
#2663 = ( GEOMETRIC_REPRESENTATION_CONTEXT(2) 
PARAMETRIC_REPRESENTATION_CONTEXT() REPRESENTATION_CONTEXT('2D SPACE',''
  ) );
#2664 = ORIENTED_EDGE('',*,*,#2597,.T.);
#2665 = ORIENTED_EDGE('',*,*,#1165,.F.);
#2666 = ADVANCED_FACE('',(#2667),#1153,.F.);
#2667 = FACE_BOUND('',#2668,.F.);
#2668 = EDGE_LOOP('',(#2669,#2670,#2694,#2715));
#2669 = ORIENTED_EDGE('',*,*,#2621,.F.);
#2670 = ORIENTED_EDGE('',*,*,#2671,.T.);
#2671 = EDGE_CURVE('',#2622,#2672,#2674,.T.);
#2672 = VERTEX_POINT('',#2673);
#2673 = CARTESIAN_POINT('',(58.765,32.,3.));
#2674 = SURFACE_CURVE('',#2675,(#2680,#2687),.PCURVE_S1.);
#2675 = CIRCLE('',#2676,1.);
#2676 = AXIS2_PLACEMENT_3D('',#2677,#2678,#2679);
#2677 = CARTESIAN_POINT('',(58.765,31.,3.));
#2678 = DIRECTION('',(0.,0.,1.));
#2679 = DIRECTION('',(0.,-1.,0.));
#2680 = PCURVE('',#1153,#2681);
#2681 = DEFINITIONAL_REPRESENTATION('',(#2682),#2686);
#2682 = LINE('',#2683,#2684);
#2683 = CARTESIAN_POINT('',(-1.570796326795,-4.440892098501E-16));
#2684 = VECTOR('',#2685,1.);
#2685 = DIRECTION('',(1.,0.));
#2686 = ( GEOMETRIC_REPRESENTATION_CONTEXT(2) 
PARAMETRIC_REPRESENTATION_CONTEXT() REPRESENTATION_CONTEXT('2D SPACE',''
  ) );
#2687 = PCURVE('',#2460,#2688);
#2688 = DEFINITIONAL_REPRESENTATION('',(#2689),#2693);
#2689 = CIRCLE('',#2690,1.);
#2690 = AXIS2_PLACEMENT_2D('',#2691,#2692);
#2691 = CARTESIAN_POINT('',(13.5,0.9));
#2692 = DIRECTION('',(0.,-1.));
#2693 = ( GEOMETRIC_REPRESENTATION_CONTEXT(2) 
PARAMETRIC_REPRESENTATION_CONTEXT() REPRESENTATION_CONTEXT('2D SPACE',''
  ) );
#2694 = ORIENTED_EDGE('',*,*,#2695,.T.);
#2695 = EDGE_CURVE('',#2672,#1111,#2696,.T.);
#2696 = SURFACE_CURVE('',#2697,(#2701,#2708),.PCURVE_S1.);
#2697 = LINE('',#2698,#2699);
#2698 = CARTESIAN_POINT('',(58.765,32.,3.));
#2699 = VECTOR('',#2700,1.);
#2700 = DIRECTION('',(0.,0.,1.));
#2701 = PCURVE('',#1153,#2702);
#2702 = DEFINITIONAL_REPRESENTATION('',(#2703),#2707);
#2703 = LINE('',#2704,#2705);
#2704 = CARTESIAN_POINT('',(1.570796326795,0.));
#2705 = VECTOR('',#2706,1.);
#2706 = DIRECTION('',(0.,1.));
#2707 = ( GEOMETRIC_REPRESENTATION_CONTEXT(2) 
PARAMETRIC_REPRESENTATION_CONTEXT() REPRESENTATION_CONTEXT('2D SPACE',''
  ) );
#2708 = PCURVE('',#1125,#2709);
#2709 = DEFINITIONAL_REPRESENTATION('',(#2710),#2714);
#2710 = LINE('',#2711,#2712);
#2711 = CARTESIAN_POINT('',(1.,0.));
#2712 = VECTOR('',#2713,1.);
#2713 = DIRECTION('',(0.,-1.));
#2714 = ( GEOMETRIC_REPRESENTATION_CONTEXT(2) 
PARAMETRIC_REPRESENTATION_CONTEXT() REPRESENTATION_CONTEXT('2D SPACE',''
  ) );
#2715 = ORIENTED_EDGE('',*,*,#1136,.F.);
#2716 = ADVANCED_FACE('',(#2717,#2765),#1125,.T.);
#2717 = FACE_BOUND('',#2718,.T.);
#2718 = EDGE_LOOP('',(#2719,#2742,#2743,#2744));
#2719 = ORIENTED_EDGE('',*,*,#2720,.F.);
#2720 = EDGE_CURVE('',#2672,#2721,#2723,.T.);
#2721 = VERTEX_POINT('',#2722);
#2722 = CARTESIAN_POINT('',(31.765,32.,3.));
#2723 = SURFACE_CURVE('',#2724,(#2728,#2735),.PCURVE_S1.);
#2724 = LINE('',#2725,#2726);
#2725 = CARTESIAN_POINT('',(59.765,32.,3.));
#2726 = VECTOR('',#2727,1.);
#2727 = DIRECTION('',(-1.,0.,0.));
#2728 = PCURVE('',#1125,#2729);
#2729 = DEFINITIONAL_REPRESENTATION('',(#2730),#2734);
#2730 = LINE('',#2731,#2732);
#2731 = CARTESIAN_POINT('',(0.,-0.));
#2732 = VECTOR('',#2733,1.);
#2733 = DIRECTION('',(1.,0.));
#2734 = ( GEOMETRIC_REPRESENTATION_CONTEXT(2) 
PARAMETRIC_REPRESENTATION_CONTEXT() REPRESENTATION_CONTEXT('2D SPACE',''
  ) );
#2735 = PCURVE('',#2460,#2736);
#2736 = DEFINITIONAL_REPRESENTATION('',(#2737),#2741);
#2737 = LINE('',#2738,#2739);
#2738 = CARTESIAN_POINT('',(14.5,1.9));
#2739 = VECTOR('',#2740,1.);
#2740 = DIRECTION('',(-1.,0.));
#2741 = ( GEOMETRIC_REPRESENTATION_CONTEXT(2) 
PARAMETRIC_REPRESENTATION_CONTEXT() REPRESENTATION_CONTEXT('2D SPACE',''
  ) );
#2742 = ORIENTED_EDGE('',*,*,#2695,.T.);
#2743 = ORIENTED_EDGE('',*,*,#1110,.F.);
#2744 = ORIENTED_EDGE('',*,*,#2745,.F.);
#2745 = EDGE_CURVE('',#2721,#1082,#2746,.T.);
#2746 = SURFACE_CURVE('',#2747,(#2751,#2758),.PCURVE_S1.);
#2747 = LINE('',#2748,#2749);
#2748 = CARTESIAN_POINT('',(31.765,32.,3.));
#2749 = VECTOR('',#2750,1.);
#2750 = DIRECTION('',(0.,0.,1.));
#2751 = PCURVE('',#1125,#2752);
#2752 = DEFINITIONAL_REPRESENTATION('',(#2753),#2757);
#2753 = LINE('',#2754,#2755);
#2754 = CARTESIAN_POINT('',(28.,0.));
#2755 = VECTOR('',#2756,1.);
#2756 = DIRECTION('',(0.,-1.));
#2757 = ( GEOMETRIC_REPRESENTATION_CONTEXT(2) 
PARAMETRIC_REPRESENTATION_CONTEXT() REPRESENTATION_CONTEXT('2D SPACE',''
  ) );
#2758 = PCURVE('',#1098,#2759);
#2759 = DEFINITIONAL_REPRESENTATION('',(#2760),#2764);
#2760 = LINE('',#2761,#2762);
#2761 = CARTESIAN_POINT('',(0.,0.));
#2762 = VECTOR('',#2763,1.);
#2763 = DIRECTION('',(0.,1.));
#2764 = ( GEOMETRIC_REPRESENTATION_CONTEXT(2) 
PARAMETRIC_REPRESENTATION_CONTEXT() REPRESENTATION_CONTEXT('2D SPACE',''
  ) );
#2765 = FACE_BOUND('',#2766,.T.);
#2766 = EDGE_LOOP('',(#2767,#2795,#2824,#2850));
#2767 = ORIENTED_EDGE('',*,*,#2768,.F.);
#2768 = EDGE_CURVE('',#2769,#2771,#2773,.T.);
#2769 = VERTEX_POINT('',#2770);
#2770 = CARTESIAN_POINT('',(36.515,32.,6.4));
#2771 = VERTEX_POINT('',#2772);
#2772 = CARTESIAN_POINT('',(54.015,32.,6.4));
#2773 = SURFACE_CURVE('',#2774,(#2778,#2784),.PCURVE_S1.);
#2774 = LINE('',#2775,#2776);
#2775 = CARTESIAN_POINT('',(48.14,32.,6.4));
#2776 = VECTOR('',#2777,1.);
#2777 = DIRECTION('',(1.,0.,0.));
#2778 = PCURVE('',#1125,#2779);
#2779 = DEFINITIONAL_REPRESENTATION('',(#2780),#2783);
#2780 = B_SPLINE_CURVE_WITH_KNOTS('',1,(#2781,#2782),.UNSPECIFIED.,.F.,
  .F.,(2,2),(-11.625,5.875),.PIECEWISE_BEZIER_KNOTS.);
#2781 = CARTESIAN_POINT('',(23.25,-3.4));
#2782 = CARTESIAN_POINT('',(5.75,-3.4));
#2783 = ( GEOMETRIC_REPRESENTATION_CONTEXT(2) 
PARAMETRIC_REPRESENTATION_CONTEXT() REPRESENTATION_CONTEXT('2D SPACE',''
  ) );
#2784 = PCURVE('',#2785,#2790);
#2785 = PLANE('',#2786);
#2786 = AXIS2_PLACEMENT_3D('',#2787,#2788,#2789);
#2787 = CARTESIAN_POINT('',(36.515,29.5,6.4));
#2788 = DIRECTION('',(0.,1.110223024625E-16,-1.));
#2789 = DIRECTION('',(1.,0.,0.));
#2790 = DEFINITIONAL_REPRESENTATION('',(#2791),#2794);
#2791 = B_SPLINE_CURVE_WITH_KNOTS('',1,(#2792,#2793),.UNSPECIFIED.,.F.,
  .F.,(2,2),(-11.625,5.875),.PIECEWISE_BEZIER_KNOTS.);
#2792 = CARTESIAN_POINT('',(0.,-2.5));
#2793 = CARTESIAN_POINT('',(17.5,-2.5));
#2794 = ( GEOMETRIC_REPRESENTATION_CONTEXT(2) 
PARAMETRIC_REPRESENTATION_CONTEXT() REPRESENTATION_CONTEXT('2D SPACE',''
  ) );
#2795 = ORIENTED_EDGE('',*,*,#2796,.F.);
#2796 = EDGE_CURVE('',#2797,#2769,#2799,.T.);
#2797 = VERTEX_POINT('',#2798);
#2798 = CARTESIAN_POINT('',(36.515,32.,12.9));
#2799 = SURFACE_CURVE('',#2800,(#2805,#2812),.PCURVE_S1.);
#2800 = CIRCLE('',#2801,3.25);
#2801 = AXIS2_PLACEMENT_3D('',#2802,#2803,#2804);
#2802 = CARTESIAN_POINT('',(36.515,32.,9.65));
#2803 = DIRECTION('',(0.,-1.,-1.110223024625E-16));
#2804 = DIRECTION('',(0.,-1.110223024625E-16,1.));
#2805 = PCURVE('',#1125,#2806);
#2806 = DEFINITIONAL_REPRESENTATION('',(#2807),#2811);
#2807 = CIRCLE('',#2808,3.25);
#2808 = AXIS2_PLACEMENT_2D('',#2809,#2810);
#2809 = CARTESIAN_POINT('',(23.25,-6.65));
#2810 = DIRECTION('',(0.,-1.));
#2811 = ( GEOMETRIC_REPRESENTATION_CONTEXT(2) 
PARAMETRIC_REPRESENTATION_CONTEXT() REPRESENTATION_CONTEXT('2D SPACE',''
  ) );
#2812 = PCURVE('',#2813,#2818);
#2813 = CYLINDRICAL_SURFACE('',#2814,3.25);
#2814 = AXIS2_PLACEMENT_3D('',#2815,#2816,#2817);
#2815 = CARTESIAN_POINT('',(36.515,29.5,9.65));
#2816 = DIRECTION('',(0.,-1.,-1.110223024625E-16));
#2817 = DIRECTION('',(0.,-1.110223024625E-16,1.));
#2818 = DEFINITIONAL_REPRESENTATION('',(#2819),#2823);
#2819 = LINE('',#2820,#2821);
#2820 = CARTESIAN_POINT('',(0.,-2.5));
#2821 = VECTOR('',#2822,1.);
#2822 = DIRECTION('',(1.,0.));
#2823 = ( GEOMETRIC_REPRESENTATION_CONTEXT(2) 
PARAMETRIC_REPRESENTATION_CONTEXT() REPRESENTATION_CONTEXT('2D SPACE',''
  ) );
#2824 = ORIENTED_EDGE('',*,*,#2825,.F.);
#2825 = EDGE_CURVE('',#2826,#2797,#2828,.T.);
#2826 = VERTEX_POINT('',#2827);
#2827 = CARTESIAN_POINT('',(54.015,32.,12.9));
#2828 = SURFACE_CURVE('',#2829,(#2833,#2839),.PCURVE_S1.);
#2829 = LINE('',#2830,#2831);
#2830 = CARTESIAN_POINT('',(56.89,32.,12.9));
#2831 = VECTOR('',#2832,1.);
#2832 = DIRECTION('',(-1.,0.,0.));
#2833 = PCURVE('',#1125,#2834);
#2834 = DEFINITIONAL_REPRESENTATION('',(#2835),#2838);
#2835 = B_SPLINE_CURVE_WITH_KNOTS('',1,(#2836,#2837),.UNSPECIFIED.,.F.,
  .F.,(2,2),(2.875,20.375),.PIECEWISE_BEZIER_KNOTS.);
#2836 = CARTESIAN_POINT('',(5.75,-9.9));
#2837 = CARTESIAN_POINT('',(23.25,-9.9));
#2838 = ( GEOMETRIC_REPRESENTATION_CONTEXT(2) 
PARAMETRIC_REPRESENTATION_CONTEXT() REPRESENTATION_CONTEXT('2D SPACE',''
  ) );
#2839 = PCURVE('',#2840,#2845);
#2840 = PLANE('',#2841);
#2841 = AXIS2_PLACEMENT_3D('',#2842,#2843,#2844);
#2842 = CARTESIAN_POINT('',(54.015,29.5,12.9));
#2843 = DIRECTION('',(0.,-1.110223024625E-16,1.));
#2844 = DIRECTION('',(-1.,0.,0.));
#2845 = DEFINITIONAL_REPRESENTATION('',(#2846),#2849);
#2846 = B_SPLINE_CURVE_WITH_KNOTS('',1,(#2847,#2848),.UNSPECIFIED.,.F.,
  .F.,(2,2),(2.875,20.375),.PIECEWISE_BEZIER_KNOTS.);
#2847 = CARTESIAN_POINT('',(0.,-2.5));
#2848 = CARTESIAN_POINT('',(17.5,-2.5));
#2849 = ( GEOMETRIC_REPRESENTATION_CONTEXT(2) 
PARAMETRIC_REPRESENTATION_CONTEXT() REPRESENTATION_CONTEXT('2D SPACE',''
  ) );
#2850 = ORIENTED_EDGE('',*,*,#2851,.F.);
#2851 = EDGE_CURVE('',#2771,#2826,#2852,.T.);
#2852 = SURFACE_CURVE('',#2853,(#2858,#2865),.PCURVE_S1.);
#2853 = CIRCLE('',#2854,3.25);
#2854 = AXIS2_PLACEMENT_3D('',#2855,#2856,#2857);
#2855 = CARTESIAN_POINT('',(54.015,32.,9.65));
#2856 = DIRECTION('',(0.,-1.,-1.110223024625E-16));
#2857 = DIRECTION('',(0.,1.110223024625E-16,-1.));
#2858 = PCURVE('',#1125,#2859);
#2859 = DEFINITIONAL_REPRESENTATION('',(#2860),#2864);
#2860 = CIRCLE('',#2861,3.25);
#2861 = AXIS2_PLACEMENT_2D('',#2862,#2863);
#2862 = CARTESIAN_POINT('',(5.75,-6.65));
#2863 = DIRECTION('',(0.,1.));
#2864 = ( GEOMETRIC_REPRESENTATION_CONTEXT(2) 
PARAMETRIC_REPRESENTATION_CONTEXT() REPRESENTATION_CONTEXT('2D SPACE',''
  ) );
#2865 = PCURVE('',#2866,#2871);
#2866 = CYLINDRICAL_SURFACE('',#2867,3.25);
#2867 = AXIS2_PLACEMENT_3D('',#2868,#2869,#2870);
#2868 = CARTESIAN_POINT('',(54.015,29.5,9.65));
#2869 = DIRECTION('',(0.,-1.,-1.110223024625E-16));
#2870 = DIRECTION('',(0.,1.110223024625E-16,-1.));
#2871 = DEFINITIONAL_REPRESENTATION('',(#2872),#2876);
#2872 = LINE('',#2873,#2874);
#2873 = CARTESIAN_POINT('',(0.,-2.5));
#2874 = VECTOR('',#2875,1.);
#2875 = DIRECTION('',(1.,0.));
#2876 = ( GEOMETRIC_REPRESENTATION_CONTEXT(2) 
PARAMETRIC_REPRESENTATION_CONTEXT() REPRESENTATION_CONTEXT('2D SPACE',''
  ) );
#2877 = ADVANCED_FACE('',(#2878),#1098,.F.);
#2878 = FACE_BOUND('',#2879,.F.);
#2879 = EDGE_LOOP('',(#2880,#2881,#2905,#2926));
#2880 = ORIENTED_EDGE('',*,*,#2745,.F.);
#2881 = ORIENTED_EDGE('',*,*,#2882,.T.);
#2882 = EDGE_CURVE('',#2721,#2883,#2885,.T.);
#2883 = VERTEX_POINT('',#2884);
#2884 = CARTESIAN_POINT('',(30.765,31.,3.));
#2885 = SURFACE_CURVE('',#2886,(#2891,#2898),.PCURVE_S1.);
#2886 = CIRCLE('',#2887,1.);
#2887 = AXIS2_PLACEMENT_3D('',#2888,#2889,#2890);
#2888 = CARTESIAN_POINT('',(31.765,31.,3.));
#2889 = DIRECTION('',(0.,0.,1.));
#2890 = DIRECTION('',(0.,-1.,0.));
#2891 = PCURVE('',#1098,#2892);
#2892 = DEFINITIONAL_REPRESENTATION('',(#2893),#2897);
#2893 = LINE('',#2894,#2895);
#2894 = CARTESIAN_POINT('',(-3.14159265359,-4.440892098501E-16));
#2895 = VECTOR('',#2896,1.);
#2896 = DIRECTION('',(1.,0.));
#2897 = ( GEOMETRIC_REPRESENTATION_CONTEXT(2) 
PARAMETRIC_REPRESENTATION_CONTEXT() REPRESENTATION_CONTEXT('2D SPACE',''
  ) );
#2898 = PCURVE('',#2460,#2899);
#2899 = DEFINITIONAL_REPRESENTATION('',(#2900),#2904);
#2900 = CIRCLE('',#2901,1.);
#2901 = AXIS2_PLACEMENT_2D('',#2902,#2903);
#2902 = CARTESIAN_POINT('',(-13.5,0.9));
#2903 = DIRECTION('',(0.,-1.));
#2904 = ( GEOMETRIC_REPRESENTATION_CONTEXT(2) 
PARAMETRIC_REPRESENTATION_CONTEXT() REPRESENTATION_CONTEXT('2D SPACE',''
  ) );
#2905 = ORIENTED_EDGE('',*,*,#2906,.T.);
#2906 = EDGE_CURVE('',#2883,#1056,#2907,.T.);
#2907 = SURFACE_CURVE('',#2908,(#2912,#2919),.PCURVE_S1.);
#2908 = LINE('',#2909,#2910);
#2909 = CARTESIAN_POINT('',(30.765,31.,3.));
#2910 = VECTOR('',#2911,1.);
#2911 = DIRECTION('',(0.,0.,1.));
#2912 = PCURVE('',#1098,#2913);
#2913 = DEFINITIONAL_REPRESENTATION('',(#2914),#2918);
#2914 = LINE('',#2915,#2916);
#2915 = CARTESIAN_POINT('',(1.570796326795,0.));
#2916 = VECTOR('',#2917,1.);
#2917 = DIRECTION('',(0.,1.));
#2918 = ( GEOMETRIC_REPRESENTATION_CONTEXT(2) 
PARAMETRIC_REPRESENTATION_CONTEXT() REPRESENTATION_CONTEXT('2D SPACE',''
  ) );
#2919 = PCURVE('',#1070,#2920);
#2920 = DEFINITIONAL_REPRESENTATION('',(#2921),#2925);
#2921 = LINE('',#2922,#2923);
#2922 = CARTESIAN_POINT('',(1.,0.));
#2923 = VECTOR('',#2924,1.);
#2924 = DIRECTION('',(0.,-1.));
#2925 = ( GEOMETRIC_REPRESENTATION_CONTEXT(2) 
PARAMETRIC_REPRESENTATION_CONTEXT() REPRESENTATION_CONTEXT('2D SPACE',''
  ) );
#2926 = ORIENTED_EDGE('',*,*,#1081,.F.);
#2927 = ADVANCED_FACE('',(#2928),#1070,.T.);
#2928 = FACE_BOUND('',#2929,.T.);
#2929 = EDGE_LOOP('',(#2930,#2953,#2954,#2955,#2976,#3002,#3023));
#2930 = ORIENTED_EDGE('',*,*,#2931,.F.);
#2931 = EDGE_CURVE('',#2883,#2932,#2934,.T.);
#2932 = VERTEX_POINT('',#2933);
#2933 = CARTESIAN_POINT('',(30.765,28.2,3.));
#2934 = SURFACE_CURVE('',#2935,(#2939,#2946),.PCURVE_S1.);
#2935 = LINE('',#2936,#2937);
#2936 = CARTESIAN_POINT('',(30.765,32.,3.));
#2937 = VECTOR('',#2938,1.);
#2938 = DIRECTION('',(0.,-1.,0.));
#2939 = PCURVE('',#1070,#2940);
#2940 = DEFINITIONAL_REPRESENTATION('',(#2941),#2945);
#2941 = LINE('',#2942,#2943);
#2942 = CARTESIAN_POINT('',(0.,0.));
#2943 = VECTOR('',#2944,1.);
#2944 = DIRECTION('',(1.,0.));
#2945 = ( GEOMETRIC_REPRESENTATION_CONTEXT(2) 
PARAMETRIC_REPRESENTATION_CONTEXT() REPRESENTATION_CONTEXT('2D SPACE',''
  ) );
#2946 = PCURVE('',#2460,#2947);
#2947 = DEFINITIONAL_REPRESENTATION('',(#2948),#2952);
#2948 = LINE('',#2949,#2950);
#2949 = CARTESIAN_POINT('',(-14.5,1.9));
#2950 = VECTOR('',#2951,1.);
#2951 = DIRECTION('',(0.,-1.));
#2952 = ( GEOMETRIC_REPRESENTATION_CONTEXT(2) 
PARAMETRIC_REPRESENTATION_CONTEXT() REPRESENTATION_CONTEXT('2D SPACE',''
  ) );
#2953 = ORIENTED_EDGE('',*,*,#2906,.T.);
#2954 = ORIENTED_EDGE('',*,*,#1055,.F.);
#2955 = ORIENTED_EDGE('',*,*,#2956,.F.);
#2956 = EDGE_CURVE('',#2957,#1028,#2959,.T.);
#2957 = VERTEX_POINT('',#2958);
#2958 = CARTESIAN_POINT('',(30.765,30.5,18.7));
#2959 = SURFACE_CURVE('',#2960,(#2964,#2970),.PCURVE_S1.);
#2960 = LINE('',#2961,#2962);
#2961 = CARTESIAN_POINT('',(30.765,27.025,15.225));
#2962 = VECTOR('',#2963,1.);
#2963 = DIRECTION('',(0.,0.707106781187,0.707106781187));
#2964 = PCURVE('',#1070,#2965);
#2965 = DEFINITIONAL_REPRESENTATION('',(#2966),#2969);
#2966 = B_SPLINE_CURVE_WITH_KNOTS('',1,(#2967,#2968),.UNSPECIFIED.,.F.,
  .F.,(2,2),(4.914392129247,5.338656197958),.PIECEWISE_BEZIER_KNOTS.);
#2967 = CARTESIAN_POINT('',(1.5,-15.7));
#2968 = CARTESIAN_POINT('',(1.2,-16.));
#2969 = ( GEOMETRIC_REPRESENTATION_CONTEXT(2) 
PARAMETRIC_REPRESENTATION_CONTEXT() REPRESENTATION_CONTEXT('2D SPACE',''
  ) );
#2970 = PCURVE('',#1043,#2971);
#2971 = DEFINITIONAL_REPRESENTATION('',(#2972),#2975);
#2972 = B_SPLINE_CURVE_WITH_KNOTS('',1,(#2973,#2974),.UNSPECIFIED.,.F.,
  .F.,(2,2),(4.914392129247,5.338656197958),.PIECEWISE_BEZIER_KNOTS.);
#2973 = CARTESIAN_POINT('',(23.235,0.212132034356));
#2974 = CARTESIAN_POINT('',(23.235,-0.212132034356));
#2975 = ( GEOMETRIC_REPRESENTATION_CONTEXT(2) 
PARAMETRIC_REPRESENTATION_CONTEXT() REPRESENTATION_CONTEXT('2D SPACE',''
  ) );
#2976 = ORIENTED_EDGE('',*,*,#2977,.F.);
#2977 = EDGE_CURVE('',#2978,#2957,#2980,.T.);
#2978 = VERTEX_POINT('',#2979);
#2979 = CARTESIAN_POINT('',(30.765,30.5,8.5));
#2980 = SURFACE_CURVE('',#2981,(#2985,#2991),.PCURVE_S1.);
#2981 = LINE('',#2982,#2983);
#2982 = CARTESIAN_POINT('',(30.765,30.5,3.));
#2983 = VECTOR('',#2984,1.);
#2984 = DIRECTION('',(0.,0.,1.));
#2985 = PCURVE('',#1070,#2986);
#2986 = DEFINITIONAL_REPRESENTATION('',(#2987),#2990);
#2987 = B_SPLINE_CURVE_WITH_KNOTS('',1,(#2988,#2989),.UNSPECIFIED.,.F.,
  .F.,(2,2),(0.,15.7),.PIECEWISE_BEZIER_KNOTS.);
#2988 = CARTESIAN_POINT('',(1.5,0.));
#2989 = CARTESIAN_POINT('',(1.5,-15.7));
#2990 = ( GEOMETRIC_REPRESENTATION_CONTEXT(2) 
PARAMETRIC_REPRESENTATION_CONTEXT() REPRESENTATION_CONTEXT('2D SPACE',''
  ) );
#2991 = PCURVE('',#2992,#2997);
#2992 = PLANE('',#2993);
#2993 = AXIS2_PLACEMENT_3D('',#2994,#2995,#2996);
#2994 = CARTESIAN_POINT('',(60.5,30.5,3.));
#2995 = DIRECTION('',(0.,-1.,0.));
#2996 = DIRECTION('',(-1.,0.,0.));
#2997 = DEFINITIONAL_REPRESENTATION('',(#2998),#3001);
#2998 = B_SPLINE_CURVE_WITH_KNOTS('',1,(#2999,#3000),.UNSPECIFIED.,.F.,
  .F.,(2,2),(0.,15.7),.PIECEWISE_BEZIER_KNOTS.);
#2999 = CARTESIAN_POINT('',(29.735,0.));
#3000 = CARTESIAN_POINT('',(29.735,-15.7));
#3001 = ( GEOMETRIC_REPRESENTATION_CONTEXT(2) 
PARAMETRIC_REPRESENTATION_CONTEXT() REPRESENTATION_CONTEXT('2D SPACE',''
  ) );
#3002 = ORIENTED_EDGE('',*,*,#3003,.F.);
#3003 = EDGE_CURVE('',#3004,#2978,#3006,.T.);
#3004 = VERTEX_POINT('',#3005);
#3005 = CARTESIAN_POINT('',(30.765,28.2,8.5));
#3006 = SURFACE_CURVE('',#3007,(#3011,#3017),.PCURVE_S1.);
#3007 = LINE('',#3008,#3009);
#3008 = CARTESIAN_POINT('',(30.765,16.5125,8.5));
#3009 = VECTOR('',#3010,1.);
#3010 = DIRECTION('',(-0.,1.,0.));
#3011 = PCURVE('',#1070,#3012);
#3012 = DEFINITIONAL_REPRESENTATION('',(#3013),#3016);
#3013 = B_SPLINE_CURVE_WITH_KNOTS('',1,(#3014,#3015),.UNSPECIFIED.,.F.,
  .F.,(2,2),(11.6875,13.9875),.PIECEWISE_BEZIER_KNOTS.);
#3014 = CARTESIAN_POINT('',(3.8,-5.5));
#3015 = CARTESIAN_POINT('',(1.5,-5.5));
#3016 = ( GEOMETRIC_REPRESENTATION_CONTEXT(2) 
PARAMETRIC_REPRESENTATION_CONTEXT() REPRESENTATION_CONTEXT('2D SPACE',''
  ) );
#3017 = PCURVE('',#2565,#3018);
#3018 = DEFINITIONAL_REPRESENTATION('',(#3019),#3022);
#3019 = B_SPLINE_CURVE_WITH_KNOTS('',1,(#3020,#3021),.UNSPECIFIED.,.F.,
  .F.,(2,2),(11.6875,13.9875),.PIECEWISE_BEZIER_KNOTS.);
#3020 = CARTESIAN_POINT('',(-28.535,27.175));
#3021 = CARTESIAN_POINT('',(-28.535,29.475));
#3022 = ( GEOMETRIC_REPRESENTATION_CONTEXT(2) 
PARAMETRIC_REPRESENTATION_CONTEXT() REPRESENTATION_CONTEXT('2D SPACE',''
  ) );
#3023 = ORIENTED_EDGE('',*,*,#3024,.F.);
#3024 = EDGE_CURVE('',#2932,#3004,#3025,.T.);
#3025 = SURFACE_CURVE('',#3026,(#3030,#3037),.PCURVE_S1.);
#3026 = LINE('',#3027,#3028);
#3027 = CARTESIAN_POINT('',(30.765,28.2,3.));
#3028 = VECTOR('',#3029,1.);
#3029 = DIRECTION('',(0.,0.,1.));
#3030 = PCURVE('',#1070,#3031);
#3031 = DEFINITIONAL_REPRESENTATION('',(#3032),#3036);
#3032 = LINE('',#3033,#3034);
#3033 = CARTESIAN_POINT('',(3.8,0.));
#3034 = VECTOR('',#3035,1.);
#3035 = DIRECTION('',(0.,-1.));
#3036 = ( GEOMETRIC_REPRESENTATION_CONTEXT(2) 
PARAMETRIC_REPRESENTATION_CONTEXT() REPRESENTATION_CONTEXT('2D SPACE',''
  ) );
#3037 = PCURVE('',#3038,#3043);
#3038 = PLANE('',#3039);
#3039 = AXIS2_PLACEMENT_3D('',#3040,#3041,#3042);
#3040 = CARTESIAN_POINT('',(30.765,28.2,3.));
#3041 = DIRECTION('',(0.,1.,0.));
#3042 = DIRECTION('',(1.,0.,0.));
#3043 = DEFINITIONAL_REPRESENTATION('',(#3044),#3048);
#3044 = LINE('',#3045,#3046);
#3045 = CARTESIAN_POINT('',(0.,0.));
#3046 = VECTOR('',#3047,1.);
#3047 = DIRECTION('',(0.,-1.));
#3048 = ( GEOMETRIC_REPRESENTATION_CONTEXT(2) 
PARAMETRIC_REPRESENTATION_CONTEXT() REPRESENTATION_CONTEXT('2D SPACE',''
  ) );
#3049 = ADVANCED_FACE('',(#3050),#1043,.T.);
#3050 = FACE_BOUND('',#3051,.T.);
#3051 = EDGE_LOOP('',(#3052,#3053,#3054,#3075));
#3052 = ORIENTED_EDGE('',*,*,#2956,.T.);
#3053 = ORIENTED_EDGE('',*,*,#1027,.T.);
#3054 = ORIENTED_EDGE('',*,*,#3055,.T.);
#3055 = EDGE_CURVE('',#999,#3056,#3058,.T.);
#3056 = VERTEX_POINT('',#3057);
#3057 = CARTESIAN_POINT('',(-54.,30.5,18.7));
#3058 = SURFACE_CURVE('',#3059,(#3063,#3069),.PCURVE_S1.);
#3059 = LINE('',#3060,#3061);
#3060 = CARTESIAN_POINT('',(-54.,30.65,18.85));
#3061 = VECTOR('',#3062,1.);
#3062 = DIRECTION('',(-0.,-0.707106781187,-0.707106781187));
#3063 = PCURVE('',#1043,#3064);
#3064 = DEFINITIONAL_REPRESENTATION('',(#3065),#3068);
#3065 = B_SPLINE_CURVE_WITH_KNOTS('',1,(#3066,#3067),.UNSPECIFIED.,.F.,
  .F.,(2,2),(-0.212132034356,0.212132034356),.PIECEWISE_BEZIER_KNOTS.);
#3066 = CARTESIAN_POINT('',(108.,-0.212132034356));
#3067 = CARTESIAN_POINT('',(108.,0.212132034356));
#3068 = ( GEOMETRIC_REPRESENTATION_CONTEXT(2) 
PARAMETRIC_REPRESENTATION_CONTEXT() REPRESENTATION_CONTEXT('2D SPACE',''
  ) );
#3069 = PCURVE('',#1015,#3070);
#3070 = DEFINITIONAL_REPRESENTATION('',(#3071),#3074);
#3071 = B_SPLINE_CURVE_WITH_KNOTS('',1,(#3072,#3073),.UNSPECIFIED.,.F.,
  .F.,(2,2),(-0.212132034356,0.212132034356),.PIECEWISE_BEZIER_KNOTS.);
#3072 = CARTESIAN_POINT('',(0.,0.3));
#3073 = CARTESIAN_POINT('',(0.,5.887846720064E-16));
#3074 = ( GEOMETRIC_REPRESENTATION_CONTEXT(2) 
PARAMETRIC_REPRESENTATION_CONTEXT() REPRESENTATION_CONTEXT('2D SPACE',''
  ) );
#3075 = ORIENTED_EDGE('',*,*,#3076,.F.);
#3076 = EDGE_CURVE('',#2957,#3056,#3077,.T.);
#3077 = SURFACE_CURVE('',#3078,(#3082,#3089),.PCURVE_S1.);
#3078 = LINE('',#3079,#3080);
#3079 = CARTESIAN_POINT('',(54.,30.5,18.7));
#3080 = VECTOR('',#3081,1.);
#3081 = DIRECTION('',(-1.,-0.,0.));
#3082 = PCURVE('',#1043,#3083);
#3083 = DEFINITIONAL_REPRESENTATION('',(#3084),#3088);
#3084 = LINE('',#3085,#3086);
#3085 = CARTESIAN_POINT('',(0.,0.212132034356));
#3086 = VECTOR('',#3087,1.);
#3087 = DIRECTION('',(1.,0.));
#3088 = ( GEOMETRIC_REPRESENTATION_CONTEXT(2) 
PARAMETRIC_REPRESENTATION_CONTEXT() REPRESENTATION_CONTEXT('2D SPACE',''
  ) );
#3089 = PCURVE('',#2992,#3090);
#3090 = DEFINITIONAL_REPRESENTATION('',(#3091),#3095);
#3091 = LINE('',#3092,#3093);
#3092 = CARTESIAN_POINT('',(6.5,-15.7));
#3093 = VECTOR('',#3094,1.);
#3094 = DIRECTION('',(1.,0.));
#3095 = ( GEOMETRIC_REPRESENTATION_CONTEXT(2) 
PARAMETRIC_REPRESENTATION_CONTEXT() REPRESENTATION_CONTEXT('2D SPACE',''
  ) );
#3096 = ADVANCED_FACE('',(#3097),#1015,.F.);
#3097 = FACE_BOUND('',#3098,.T.);
#3098 = EDGE_LOOP('',(#3099,#3100,#3101,#3122));
#3099 = ORIENTED_EDGE('',*,*,#3055,.F.);
#3100 = ORIENTED_EDGE('',*,*,#998,.T.);
#3101 = ORIENTED_EDGE('',*,*,#3102,.T.);
#3102 = EDGE_CURVE('',#971,#3103,#3105,.T.);
#3103 = VERTEX_POINT('',#3104);
#3104 = CARTESIAN_POINT('',(-60.5,24.,18.7));
#3105 = SURFACE_CURVE('',#3106,(#3110,#3116),.PCURVE_S1.);
#3106 = LINE('',#3107,#3108);
#3107 = CARTESIAN_POINT('',(-60.5,24.,18.7));
#3108 = VECTOR('',#3109,1.);
#3109 = DIRECTION('',(0.707106781187,-4.329780281177E-17,-0.707106781187
    ));
#3110 = PCURVE('',#1015,#3111);
#3111 = DEFINITIONAL_REPRESENTATION('',(#3112),#3115);
#3112 = B_SPLINE_CURVE_WITH_KNOTS('',1,(#3113,#3114),.UNSPECIFIED.,.F.,
  .F.,(2,2),(-0.424264068712,0.),.PIECEWISE_BEZIER_KNOTS.);
#3113 = CARTESIAN_POINT('',(1.570796326795,0.3));
#3114 = CARTESIAN_POINT('',(1.570796326795,0.));
#3115 = ( GEOMETRIC_REPRESENTATION_CONTEXT(2) 
PARAMETRIC_REPRESENTATION_CONTEXT() REPRESENTATION_CONTEXT('2D SPACE',''
  ) );
#3116 = PCURVE('',#986,#3117);
#3117 = DEFINITIONAL_REPRESENTATION('',(#3118),#3121);
#3118 = B_SPLINE_CURVE_WITH_KNOTS('',1,(#3119,#3120),.UNSPECIFIED.,.F.,
  .F.,(2,2),(-0.424264068712,0.),.PIECEWISE_BEZIER_KNOTS.);
#3119 = CARTESIAN_POINT('',(0.,-0.212132034356));
#3120 = CARTESIAN_POINT('',(0.,0.212132034356));
#3121 = ( GEOMETRIC_REPRESENTATION_CONTEXT(2) 
PARAMETRIC_REPRESENTATION_CONTEXT() REPRESENTATION_CONTEXT('2D SPACE',''
  ) );
#3122 = ORIENTED_EDGE('',*,*,#3123,.F.);
#3123 = EDGE_CURVE('',#3056,#3103,#3124,.T.);
#3124 = SURFACE_CURVE('',#3125,(#3130,#3137),.PCURVE_S1.);
#3125 = CIRCLE('',#3126,6.5);
#3126 = AXIS2_PLACEMENT_3D('',#3127,#3128,#3129);
#3127 = CARTESIAN_POINT('',(-54.,24.,18.7));
#3128 = DIRECTION('',(0.,-0.,1.));
#3129 = DIRECTION('',(0.,1.,0.));
#3130 = PCURVE('',#1015,#3131);
#3131 = DEFINITIONAL_REPRESENTATION('',(#3132),#3136);
#3132 = LINE('',#3133,#3134);
#3133 = CARTESIAN_POINT('',(0.,-0.));
#3134 = VECTOR('',#3135,1.);
#3135 = DIRECTION('',(1.,-0.));
#3136 = ( GEOMETRIC_REPRESENTATION_CONTEXT(2) 
PARAMETRIC_REPRESENTATION_CONTEXT() REPRESENTATION_CONTEXT('2D SPACE',''
  ) );
#3137 = PCURVE('',#3138,#3143);
#3138 = CYLINDRICAL_SURFACE('',#3139,6.5);
#3139 = AXIS2_PLACEMENT_3D('',#3140,#3141,#3142);
#3140 = CARTESIAN_POINT('',(-54.,24.,3.));
#3141 = DIRECTION('',(0.,0.,1.));
#3142 = DIRECTION('',(-0.,1.,0.));
#3143 = DEFINITIONAL_REPRESENTATION('',(#3144),#3148);
#3144 = LINE('',#3145,#3146);
#3145 = CARTESIAN_POINT('',(0.,15.7));
#3146 = VECTOR('',#3147,1.);
#3147 = DIRECTION('',(1.,0.));
#3148 = ( GEOMETRIC_REPRESENTATION_CONTEXT(2) 
PARAMETRIC_REPRESENTATION_CONTEXT() REPRESENTATION_CONTEXT('2D SPACE',''
  ) );
#3149 = ADVANCED_FACE('',(#3150),#986,.T.);
#3150 = FACE_BOUND('',#3151,.T.);
#3151 = EDGE_LOOP('',(#3152,#3153,#3154,#3175));
#3152 = ORIENTED_EDGE('',*,*,#3102,.F.);
#3153 = ORIENTED_EDGE('',*,*,#970,.T.);
#3154 = ORIENTED_EDGE('',*,*,#3155,.T.);
#3155 = EDGE_CURVE('',#942,#3156,#3158,.T.);
#3156 = VERTEX_POINT('',#3157);
#3157 = CARTESIAN_POINT('',(-60.5,-24.,18.7));
#3158 = SURFACE_CURVE('',#3159,(#3163,#3169),.PCURVE_S1.);
#3159 = LINE('',#3160,#3161);
#3160 = CARTESIAN_POINT('',(-60.65,-24.,18.85));
#3161 = VECTOR('',#3162,1.);
#3162 = DIRECTION('',(0.707106781187,0.,-0.707106781187));
#3163 = PCURVE('',#986,#3164);
#3164 = DEFINITIONAL_REPRESENTATION('',(#3165),#3168);
#3165 = B_SPLINE_CURVE_WITH_KNOTS('',1,(#3166,#3167),.UNSPECIFIED.,.F.,
  .F.,(2,2),(-0.212132034356,0.212132034356),.PIECEWISE_BEZIER_KNOTS.);
#3166 = CARTESIAN_POINT('',(48.,-0.212132034356));
#3167 = CARTESIAN_POINT('',(48.,0.212132034356));
#3168 = ( GEOMETRIC_REPRESENTATION_CONTEXT(2) 
PARAMETRIC_REPRESENTATION_CONTEXT() REPRESENTATION_CONTEXT('2D SPACE',''
  ) );
#3169 = PCURVE('',#958,#3170);
#3170 = DEFINITIONAL_REPRESENTATION('',(#3171),#3174);
#3171 = B_SPLINE_CURVE_WITH_KNOTS('',1,(#3172,#3173),.UNSPECIFIED.,.F.,
  .F.,(2,2),(-0.212132034356,0.212132034356),.PIECEWISE_BEZIER_KNOTS.);
#3172 = CARTESIAN_POINT('',(0.,0.3));
#3173 = CARTESIAN_POINT('',(0.,5.887846720064E-16));
#3174 = ( GEOMETRIC_REPRESENTATION_CONTEXT(2) 
PARAMETRIC_REPRESENTATION_CONTEXT() REPRESENTATION_CONTEXT('2D SPACE',''
  ) );
#3175 = ORIENTED_EDGE('',*,*,#3176,.F.);
#3176 = EDGE_CURVE('',#3103,#3156,#3177,.T.);
#3177 = SURFACE_CURVE('',#3178,(#3182,#3189),.PCURVE_S1.);
#3178 = LINE('',#3179,#3180);
#3179 = CARTESIAN_POINT('',(-60.5,24.,18.7));
#3180 = VECTOR('',#3181,1.);
#3181 = DIRECTION('',(0.,-1.,-0.));
#3182 = PCURVE('',#986,#3183);
#3183 = DEFINITIONAL_REPRESENTATION('',(#3184),#3188);
#3184 = LINE('',#3185,#3186);
#3185 = CARTESIAN_POINT('',(0.,0.212132034356));
#3186 = VECTOR('',#3187,1.);
#3187 = DIRECTION('',(1.,0.));
#3188 = ( GEOMETRIC_REPRESENTATION_CONTEXT(2) 
PARAMETRIC_REPRESENTATION_CONTEXT() REPRESENTATION_CONTEXT('2D SPACE',''
  ) );
#3189 = PCURVE('',#3190,#3195);
#3190 = PLANE('',#3191);
#3191 = AXIS2_PLACEMENT_3D('',#3192,#3193,#3194);
#3192 = CARTESIAN_POINT('',(-60.5,30.5,3.));
#3193 = DIRECTION('',(1.,0.,-0.));
#3194 = DIRECTION('',(0.,-1.,0.));
#3195 = DEFINITIONAL_REPRESENTATION('',(#3196),#3200);
#3196 = LINE('',#3197,#3198);
#3197 = CARTESIAN_POINT('',(6.5,-15.7));
#3198 = VECTOR('',#3199,1.);
#3199 = DIRECTION('',(1.,0.));
#3200 = ( GEOMETRIC_REPRESENTATION_CONTEXT(2) 
PARAMETRIC_REPRESENTATION_CONTEXT() REPRESENTATION_CONTEXT('2D SPACE',''
  ) );
#3201 = ADVANCED_FACE('',(#3202),#958,.F.);
#3202 = FACE_BOUND('',#3203,.T.);
#3203 = EDGE_LOOP('',(#3204,#3205,#3206,#3227));
#3204 = ORIENTED_EDGE('',*,*,#3155,.F.);
#3205 = ORIENTED_EDGE('',*,*,#941,.T.);
#3206 = ORIENTED_EDGE('',*,*,#3207,.T.);
#3207 = EDGE_CURVE('',#914,#3208,#3210,.T.);
#3208 = VERTEX_POINT('',#3209);
#3209 = CARTESIAN_POINT('',(-54.,-30.5,18.7));
#3210 = SURFACE_CURVE('',#3211,(#3215,#3221),.PCURVE_S1.);
#3211 = LINE('',#3212,#3213);
#3212 = CARTESIAN_POINT('',(-54.,-30.5,18.7));
#3213 = VECTOR('',#3214,1.);
#3214 = DIRECTION('',(4.329780281177E-17,0.707106781187,-0.707106781187)
  );
#3215 = PCURVE('',#958,#3216);
#3216 = DEFINITIONAL_REPRESENTATION('',(#3217),#3220);
#3217 = B_SPLINE_CURVE_WITH_KNOTS('',1,(#3218,#3219),.UNSPECIFIED.,.F.,
  .F.,(2,2),(-0.424264068712,0.),.PIECEWISE_BEZIER_KNOTS.);
#3218 = CARTESIAN_POINT('',(1.570796326795,0.3));
#3219 = CARTESIAN_POINT('',(1.570796326795,0.));
#3220 = ( GEOMETRIC_REPRESENTATION_CONTEXT(2) 
PARAMETRIC_REPRESENTATION_CONTEXT() REPRESENTATION_CONTEXT('2D SPACE',''
  ) );
#3221 = PCURVE('',#929,#3222);
#3222 = DEFINITIONAL_REPRESENTATION('',(#3223),#3226);
#3223 = B_SPLINE_CURVE_WITH_KNOTS('',1,(#3224,#3225),.UNSPECIFIED.,.F.,
  .F.,(2,2),(-0.424264068712,0.),.PIECEWISE_BEZIER_KNOTS.);
#3224 = CARTESIAN_POINT('',(0.,-0.212132034356));
#3225 = CARTESIAN_POINT('',(0.,0.212132034356));
#3226 = ( GEOMETRIC_REPRESENTATION_CONTEXT(2) 
PARAMETRIC_REPRESENTATION_CONTEXT() REPRESENTATION_CONTEXT('2D SPACE',''
  ) );
#3227 = ORIENTED_EDGE('',*,*,#3228,.F.);
#3228 = EDGE_CURVE('',#3156,#3208,#3229,.T.);
#3229 = SURFACE_CURVE('',#3230,(#3235,#3242),.PCURVE_S1.);
#3230 = CIRCLE('',#3231,6.5);
#3231 = AXIS2_PLACEMENT_3D('',#3232,#3233,#3234);
#3232 = CARTESIAN_POINT('',(-54.,-24.,18.7));
#3233 = DIRECTION('',(0.,0.,1.));
#3234 = DIRECTION('',(-1.,0.,0.));
#3235 = PCURVE('',#958,#3236);
#3236 = DEFINITIONAL_REPRESENTATION('',(#3237),#3241);
#3237 = LINE('',#3238,#3239);
#3238 = CARTESIAN_POINT('',(0.,-0.));
#3239 = VECTOR('',#3240,1.);
#3240 = DIRECTION('',(1.,-0.));
#3241 = ( GEOMETRIC_REPRESENTATION_CONTEXT(2) 
PARAMETRIC_REPRESENTATION_CONTEXT() REPRESENTATION_CONTEXT('2D SPACE',''
  ) );
#3242 = PCURVE('',#3243,#3248);
#3243 = CYLINDRICAL_SURFACE('',#3244,6.5);
#3244 = AXIS2_PLACEMENT_3D('',#3245,#3246,#3247);
#3245 = CARTESIAN_POINT('',(-54.,-24.,3.));
#3246 = DIRECTION('',(0.,0.,1.));
#3247 = DIRECTION('',(0.,-1.,0.));
#3248 = DEFINITIONAL_REPRESENTATION('',(#3249),#3253);
#3249 = LINE('',#3250,#3251);
#3250 = CARTESIAN_POINT('',(-1.570796326795,15.7));
#3251 = VECTOR('',#3252,1.);
#3252 = DIRECTION('',(1.,-0.));
#3253 = ( GEOMETRIC_REPRESENTATION_CONTEXT(2) 
PARAMETRIC_REPRESENTATION_CONTEXT() REPRESENTATION_CONTEXT('2D SPACE',''
  ) );
#3254 = ADVANCED_FACE('',(#3255),#929,.T.);
#3255 = FACE_BOUND('',#3256,.T.);
#3256 = EDGE_LOOP('',(#3257,#3258,#3259,#3260));
#3257 = ORIENTED_EDGE('',*,*,#3207,.F.);
#3258 = ORIENTED_EDGE('',*,*,#913,.T.);
#3259 = ORIENTED_EDGE('',*,*,#2258,.T.);
#3260 = ORIENTED_EDGE('',*,*,#3261,.F.);
#3261 = EDGE_CURVE('',#3208,#2259,#3262,.T.);
#3262 = SURFACE_CURVE('',#3263,(#3267,#3274),.PCURVE_S1.);
#3263 = LINE('',#3264,#3265);
#3264 = CARTESIAN_POINT('',(-54.,-30.5,18.7));
#3265 = VECTOR('',#3266,1.);
#3266 = DIRECTION('',(1.,-0.,-0.));
#3267 = PCURVE('',#929,#3268);
#3268 = DEFINITIONAL_REPRESENTATION('',(#3269),#3273);
#3269 = LINE('',#3270,#3271);
#3270 = CARTESIAN_POINT('',(0.,0.212132034356));
#3271 = VECTOR('',#3272,1.);
#3272 = DIRECTION('',(1.,0.));
#3273 = ( GEOMETRIC_REPRESENTATION_CONTEXT(2) 
PARAMETRIC_REPRESENTATION_CONTEXT() REPRESENTATION_CONTEXT('2D SPACE',''
  ) );
#3274 = PCURVE('',#3275,#3280);
#3275 = PLANE('',#3276);
#3276 = AXIS2_PLACEMENT_3D('',#3277,#3278,#3279);
#3277 = CARTESIAN_POINT('',(-60.5,-30.5,3.));
#3278 = DIRECTION('',(0.,1.,0.));
#3279 = DIRECTION('',(1.,0.,0.));
#3280 = DEFINITIONAL_REPRESENTATION('',(#3281),#3285);
#3281 = LINE('',#3282,#3283);
#3282 = CARTESIAN_POINT('',(6.5,-15.7));
#3283 = VECTOR('',#3284,1.);
#3284 = DIRECTION('',(1.,0.));
#3285 = ( GEOMETRIC_REPRESENTATION_CONTEXT(2) 
PARAMETRIC_REPRESENTATION_CONTEXT() REPRESENTATION_CONTEXT('2D SPACE',''
  ) );
#3286 = ADVANCED_FACE('',(#3287),#1318,.T.);
#3287 = FACE_BOUND('',#3288,.F.);
#3288 = EDGE_LOOP('',(#3289,#3310,#3331,#3350,#3351,#3352));
#3289 = ORIENTED_EDGE('',*,*,#3290,.F.);
#3290 = EDGE_CURVE('',#3291,#1437,#3293,.T.);
#3291 = VERTEX_POINT('',#3292);
#3292 = CARTESIAN_POINT('',(54.,34.,1.));
#3293 = SURFACE_CURVE('',#3294,(#3298,#3304),.PCURVE_S1.);
#3294 = LINE('',#3295,#3296);
#3295 = CARTESIAN_POINT('',(54.,34.,1.));
#3296 = VECTOR('',#3297,1.);
#3297 = DIRECTION('',(-4.329780281177E-17,-0.707106781187,
    -0.707106781187));
#3298 = PCURVE('',#1318,#3299);
#3299 = DEFINITIONAL_REPRESENTATION('',(#3300),#3303);
#3300 = B_SPLINE_CURVE_WITH_KNOTS('',1,(#3301,#3302),.UNSPECIFIED.,.F.,
  .F.,(2,2),(0.,1.414213562373),.PIECEWISE_BEZIER_KNOTS.);
#3301 = CARTESIAN_POINT('',(0.,-0.707106781187));
#3302 = CARTESIAN_POINT('',(0.,0.707106781187));
#3303 = ( GEOMETRIC_REPRESENTATION_CONTEXT(2) 
PARAMETRIC_REPRESENTATION_CONTEXT() REPRESENTATION_CONTEXT('2D SPACE',''
  ) );
#3304 = PCURVE('',#1453,#3305);
#3305 = DEFINITIONAL_REPRESENTATION('',(#3306),#3309);
#3306 = B_SPLINE_CURVE_WITH_KNOTS('',1,(#3307,#3308),.UNSPECIFIED.,.F.,
  .F.,(2,2),(0.,1.414213562373),.PIECEWISE_BEZIER_KNOTS.);
#3307 = CARTESIAN_POINT('',(1.570796326795,0.));
#3308 = CARTESIAN_POINT('',(1.570796326795,-1.));
#3309 = ( GEOMETRIC_REPRESENTATION_CONTEXT(2) 
PARAMETRIC_REPRESENTATION_CONTEXT() REPRESENTATION_CONTEXT('2D SPACE',''
  ) );
#3310 = ORIENTED_EDGE('',*,*,#3311,.T.);
#3311 = EDGE_CURVE('',#3291,#2056,#3312,.T.);
#3312 = SURFACE_CURVE('',#3313,(#3317,#3324),.PCURVE_S1.);
#3313 = LINE('',#3314,#3315);
#3314 = CARTESIAN_POINT('',(54.,34.,1.));
#3315 = VECTOR('',#3316,1.);
#3316 = DIRECTION('',(-1.,0.,0.));
#3317 = PCURVE('',#1318,#3318);
#3318 = DEFINITIONAL_REPRESENTATION('',(#3319),#3323);
#3319 = LINE('',#3320,#3321);
#3320 = CARTESIAN_POINT('',(-0.,-0.707106781187));
#3321 = VECTOR('',#3322,1.);
#3322 = DIRECTION('',(-1.,0.));
#3323 = ( GEOMETRIC_REPRESENTATION_CONTEXT(2) 
PARAMETRIC_REPRESENTATION_CONTEXT() REPRESENTATION_CONTEXT('2D SPACE',''
  ) );
#3324 = PCURVE('',#2073,#3325);
#3325 = DEFINITIONAL_REPRESENTATION('',(#3326),#3330);
#3326 = LINE('',#3327,#3328);
#3327 = CARTESIAN_POINT('',(10.,-1.));
#3328 = VECTOR('',#3329,1.);
#3329 = DIRECTION('',(1.,0.));
#3330 = ( GEOMETRIC_REPRESENTATION_CONTEXT(2) 
PARAMETRIC_REPRESENTATION_CONTEXT() REPRESENTATION_CONTEXT('2D SPACE',''
  ) );
#3331 = ORIENTED_EDGE('',*,*,#3332,.T.);
#3332 = EDGE_CURVE('',#2056,#1303,#3333,.T.);
#3333 = SURFACE_CURVE('',#3334,(#3338,#3344),.PCURVE_S1.);
#3334 = LINE('',#3335,#3336);
#3335 = CARTESIAN_POINT('',(-54.,33.5,0.5));
#3336 = VECTOR('',#3337,1.);
#3337 = DIRECTION('',(-0.,-0.707106781187,-0.707106781187));
#3338 = PCURVE('',#1318,#3339);
#3339 = DEFINITIONAL_REPRESENTATION('',(#3340),#3343);
#3340 = B_SPLINE_CURVE_WITH_KNOTS('',1,(#3341,#3342),.UNSPECIFIED.,.F.,
  .F.,(2,2),(-0.707106781187,0.707106781187),.PIECEWISE_BEZIER_KNOTS.);
#3341 = CARTESIAN_POINT('',(-108.,-0.707106781187));
#3342 = CARTESIAN_POINT('',(-108.,0.707106781187));
#3343 = ( GEOMETRIC_REPRESENTATION_CONTEXT(2) 
PARAMETRIC_REPRESENTATION_CONTEXT() REPRESENTATION_CONTEXT('2D SPACE',''
  ) );
#3344 = PCURVE('',#1347,#3345);
#3345 = DEFINITIONAL_REPRESENTATION('',(#3346),#3349);
#3346 = B_SPLINE_CURVE_WITH_KNOTS('',1,(#3347,#3348),.UNSPECIFIED.,.F.,
  .F.,(2,2),(-0.707106781187,0.707106781187),.PIECEWISE_BEZIER_KNOTS.);
#3347 = CARTESIAN_POINT('',(0.,0.));
#3348 = CARTESIAN_POINT('',(0.,-1.));
#3349 = ( GEOMETRIC_REPRESENTATION_CONTEXT(2) 
PARAMETRIC_REPRESENTATION_CONTEXT() REPRESENTATION_CONTEXT('2D SPACE',''
  ) );
#3350 = ORIENTED_EDGE('',*,*,#1300,.F.);
#3351 = ORIENTED_EDGE('',*,*,#1488,.F.);
#3352 = ORIENTED_EDGE('',*,*,#1465,.F.);
#3353 = ADVANCED_FACE('',(#3354),#1453,.T.);
#3354 = FACE_BOUND('',#3355,.F.);
#3355 = EDGE_LOOP('',(#3356,#3375,#3397,#3398));
#3356 = ORIENTED_EDGE('',*,*,#3357,.F.);
#3357 = EDGE_CURVE('',#1954,#1409,#3358,.T.);
#3358 = SURFACE_CURVE('',#3359,(#3363,#3369),.PCURVE_S1.);
#3359 = LINE('',#3360,#3361);
#3360 = CARTESIAN_POINT('',(63.5,24.,0.5));
#3361 = VECTOR('',#3362,1.);
#3362 = DIRECTION('',(-0.707106781187,0.,-0.707106781187));
#3363 = PCURVE('',#1453,#3364);
#3364 = DEFINITIONAL_REPRESENTATION('',(#3365),#3368);
#3365 = B_SPLINE_CURVE_WITH_KNOTS('',1,(#3366,#3367),.UNSPECIFIED.,.F.,
  .F.,(2,2),(-0.707106781187,0.707106781187),.PIECEWISE_BEZIER_KNOTS.);
#3366 = CARTESIAN_POINT('',(0.,0.));
#3367 = CARTESIAN_POINT('',(0.,-1.));
#3368 = ( GEOMETRIC_REPRESENTATION_CONTEXT(2) 
PARAMETRIC_REPRESENTATION_CONTEXT() REPRESENTATION_CONTEXT('2D SPACE',''
  ) );
#3369 = PCURVE('',#1424,#3370);
#3370 = DEFINITIONAL_REPRESENTATION('',(#3371),#3374);
#3371 = B_SPLINE_CURVE_WITH_KNOTS('',1,(#3372,#3373),.UNSPECIFIED.,.F.,
  .F.,(2,2),(-0.707106781187,0.707106781187),.PIECEWISE_BEZIER_KNOTS.);
#3372 = CARTESIAN_POINT('',(-48.,-0.707106781187));
#3373 = CARTESIAN_POINT('',(-48.,0.707106781187));
#3374 = ( GEOMETRIC_REPRESENTATION_CONTEXT(2) 
PARAMETRIC_REPRESENTATION_CONTEXT() REPRESENTATION_CONTEXT('2D SPACE',''
  ) );
#3375 = ORIENTED_EDGE('',*,*,#3376,.T.);
#3376 = EDGE_CURVE('',#1954,#3291,#3377,.T.);
#3377 = SURFACE_CURVE('',#3378,(#3383,#3390),.PCURVE_S1.);
#3378 = CIRCLE('',#3379,10.);
#3379 = AXIS2_PLACEMENT_3D('',#3380,#3381,#3382);
#3380 = CARTESIAN_POINT('',(54.,24.,1.));
#3381 = DIRECTION('',(0.,0.,1.));
#3382 = DIRECTION('',(1.,0.,-0.));
#3383 = PCURVE('',#1453,#3384);
#3384 = DEFINITIONAL_REPRESENTATION('',(#3385),#3389);
#3385 = LINE('',#3386,#3387);
#3386 = CARTESIAN_POINT('',(0.,-0.));
#3387 = VECTOR('',#3388,1.);
#3388 = DIRECTION('',(1.,-0.));
#3389 = ( GEOMETRIC_REPRESENTATION_CONTEXT(2) 
PARAMETRIC_REPRESENTATION_CONTEXT() REPRESENTATION_CONTEXT('2D SPACE',''
  ) );
#3390 = PCURVE('',#1969,#3391);
#3391 = DEFINITIONAL_REPRESENTATION('',(#3392),#3396);
#3392 = LINE('',#3393,#3394);
#3393 = CARTESIAN_POINT('',(0.,1.));
#3394 = VECTOR('',#3395,1.);
#3395 = DIRECTION('',(1.,0.));
#3396 = ( GEOMETRIC_REPRESENTATION_CONTEXT(2) 
PARAMETRIC_REPRESENTATION_CONTEXT() REPRESENTATION_CONTEXT('2D SPACE',''
  ) );
#3397 = ORIENTED_EDGE('',*,*,#3290,.T.);
#3398 = ORIENTED_EDGE('',*,*,#1436,.F.);
#3399 = ADVANCED_FACE('',(#3400),#1424,.T.);
#3400 = FACE_BOUND('',#3401,.F.);
#3401 = EDGE_LOOP('',(#3402,#3403,#3404,#3405));
#3402 = ORIENTED_EDGE('',*,*,#1906,.F.);
#3403 = ORIENTED_EDGE('',*,*,#1981,.T.);
#3404 = ORIENTED_EDGE('',*,*,#3357,.T.);
#3405 = ORIENTED_EDGE('',*,*,#1408,.F.);
#3406 = ADVANCED_FACE('',(#3407),#1347,.T.);
#3407 = FACE_BOUND('',#3408,.F.);
#3408 = EDGE_LOOP('',(#3409,#3410,#3411,#3412));
#3409 = ORIENTED_EDGE('',*,*,#3332,.F.);
#3410 = ORIENTED_EDGE('',*,*,#2085,.T.);
#3411 = ORIENTED_EDGE('',*,*,#2030,.T.);
#3412 = ORIENTED_EDGE('',*,*,#1330,.F.);
#3413 = ADVANCED_FACE('',(#3414),#1534,.F.);
#3414 = FACE_BOUND('',#3415,.T.);
#3415 = EDGE_LOOP('',(#3416,#3417,#3440,#3467,#3468));
#3416 = ORIENTED_EDGE('',*,*,#1546,.T.);
#3417 = ORIENTED_EDGE('',*,*,#3418,.T.);
#3418 = EDGE_CURVE('',#1512,#3419,#3421,.T.);
#3419 = VERTEX_POINT('',#3420);
#3420 = CARTESIAN_POINT('',(-44.5,-29.5,0.79));
#3421 = SEAM_CURVE('',#3422,(#3426,#3433),.PCURVE_S1.);
#3422 = LINE('',#3423,#3424);
#3423 = CARTESIAN_POINT('',(-44.5,-29.5,-1.E-02));
#3424 = VECTOR('',#3425,1.);
#3425 = DIRECTION('',(0.,0.,1.));
#3426 = PCURVE('',#1534,#3427);
#3427 = DEFINITIONAL_REPRESENTATION('',(#3428),#3432);
#3428 = LINE('',#3429,#3430);
#3429 = CARTESIAN_POINT('',(-6.28318530718,0.));
#3430 = VECTOR('',#3431,1.);
#3431 = DIRECTION('',(-0.,-1.));
#3432 = ( GEOMETRIC_REPRESENTATION_CONTEXT(2) 
PARAMETRIC_REPRESENTATION_CONTEXT() REPRESENTATION_CONTEXT('2D SPACE',''
  ) );
#3433 = PCURVE('',#1534,#3434);
#3434 = DEFINITIONAL_REPRESENTATION('',(#3435),#3439);
#3435 = LINE('',#3436,#3437);
#3436 = CARTESIAN_POINT('',(-0.,0.));
#3437 = VECTOR('',#3438,1.);
#3438 = DIRECTION('',(-0.,-1.));
#3439 = ( GEOMETRIC_REPRESENTATION_CONTEXT(2) 
PARAMETRIC_REPRESENTATION_CONTEXT() REPRESENTATION_CONTEXT('2D SPACE',''
  ) );
#3440 = ORIENTED_EDGE('',*,*,#3441,.T.);
#3441 = EDGE_CURVE('',#3419,#3419,#3442,.T.);
#3442 = SURFACE_CURVE('',#3443,(#3448,#3455),.PCURVE_S1.);
#3443 = CIRCLE('',#3444,3.5);
#3444 = AXIS2_PLACEMENT_3D('',#3445,#3446,#3447);
#3445 = CARTESIAN_POINT('',(-48.,-29.5,0.79));
#3446 = DIRECTION('',(0.,0.,1.));
#3447 = DIRECTION('',(1.,0.,0.));
#3448 = PCURVE('',#1534,#3449);
#3449 = DEFINITIONAL_REPRESENTATION('',(#3450),#3454);
#3450 = LINE('',#3451,#3452);
#3451 = CARTESIAN_POINT('',(-0.,-0.8));
#3452 = VECTOR('',#3453,1.);
#3453 = DIRECTION('',(-1.,0.));
#3454 = ( GEOMETRIC_REPRESENTATION_CONTEXT(2) 
PARAMETRIC_REPRESENTATION_CONTEXT() REPRESENTATION_CONTEXT('2D SPACE',''
  ) );
#3455 = PCURVE('',#3456,#3461);
#3456 = PLANE('',#3457);
#3457 = AXIS2_PLACEMENT_3D('',#3458,#3459,#3460);
#3458 = CARTESIAN_POINT('',(-48.,-29.5,0.79));
#3459 = DIRECTION('',(0.,0.,1.));
#3460 = DIRECTION('',(1.,0.,-0.));
#3461 = DEFINITIONAL_REPRESENTATION('',(#3462),#3466);
#3462 = CIRCLE('',#3463,3.5);
#3463 = AXIS2_PLACEMENT_2D('',#3464,#3465);
#3464 = CARTESIAN_POINT('',(-7.105427357601E-15,-3.552713678801E-15));
#3465 = DIRECTION('',(1.,0.));
#3466 = ( GEOMETRIC_REPRESENTATION_CONTEXT(2) 
PARAMETRIC_REPRESENTATION_CONTEXT() REPRESENTATION_CONTEXT('2D SPACE',''
  ) );
#3467 = ORIENTED_EDGE('',*,*,#3418,.F.);
#3468 = ORIENTED_EDGE('',*,*,#1511,.T.);
#3469 = ADVANCED_FACE('',(#3470),#1595,.F.);
#3470 = FACE_BOUND('',#3471,.T.);
#3471 = EDGE_LOOP('',(#3472,#3473,#3496,#3523));
#3472 = ORIENTED_EDGE('',*,*,#1574,.T.);
#3473 = ORIENTED_EDGE('',*,*,#3474,.T.);
#3474 = EDGE_CURVE('',#1575,#3475,#3477,.T.);
#3475 = VERTEX_POINT('',#3476);
#3476 = CARTESIAN_POINT('',(-51.05,-24.45,3.39));
#3477 = SEAM_CURVE('',#3478,(#3482,#3489),.PCURVE_S1.);
#3478 = LINE('',#3479,#3480);
#3479 = CARTESIAN_POINT('',(-51.05,-24.45,-1.E-02));
#3480 = VECTOR('',#3481,1.);
#3481 = DIRECTION('',(0.,0.,1.));
#3482 = PCURVE('',#1595,#3483);
#3483 = DEFINITIONAL_REPRESENTATION('',(#3484),#3488);
#3484 = LINE('',#3485,#3486);
#3485 = CARTESIAN_POINT('',(-6.28318530718,0.));
#3486 = VECTOR('',#3487,1.);
#3487 = DIRECTION('',(-0.,-1.));
#3488 = ( GEOMETRIC_REPRESENTATION_CONTEXT(2) 
PARAMETRIC_REPRESENTATION_CONTEXT() REPRESENTATION_CONTEXT('2D SPACE',''
  ) );
#3489 = PCURVE('',#1595,#3490);
#3490 = DEFINITIONAL_REPRESENTATION('',(#3491),#3495);
#3491 = LINE('',#3492,#3493);
#3492 = CARTESIAN_POINT('',(-0.,0.));
#3493 = VECTOR('',#3494,1.);
#3494 = DIRECTION('',(-0.,-1.));
#3495 = ( GEOMETRIC_REPRESENTATION_CONTEXT(2) 
PARAMETRIC_REPRESENTATION_CONTEXT() REPRESENTATION_CONTEXT('2D SPACE',''
  ) );
#3496 = ORIENTED_EDGE('',*,*,#3497,.T.);
#3497 = EDGE_CURVE('',#3475,#3475,#3498,.T.);
#3498 = SURFACE_CURVE('',#3499,(#3504,#3511),.PCURVE_S1.);
#3499 = CIRCLE('',#3500,3.2);
#3500 = AXIS2_PLACEMENT_3D('',#3501,#3502,#3503);
#3501 = CARTESIAN_POINT('',(-54.25,-24.45,3.39));
#3502 = DIRECTION('',(0.,0.,1.));
#3503 = DIRECTION('',(1.,0.,0.));
#3504 = PCURVE('',#1595,#3505);
#3505 = DEFINITIONAL_REPRESENTATION('',(#3506),#3510);
#3506 = LINE('',#3507,#3508);
#3507 = CARTESIAN_POINT('',(-0.,-3.4));
#3508 = VECTOR('',#3509,1.);
#3509 = DIRECTION('',(-1.,0.));
#3510 = ( GEOMETRIC_REPRESENTATION_CONTEXT(2) 
PARAMETRIC_REPRESENTATION_CONTEXT() REPRESENTATION_CONTEXT('2D SPACE',''
  ) );
#3511 = PCURVE('',#3512,#3517);
#3512 = PLANE('',#3513);
#3513 = AXIS2_PLACEMENT_3D('',#3514,#3515,#3516);
#3514 = CARTESIAN_POINT('',(-54.25,-24.45,3.39));
#3515 = DIRECTION('',(0.,0.,1.));
#3516 = DIRECTION('',(1.,0.,-0.));
#3517 = DEFINITIONAL_REPRESENTATION('',(#3518),#3522);
#3518 = CIRCLE('',#3519,3.2);
#3519 = AXIS2_PLACEMENT_2D('',#3520,#3521);
#3520 = CARTESIAN_POINT('',(0.,3.552713678801E-15));
#3521 = DIRECTION('',(1.,0.));
#3522 = ( GEOMETRIC_REPRESENTATION_CONTEXT(2) 
PARAMETRIC_REPRESENTATION_CONTEXT() REPRESENTATION_CONTEXT('2D SPACE',''
  ) );
#3523 = ORIENTED_EDGE('',*,*,#3474,.F.);
#3524 = ADVANCED_FACE('',(#3525),#1630,.F.);
#3525 = FACE_BOUND('',#3526,.T.);
#3526 = EDGE_LOOP('',(#3527,#3528,#3551,#3578));
#3527 = ORIENTED_EDGE('',*,*,#1609,.T.);
#3528 = ORIENTED_EDGE('',*,*,#3529,.T.);
#3529 = EDGE_CURVE('',#1610,#3530,#3532,.T.);
#3530 = VERTEX_POINT('',#3531);
#3531 = CARTESIAN_POINT('',(7.09,-24.45,3.39));
#3532 = SEAM_CURVE('',#3533,(#3537,#3544),.PCURVE_S1.);
#3533 = LINE('',#3534,#3535);
#3534 = CARTESIAN_POINT('',(7.09,-24.45,-1.E-02));
#3535 = VECTOR('',#3536,1.);
#3536 = DIRECTION('',(0.,0.,1.));
#3537 = PCURVE('',#1630,#3538);
#3538 = DEFINITIONAL_REPRESENTATION('',(#3539),#3543);
#3539 = LINE('',#3540,#3541);
#3540 = CARTESIAN_POINT('',(-6.28318530718,0.));
#3541 = VECTOR('',#3542,1.);
#3542 = DIRECTION('',(-0.,-1.));
#3543 = ( GEOMETRIC_REPRESENTATION_CONTEXT(2) 
PARAMETRIC_REPRESENTATION_CONTEXT() REPRESENTATION_CONTEXT('2D SPACE',''
  ) );
#3544 = PCURVE('',#1630,#3545);
#3545 = DEFINITIONAL_REPRESENTATION('',(#3546),#3550);
#3546 = LINE('',#3547,#3548);
#3547 = CARTESIAN_POINT('',(-0.,0.));
#3548 = VECTOR('',#3549,1.);
#3549 = DIRECTION('',(-0.,-1.));
#3550 = ( GEOMETRIC_REPRESENTATION_CONTEXT(2) 
PARAMETRIC_REPRESENTATION_CONTEXT() REPRESENTATION_CONTEXT('2D SPACE',''
  ) );
#3551 = ORIENTED_EDGE('',*,*,#3552,.T.);
#3552 = EDGE_CURVE('',#3530,#3530,#3553,.T.);
#3553 = SURFACE_CURVE('',#3554,(#3559,#3566),.PCURVE_S1.);
#3554 = CIRCLE('',#3555,3.2);
#3555 = AXIS2_PLACEMENT_3D('',#3556,#3557,#3558);
#3556 = CARTESIAN_POINT('',(3.89,-24.45,3.39));
#3557 = DIRECTION('',(0.,0.,1.));
#3558 = DIRECTION('',(1.,0.,0.));
#3559 = PCURVE('',#1630,#3560);
#3560 = DEFINITIONAL_REPRESENTATION('',(#3561),#3565);
#3561 = LINE('',#3562,#3563);
#3562 = CARTESIAN_POINT('',(-0.,-3.4));
#3563 = VECTOR('',#3564,1.);
#3564 = DIRECTION('',(-1.,0.));
#3565 = ( GEOMETRIC_REPRESENTATION_CONTEXT(2) 
PARAMETRIC_REPRESENTATION_CONTEXT() REPRESENTATION_CONTEXT('2D SPACE',''
  ) );
#3566 = PCURVE('',#3567,#3572);
#3567 = PLANE('',#3568);
#3568 = AXIS2_PLACEMENT_3D('',#3569,#3570,#3571);
#3569 = CARTESIAN_POINT('',(3.89,-24.45,3.39));
#3570 = DIRECTION('',(0.,0.,1.));
#3571 = DIRECTION('',(1.,0.,-0.));
#3572 = DEFINITIONAL_REPRESENTATION('',(#3573),#3577);
#3573 = CIRCLE('',#3574,3.2);
#3574 = AXIS2_PLACEMENT_2D('',#3575,#3576);
#3575 = CARTESIAN_POINT('',(4.440892098501E-16,0.));
#3576 = DIRECTION('',(1.,0.));
#3577 = ( GEOMETRIC_REPRESENTATION_CONTEXT(2) 
PARAMETRIC_REPRESENTATION_CONTEXT() REPRESENTATION_CONTEXT('2D SPACE',''
  ) );
#3578 = ORIENTED_EDGE('',*,*,#3529,.F.);
#3579 = ADVANCED_FACE('',(#3580),#1667,.F.);
#3580 = FACE_BOUND('',#3581,.T.);
#3581 = EDGE_LOOP('',(#3582,#3583,#3606,#3633,#3634));
#3582 = ORIENTED_EDGE('',*,*,#1679,.T.);
#3583 = ORIENTED_EDGE('',*,*,#3584,.T.);
#3584 = EDGE_CURVE('',#1645,#3585,#3587,.T.);
#3585 = VERTEX_POINT('',#3586);
#3586 = CARTESIAN_POINT('',(51.5,-29.5,0.79));
#3587 = SEAM_CURVE('',#3588,(#3592,#3599),.PCURVE_S1.);
#3588 = LINE('',#3589,#3590);
#3589 = CARTESIAN_POINT('',(51.5,-29.5,-1.E-02));
#3590 = VECTOR('',#3591,1.);
#3591 = DIRECTION('',(0.,0.,1.));
#3592 = PCURVE('',#1667,#3593);
#3593 = DEFINITIONAL_REPRESENTATION('',(#3594),#3598);
#3594 = LINE('',#3595,#3596);
#3595 = CARTESIAN_POINT('',(-6.28318530718,0.));
#3596 = VECTOR('',#3597,1.);
#3597 = DIRECTION('',(-0.,-1.));
#3598 = ( GEOMETRIC_REPRESENTATION_CONTEXT(2) 
PARAMETRIC_REPRESENTATION_CONTEXT() REPRESENTATION_CONTEXT('2D SPACE',''
  ) );
#3599 = PCURVE('',#1667,#3600);
#3600 = DEFINITIONAL_REPRESENTATION('',(#3601),#3605);
#3601 = LINE('',#3602,#3603);
#3602 = CARTESIAN_POINT('',(-0.,0.));
#3603 = VECTOR('',#3604,1.);
#3604 = DIRECTION('',(-0.,-1.));
#3605 = ( GEOMETRIC_REPRESENTATION_CONTEXT(2) 
PARAMETRIC_REPRESENTATION_CONTEXT() REPRESENTATION_CONTEXT('2D SPACE',''
  ) );
#3606 = ORIENTED_EDGE('',*,*,#3607,.T.);
#3607 = EDGE_CURVE('',#3585,#3585,#3608,.T.);
#3608 = SURFACE_CURVE('',#3609,(#3614,#3621),.PCURVE_S1.);
#3609 = CIRCLE('',#3610,3.5);
#3610 = AXIS2_PLACEMENT_3D('',#3611,#3612,#3613);
#3611 = CARTESIAN_POINT('',(48.,-29.5,0.79));
#3612 = DIRECTION('',(0.,0.,1.));
#3613 = DIRECTION('',(1.,0.,0.));
#3614 = PCURVE('',#1667,#3615);
#3615 = DEFINITIONAL_REPRESENTATION('',(#3616),#3620);
#3616 = LINE('',#3617,#3618);
#3617 = CARTESIAN_POINT('',(-0.,-0.8));
#3618 = VECTOR('',#3619,1.);
#3619 = DIRECTION('',(-1.,0.));
#3620 = ( GEOMETRIC_REPRESENTATION_CONTEXT(2) 
PARAMETRIC_REPRESENTATION_CONTEXT() REPRESENTATION_CONTEXT('2D SPACE',''
  ) );
#3621 = PCURVE('',#3622,#3627);
#3622 = PLANE('',#3623);
#3623 = AXIS2_PLACEMENT_3D('',#3624,#3625,#3626);
#3624 = CARTESIAN_POINT('',(48.,-29.5,0.79));
#3625 = DIRECTION('',(0.,0.,1.));
#3626 = DIRECTION('',(1.,0.,-0.));
#3627 = DEFINITIONAL_REPRESENTATION('',(#3628),#3632);
#3628 = CIRCLE('',#3629,3.5);
#3629 = AXIS2_PLACEMENT_2D('',#3630,#3631);
#3630 = CARTESIAN_POINT('',(1.42108547152E-14,-3.552713678801E-15));
#3631 = DIRECTION('',(1.,0.));
#3632 = ( GEOMETRIC_REPRESENTATION_CONTEXT(2) 
PARAMETRIC_REPRESENTATION_CONTEXT() REPRESENTATION_CONTEXT('2D SPACE',''
  ) );
#3633 = ORIENTED_EDGE('',*,*,#3584,.F.);
#3634 = ORIENTED_EDGE('',*,*,#1644,.T.);
#3635 = ADVANCED_FACE('',(#3636),#1728,.F.);
#3636 = FACE_BOUND('',#3637,.T.);
#3637 = EDGE_LOOP('',(#3638,#3639,#3662,#3689));
#3638 = ORIENTED_EDGE('',*,*,#1707,.T.);
#3639 = ORIENTED_EDGE('',*,*,#3640,.T.);
#3640 = EDGE_CURVE('',#1708,#3641,#3643,.T.);
#3641 = VERTEX_POINT('',#3642);
#3642 = CARTESIAN_POINT('',(-51.05,24.45,3.39));
#3643 = SEAM_CURVE('',#3644,(#3648,#3655),.PCURVE_S1.);
#3644 = LINE('',#3645,#3646);
#3645 = CARTESIAN_POINT('',(-51.05,24.45,-1.E-02));
#3646 = VECTOR('',#3647,1.);
#3647 = DIRECTION('',(0.,0.,1.));
#3648 = PCURVE('',#1728,#3649);
#3649 = DEFINITIONAL_REPRESENTATION('',(#3650),#3654);
#3650 = LINE('',#3651,#3652);
#3651 = CARTESIAN_POINT('',(-6.28318530718,0.));
#3652 = VECTOR('',#3653,1.);
#3653 = DIRECTION('',(-0.,-1.));
#3654 = ( GEOMETRIC_REPRESENTATION_CONTEXT(2) 
PARAMETRIC_REPRESENTATION_CONTEXT() REPRESENTATION_CONTEXT('2D SPACE',''
  ) );
#3655 = PCURVE('',#1728,#3656);
#3656 = DEFINITIONAL_REPRESENTATION('',(#3657),#3661);
#3657 = LINE('',#3658,#3659);
#3658 = CARTESIAN_POINT('',(-0.,0.));
#3659 = VECTOR('',#3660,1.);
#3660 = DIRECTION('',(-0.,-1.));
#3661 = ( GEOMETRIC_REPRESENTATION_CONTEXT(2) 
PARAMETRIC_REPRESENTATION_CONTEXT() REPRESENTATION_CONTEXT('2D SPACE',''
  ) );
#3662 = ORIENTED_EDGE('',*,*,#3663,.T.);
#3663 = EDGE_CURVE('',#3641,#3641,#3664,.T.);
#3664 = SURFACE_CURVE('',#3665,(#3670,#3677),.PCURVE_S1.);
#3665 = CIRCLE('',#3666,3.2);
#3666 = AXIS2_PLACEMENT_3D('',#3667,#3668,#3669);
#3667 = CARTESIAN_POINT('',(-54.25,24.45,3.39));
#3668 = DIRECTION('',(0.,0.,1.));
#3669 = DIRECTION('',(1.,0.,0.));
#3670 = PCURVE('',#1728,#3671);
#3671 = DEFINITIONAL_REPRESENTATION('',(#3672),#3676);
#3672 = LINE('',#3673,#3674);
#3673 = CARTESIAN_POINT('',(-0.,-3.4));
#3674 = VECTOR('',#3675,1.);
#3675 = DIRECTION('',(-1.,0.));
#3676 = ( GEOMETRIC_REPRESENTATION_CONTEXT(2) 
PARAMETRIC_REPRESENTATION_CONTEXT() REPRESENTATION_CONTEXT('2D SPACE',''
  ) );
#3677 = PCURVE('',#3678,#3683);
#3678 = PLANE('',#3679);
#3679 = AXIS2_PLACEMENT_3D('',#3680,#3681,#3682);
#3680 = CARTESIAN_POINT('',(-54.25,24.45,3.39));
#3681 = DIRECTION('',(0.,0.,1.));
#3682 = DIRECTION('',(1.,0.,-0.));
#3683 = DEFINITIONAL_REPRESENTATION('',(#3684),#3688);
#3684 = CIRCLE('',#3685,3.2);
#3685 = AXIS2_PLACEMENT_2D('',#3686,#3687);
#3686 = CARTESIAN_POINT('',(0.,-3.552713678801E-15));
#3687 = DIRECTION('',(1.,0.));
#3688 = ( GEOMETRIC_REPRESENTATION_CONTEXT(2) 
PARAMETRIC_REPRESENTATION_CONTEXT() REPRESENTATION_CONTEXT('2D SPACE',''
  ) );
#3689 = ORIENTED_EDGE('',*,*,#3640,.F.);
#3690 = ADVANCED_FACE('',(#3691),#1765,.F.);
#3691 = FACE_BOUND('',#3692,.T.);
#3692 = EDGE_LOOP('',(#3693,#3694,#3717,#3744,#3745));
#3693 = ORIENTED_EDGE('',*,*,#1777,.T.);
#3694 = ORIENTED_EDGE('',*,*,#3695,.T.);
#3695 = EDGE_CURVE('',#1743,#3696,#3698,.T.);
#3696 = VERTEX_POINT('',#3697);
#3697 = CARTESIAN_POINT('',(-44.5,29.5,0.79));
#3698 = SEAM_CURVE('',#3699,(#3703,#3710),.PCURVE_S1.);
#3699 = LINE('',#3700,#3701);
#3700 = CARTESIAN_POINT('',(-44.5,29.5,-1.E-02));
#3701 = VECTOR('',#3702,1.);
#3702 = DIRECTION('',(0.,0.,1.));
#3703 = PCURVE('',#1765,#3704);
#3704 = DEFINITIONAL_REPRESENTATION('',(#3705),#3709);
#3705 = LINE('',#3706,#3707);
#3706 = CARTESIAN_POINT('',(-6.28318530718,0.));
#3707 = VECTOR('',#3708,1.);
#3708 = DIRECTION('',(-0.,-1.));
#3709 = ( GEOMETRIC_REPRESENTATION_CONTEXT(2) 
PARAMETRIC_REPRESENTATION_CONTEXT() REPRESENTATION_CONTEXT('2D SPACE',''
  ) );
#3710 = PCURVE('',#1765,#3711);
#3711 = DEFINITIONAL_REPRESENTATION('',(#3712),#3716);
#3712 = LINE('',#3713,#3714);
#3713 = CARTESIAN_POINT('',(-0.,0.));
#3714 = VECTOR('',#3715,1.);
#3715 = DIRECTION('',(-0.,-1.));
#3716 = ( GEOMETRIC_REPRESENTATION_CONTEXT(2) 
PARAMETRIC_REPRESENTATION_CONTEXT() REPRESENTATION_CONTEXT('2D SPACE',''
  ) );
#3717 = ORIENTED_EDGE('',*,*,#3718,.T.);
#3718 = EDGE_CURVE('',#3696,#3696,#3719,.T.);
#3719 = SURFACE_CURVE('',#3720,(#3725,#3732),.PCURVE_S1.);
#3720 = CIRCLE('',#3721,3.5);
#3721 = AXIS2_PLACEMENT_3D('',#3722,#3723,#3724);
#3722 = CARTESIAN_POINT('',(-48.,29.5,0.79));
#3723 = DIRECTION('',(0.,0.,1.));
#3724 = DIRECTION('',(1.,0.,0.));
#3725 = PCURVE('',#1765,#3726);
#3726 = DEFINITIONAL_REPRESENTATION('',(#3727),#3731);
#3727 = LINE('',#3728,#3729);
#3728 = CARTESIAN_POINT('',(-0.,-0.8));
#3729 = VECTOR('',#3730,1.);
#3730 = DIRECTION('',(-1.,0.));
#3731 = ( GEOMETRIC_REPRESENTATION_CONTEXT(2) 
PARAMETRIC_REPRESENTATION_CONTEXT() REPRESENTATION_CONTEXT('2D SPACE',''
  ) );
#3732 = PCURVE('',#3733,#3738);
#3733 = PLANE('',#3734);
#3734 = AXIS2_PLACEMENT_3D('',#3735,#3736,#3737);
#3735 = CARTESIAN_POINT('',(-48.,29.5,0.79));
#3736 = DIRECTION('',(0.,0.,1.));
#3737 = DIRECTION('',(1.,0.,-0.));
#3738 = DEFINITIONAL_REPRESENTATION('',(#3739),#3743);
#3739 = CIRCLE('',#3740,3.5);
#3740 = AXIS2_PLACEMENT_2D('',#3741,#3742);
#3741 = CARTESIAN_POINT('',(0.,0.));
#3742 = DIRECTION('',(1.,0.));
#3743 = ( GEOMETRIC_REPRESENTATION_CONTEXT(2) 
PARAMETRIC_REPRESENTATION_CONTEXT() REPRESENTATION_CONTEXT('2D SPACE',''
  ) );
#3744 = ORIENTED_EDGE('',*,*,#3695,.F.);
#3745 = ORIENTED_EDGE('',*,*,#1742,.T.);
#3746 = ADVANCED_FACE('',(#3747),#1826,.F.);
#3747 = FACE_BOUND('',#3748,.T.);
#3748 = EDGE_LOOP('',(#3749,#3750,#3773,#3800));
#3749 = ORIENTED_EDGE('',*,*,#1805,.T.);
#3750 = ORIENTED_EDGE('',*,*,#3751,.T.);
#3751 = EDGE_CURVE('',#1806,#3752,#3754,.T.);
#3752 = VERTEX_POINT('',#3753);
#3753 = CARTESIAN_POINT('',(7.09,24.45,3.39));
#3754 = SEAM_CURVE('',#3755,(#3759,#3766),.PCURVE_S1.);
#3755 = LINE('',#3756,#3757);
#3756 = CARTESIAN_POINT('',(7.09,24.45,-1.E-02));
#3757 = VECTOR('',#3758,1.);
#3758 = DIRECTION('',(0.,0.,1.));
#3759 = PCURVE('',#1826,#3760);
#3760 = DEFINITIONAL_REPRESENTATION('',(#3761),#3765);
#3761 = LINE('',#3762,#3763);
#3762 = CARTESIAN_POINT('',(-6.28318530718,0.));
#3763 = VECTOR('',#3764,1.);
#3764 = DIRECTION('',(-0.,-1.));
#3765 = ( GEOMETRIC_REPRESENTATION_CONTEXT(2) 
PARAMETRIC_REPRESENTATION_CONTEXT() REPRESENTATION_CONTEXT('2D SPACE',''
  ) );
#3766 = PCURVE('',#1826,#3767);
#3767 = DEFINITIONAL_REPRESENTATION('',(#3768),#3772);
#3768 = LINE('',#3769,#3770);
#3769 = CARTESIAN_POINT('',(-0.,0.));
#3770 = VECTOR('',#3771,1.);
#3771 = DIRECTION('',(-0.,-1.));
#3772 = ( GEOMETRIC_REPRESENTATION_CONTEXT(2) 
PARAMETRIC_REPRESENTATION_CONTEXT() REPRESENTATION_CONTEXT('2D SPACE',''
  ) );
#3773 = ORIENTED_EDGE('',*,*,#3774,.T.);
#3774 = EDGE_CURVE('',#3752,#3752,#3775,.T.);
#3775 = SURFACE_CURVE('',#3776,(#3781,#3788),.PCURVE_S1.);
#3776 = CIRCLE('',#3777,3.2);
#3777 = AXIS2_PLACEMENT_3D('',#3778,#3779,#3780);
#3778 = CARTESIAN_POINT('',(3.89,24.45,3.39));
#3779 = DIRECTION('',(0.,0.,1.));
#3780 = DIRECTION('',(1.,0.,0.));
#3781 = PCURVE('',#1826,#3782);
#3782 = DEFINITIONAL_REPRESENTATION('',(#3783),#3787);
#3783 = LINE('',#3784,#3785);
#3784 = CARTESIAN_POINT('',(-0.,-3.4));
#3785 = VECTOR('',#3786,1.);
#3786 = DIRECTION('',(-1.,0.));
#3787 = ( GEOMETRIC_REPRESENTATION_CONTEXT(2) 
PARAMETRIC_REPRESENTATION_CONTEXT() REPRESENTATION_CONTEXT('2D SPACE',''
  ) );
#3788 = PCURVE('',#3789,#3794);
#3789 = PLANE('',#3790);
#3790 = AXIS2_PLACEMENT_3D('',#3791,#3792,#3793);
#3791 = CARTESIAN_POINT('',(3.89,24.45,3.39));
#3792 = DIRECTION('',(0.,0.,1.));
#3793 = DIRECTION('',(1.,0.,-0.));
#3794 = DEFINITIONAL_REPRESENTATION('',(#3795),#3799);
#3795 = CIRCLE('',#3796,3.2);
#3796 = AXIS2_PLACEMENT_2D('',#3797,#3798);
#3797 = CARTESIAN_POINT('',(4.440892098501E-16,0.));
#3798 = DIRECTION('',(1.,0.));
#3799 = ( GEOMETRIC_REPRESENTATION_CONTEXT(2) 
PARAMETRIC_REPRESENTATION_CONTEXT() REPRESENTATION_CONTEXT('2D SPACE',''
  ) );
#3800 = ORIENTED_EDGE('',*,*,#3751,.F.);
#3801 = ADVANCED_FACE('',(#3802),#1863,.F.);
#3802 = FACE_BOUND('',#3803,.T.);
#3803 = EDGE_LOOP('',(#3804,#3805,#3828,#3855,#3856));
#3804 = ORIENTED_EDGE('',*,*,#1875,.T.);
#3805 = ORIENTED_EDGE('',*,*,#3806,.T.);
#3806 = EDGE_CURVE('',#1841,#3807,#3809,.T.);
#3807 = VERTEX_POINT('',#3808);
#3808 = CARTESIAN_POINT('',(51.5,29.5,0.79));
#3809 = SEAM_CURVE('',#3810,(#3814,#3821),.PCURVE_S1.);
#3810 = LINE('',#3811,#3812);
#3811 = CARTESIAN_POINT('',(51.5,29.5,-1.E-02));
#3812 = VECTOR('',#3813,1.);
#3813 = DIRECTION('',(0.,0.,1.));
#3814 = PCURVE('',#1863,#3815);
#3815 = DEFINITIONAL_REPRESENTATION('',(#3816),#3820);
#3816 = LINE('',#3817,#3818);
#3817 = CARTESIAN_POINT('',(-6.28318530718,0.));
#3818 = VECTOR('',#3819,1.);
#3819 = DIRECTION('',(-0.,-1.));
#3820 = ( GEOMETRIC_REPRESENTATION_CONTEXT(2) 
PARAMETRIC_REPRESENTATION_CONTEXT() REPRESENTATION_CONTEXT('2D SPACE',''
  ) );
#3821 = PCURVE('',#1863,#3822);
#3822 = DEFINITIONAL_REPRESENTATION('',(#3823),#3827);
#3823 = LINE('',#3824,#3825);
#3824 = CARTESIAN_POINT('',(-0.,0.));
#3825 = VECTOR('',#3826,1.);
#3826 = DIRECTION('',(-0.,-1.));
#3827 = ( GEOMETRIC_REPRESENTATION_CONTEXT(2) 
PARAMETRIC_REPRESENTATION_CONTEXT() REPRESENTATION_CONTEXT('2D SPACE',''
  ) );
#3828 = ORIENTED_EDGE('',*,*,#3829,.T.);
#3829 = EDGE_CURVE('',#3807,#3807,#3830,.T.);
#3830 = SURFACE_CURVE('',#3831,(#3836,#3843),.PCURVE_S1.);
#3831 = CIRCLE('',#3832,3.5);
#3832 = AXIS2_PLACEMENT_3D('',#3833,#3834,#3835);
#3833 = CARTESIAN_POINT('',(48.,29.5,0.79));
#3834 = DIRECTION('',(0.,0.,1.));
#3835 = DIRECTION('',(1.,0.,0.));
#3836 = PCURVE('',#1863,#3837);
#3837 = DEFINITIONAL_REPRESENTATION('',(#3838),#3842);
#3838 = LINE('',#3839,#3840);
#3839 = CARTESIAN_POINT('',(-0.,-0.8));
#3840 = VECTOR('',#3841,1.);
#3841 = DIRECTION('',(-1.,0.));
#3842 = ( GEOMETRIC_REPRESENTATION_CONTEXT(2) 
PARAMETRIC_REPRESENTATION_CONTEXT() REPRESENTATION_CONTEXT('2D SPACE',''
  ) );
#3843 = PCURVE('',#3844,#3849);
#3844 = PLANE('',#3845);
#3845 = AXIS2_PLACEMENT_3D('',#3846,#3847,#3848);
#3846 = CARTESIAN_POINT('',(48.,29.5,0.79));
#3847 = DIRECTION('',(0.,0.,1.));
#3848 = DIRECTION('',(1.,0.,-0.));
#3849 = DEFINITIONAL_REPRESENTATION('',(#3850),#3854);
#3850 = CIRCLE('',#3851,3.5);
#3851 = AXIS2_PLACEMENT_2D('',#3852,#3853);
#3852 = CARTESIAN_POINT('',(7.105427357601E-15,0.));
#3853 = DIRECTION('',(1.,0.));
#3854 = ( GEOMETRIC_REPRESENTATION_CONTEXT(2) 
PARAMETRIC_REPRESENTATION_CONTEXT() REPRESENTATION_CONTEXT('2D SPACE',''
  ) );
#3855 = ORIENTED_EDGE('',*,*,#3806,.F.);
#3856 = ORIENTED_EDGE('',*,*,#1840,.T.);
#3857 = ADVANCED_FACE('',(#3858),#1969,.T.);
#3858 = FACE_BOUND('',#3859,.T.);
#3859 = EDGE_LOOP('',(#3860,#3861,#3862,#3863,#3886,#3919,#4154,#4183));
#3860 = ORIENTED_EDGE('',*,*,#2184,.F.);
#3861 = ORIENTED_EDGE('',*,*,#1953,.F.);
#3862 = ORIENTED_EDGE('',*,*,#3376,.T.);
#3863 = ORIENTED_EDGE('',*,*,#3864,.T.);
#3864 = EDGE_CURVE('',#3291,#3865,#3867,.T.);
#3865 = VERTEX_POINT('',#3866);
#3866 = CARTESIAN_POINT('',(54.,34.,5.2));
#3867 = SURFACE_CURVE('',#3868,(#3872,#3879),.PCURVE_S1.);
#3868 = LINE('',#3869,#3870);
#3869 = CARTESIAN_POINT('',(54.,34.,0.));
#3870 = VECTOR('',#3871,1.);
#3871 = DIRECTION('',(0.,0.,1.));
#3872 = PCURVE('',#1969,#3873);
#3873 = DEFINITIONAL_REPRESENTATION('',(#3874),#3878);
#3874 = LINE('',#3875,#3876);
#3875 = CARTESIAN_POINT('',(1.570796326795,0.));
#3876 = VECTOR('',#3877,1.);
#3877 = DIRECTION('',(0.,1.));
#3878 = ( GEOMETRIC_REPRESENTATION_CONTEXT(2) 
PARAMETRIC_REPRESENTATION_CONTEXT() REPRESENTATION_CONTEXT('2D SPACE',''
  ) );
#3879 = PCURVE('',#2073,#3880);
#3880 = DEFINITIONAL_REPRESENTATION('',(#3881),#3885);
#3881 = LINE('',#3882,#3883);
#3882 = CARTESIAN_POINT('',(10.,0.));
#3883 = VECTOR('',#3884,1.);
#3884 = DIRECTION('',(0.,-1.));
#3885 = ( GEOMETRIC_REPRESENTATION_CONTEXT(2) 
PARAMETRIC_REPRESENTATION_CONTEXT() REPRESENTATION_CONTEXT('2D SPACE',''
  ) );
#3886 = ORIENTED_EDGE('',*,*,#3887,.F.);
#3887 = EDGE_CURVE('',#3888,#3865,#3890,.T.);
#3888 = VERTEX_POINT('',#3889);
#3889 = CARTESIAN_POINT('',(54.015,33.999988749994,5.2));
#3890 = SURFACE_CURVE('',#3891,(#3896,#3903),.PCURVE_S1.);
#3891 = CIRCLE('',#3892,10.);
#3892 = AXIS2_PLACEMENT_3D('',#3893,#3894,#3895);
#3893 = CARTESIAN_POINT('',(54.,24.,5.2));
#3894 = DIRECTION('',(0.,0.,1.));
#3895 = DIRECTION('',(1.,0.,-0.));
#3896 = PCURVE('',#1969,#3897);
#3897 = DEFINITIONAL_REPRESENTATION('',(#3898),#3902);
#3898 = LINE('',#3899,#3900);
#3899 = CARTESIAN_POINT('',(0.,5.2));
#3900 = VECTOR('',#3901,1.);
#3901 = DIRECTION('',(1.,0.));
#3902 = ( GEOMETRIC_REPRESENTATION_CONTEXT(2) 
PARAMETRIC_REPRESENTATION_CONTEXT() REPRESENTATION_CONTEXT('2D SPACE',''
  ) );
#3903 = PCURVE('',#3904,#3909);
#3904 = PLANE('',#3905);
#3905 = AXIS2_PLACEMENT_3D('',#3906,#3907,#3908);
#3906 = CARTESIAN_POINT('',(36.515,32.8,5.2));
#3907 = DIRECTION('',(0.,1.110223024625E-16,-1.));
#3908 = DIRECTION('',(1.,0.,0.));
#3909 = DEFINITIONAL_REPRESENTATION('',(#3910),#3918);
#3910 = ( BOUNDED_CURVE() B_SPLINE_CURVE(2,(#3911,#3912,#3913,#3914,
#3915,#3916,#3917),.UNSPECIFIED.,.T.,.F.) B_SPLINE_CURVE_WITH_KNOTS((1,2
    ,2,2,2,1),(-2.094395102393,0.,2.094395102393,4.188790204786,
6.28318530718,8.377580409573),.UNSPECIFIED.) CURVE() 
GEOMETRIC_REPRESENTATION_ITEM() RATIONAL_B_SPLINE_CURVE((1.,0.5,1.,0.5,
1.,0.5,1.)) REPRESENTATION_ITEM('') );
#3911 = CARTESIAN_POINT('',(27.485,8.8));
#3912 = CARTESIAN_POINT('',(27.485,-8.520508075689));
#3913 = CARTESIAN_POINT('',(12.485,0.139745962156));
#3914 = CARTESIAN_POINT('',(-2.515,8.8));
#3915 = CARTESIAN_POINT('',(12.485,17.460254037844));
#3916 = CARTESIAN_POINT('',(27.485,26.120508075689));
#3917 = CARTESIAN_POINT('',(27.485,8.8));
#3918 = ( GEOMETRIC_REPRESENTATION_CONTEXT(2) 
PARAMETRIC_REPRESENTATION_CONTEXT() REPRESENTATION_CONTEXT('2D SPACE',''
  ) );
#3919 = ORIENTED_EDGE('',*,*,#3920,.T.);
#3920 = EDGE_CURVE('',#3888,#3921,#3923,.T.);
#3921 = VERTEX_POINT('',#3922);
#3922 = CARTESIAN_POINT('',(54.015,33.999988749994,14.1));
#3923 = SURFACE_CURVE('',#3924,(#3997,#4073),.PCURVE_S1.);
#3924 = B_SPLINE_CURVE_WITH_KNOTS('',6,(#3925,#3926,#3927,#3928,#3929,
    #3930,#3931,#3932,#3933,#3934,#3935,#3936,#3937,#3938,#3939,#3940,
    #3941,#3942,#3943,#3944,#3945,#3946,#3947,#3948,#3949,#3950,#3951,
    #3952,#3953,#3954,#3955,#3956,#3957,#3958,#3959,#3960,#3961,#3962,
    #3963,#3964,#3965,#3966,#3967,#3968,#3969,#3970,#3971,#3972,#3973,
    #3974,#3975,#3976,#3977,#3978,#3979,#3980,#3981,#3982,#3983,#3984,
    #3985,#3986,#3987,#3988,#3989,#3990,#3991,#3992,#3993,#3994,#3995,
    #3996),.UNSPECIFIED.,.F.,.F.,(7,5,5,5,5,5,5,5,5,5,5,5,5,5,7),(0.,
    7.577419660725E-02,0.122028442553,0.179873056473,0.224591446869,
    0.260647849426,0.373974586987,0.499994758557,0.625815238116,
    0.740927949403,0.776941006643,0.821569100383,0.87916710874,
    0.925453836839,1.),.UNSPECIFIED.);
#3925 = CARTESIAN_POINT('',(54.015,33.999988749994,5.2));
#3926 = CARTESIAN_POINT('',(54.23171674795,33.999663674506,5.2));
#3927 = CARTESIAN_POINT('',(54.448029323999,33.993703245669,
    5.212665055581));
#3928 = CARTESIAN_POINT('',(54.662174397771,33.982148718037,
    5.237906414718));
#3929 = CARTESIAN_POINT('',(54.8724046582,33.965323033527,5.275219693004
    ));
#3930 = CARTESIAN_POINT('',(55.077039206124,33.943823507595,
    5.323689308936));
#3931 = CARTESIAN_POINT('',(55.395053772469,33.902958912076,
    5.417536498661));
#3932 = CARTESIAN_POINT('',(55.513063179642,33.88600780322,
    5.456802601695));
#3933 = CARTESIAN_POINT('',(55.628406924076,33.867740450844,
    5.499539850493));
#3934 = CARTESIAN_POINT('',(55.740964694723,33.84830884705,
    5.545519754448));
#3935 = CARTESIAN_POINT('',(55.850629126325,33.827868796242,
    5.594506959132));
#3936 = CARTESIAN_POINT('',(56.090713358913,33.779950114194,
    5.710977253628));
#3937 = CARTESIAN_POINT('',(56.219473308603,33.751986174219,
    5.780031198366));
#3938 = CARTESIAN_POINT('',(56.343578031441,33.722954979845,
    5.853035294168));
#3939 = CARTESIAN_POINT('',(56.463037334886,33.693111522269,5.9296356232
    ));
#3940 = CARTESIAN_POINT('',(56.577877727316,33.662693804911,
    6.009508266106));
#3941 = CARTESIAN_POINT('',(56.773384409766,33.608130473569,
    6.156408134948));
#3942 = CARTESIAN_POINT('',(56.855907416026,33.584123618881,
    6.222249044868));
#3943 = CARTESIAN_POINT('',(56.935744926468,33.559996326266,
    6.28975858563));
#3944 = CARTESIAN_POINT('',(57.012932708862,33.53583824781,
    6.358826700878));
#3945 = CARTESIAN_POINT('',(57.087508132585,33.511732373098,
    6.429355895716));
#3946 = CARTESIAN_POINT('',(57.217565352927,33.468422115939,
    6.559238455881));
#3947 = CARTESIAN_POINT('',(57.273946755607,33.449173062248,
    6.618109583292));
#3948 = CARTESIAN_POINT('',(57.328674065089,33.430048069117,
    6.677829686825));
#3949 = CARTESIAN_POINT('',(57.381765876634,33.411085346239,
    6.738357208837));
#3950 = CARTESIAN_POINT('',(57.433239692342,33.392321112021,
    6.799653966151));
#3951 = CARTESIAN_POINT('',(57.639862361701,33.315544278528,
    7.056651680307));
#3952 = CARTESIAN_POINT('',(57.780868387263,33.259569685814,
    7.258968612599));
#3953 = CARTESIAN_POINT('',(57.90651638517,33.20696969612,7.467447582818
    ));
#3954 = CARTESIAN_POINT('',(58.017143527457,33.158669555674,
    7.681155335307));
#3955 = CARTESIAN_POINT('',(58.113001254728,33.115438829157,
    7.899346418398));
#3956 = CARTESIAN_POINT('',(58.284533227476,33.036186856722,
    8.368316525855));
#3957 = CARTESIAN_POINT('',(58.356738908623,33.001517678662,
    8.619994040048));
#3958 = CARTESIAN_POINT('',(58.410861719227,32.974851521186,
    8.875141771924));
#3959 = CARTESIAN_POINT('',(58.446944431302,32.956846116007,
    9.132591566519));
#3960 = CARTESIAN_POINT('',(58.465,32.947836330644,9.391241083781));
#3961 = CARTESIAN_POINT('',(58.465,32.947836330644,9.908348885924));
#3962 = CARTESIAN_POINT('',(58.447001607856,32.956817584862,
    10.16658939073));
#3963 = CARTESIAN_POINT('',(58.411032937778,32.974766082071,
    10.423636067406));
#3964 = CARTESIAN_POINT('',(58.357081129154,33.001349068477,
    10.678391446646));
#3965 = CARTESIAN_POINT('',(58.285103836442,33.035912860294,
    10.929692729039));
#3966 = CARTESIAN_POINT('',(58.112709069873,33.115583211095,
    11.401842555724));
#3967 = CARTESIAN_POINT('',(58.015239158449,33.159539694791,
    11.623446610311));
#3968 = CARTESIAN_POINT('',(57.902531098324,33.208721234706,
    11.840419523384));
#3969 = CARTESIAN_POINT('',(57.774318884531,33.262320503224,
    12.051980918162));
#3970 = CARTESIAN_POINT('',(57.63024522726,33.319364193895,
    12.257148893773));
#3971 = CARTESIAN_POINT('',(57.419737918065,33.397247118649,
    12.516460279987));
#3972 = CARTESIAN_POINT('',(57.367973792718,33.41603259597,
    12.577514949998));
#3973 = CARTESIAN_POINT('',(57.314592591194,33.435009834111,
    12.637795726553));
#3974 = CARTESIAN_POINT('',(57.259576717351,33.454142499348,
    12.697264157411));
#3975 = CARTESIAN_POINT('',(57.202907524268,33.473392249743,
    12.755878364384));
#3976 = CARTESIAN_POINT('',(57.072266492153,33.516668498589,
    12.885114216507));
#3977 = CARTESIAN_POINT('',(56.997399692908,33.540735641478,
    12.955252867721));
#3978 = CARTESIAN_POINT('',(56.919925995083,33.564843732195,
    13.023923547849));
#3979 = CARTESIAN_POINT('',(56.83980831508,33.588909651478,
    13.091028171836));
#3980 = CARTESIAN_POINT('',(56.757011407129,33.612843592417,
    13.156456018704));
#3981 = CARTESIAN_POINT('',(56.561141348015,33.667143863665,
    13.302203070068));
#3982 = CARTESIAN_POINT('',(56.446235739379,33.697365462748,
    13.381343978914));
#3983 = CARTESIAN_POINT('',(56.326745798238,33.726995858129,
    13.457211247004));
#3984 = CARTESIAN_POINT('',(56.202648465732,33.755798245761,
    13.529481497125));
#3985 = CARTESIAN_POINT('',(56.073937527478,33.78351935967,
    13.597802337382));
#3986 = CARTESIAN_POINT('',(55.833491508487,33.831085162716,
    13.713214289924));
#3987 = CARTESIAN_POINT('',(55.723371045044,33.851410620226,
    13.761847059164));
#3988 = CARTESIAN_POINT('',(55.610361468821,33.870710295327,
    13.807444434636));
#3989 = CARTESIAN_POINT('',(55.49457437717,33.888827663599,
    13.849769660002));
#3990 = CARTESIAN_POINT('',(55.376134417565,33.905610449823,
    13.888593544111));
#3991 = CARTESIAN_POINT('',(55.060377514026,33.945559546812,
    13.980222761772));
#3992 = CARTESIAN_POINT('',(54.858723130997,33.966409061809,
    14.027188169073));
#3993 = CARTESIAN_POINT('',(54.651721040348,33.982708591985,
    14.063316391975));
#3994 = CARTESIAN_POINT('',(54.440982411771,33.993896282948,
    14.087744982986));
#3995 = CARTESIAN_POINT('',(54.22817973339,33.999668980034,14.1));
#3996 = CARTESIAN_POINT('',(54.015,33.999988749994,14.1));
#3997 = PCURVE('',#1969,#3998);
#3998 = DEFINITIONAL_REPRESENTATION('',(#3999),#4072);
#3999 = B_SPLINE_CURVE_WITH_KNOTS('',6,(#4000,#4001,#4002,#4003,#4004,
    #4005,#4006,#4007,#4008,#4009,#4010,#4011,#4012,#4013,#4014,#4015,
    #4016,#4017,#4018,#4019,#4020,#4021,#4022,#4023,#4024,#4025,#4026,
    #4027,#4028,#4029,#4030,#4031,#4032,#4033,#4034,#4035,#4036,#4037,
    #4038,#4039,#4040,#4041,#4042,#4043,#4044,#4045,#4046,#4047,#4048,
    #4049,#4050,#4051,#4052,#4053,#4054,#4055,#4056,#4057,#4058,#4059,
    #4060,#4061,#4062,#4063,#4064,#4065,#4066,#4067,#4068,#4069,#4070,
    #4071),.UNSPECIFIED.,.F.,.F.,(7,5,5,5,5,5,5,5,5,5,5,5,5,5,7),(0.,
    7.577419660725E-02,0.122028442553,0.179873056473,0.224591446869,
    0.260647849426,0.373974586987,0.499994758557,0.625815238116,
    0.740927949403,0.776941006643,0.821569100383,0.87916710874,
    0.925453836839,1.),.UNSPECIFIED.);
#4000 = CARTESIAN_POINT('',(1.569296326232,5.2));
#4001 = CARTESIAN_POINT('',(1.547624627057,5.2));
#4002 = CARTESIAN_POINT('',(1.525992495546,5.212665055581));
#4003 = CARTESIAN_POINT('',(1.504557978598,5.237906414718));
#4004 = CARTESIAN_POINT('',(1.483477766921,5.275219693004));
#4005 = CARTESIAN_POINT('',(1.4629071768,5.323689308936));
#4006 = CARTESIAN_POINT('',(1.43084424188,5.417536498661));
#4007 = CARTESIAN_POINT('',(1.418923496923,5.456802601695));
#4008 = CARTESIAN_POINT('',(1.40724713318,5.499539850493));
#4009 = CARTESIAN_POINT('',(1.39582641879,5.545519754448));
#4010 = CARTESIAN_POINT('',(1.384672016378,5.594506959132));
#4011 = CARTESIAN_POINT('',(1.360190055912,5.710977253628));
#4012 = CARTESIAN_POINT('',(1.347015772412,5.780031198366));
#4013 = CARTESIAN_POINT('',(1.334272586016,5.853035294168));
#4014 = CARTESIAN_POINT('',(1.32196142591,5.9296356232));
#4015 = CARTESIAN_POINT('',(1.310082419147,6.009508266106));
#4016 = CARTESIAN_POINT('',(1.289784631088,6.156408134948));
#4017 = CARTESIAN_POINT('',(1.281190728919,6.222249044868));
#4018 = CARTESIAN_POINT('',(1.272851033683,6.28975858563));
#4019 = CARTESIAN_POINT('',(1.264763595017,6.358826700878));
#4020 = CARTESIAN_POINT('',(1.256926420857,6.429355895716));
#4021 = CARTESIAN_POINT('',(1.243218518414,6.559238455881));
#4022 = CARTESIAN_POINT('',(1.237261009642,6.618109583292));
#4023 = CARTESIAN_POINT('',(1.231463951829,6.677829686825));
#4024 = CARTESIAN_POINT('',(1.225826476615,6.738357208837));
#4025 = CARTESIAN_POINT('',(1.220347846586,6.799653966151));
#4026 = CARTESIAN_POINT('',(1.198305249267,7.056651680307));
#4027 = CARTESIAN_POINT('',(1.183137949974,7.258968612599));
#4028 = CARTESIAN_POINT('',(1.169519534566,7.467447582818));
#4029 = CARTESIAN_POINT('',(1.157449700221,7.681155335307));
#4030 = CARTESIAN_POINT('',(1.146934661413,7.899346418398));
#4031 = CARTESIAN_POINT('',(1.128039134744,8.368316525855));
#4032 = CARTESIAN_POINT('',(1.120030265897,8.619994040048));
#4033 = CARTESIAN_POINT('',(1.113996822734,8.875141771924));
#4034 = CARTESIAN_POINT('',(1.109964250603,9.132591566519));
#4035 = CARTESIAN_POINT('',(1.107946382834,9.391241083781));
#4036 = CARTESIAN_POINT('',(1.107946382834,9.908348885924));
#4037 = CARTESIAN_POINT('',(1.109957860648,10.16658939073));
#4038 = CARTESIAN_POINT('',(1.113977687438,10.423636067406));
#4039 = CARTESIAN_POINT('',(1.119992116289,10.678391446646));
#4040 = CARTESIAN_POINT('',(1.127975843297,10.929692729039));
#4041 = CARTESIAN_POINT('',(1.146967241439,11.401842555724));
#4042 = CARTESIAN_POINT('',(1.157659060014,11.623446610311));
#4043 = CARTESIAN_POINT('',(1.169954806592,11.840419523384));
#4044 = CARTESIAN_POINT('',(1.18384815935,12.051980918162));
#4045 = CARTESIAN_POINT('',(1.199339774639,12.257148893773));
#4046 = CARTESIAN_POINT('',(1.221785058597,12.516460279987));
#4047 = CARTESIAN_POINT('',(1.227291695414,12.577514949998));
#4048 = CARTESIAN_POINT('',(1.232956915063,12.637795726553));
#4049 = CARTESIAN_POINT('',(1.238781470511,12.697264157411));
#4050 = CARTESIAN_POINT('',(1.244766242203,12.755878364384));
#4051 = CARTESIAN_POINT('',(1.258528477845,12.885114216507));
#4052 = CARTESIAN_POINT('',(1.266392192586,12.955252867721));
#4053 = CARTESIAN_POINT('',(1.274505430041,13.023923547849));
#4054 = CARTESIAN_POINT('',(1.282870174871,13.091028171836));
#4055 = CARTESIAN_POINT('',(1.291488348637,13.156456018704));
#4056 = CARTESIAN_POINT('',(1.311814095736,13.302203070068));
#4057 = CARTESIAN_POINT('',(1.323694401747,13.381343978914));
#4058 = CARTESIAN_POINT('',(1.336003388577,13.457211247004));
#4059 = CARTESIAN_POINT('',(1.348740666597,13.529481497125));
#4060 = CARTESIAN_POINT('',(1.361905032966,13.597802337382));
#4061 = CARTESIAN_POINT('',(1.386415600823,13.713214289924));
#4062 = CARTESIAN_POINT('',(1.397612741031,13.761847059164));
#4063 = CARTESIAN_POINT('',(1.409075733715,13.807444434636));
#4064 = CARTESIAN_POINT('',(1.420793541775,13.849769660002));
#4065 = CARTESIAN_POINT('',(1.432754520584,13.888593544111));
#4066 = CARTESIAN_POINT('',(1.46458192269,13.980222761772));
#4067 = CARTESIAN_POINT('',(1.484849581955,14.027188169073));
#4068 = CARTESIAN_POINT('',(1.505604278174,14.063316391975));
#4069 = CARTESIAN_POINT('',(1.526697215282,14.087744982986));
#4070 = CARTESIAN_POINT('',(1.547978328911,14.1));
#4071 = CARTESIAN_POINT('',(1.569296326232,14.1));
#4072 = ( GEOMETRIC_REPRESENTATION_CONTEXT(2) 
PARAMETRIC_REPRESENTATION_CONTEXT() REPRESENTATION_CONTEXT('2D SPACE',''
  ) );
#4073 = PCURVE('',#4074,#4079);
#4074 = CYLINDRICAL_SURFACE('',#4075,4.45);
#4075 = AXIS2_PLACEMENT_3D('',#4076,#4077,#4078);
#4076 = CARTESIAN_POINT('',(54.015,32.8,9.65));
#4077 = DIRECTION('',(0.,-1.,-1.110223024625E-16));
#4078 = DIRECTION('',(3.991813122248E-16,1.110223024625E-16,-1.));
#4079 = DEFINITIONAL_REPRESENTATION('',(#4080),#4153);
#4080 = B_SPLINE_CURVE_WITH_KNOTS('',6,(#4081,#4082,#4083,#4084,#4085,
    #4086,#4087,#4088,#4089,#4090,#4091,#4092,#4093,#4094,#4095,#4096,
    #4097,#4098,#4099,#4100,#4101,#4102,#4103,#4104,#4105,#4106,#4107,
    #4108,#4109,#4110,#4111,#4112,#4113,#4114,#4115,#4116,#4117,#4118,
    #4119,#4120,#4121,#4122,#4123,#4124,#4125,#4126,#4127,#4128,#4129,
    #4130,#4131,#4132,#4133,#4134,#4135,#4136,#4137,#4138,#4139,#4140,
    #4141,#4142,#4143,#4144,#4145,#4146,#4147,#4148,#4149,#4150,#4151,
    #4152),.UNSPECIFIED.,.F.,.F.,(7,5,5,5,5,5,5,5,5,5,5,5,5,5,7),(0.,
    7.577419660725E-02,0.122028442553,0.179873056473,0.224591446869,
    0.260647849426,0.373974586987,0.499994758557,0.625815238116,
    0.740927949403,0.776941006643,0.821569100383,0.87916710874,
    0.925453836839,1.),.UNSPECIFIED.);
#4081 = CARTESIAN_POINT('',(0.,-1.199988749994));
#4082 = CARTESIAN_POINT('',(4.870039279784E-02,-1.199663674506));
#4083 = CARTESIAN_POINT('',(9.730995598993E-02,-1.193703245669));
#4084 = CARTESIAN_POINT('',(0.145640375712,-1.182148718037));
#4085 = CARTESIAN_POINT('',(0.193502900398,-1.165323033527));
#4086 = CARTESIAN_POINT('',(0.24069065686,-1.143823507595));
#4087 = CARTESIAN_POINT('',(0.315201411217,-1.102958912076));
#4088 = CARTESIAN_POINT('',(0.343133468951,-1.08600780322));
#4089 = CARTESIAN_POINT('',(0.370752310864,-1.067740450844));
#4090 = CARTESIAN_POINT('',(0.398053595325,-1.04830884705));
#4091 = CARTESIAN_POINT('',(0.425030801874,-1.027868796242));
#4092 = CARTESIAN_POINT('',(0.484995765864,-0.979950114194));
#4093 = CARTESIAN_POINT('',(0.517802012686,-0.951986174219));
#4094 = CARTESIAN_POINT('',(0.55012103798,-0.922954979845));
#4095 = CARTESIAN_POINT('',(0.581976551354,-0.893111522269));
#4096 = CARTESIAN_POINT('',(0.613390342115,-0.862693804911));
#4097 = CARTESIAN_POINT('',(0.668344356173,-0.808130473569));
#4098 = CARTESIAN_POINT('',(0.692058100623,-0.784123618881));
#4099 = CARTESIAN_POINT('',(0.715539177044,-0.759996326266));
#4100 = CARTESIAN_POINT('',(0.738801585047,-0.73583824781));
#4101 = CARTESIAN_POINT('',(0.761859292988,-0.711732373098));
#4102 = CARTESIAN_POINT('',(0.80316383748,-0.668422115939));
#4103 = CARTESIAN_POINT('',(0.821477268319,-0.649173062248));
#4104 = CARTESIAN_POINT('',(0.839673724072,-0.630048069117));
#4105 = CARTESIAN_POINT('',(0.857760144529,-0.611085346239));
#4106 = CARTESIAN_POINT('',(0.875743215671,-0.592321112021));
#4107 = CARTESIAN_POINT('',(0.949846278086,-0.515544278528));
#4108 = CARTESIAN_POINT('',(1.005133740597,-0.459569685814));
#4109 = CARTESIAN_POINT('',(1.059657061156,-0.40696969612));
#4110 = CARTESIAN_POINT('',(1.113568911694,-0.358669555674));
#4111 = CARTESIAN_POINT('',(1.16701641469,-0.315438829157));
#4112 = CARTESIAN_POINT('',(1.27923119319,-0.236186856722));
#4113 = CARTESIAN_POINT('',(1.337920212528,-0.201517678662));
#4114 = CARTESIAN_POINT('',(1.396316983025,-0.174851521186));
#4115 = CARTESIAN_POINT('',(1.454524769298,-0.156846116007));
#4116 = CARTESIAN_POINT('',(1.512648255734,-0.147836330644));
#4117 = CARTESIAN_POINT('',(1.628852256216,-0.147836330644));
#4118 = CARTESIAN_POINT('',(1.686883829711,-0.156817584862));
#4119 = CARTESIAN_POINT('',(1.744999348139,-0.174766082071));
#4120 = CARTESIAN_POINT('',(1.803302928582,-0.201349068477));
#4121 = CARTESIAN_POINT('',(1.861897267552,-0.235912860294));
#4122 = CARTESIAN_POINT('',(1.974849728888,-0.315583211095));
#4123 = CARTESIAN_POINT('',(2.029140005481,-0.359539694791));
#4124 = CARTESIAN_POINT('',(2.083910582187,-0.408721234706));
#4125 = CARTESIAN_POINT('',(2.139316033394,-0.462320503224));
#4126 = CARTESIAN_POINT('',(2.195516871674,-0.519364193895));
#4127 = CARTESIAN_POINT('',(2.270572958011,-0.597247118649));
#4128 = CARTESIAN_POINT('',(2.288556522786,-0.61603259597));
#4129 = CARTESIAN_POINT('',(2.306644342247,-0.635009834111));
#4130 = CARTESIAN_POINT('',(2.324843113333,-0.654142499348));
#4131 = CARTESIAN_POINT('',(2.343159780618,-0.673392249743));
#4132 = CARTESIAN_POINT('',(2.384454925197,-0.716668498589));
#4133 = CARTESIAN_POINT('',(2.407500173483,-0.740735641478));
#4134 = CARTESIAN_POINT('',(2.43075118527,-0.764843732195));
#4135 = CARTESIAN_POINT('',(2.454221861111,-0.788909651478));
#4136 = CARTESIAN_POINT('',(2.477926098009,-0.812843592417));
#4137 = CARTESIAN_POINT('',(2.532790373987,-0.867143863665));
#4138 = CARTESIAN_POINT('',(2.564122800071,-0.897365462748));
#4139 = CARTESIAN_POINT('',(2.595895768773,-0.926995858129));
#4140 = CARTESIAN_POINT('',(2.62813034737,-0.955798245761));
#4141 = CARTESIAN_POINT('',(2.660849547007,-0.98351935967));
#4142 = CARTESIAN_POINT('',(2.720784371196,-1.031085162716));
#4143 = CARTESIAN_POINT('',(2.747822811693,-1.051410620227));
#4144 = CARTESIAN_POINT('',(2.775185682876,-1.070710295327));
#4145 = CARTESIAN_POINT('',(2.802865888795,-1.088827663599));
#4146 = CARTESIAN_POINT('',(2.830858552585,-1.105610449823));
#4147 = CARTESIAN_POINT('',(2.904742398294,-1.145559546812));
#4148 = CARTESIAN_POINT('',(2.951203928537,-1.166409061809));
#4149 = CARTESIAN_POINT('',(2.998311363328,-1.182708591985));
#4150 = CARTESIAN_POINT('',(3.045866272973,-1.193896282948));
#4151 = CARTESIAN_POINT('',(3.093687095525,-1.199668980034));
#4152 = CARTESIAN_POINT('',(3.14159265359,-1.199988749994));
#4153 = ( GEOMETRIC_REPRESENTATION_CONTEXT(2) 
PARAMETRIC_REPRESENTATION_CONTEXT() REPRESENTATION_CONTEXT('2D SPACE',''
  ) );
#4154 = ORIENTED_EDGE('',*,*,#4155,.T.);
#4155 = EDGE_CURVE('',#3921,#4156,#4158,.T.);
#4156 = VERTEX_POINT('',#4157);
#4157 = CARTESIAN_POINT('',(54.,34.,14.1));
#4158 = SURFACE_CURVE('',#4159,(#4164,#4171),.PCURVE_S1.);
#4159 = CIRCLE('',#4160,10.);
#4160 = AXIS2_PLACEMENT_3D('',#4161,#4162,#4163);
#4161 = CARTESIAN_POINT('',(54.,24.,14.1));
#4162 = DIRECTION('',(0.,0.,1.));
#4163 = DIRECTION('',(1.,0.,-0.));
#4164 = PCURVE('',#1969,#4165);
#4165 = DEFINITIONAL_REPRESENTATION('',(#4166),#4170);
#4166 = LINE('',#4167,#4168);
#4167 = CARTESIAN_POINT('',(0.,14.1));
#4168 = VECTOR('',#4169,1.);
#4169 = DIRECTION('',(1.,0.));
#4170 = ( GEOMETRIC_REPRESENTATION_CONTEXT(2) 
PARAMETRIC_REPRESENTATION_CONTEXT() REPRESENTATION_CONTEXT('2D SPACE',''
  ) );
#4171 = PCURVE('',#4172,#4177);
#4172 = PLANE('',#4173);
#4173 = AXIS2_PLACEMENT_3D('',#4174,#4175,#4176);
#4174 = CARTESIAN_POINT('',(54.015,32.8,14.1));
#4175 = DIRECTION('',(0.,-1.110223024625E-16,1.));
#4176 = DIRECTION('',(-1.,0.,0.));
#4177 = DEFINITIONAL_REPRESENTATION('',(#4178),#4182);
#4178 = CIRCLE('',#4179,10.);
#4179 = AXIS2_PLACEMENT_2D('',#4180,#4181);
#4180 = CARTESIAN_POINT('',(1.5E-02,8.8));
#4181 = DIRECTION('',(-1.,0.));
#4182 = ( GEOMETRIC_REPRESENTATION_CONTEXT(2) 
PARAMETRIC_REPRESENTATION_CONTEXT() REPRESENTATION_CONTEXT('2D SPACE',''
  ) );
#4183 = ORIENTED_EDGE('',*,*,#4184,.T.);
#4184 = EDGE_CURVE('',#4156,#2185,#4185,.T.);
#4185 = SURFACE_CURVE('',#4186,(#4190,#4197),.PCURVE_S1.);
#4186 = LINE('',#4187,#4188);
#4187 = CARTESIAN_POINT('',(54.,34.,0.));
#4188 = VECTOR('',#4189,1.);
#4189 = DIRECTION('',(0.,0.,1.));
#4190 = PCURVE('',#1969,#4191);
#4191 = DEFINITIONAL_REPRESENTATION('',(#4192),#4196);
#4192 = LINE('',#4193,#4194);
#4193 = CARTESIAN_POINT('',(1.570796326795,0.));
#4194 = VECTOR('',#4195,1.);
#4195 = DIRECTION('',(0.,1.));
#4196 = ( GEOMETRIC_REPRESENTATION_CONTEXT(2) 
PARAMETRIC_REPRESENTATION_CONTEXT() REPRESENTATION_CONTEXT('2D SPACE',''
  ) );
#4197 = PCURVE('',#2073,#4198);
#4198 = DEFINITIONAL_REPRESENTATION('',(#4199),#4203);
#4199 = LINE('',#4200,#4201);
#4200 = CARTESIAN_POINT('',(10.,0.));
#4201 = VECTOR('',#4202,1.);
#4202 = DIRECTION('',(0.,-1.));
#4203 = ( GEOMETRIC_REPRESENTATION_CONTEXT(2) 
PARAMETRIC_REPRESENTATION_CONTEXT() REPRESENTATION_CONTEXT('2D SPACE',''
  ) );
#4204 = ADVANCED_FACE('',(#4205),#2073,.F.);
#4205 = FACE_BOUND('',#4206,.F.);
#4206 = EDGE_LOOP('',(#4207,#4208,#4209,#4230,#4259,#4278,#4279,#4280));
#4207 = ORIENTED_EDGE('',*,*,#3311,.F.);
#4208 = ORIENTED_EDGE('',*,*,#3864,.T.);
#4209 = ORIENTED_EDGE('',*,*,#4210,.F.);
#4210 = EDGE_CURVE('',#4211,#3865,#4213,.T.);
#4211 = VERTEX_POINT('',#4212);
#4212 = CARTESIAN_POINT('',(36.515,34.,5.2));
#4213 = SURFACE_CURVE('',#4214,(#4218,#4224),.PCURVE_S1.);
#4214 = LINE('',#4215,#4216);
#4215 = CARTESIAN_POINT('',(50.2575,34.,5.2));
#4216 = VECTOR('',#4217,1.);
#4217 = DIRECTION('',(1.,0.,0.));
#4218 = PCURVE('',#2073,#4219);
#4219 = DEFINITIONAL_REPRESENTATION('',(#4220),#4223);
#4220 = B_SPLINE_CURVE_WITH_KNOTS('',1,(#4221,#4222),.UNSPECIFIED.,.F.,
  .F.,(2,2),(-13.7425,3.7425),.PIECEWISE_BEZIER_KNOTS.);
#4221 = CARTESIAN_POINT('',(27.485,-5.2));
#4222 = CARTESIAN_POINT('',(10.,-5.2));
#4223 = ( GEOMETRIC_REPRESENTATION_CONTEXT(2) 
PARAMETRIC_REPRESENTATION_CONTEXT() REPRESENTATION_CONTEXT('2D SPACE',''
  ) );
#4224 = PCURVE('',#3904,#4225);
#4225 = DEFINITIONAL_REPRESENTATION('',(#4226),#4229);
#4226 = B_SPLINE_CURVE_WITH_KNOTS('',1,(#4227,#4228),.UNSPECIFIED.,.F.,
  .F.,(2,2),(-13.7425,3.7425),.PIECEWISE_BEZIER_KNOTS.);
#4227 = CARTESIAN_POINT('',(0.,-1.2));
#4228 = CARTESIAN_POINT('',(17.485,-1.2));
#4229 = ( GEOMETRIC_REPRESENTATION_CONTEXT(2) 
PARAMETRIC_REPRESENTATION_CONTEXT() REPRESENTATION_CONTEXT('2D SPACE',''
  ) );
#4230 = ORIENTED_EDGE('',*,*,#4231,.F.);
#4231 = EDGE_CURVE('',#4232,#4211,#4234,.T.);
#4232 = VERTEX_POINT('',#4233);
#4233 = CARTESIAN_POINT('',(36.515,34.,14.1));
#4234 = SURFACE_CURVE('',#4235,(#4240,#4247),.PCURVE_S1.);
#4235 = CIRCLE('',#4236,4.45);
#4236 = AXIS2_PLACEMENT_3D('',#4237,#4238,#4239);
#4237 = CARTESIAN_POINT('',(36.515,34.,9.65));
#4238 = DIRECTION('',(0.,-1.,-1.110223024625E-16));
#4239 = DIRECTION('',(-3.991813122248E-16,-1.110223024625E-16,1.));
#4240 = PCURVE('',#2073,#4241);
#4241 = DEFINITIONAL_REPRESENTATION('',(#4242),#4246);
#4242 = CIRCLE('',#4243,4.45);
#4243 = AXIS2_PLACEMENT_2D('',#4244,#4245);
#4244 = CARTESIAN_POINT('',(27.485,-9.65));
#4245 = DIRECTION('',(3.991813122248E-16,-1.));
#4246 = ( GEOMETRIC_REPRESENTATION_CONTEXT(2) 
PARAMETRIC_REPRESENTATION_CONTEXT() REPRESENTATION_CONTEXT('2D SPACE',''
  ) );
#4247 = PCURVE('',#4248,#4253);
#4248 = CYLINDRICAL_SURFACE('',#4249,4.45);
#4249 = AXIS2_PLACEMENT_3D('',#4250,#4251,#4252);
#4250 = CARTESIAN_POINT('',(36.515,32.8,9.65));
#4251 = DIRECTION('',(0.,-1.,-1.110223024625E-16));
#4252 = DIRECTION('',(-3.991813122248E-16,-1.110223024625E-16,1.));
#4253 = DEFINITIONAL_REPRESENTATION('',(#4254),#4258);
#4254 = LINE('',#4255,#4256);
#4255 = CARTESIAN_POINT('',(0.,-1.2));
#4256 = VECTOR('',#4257,1.);
#4257 = DIRECTION('',(1.,0.));
#4258 = ( GEOMETRIC_REPRESENTATION_CONTEXT(2) 
PARAMETRIC_REPRESENTATION_CONTEXT() REPRESENTATION_CONTEXT('2D SPACE',''
  ) );
#4259 = ORIENTED_EDGE('',*,*,#4260,.F.);
#4260 = EDGE_CURVE('',#4156,#4232,#4261,.T.);
#4261 = SURFACE_CURVE('',#4262,(#4266,#4272),.PCURVE_S1.);
#4262 = LINE('',#4263,#4264);
#4263 = CARTESIAN_POINT('',(59.0075,34.,14.1));
#4264 = VECTOR('',#4265,1.);
#4265 = DIRECTION('',(-1.,0.,0.));
#4266 = PCURVE('',#2073,#4267);
#4267 = DEFINITIONAL_REPRESENTATION('',(#4268),#4271);
#4268 = B_SPLINE_CURVE_WITH_KNOTS('',1,(#4269,#4270),.UNSPECIFIED.,.F.,
  .F.,(2,2),(5.0075,22.4925),.PIECEWISE_BEZIER_KNOTS.);
#4269 = CARTESIAN_POINT('',(10.,-14.1));
#4270 = CARTESIAN_POINT('',(27.485,-14.1));
#4271 = ( GEOMETRIC_REPRESENTATION_CONTEXT(2) 
PARAMETRIC_REPRESENTATION_CONTEXT() REPRESENTATION_CONTEXT('2D SPACE',''
  ) );
#4272 = PCURVE('',#4172,#4273);
#4273 = DEFINITIONAL_REPRESENTATION('',(#4274),#4277);
#4274 = B_SPLINE_CURVE_WITH_KNOTS('',1,(#4275,#4276),.UNSPECIFIED.,.F.,
  .F.,(2,2),(5.0075,22.4925),.PIECEWISE_BEZIER_KNOTS.);
#4275 = CARTESIAN_POINT('',(1.5E-02,-1.2));
#4276 = CARTESIAN_POINT('',(17.5,-1.2));
#4277 = ( GEOMETRIC_REPRESENTATION_CONTEXT(2) 
PARAMETRIC_REPRESENTATION_CONTEXT() REPRESENTATION_CONTEXT('2D SPACE',''
  ) );
#4278 = ORIENTED_EDGE('',*,*,#4184,.T.);
#4279 = ORIENTED_EDGE('',*,*,#2232,.T.);
#4280 = ORIENTED_EDGE('',*,*,#2055,.F.);
#4281 = ADVANCED_FACE('',(#4282),#2316,.F.);
#4282 = FACE_BOUND('',#4283,.F.);
#4283 = EDGE_LOOP('',(#4284,#4285,#4308,#4336,#4362,#4391));
#4284 = ORIENTED_EDGE('',*,*,#2301,.F.);
#4285 = ORIENTED_EDGE('',*,*,#4286,.F.);
#4286 = EDGE_CURVE('',#4287,#2259,#4289,.T.);
#4287 = VERTEX_POINT('',#4288);
#4288 = CARTESIAN_POINT('',(54.,-30.5,8.5));
#4289 = SURFACE_CURVE('',#4290,(#4294,#4301),.PCURVE_S1.);
#4290 = LINE('',#4291,#4292);
#4291 = CARTESIAN_POINT('',(54.,-30.5,3.));
#4292 = VECTOR('',#4293,1.);
#4293 = DIRECTION('',(0.,0.,1.));
#4294 = PCURVE('',#2316,#4295);
#4295 = DEFINITIONAL_REPRESENTATION('',(#4296),#4300);
#4296 = LINE('',#4297,#4298);
#4297 = CARTESIAN_POINT('',(0.,0.));
#4298 = VECTOR('',#4299,1.);
#4299 = DIRECTION('',(0.,1.));
#4300 = ( GEOMETRIC_REPRESENTATION_CONTEXT(2) 
PARAMETRIC_REPRESENTATION_CONTEXT() REPRESENTATION_CONTEXT('2D SPACE',''
  ) );
#4301 = PCURVE('',#3275,#4302);
#4302 = DEFINITIONAL_REPRESENTATION('',(#4303),#4307);
#4303 = LINE('',#4304,#4305);
#4304 = CARTESIAN_POINT('',(114.5,0.));
#4305 = VECTOR('',#4306,1.);
#4306 = DIRECTION('',(0.,-1.));
#4307 = ( GEOMETRIC_REPRESENTATION_CONTEXT(2) 
PARAMETRIC_REPRESENTATION_CONTEXT() REPRESENTATION_CONTEXT('2D SPACE',''
  ) );
#4308 = ORIENTED_EDGE('',*,*,#4309,.F.);
#4309 = EDGE_CURVE('',#4310,#4287,#4312,.T.);
#4310 = VERTEX_POINT('',#4311);
#4311 = CARTESIAN_POINT('',(60.3,-25.6,8.5));
#4312 = SURFACE_CURVE('',#4313,(#4318,#4325),.PCURVE_S1.);
#4313 = CIRCLE('',#4314,6.5);
#4314 = AXIS2_PLACEMENT_3D('',#4315,#4316,#4317);
#4315 = CARTESIAN_POINT('',(54.,-24.,8.5));
#4316 = DIRECTION('',(0.,0.,-1.));
#4317 = DIRECTION('',(0.969230769231,-0.246153846154,0.));
#4318 = PCURVE('',#2316,#4319);
#4319 = DEFINITIONAL_REPRESENTATION('',(#4320),#4324);
#4320 = LINE('',#4321,#4322);
#4321 = CARTESIAN_POINT('',(1.322086337701,5.5));
#4322 = VECTOR('',#4323,1.);
#4323 = DIRECTION('',(-1.,-0.));
#4324 = ( GEOMETRIC_REPRESENTATION_CONTEXT(2) 
PARAMETRIC_REPRESENTATION_CONTEXT() REPRESENTATION_CONTEXT('2D SPACE',''
  ) );
#4325 = PCURVE('',#2565,#4326);
#4326 = DEFINITIONAL_REPRESENTATION('',(#4327),#4335);
#4327 = ( BOUNDED_CURVE() B_SPLINE_CURVE(2,(#4328,#4329,#4330,#4331,
#4332,#4333,#4334),.UNSPECIFIED.,.T.,.F.) B_SPLINE_CURVE_WITH_KNOTS((1,2
    ,2,2,2,1),(-2.094395102393,0.,2.094395102393,4.188790204786,
6.28318530718,8.377580409573),.UNSPECIFIED.) CURVE() 
GEOMETRIC_REPRESENTATION_ITEM() RATIONAL_B_SPLINE_CURVE((1.,0.5,1.,0.5,
1.,0.5,1.)) REPRESENTATION_ITEM('') );
#4328 = CARTESIAN_POINT('',(1.,-26.625));
#4329 = CARTESIAN_POINT('',(-1.77128129211,-37.53692008768));
#4330 = CARTESIAN_POINT('',(-9.835640646055,-29.68096004384));
#4331 = CARTESIAN_POINT('',(-17.9,-21.825));
#4332 = CARTESIAN_POINT('',(-7.064359353945,-18.76903995615));
#4333 = CARTESIAN_POINT('',(3.77128129211,-15.71307991231));
#4334 = CARTESIAN_POINT('',(1.,-26.625));
#4335 = ( GEOMETRIC_REPRESENTATION_CONTEXT(2) 
PARAMETRIC_REPRESENTATION_CONTEXT() REPRESENTATION_CONTEXT('2D SPACE',''
  ) );
#4336 = ORIENTED_EDGE('',*,*,#4337,.F.);
#4337 = EDGE_CURVE('',#4338,#4310,#4340,.T.);
#4338 = VERTEX_POINT('',#4339);
#4339 = CARTESIAN_POINT('',(60.3,-25.6,3.));
#4340 = SURFACE_CURVE('',#4341,(#4345,#4351),.PCURVE_S1.);
#4341 = LINE('',#4342,#4343);
#4342 = CARTESIAN_POINT('',(60.3,-25.6,3.));
#4343 = VECTOR('',#4344,1.);
#4344 = DIRECTION('',(0.,0.,1.));
#4345 = PCURVE('',#2316,#4346);
#4346 = DEFINITIONAL_REPRESENTATION('',(#4347),#4350);
#4347 = B_SPLINE_CURVE_WITH_KNOTS('',1,(#4348,#4349),.UNSPECIFIED.,.F.,
  .F.,(2,2),(-5.999999999062E-07,6.05),.PIECEWISE_BEZIER_KNOTS.);
#4348 = CARTESIAN_POINT('',(1.322086337701,-5.999999999062E-07));
#4349 = CARTESIAN_POINT('',(1.322086337701,6.05));
#4350 = ( GEOMETRIC_REPRESENTATION_CONTEXT(2) 
PARAMETRIC_REPRESENTATION_CONTEXT() REPRESENTATION_CONTEXT('2D SPACE',''
  ) );
#4351 = PCURVE('',#4352,#4357);
#4352 = PLANE('',#4353);
#4353 = AXIS2_PLACEMENT_3D('',#4354,#4355,#4356);
#4354 = CARTESIAN_POINT('',(60.3,-28.45,3.));
#4355 = DIRECTION('',(-1.,0.,0.));
#4356 = DIRECTION('',(0.,1.,0.));
#4357 = DEFINITIONAL_REPRESENTATION('',(#4358),#4361);
#4358 = B_SPLINE_CURVE_WITH_KNOTS('',1,(#4359,#4360),.UNSPECIFIED.,.F.,
  .F.,(2,2),(-5.999999999062E-07,6.05),.PIECEWISE_BEZIER_KNOTS.);
#4359 = CARTESIAN_POINT('',(2.85,5.999999999062E-07));
#4360 = CARTESIAN_POINT('',(2.85,-6.05));
#4361 = ( GEOMETRIC_REPRESENTATION_CONTEXT(2) 
PARAMETRIC_REPRESENTATION_CONTEXT() REPRESENTATION_CONTEXT('2D SPACE',''
  ) );
#4362 = ORIENTED_EDGE('',*,*,#4363,.T.);
#4363 = EDGE_CURVE('',#4338,#4364,#4366,.T.);
#4364 = VERTEX_POINT('',#4365);
#4365 = CARTESIAN_POINT('',(60.5,-24.,3.));
#4366 = SURFACE_CURVE('',#4367,(#4372,#4379),.PCURVE_S1.);
#4367 = CIRCLE('',#4368,6.5);
#4368 = AXIS2_PLACEMENT_3D('',#4369,#4370,#4371);
#4369 = CARTESIAN_POINT('',(54.,-24.,3.));
#4370 = DIRECTION('',(0.,0.,1.));
#4371 = DIRECTION('',(0.,-1.,0.));
#4372 = PCURVE('',#2316,#4373);
#4373 = DEFINITIONAL_REPRESENTATION('',(#4374),#4378);
#4374 = LINE('',#4375,#4376);
#4375 = CARTESIAN_POINT('',(0.,0.));
#4376 = VECTOR('',#4377,1.);
#4377 = DIRECTION('',(1.,0.));
#4378 = ( GEOMETRIC_REPRESENTATION_CONTEXT(2) 
PARAMETRIC_REPRESENTATION_CONTEXT() REPRESENTATION_CONTEXT('2D SPACE',''
  ) );
#4379 = PCURVE('',#4380,#4385);
#4380 = PLANE('',#4381);
#4381 = AXIS2_PLACEMENT_3D('',#4382,#4383,#4384);
#4382 = CARTESIAN_POINT('',(0.,0.,3.));
#4383 = DIRECTION('',(0.,0.,1.));
#4384 = DIRECTION('',(1.,0.,-0.));
#4385 = DEFINITIONAL_REPRESENTATION('',(#4386),#4390);
#4386 = CIRCLE('',#4387,6.5);
#4387 = AXIS2_PLACEMENT_2D('',#4388,#4389);
#4388 = CARTESIAN_POINT('',(54.,-24.));
#4389 = DIRECTION('',(0.,-1.));
#4390 = ( GEOMETRIC_REPRESENTATION_CONTEXT(2) 
PARAMETRIC_REPRESENTATION_CONTEXT() REPRESENTATION_CONTEXT('2D SPACE',''
  ) );
#4391 = ORIENTED_EDGE('',*,*,#4392,.T.);
#4392 = EDGE_CURVE('',#4364,#2281,#4393,.T.);
#4393 = SURFACE_CURVE('',#4394,(#4398,#4405),.PCURVE_S1.);
#4394 = LINE('',#4395,#4396);
#4395 = CARTESIAN_POINT('',(60.5,-24.,3.));
#4396 = VECTOR('',#4397,1.);
#4397 = DIRECTION('',(0.,0.,1.));
#4398 = PCURVE('',#2316,#4399);
#4399 = DEFINITIONAL_REPRESENTATION('',(#4400),#4404);
#4400 = LINE('',#4401,#4402);
#4401 = CARTESIAN_POINT('',(1.570796326795,0.));
#4402 = VECTOR('',#4403,1.);
#4403 = DIRECTION('',(0.,1.));
#4404 = ( GEOMETRIC_REPRESENTATION_CONTEXT(2) 
PARAMETRIC_REPRESENTATION_CONTEXT() REPRESENTATION_CONTEXT('2D SPACE',''
  ) );
#4405 = PCURVE('',#2368,#4406);
#4406 = DEFINITIONAL_REPRESENTATION('',(#4407),#4411);
#4407 = LINE('',#4408,#4409);
#4408 = CARTESIAN_POINT('',(6.5,0.));
#4409 = VECTOR('',#4410,1.);
#4410 = DIRECTION('',(0.,-1.));
#4411 = ( GEOMETRIC_REPRESENTATION_CONTEXT(2) 
PARAMETRIC_REPRESENTATION_CONTEXT() REPRESENTATION_CONTEXT('2D SPACE',''
  ) );
#4412 = ADVANCED_FACE('',(#4413),#2368,.T.);
#4413 = FACE_BOUND('',#4414,.T.);
#4414 = EDGE_LOOP('',(#4415,#4438,#4459,#4460));
#4415 = ORIENTED_EDGE('',*,*,#4416,.F.);
#4416 = EDGE_CURVE('',#4417,#2334,#4419,.T.);
#4417 = VERTEX_POINT('',#4418);
#4418 = CARTESIAN_POINT('',(60.5,24.,3.));
#4419 = SURFACE_CURVE('',#4420,(#4424,#4431),.PCURVE_S1.);
#4420 = LINE('',#4421,#4422);
#4421 = CARTESIAN_POINT('',(60.5,24.,3.));
#4422 = VECTOR('',#4423,1.);
#4423 = DIRECTION('',(0.,0.,1.));
#4424 = PCURVE('',#2368,#4425);
#4425 = DEFINITIONAL_REPRESENTATION('',(#4426),#4430);
#4426 = LINE('',#4427,#4428);
#4427 = CARTESIAN_POINT('',(54.5,0.));
#4428 = VECTOR('',#4429,1.);
#4429 = DIRECTION('',(0.,-1.));
#4430 = ( GEOMETRIC_REPRESENTATION_CONTEXT(2) 
PARAMETRIC_REPRESENTATION_CONTEXT() REPRESENTATION_CONTEXT('2D SPACE',''
  ) );
#4431 = PCURVE('',#2427,#4432);
#4432 = DEFINITIONAL_REPRESENTATION('',(#4433),#4437);
#4433 = LINE('',#4434,#4435);
#4434 = CARTESIAN_POINT('',(0.,0.));
#4435 = VECTOR('',#4436,1.);
#4436 = DIRECTION('',(0.,1.));
#4437 = ( GEOMETRIC_REPRESENTATION_CONTEXT(2) 
PARAMETRIC_REPRESENTATION_CONTEXT() REPRESENTATION_CONTEXT('2D SPACE',''
  ) );
#4438 = ORIENTED_EDGE('',*,*,#4439,.F.);
#4439 = EDGE_CURVE('',#4364,#4417,#4440,.T.);
#4440 = SURFACE_CURVE('',#4441,(#4445,#4452),.PCURVE_S1.);
#4441 = LINE('',#4442,#4443);
#4442 = CARTESIAN_POINT('',(60.5,-30.5,3.));
#4443 = VECTOR('',#4444,1.);
#4444 = DIRECTION('',(0.,1.,0.));
#4445 = PCURVE('',#2368,#4446);
#4446 = DEFINITIONAL_REPRESENTATION('',(#4447),#4451);
#4447 = LINE('',#4448,#4449);
#4448 = CARTESIAN_POINT('',(0.,0.));
#4449 = VECTOR('',#4450,1.);
#4450 = DIRECTION('',(1.,0.));
#4451 = ( GEOMETRIC_REPRESENTATION_CONTEXT(2) 
PARAMETRIC_REPRESENTATION_CONTEXT() REPRESENTATION_CONTEXT('2D SPACE',''
  ) );
#4452 = PCURVE('',#4380,#4453);
#4453 = DEFINITIONAL_REPRESENTATION('',(#4454),#4458);
#4454 = LINE('',#4455,#4456);
#4455 = CARTESIAN_POINT('',(60.5,-30.5));
#4456 = VECTOR('',#4457,1.);
#4457 = DIRECTION('',(0.,1.));
#4458 = ( GEOMETRIC_REPRESENTATION_CONTEXT(2) 
PARAMETRIC_REPRESENTATION_CONTEXT() REPRESENTATION_CONTEXT('2D SPACE',''
  ) );
#4459 = ORIENTED_EDGE('',*,*,#4392,.T.);
#4460 = ORIENTED_EDGE('',*,*,#2354,.T.);
#4461 = ADVANCED_FACE('',(#4462),#2427,.F.);
#4462 = FACE_BOUND('',#4463,.F.);
#4463 = EDGE_LOOP('',(#4464,#4465,#4466,#4490,#4511,#4533));
#4464 = ORIENTED_EDGE('',*,*,#2412,.F.);
#4465 = ORIENTED_EDGE('',*,*,#4416,.F.);
#4466 = ORIENTED_EDGE('',*,*,#4467,.T.);
#4467 = EDGE_CURVE('',#4417,#4468,#4470,.T.);
#4468 = VERTEX_POINT('',#4469);
#4469 = CARTESIAN_POINT('',(60.3,25.6,3.));
#4470 = SURFACE_CURVE('',#4471,(#4476,#4483),.PCURVE_S1.);
#4471 = CIRCLE('',#4472,6.5);
#4472 = AXIS2_PLACEMENT_3D('',#4473,#4474,#4475);
#4473 = CARTESIAN_POINT('',(54.,24.,3.));
#4474 = DIRECTION('',(0.,0.,1.));
#4475 = DIRECTION('',(0.,-1.,0.));
#4476 = PCURVE('',#2427,#4477);
#4477 = DEFINITIONAL_REPRESENTATION('',(#4478),#4482);
#4478 = LINE('',#4479,#4480);
#4479 = CARTESIAN_POINT('',(-1.570796326795,0.));
#4480 = VECTOR('',#4481,1.);
#4481 = DIRECTION('',(1.,0.));
#4482 = ( GEOMETRIC_REPRESENTATION_CONTEXT(2) 
PARAMETRIC_REPRESENTATION_CONTEXT() REPRESENTATION_CONTEXT('2D SPACE',''
  ) );
#4483 = PCURVE('',#4380,#4484);
#4484 = DEFINITIONAL_REPRESENTATION('',(#4485),#4489);
#4485 = CIRCLE('',#4486,6.5);
#4486 = AXIS2_PLACEMENT_2D('',#4487,#4488);
#4487 = CARTESIAN_POINT('',(54.,24.));
#4488 = DIRECTION('',(0.,-1.));
#4489 = ( GEOMETRIC_REPRESENTATION_CONTEXT(2) 
PARAMETRIC_REPRESENTATION_CONTEXT() REPRESENTATION_CONTEXT('2D SPACE',''
  ) );
#4490 = ORIENTED_EDGE('',*,*,#4491,.T.);
#4491 = EDGE_CURVE('',#4468,#4492,#4494,.T.);
#4492 = VERTEX_POINT('',#4493);
#4493 = CARTESIAN_POINT('',(60.3,25.6,8.5));
#4494 = SURFACE_CURVE('',#4495,(#4499,#4505),.PCURVE_S1.);
#4495 = LINE('',#4496,#4497);
#4496 = CARTESIAN_POINT('',(60.3,25.6,3.));
#4497 = VECTOR('',#4498,1.);
#4498 = DIRECTION('',(0.,0.,1.));
#4499 = PCURVE('',#2427,#4500);
#4500 = DEFINITIONAL_REPRESENTATION('',(#4501),#4504);
#4501 = B_SPLINE_CURVE_WITH_KNOTS('',1,(#4502,#4503),.UNSPECIFIED.,.F.,
  .F.,(2,2),(-5.999999999062E-07,6.05),.PIECEWISE_BEZIER_KNOTS.);
#4502 = CARTESIAN_POINT('',(0.248709989094,-5.999999999062E-07));
#4503 = CARTESIAN_POINT('',(0.248709989094,6.05));
#4504 = ( GEOMETRIC_REPRESENTATION_CONTEXT(2) 
PARAMETRIC_REPRESENTATION_CONTEXT() REPRESENTATION_CONTEXT('2D SPACE',''
  ) );
#4505 = PCURVE('',#4352,#4506);
#4506 = DEFINITIONAL_REPRESENTATION('',(#4507),#4510);
#4507 = B_SPLINE_CURVE_WITH_KNOTS('',1,(#4508,#4509),.UNSPECIFIED.,.F.,
  .F.,(2,2),(-5.999999999062E-07,6.05),.PIECEWISE_BEZIER_KNOTS.);
#4508 = CARTESIAN_POINT('',(54.05,5.999999999062E-07));
#4509 = CARTESIAN_POINT('',(54.05,-6.05));
#4510 = ( GEOMETRIC_REPRESENTATION_CONTEXT(2) 
PARAMETRIC_REPRESENTATION_CONTEXT() REPRESENTATION_CONTEXT('2D SPACE',''
  ) );
#4511 = ORIENTED_EDGE('',*,*,#4512,.T.);
#4512 = EDGE_CURVE('',#4492,#2551,#4513,.T.);
#4513 = SURFACE_CURVE('',#4514,(#4519,#4526),.PCURVE_S1.);
#4514 = CIRCLE('',#4515,6.5);
#4515 = AXIS2_PLACEMENT_3D('',#4516,#4517,#4518);
#4516 = CARTESIAN_POINT('',(54.,24.,8.5));
#4517 = DIRECTION('',(0.,0.,1.));
#4518 = DIRECTION('',(1.,0.,-0.));
#4519 = PCURVE('',#2427,#4520);
#4520 = DEFINITIONAL_REPRESENTATION('',(#4521),#4525);
#4521 = LINE('',#4522,#4523);
#4522 = CARTESIAN_POINT('',(0.,5.5));
#4523 = VECTOR('',#4524,1.);
#4524 = DIRECTION('',(1.,0.));
#4525 = ( GEOMETRIC_REPRESENTATION_CONTEXT(2) 
PARAMETRIC_REPRESENTATION_CONTEXT() REPRESENTATION_CONTEXT('2D SPACE',''
  ) );
#4526 = PCURVE('',#2565,#4527);
#4527 = DEFINITIONAL_REPRESENTATION('',(#4528),#4532);
#4528 = CIRCLE('',#4529,6.5);
#4529 = AXIS2_PLACEMENT_2D('',#4530,#4531);
#4530 = CARTESIAN_POINT('',(-5.3,22.975));
#4531 = DIRECTION('',(1.,0.));
#4532 = ( GEOMETRIC_REPRESENTATION_CONTEXT(2) 
PARAMETRIC_REPRESENTATION_CONTEXT() REPRESENTATION_CONTEXT('2D SPACE',''
  ) );
#4533 = ORIENTED_EDGE('',*,*,#2576,.T.);
#4534 = ADVANCED_FACE('',(#4535),#2460,.T.);
#4535 = FACE_BOUND('',#4536,.T.);
#4536 = EDGE_LOOP('',(#4537,#4538,#4539,#4540,#4541,#4542,#4565,#4593,
    #4621,#4642));
#4537 = ORIENTED_EDGE('',*,*,#2644,.T.);
#4538 = ORIENTED_EDGE('',*,*,#2671,.T.);
#4539 = ORIENTED_EDGE('',*,*,#2720,.T.);
#4540 = ORIENTED_EDGE('',*,*,#2882,.T.);
#4541 = ORIENTED_EDGE('',*,*,#2931,.T.);
#4542 = ORIENTED_EDGE('',*,*,#4543,.T.);
#4543 = EDGE_CURVE('',#2932,#4544,#4546,.T.);
#4544 = VERTEX_POINT('',#4545);
#4545 = CARTESIAN_POINT('',(34.03,28.2,3.));
#4546 = SURFACE_CURVE('',#4547,(#4551,#4558),.PCURVE_S1.);
#4547 = LINE('',#4548,#4549);
#4548 = CARTESIAN_POINT('',(30.765,28.2,3.));
#4549 = VECTOR('',#4550,1.);
#4550 = DIRECTION('',(1.,0.,0.));
#4551 = PCURVE('',#2460,#4552);
#4552 = DEFINITIONAL_REPRESENTATION('',(#4553),#4557);
#4553 = LINE('',#4554,#4555);
#4554 = CARTESIAN_POINT('',(-14.5,-1.9));
#4555 = VECTOR('',#4556,1.);
#4556 = DIRECTION('',(1.,0.));
#4557 = ( GEOMETRIC_REPRESENTATION_CONTEXT(2) 
PARAMETRIC_REPRESENTATION_CONTEXT() REPRESENTATION_CONTEXT('2D SPACE',''
  ) );
#4558 = PCURVE('',#3038,#4559);
#4559 = DEFINITIONAL_REPRESENTATION('',(#4560),#4564);
#4560 = LINE('',#4561,#4562);
#4561 = CARTESIAN_POINT('',(0.,0.));
#4562 = VECTOR('',#4563,1.);
#4563 = DIRECTION('',(1.,0.));
#4564 = ( GEOMETRIC_REPRESENTATION_CONTEXT(2) 
PARAMETRIC_REPRESENTATION_CONTEXT() REPRESENTATION_CONTEXT('2D SPACE',''
  ) );
#4565 = ORIENTED_EDGE('',*,*,#4566,.F.);
#4566 = EDGE_CURVE('',#4567,#4544,#4569,.T.);
#4567 = VERTEX_POINT('',#4568);
#4568 = CARTESIAN_POINT('',(34.03,-28.45,3.));
#4569 = SURFACE_CURVE('',#4570,(#4574,#4581),.PCURVE_S1.);
#4570 = LINE('',#4571,#4572);
#4571 = CARTESIAN_POINT('',(34.03,-28.45,3.));
#4572 = VECTOR('',#4573,1.);
#4573 = DIRECTION('',(0.,1.,0.));
#4574 = PCURVE('',#2460,#4575);
#4575 = DEFINITIONAL_REPRESENTATION('',(#4576),#4580);
#4576 = LINE('',#4577,#4578);
#4577 = CARTESIAN_POINT('',(-11.235,-58.55));
#4578 = VECTOR('',#4579,1.);
#4579 = DIRECTION('',(0.,1.));
#4580 = ( GEOMETRIC_REPRESENTATION_CONTEXT(2) 
PARAMETRIC_REPRESENTATION_CONTEXT() REPRESENTATION_CONTEXT('2D SPACE',''
  ) );
#4581 = PCURVE('',#4582,#4587);
#4582 = PLANE('',#4583);
#4583 = AXIS2_PLACEMENT_3D('',#4584,#4585,#4586);
#4584 = CARTESIAN_POINT('',(34.03,-28.45,3.));
#4585 = DIRECTION('',(-1.,0.,0.));
#4586 = DIRECTION('',(0.,1.,0.));
#4587 = DEFINITIONAL_REPRESENTATION('',(#4588),#4592);
#4588 = LINE('',#4589,#4590);
#4589 = CARTESIAN_POINT('',(0.,0.));
#4590 = VECTOR('',#4591,1.);
#4591 = DIRECTION('',(1.,0.));
#4592 = ( GEOMETRIC_REPRESENTATION_CONTEXT(2) 
PARAMETRIC_REPRESENTATION_CONTEXT() REPRESENTATION_CONTEXT('2D SPACE',''
  ) );
#4593 = ORIENTED_EDGE('',*,*,#4594,.F.);
#4594 = EDGE_CURVE('',#4595,#4567,#4597,.T.);
#4595 = VERTEX_POINT('',#4596);
#4596 = CARTESIAN_POINT('',(56.5,-28.45,3.));
#4597 = SURFACE_CURVE('',#4598,(#4602,#4609),.PCURVE_S1.);
#4598 = LINE('',#4599,#4600);
#4599 = CARTESIAN_POINT('',(60.3,-28.45,3.));
#4600 = VECTOR('',#4601,1.);
#4601 = DIRECTION('',(-1.,0.,0.));
#4602 = PCURVE('',#2460,#4603);
#4603 = DEFINITIONAL_REPRESENTATION('',(#4604),#4608);
#4604 = LINE('',#4605,#4606);
#4605 = CARTESIAN_POINT('',(15.035,-58.55));
#4606 = VECTOR('',#4607,1.);
#4607 = DIRECTION('',(-1.,0.));
#4608 = ( GEOMETRIC_REPRESENTATION_CONTEXT(2) 
PARAMETRIC_REPRESENTATION_CONTEXT() REPRESENTATION_CONTEXT('2D SPACE',''
  ) );
#4609 = PCURVE('',#4610,#4615);
#4610 = PLANE('',#4611);
#4611 = AXIS2_PLACEMENT_3D('',#4612,#4613,#4614);
#4612 = CARTESIAN_POINT('',(60.3,-28.45,3.));
#4613 = DIRECTION('',(0.,-1.,0.));
#4614 = DIRECTION('',(-1.,0.,0.));
#4615 = DEFINITIONAL_REPRESENTATION('',(#4616),#4620);
#4616 = LINE('',#4617,#4618);
#4617 = CARTESIAN_POINT('',(0.,-0.));
#4618 = VECTOR('',#4619,1.);
#4619 = DIRECTION('',(1.,0.));
#4620 = ( GEOMETRIC_REPRESENTATION_CONTEXT(2) 
PARAMETRIC_REPRESENTATION_CONTEXT() REPRESENTATION_CONTEXT('2D SPACE',''
  ) );
#4621 = ORIENTED_EDGE('',*,*,#4622,.F.);
#4622 = EDGE_CURVE('',#2443,#4595,#4623,.T.);
#4623 = SURFACE_CURVE('',#4624,(#4628,#4635),.PCURVE_S1.);
#4624 = LINE('',#4625,#4626);
#4625 = CARTESIAN_POINT('',(56.5,30.5,3.));
#4626 = VECTOR('',#4627,1.);
#4627 = DIRECTION('',(0.,-1.,0.));
#4628 = PCURVE('',#2460,#4629);
#4629 = DEFINITIONAL_REPRESENTATION('',(#4630),#4634);
#4630 = LINE('',#4631,#4632);
#4631 = CARTESIAN_POINT('',(11.235,0.4));
#4632 = VECTOR('',#4633,1.);
#4633 = DIRECTION('',(0.,-1.));
#4634 = ( GEOMETRIC_REPRESENTATION_CONTEXT(2) 
PARAMETRIC_REPRESENTATION_CONTEXT() REPRESENTATION_CONTEXT('2D SPACE',''
  ) );
#4635 = PCURVE('',#2487,#4636);
#4636 = DEFINITIONAL_REPRESENTATION('',(#4637),#4641);
#4637 = LINE('',#4638,#4639);
#4638 = CARTESIAN_POINT('',(0.,0.));
#4639 = VECTOR('',#4640,1.);
#4640 = DIRECTION('',(1.,0.));
#4641 = ( GEOMETRIC_REPRESENTATION_CONTEXT(2) 
PARAMETRIC_REPRESENTATION_CONTEXT() REPRESENTATION_CONTEXT('2D SPACE',''
  ) );
#4642 = ORIENTED_EDGE('',*,*,#2442,.T.);
#4643 = ADVANCED_FACE('',(#4644),#2565,.T.);
#4644 = FACE_BOUND('',#4645,.T.);
#4645 = EDGE_LOOP('',(#4646,#4647,#4670,#4693,#4721,#4740,#4741,#4764,
    #4792,#4812,#4813,#4834));
#4646 = ORIENTED_EDGE('',*,*,#2550,.T.);
#4647 = ORIENTED_EDGE('',*,*,#4648,.T.);
#4648 = EDGE_CURVE('',#2525,#4649,#4651,.T.);
#4649 = VERTEX_POINT('',#4650);
#4650 = CARTESIAN_POINT('',(58.3,-28.45,8.5));
#4651 = SURFACE_CURVE('',#4652,(#4656,#4663),.PCURVE_S1.);
#4652 = LINE('',#4653,#4654);
#4653 = CARTESIAN_POINT('',(58.3,30.5,8.5));
#4654 = VECTOR('',#4655,1.);
#4655 = DIRECTION('',(0.,-1.,0.));
#4656 = PCURVE('',#2565,#4657);
#4657 = DEFINITIONAL_REPRESENTATION('',(#4658),#4662);
#4658 = LINE('',#4659,#4660);
#4659 = CARTESIAN_POINT('',(-1.,29.475));
#4660 = VECTOR('',#4661,1.);
#4661 = DIRECTION('',(0.,-1.));
#4662 = ( GEOMETRIC_REPRESENTATION_CONTEXT(2) 
PARAMETRIC_REPRESENTATION_CONTEXT() REPRESENTATION_CONTEXT('2D SPACE',''
  ) );
#4663 = PCURVE('',#2539,#4664);
#4664 = DEFINITIONAL_REPRESENTATION('',(#4665),#4669);
#4665 = LINE('',#4666,#4667);
#4666 = CARTESIAN_POINT('',(0.,-5.5));
#4667 = VECTOR('',#4668,1.);
#4668 = DIRECTION('',(1.,0.));
#4669 = ( GEOMETRIC_REPRESENTATION_CONTEXT(2) 
PARAMETRIC_REPRESENTATION_CONTEXT() REPRESENTATION_CONTEXT('2D SPACE',''
  ) );
#4670 = ORIENTED_EDGE('',*,*,#4671,.T.);
#4671 = EDGE_CURVE('',#4649,#4672,#4674,.T.);
#4672 = VERTEX_POINT('',#4673);
#4673 = CARTESIAN_POINT('',(32.23,-28.45,8.5));
#4674 = SURFACE_CURVE('',#4675,(#4679,#4686),.PCURVE_S1.);
#4675 = LINE('',#4676,#4677);
#4676 = CARTESIAN_POINT('',(60.3,-28.45,8.5));
#4677 = VECTOR('',#4678,1.);
#4678 = DIRECTION('',(-1.,0.,0.));
#4679 = PCURVE('',#2565,#4680);
#4680 = DEFINITIONAL_REPRESENTATION('',(#4681),#4685);
#4681 = LINE('',#4682,#4683);
#4682 = CARTESIAN_POINT('',(1.,-29.475));
#4683 = VECTOR('',#4684,1.);
#4684 = DIRECTION('',(-1.,0.));
#4685 = ( GEOMETRIC_REPRESENTATION_CONTEXT(2) 
PARAMETRIC_REPRESENTATION_CONTEXT() REPRESENTATION_CONTEXT('2D SPACE',''
  ) );
#4686 = PCURVE('',#4610,#4687);
#4687 = DEFINITIONAL_REPRESENTATION('',(#4688),#4692);
#4688 = LINE('',#4689,#4690);
#4689 = CARTESIAN_POINT('',(0.,-5.5));
#4690 = VECTOR('',#4691,1.);
#4691 = DIRECTION('',(1.,0.));
#4692 = ( GEOMETRIC_REPRESENTATION_CONTEXT(2) 
PARAMETRIC_REPRESENTATION_CONTEXT() REPRESENTATION_CONTEXT('2D SPACE',''
  ) );
#4693 = ORIENTED_EDGE('',*,*,#4694,.T.);
#4694 = EDGE_CURVE('',#4672,#4695,#4697,.T.);
#4695 = VERTEX_POINT('',#4696);
#4696 = CARTESIAN_POINT('',(32.23,28.2,8.5));
#4697 = SURFACE_CURVE('',#4698,(#4702,#4709),.PCURVE_S1.);
#4698 = LINE('',#4699,#4700);
#4699 = CARTESIAN_POINT('',(32.23,-28.45,8.5));
#4700 = VECTOR('',#4701,1.);
#4701 = DIRECTION('',(0.,1.,0.));
#4702 = PCURVE('',#2565,#4703);
#4703 = DEFINITIONAL_REPRESENTATION('',(#4704),#4708);
#4704 = LINE('',#4705,#4706);
#4705 = CARTESIAN_POINT('',(-27.07,-29.475));
#4706 = VECTOR('',#4707,1.);
#4707 = DIRECTION('',(0.,1.));
#4708 = ( GEOMETRIC_REPRESENTATION_CONTEXT(2) 
PARAMETRIC_REPRESENTATION_CONTEXT() REPRESENTATION_CONTEXT('2D SPACE',''
  ) );
#4709 = PCURVE('',#4710,#4715);
#4710 = PLANE('',#4711);
#4711 = AXIS2_PLACEMENT_3D('',#4712,#4713,#4714);
#4712 = CARTESIAN_POINT('',(32.23,-28.45,3.));
#4713 = DIRECTION('',(-1.,0.,0.));
#4714 = DIRECTION('',(0.,1.,0.));
#4715 = DEFINITIONAL_REPRESENTATION('',(#4716),#4720);
#4716 = LINE('',#4717,#4718);
#4717 = CARTESIAN_POINT('',(0.,-5.5));
#4718 = VECTOR('',#4719,1.);
#4719 = DIRECTION('',(1.,0.));
#4720 = ( GEOMETRIC_REPRESENTATION_CONTEXT(2) 
PARAMETRIC_REPRESENTATION_CONTEXT() REPRESENTATION_CONTEXT('2D SPACE',''
  ) );
#4721 = ORIENTED_EDGE('',*,*,#4722,.T.);
#4722 = EDGE_CURVE('',#4695,#3004,#4723,.T.);
#4723 = SURFACE_CURVE('',#4724,(#4728,#4734),.PCURVE_S1.);
#4724 = LINE('',#4725,#4726);
#4725 = CARTESIAN_POINT('',(45.0325,28.2,8.5));
#4726 = VECTOR('',#4727,1.);
#4727 = DIRECTION('',(-1.,0.,0.));
#4728 = PCURVE('',#2565,#4729);
#4729 = DEFINITIONAL_REPRESENTATION('',(#4730),#4733);
#4730 = B_SPLINE_CURVE_WITH_KNOTS('',1,(#4731,#4732),.UNSPECIFIED.,.F.,
  .F.,(2,2),(-14.7325,14.2675),.PIECEWISE_BEZIER_KNOTS.);
#4731 = CARTESIAN_POINT('',(0.465,27.175));
#4732 = CARTESIAN_POINT('',(-28.535,27.175));
#4733 = ( GEOMETRIC_REPRESENTATION_CONTEXT(2) 
PARAMETRIC_REPRESENTATION_CONTEXT() REPRESENTATION_CONTEXT('2D SPACE',''
  ) );
#4734 = PCURVE('',#3038,#4735);
#4735 = DEFINITIONAL_REPRESENTATION('',(#4736),#4739);
#4736 = B_SPLINE_CURVE_WITH_KNOTS('',1,(#4737,#4738),.UNSPECIFIED.,.F.,
  .F.,(2,2),(-14.7325,14.2675),.PIECEWISE_BEZIER_KNOTS.);
#4737 = CARTESIAN_POINT('',(29.,-5.5));
#4738 = CARTESIAN_POINT('',(0.,-5.5));
#4739 = ( GEOMETRIC_REPRESENTATION_CONTEXT(2) 
PARAMETRIC_REPRESENTATION_CONTEXT() REPRESENTATION_CONTEXT('2D SPACE',''
  ) );
#4740 = ORIENTED_EDGE('',*,*,#3003,.T.);
#4741 = ORIENTED_EDGE('',*,*,#4742,.T.);
#4742 = EDGE_CURVE('',#2978,#4743,#4745,.T.);
#4743 = VERTEX_POINT('',#4744);
#4744 = CARTESIAN_POINT('',(30.23,30.5,8.5));
#4745 = SURFACE_CURVE('',#4746,(#4750,#4757),.PCURVE_S1.);
#4746 = LINE('',#4747,#4748);
#4747 = CARTESIAN_POINT('',(32.23,30.5,8.5));
#4748 = VECTOR('',#4749,1.);
#4749 = DIRECTION('',(-1.,0.,0.));
#4750 = PCURVE('',#2565,#4751);
#4751 = DEFINITIONAL_REPRESENTATION('',(#4752),#4756);
#4752 = LINE('',#4753,#4754);
#4753 = CARTESIAN_POINT('',(-27.07,29.475));
#4754 = VECTOR('',#4755,1.);
#4755 = DIRECTION('',(-1.,0.));
#4756 = ( GEOMETRIC_REPRESENTATION_CONTEXT(2) 
PARAMETRIC_REPRESENTATION_CONTEXT() REPRESENTATION_CONTEXT('2D SPACE',''
  ) );
#4757 = PCURVE('',#2992,#4758);
#4758 = DEFINITIONAL_REPRESENTATION('',(#4759),#4763);
#4759 = LINE('',#4760,#4761);
#4760 = CARTESIAN_POINT('',(28.27,-5.5));
#4761 = VECTOR('',#4762,1.);
#4762 = DIRECTION('',(1.,0.));
#4763 = ( GEOMETRIC_REPRESENTATION_CONTEXT(2) 
PARAMETRIC_REPRESENTATION_CONTEXT() REPRESENTATION_CONTEXT('2D SPACE',''
  ) );
#4764 = ORIENTED_EDGE('',*,*,#4765,.T.);
#4765 = EDGE_CURVE('',#4743,#4766,#4768,.T.);
#4766 = VERTEX_POINT('',#4767);
#4767 = CARTESIAN_POINT('',(30.23,-30.5,8.5));
#4768 = SURFACE_CURVE('',#4769,(#4773,#4780),.PCURVE_S1.);
#4769 = LINE('',#4770,#4771);
#4770 = CARTESIAN_POINT('',(30.23,30.5,8.5));
#4771 = VECTOR('',#4772,1.);
#4772 = DIRECTION('',(0.,-1.,0.));
#4773 = PCURVE('',#2565,#4774);
#4774 = DEFINITIONAL_REPRESENTATION('',(#4775),#4779);
#4775 = LINE('',#4776,#4777);
#4776 = CARTESIAN_POINT('',(-29.07,29.475));
#4777 = VECTOR('',#4778,1.);
#4778 = DIRECTION('',(0.,-1.));
#4779 = ( GEOMETRIC_REPRESENTATION_CONTEXT(2) 
PARAMETRIC_REPRESENTATION_CONTEXT() REPRESENTATION_CONTEXT('2D SPACE',''
  ) );
#4780 = PCURVE('',#4781,#4786);
#4781 = PLANE('',#4782);
#4782 = AXIS2_PLACEMENT_3D('',#4783,#4784,#4785);
#4783 = CARTESIAN_POINT('',(30.23,-28.45,3.));
#4784 = DIRECTION('',(1.,0.,-0.));
#4785 = DIRECTION('',(0.,-1.,0.));
#4786 = DEFINITIONAL_REPRESENTATION('',(#4787),#4791);
#4787 = LINE('',#4788,#4789);
#4788 = CARTESIAN_POINT('',(-58.95,-5.5));
#4789 = VECTOR('',#4790,1.);
#4790 = DIRECTION('',(1.,0.));
#4791 = ( GEOMETRIC_REPRESENTATION_CONTEXT(2) 
PARAMETRIC_REPRESENTATION_CONTEXT() REPRESENTATION_CONTEXT('2D SPACE',''
  ) );
#4792 = ORIENTED_EDGE('',*,*,#4793,.T.);
#4793 = EDGE_CURVE('',#4766,#4287,#4794,.T.);
#4794 = SURFACE_CURVE('',#4795,(#4799,#4806),.PCURVE_S1.);
#4795 = LINE('',#4796,#4797);
#4796 = CARTESIAN_POINT('',(-7.6175,-30.5,8.5));
#4797 = VECTOR('',#4798,1.);
#4798 = DIRECTION('',(1.,0.,0.));
#4799 = PCURVE('',#2565,#4800);
#4800 = DEFINITIONAL_REPRESENTATION('',(#4801),#4805);
#4801 = LINE('',#4802,#4803);
#4802 = CARTESIAN_POINT('',(-66.9175,-31.525));
#4803 = VECTOR('',#4804,1.);
#4804 = DIRECTION('',(1.,0.));
#4805 = ( GEOMETRIC_REPRESENTATION_CONTEXT(2) 
PARAMETRIC_REPRESENTATION_CONTEXT() REPRESENTATION_CONTEXT('2D SPACE',''
  ) );
#4806 = PCURVE('',#3275,#4807);
#4807 = DEFINITIONAL_REPRESENTATION('',(#4808),#4811);
#4808 = B_SPLINE_CURVE_WITH_KNOTS('',1,(#4809,#4810),.UNSPECIFIED.,.F.,
  .F.,(2,2),(37.8475,61.6175),.PIECEWISE_BEZIER_KNOTS.);
#4809 = CARTESIAN_POINT('',(90.73,-5.5));
#4810 = CARTESIAN_POINT('',(114.5,-5.5));
#4811 = ( GEOMETRIC_REPRESENTATION_CONTEXT(2) 
PARAMETRIC_REPRESENTATION_CONTEXT() REPRESENTATION_CONTEXT('2D SPACE',''
  ) );
#4812 = ORIENTED_EDGE('',*,*,#4309,.F.);
#4813 = ORIENTED_EDGE('',*,*,#4814,.T.);
#4814 = EDGE_CURVE('',#4310,#4492,#4815,.T.);
#4815 = SURFACE_CURVE('',#4816,(#4820,#4827),.PCURVE_S1.);
#4816 = LINE('',#4817,#4818);
#4817 = CARTESIAN_POINT('',(60.3,-28.45,8.5));
#4818 = VECTOR('',#4819,1.);
#4819 = DIRECTION('',(0.,1.,0.));
#4820 = PCURVE('',#2565,#4821);
#4821 = DEFINITIONAL_REPRESENTATION('',(#4822),#4826);
#4822 = LINE('',#4823,#4824);
#4823 = CARTESIAN_POINT('',(1.,-29.475));
#4824 = VECTOR('',#4825,1.);
#4825 = DIRECTION('',(0.,1.));
#4826 = ( GEOMETRIC_REPRESENTATION_CONTEXT(2) 
PARAMETRIC_REPRESENTATION_CONTEXT() REPRESENTATION_CONTEXT('2D SPACE',''
  ) );
#4827 = PCURVE('',#4352,#4828);
#4828 = DEFINITIONAL_REPRESENTATION('',(#4829),#4833);
#4829 = LINE('',#4830,#4831);
#4830 = CARTESIAN_POINT('',(0.,-5.5));
#4831 = VECTOR('',#4832,1.);
#4832 = DIRECTION('',(1.,0.));
#4833 = ( GEOMETRIC_REPRESENTATION_CONTEXT(2) 
PARAMETRIC_REPRESENTATION_CONTEXT() REPRESENTATION_CONTEXT('2D SPACE',''
  ) );
#4834 = ORIENTED_EDGE('',*,*,#4512,.T.);
#4835 = ADVANCED_FACE('',(#4836),#2539,.F.);
#4836 = FACE_BOUND('',#4837,.F.);
#4837 = EDGE_LOOP('',(#4838,#4861,#4882,#4883));
#4838 = ORIENTED_EDGE('',*,*,#4839,.F.);
#4839 = EDGE_CURVE('',#4840,#4649,#4842,.T.);
#4840 = VERTEX_POINT('',#4841);
#4841 = CARTESIAN_POINT('',(58.3,-28.45,5.5));
#4842 = SURFACE_CURVE('',#4843,(#4847,#4854),.PCURVE_S1.);
#4843 = LINE('',#4844,#4845);
#4844 = CARTESIAN_POINT('',(58.3,-28.45,3.));
#4845 = VECTOR('',#4846,1.);
#4846 = DIRECTION('',(0.,0.,1.));
#4847 = PCURVE('',#2539,#4848);
#4848 = DEFINITIONAL_REPRESENTATION('',(#4849),#4853);
#4849 = LINE('',#4850,#4851);
#4850 = CARTESIAN_POINT('',(58.95,0.));
#4851 = VECTOR('',#4852,1.);
#4852 = DIRECTION('',(0.,-1.));
#4853 = ( GEOMETRIC_REPRESENTATION_CONTEXT(2) 
PARAMETRIC_REPRESENTATION_CONTEXT() REPRESENTATION_CONTEXT('2D SPACE',''
  ) );
#4854 = PCURVE('',#4610,#4855);
#4855 = DEFINITIONAL_REPRESENTATION('',(#4856),#4860);
#4856 = LINE('',#4857,#4858);
#4857 = CARTESIAN_POINT('',(2.,0.));
#4858 = VECTOR('',#4859,1.);
#4859 = DIRECTION('',(0.,-1.));
#4860 = ( GEOMETRIC_REPRESENTATION_CONTEXT(2) 
PARAMETRIC_REPRESENTATION_CONTEXT() REPRESENTATION_CONTEXT('2D SPACE',''
  ) );
#4861 = ORIENTED_EDGE('',*,*,#4862,.T.);
#4862 = EDGE_CURVE('',#4840,#2499,#4863,.T.);
#4863 = SURFACE_CURVE('',#4864,(#4868,#4875),.PCURVE_S1.);
#4864 = LINE('',#4865,#4866);
#4865 = CARTESIAN_POINT('',(58.3,-28.45,5.5));
#4866 = VECTOR('',#4867,1.);
#4867 = DIRECTION('',(0.,1.,0.));
#4868 = PCURVE('',#2539,#4869);
#4869 = DEFINITIONAL_REPRESENTATION('',(#4870),#4874);
#4870 = LINE('',#4871,#4872);
#4871 = CARTESIAN_POINT('',(58.95,-2.5));
#4872 = VECTOR('',#4873,1.);
#4873 = DIRECTION('',(-1.,0.));
#4874 = ( GEOMETRIC_REPRESENTATION_CONTEXT(2) 
PARAMETRIC_REPRESENTATION_CONTEXT() REPRESENTATION_CONTEXT('2D SPACE',''
  ) );
#4875 = PCURVE('',#2513,#4876);
#4876 = DEFINITIONAL_REPRESENTATION('',(#4877),#4881);
#4877 = LINE('',#4878,#4879);
#4878 = CARTESIAN_POINT('',(0.9,-29.475));
#4879 = VECTOR('',#4880,1.);
#4880 = DIRECTION('',(0.,1.));
#4881 = ( GEOMETRIC_REPRESENTATION_CONTEXT(2) 
PARAMETRIC_REPRESENTATION_CONTEXT() REPRESENTATION_CONTEXT('2D SPACE',''
  ) );
#4882 = ORIENTED_EDGE('',*,*,#2524,.T.);
#4883 = ORIENTED_EDGE('',*,*,#4648,.T.);
#4884 = ADVANCED_FACE('',(#4885),#2513,.T.);
#4885 = FACE_BOUND('',#4886,.T.);
#4886 = EDGE_LOOP('',(#4887,#4888,#4911,#4932));
#4887 = ORIENTED_EDGE('',*,*,#2498,.T.);
#4888 = ORIENTED_EDGE('',*,*,#4889,.T.);
#4889 = EDGE_CURVE('',#2473,#4890,#4892,.T.);
#4890 = VERTEX_POINT('',#4891);
#4891 = CARTESIAN_POINT('',(56.5,-28.45,5.5));
#4892 = SURFACE_CURVE('',#4893,(#4897,#4904),.PCURVE_S1.);
#4893 = LINE('',#4894,#4895);
#4894 = CARTESIAN_POINT('',(56.5,30.5,5.5));
#4895 = VECTOR('',#4896,1.);
#4896 = DIRECTION('',(0.,-1.,0.));
#4897 = PCURVE('',#2513,#4898);
#4898 = DEFINITIONAL_REPRESENTATION('',(#4899),#4903);
#4899 = LINE('',#4900,#4901);
#4900 = CARTESIAN_POINT('',(-0.9,29.475));
#4901 = VECTOR('',#4902,1.);
#4902 = DIRECTION('',(0.,-1.));
#4903 = ( GEOMETRIC_REPRESENTATION_CONTEXT(2) 
PARAMETRIC_REPRESENTATION_CONTEXT() REPRESENTATION_CONTEXT('2D SPACE',''
  ) );
#4904 = PCURVE('',#2487,#4905);
#4905 = DEFINITIONAL_REPRESENTATION('',(#4906),#4910);
#4906 = LINE('',#4907,#4908);
#4907 = CARTESIAN_POINT('',(0.,-2.5));
#4908 = VECTOR('',#4909,1.);
#4909 = DIRECTION('',(1.,0.));
#4910 = ( GEOMETRIC_REPRESENTATION_CONTEXT(2) 
PARAMETRIC_REPRESENTATION_CONTEXT() REPRESENTATION_CONTEXT('2D SPACE',''
  ) );
#4911 = ORIENTED_EDGE('',*,*,#4912,.T.);
#4912 = EDGE_CURVE('',#4890,#4840,#4913,.T.);
#4913 = SURFACE_CURVE('',#4914,(#4918,#4925),.PCURVE_S1.);
#4914 = LINE('',#4915,#4916);
#4915 = CARTESIAN_POINT('',(56.5,-28.45,5.5));
#4916 = VECTOR('',#4917,1.);
#4917 = DIRECTION('',(1.,0.,0.));
#4918 = PCURVE('',#2513,#4919);
#4919 = DEFINITIONAL_REPRESENTATION('',(#4920),#4924);
#4920 = LINE('',#4921,#4922);
#4921 = CARTESIAN_POINT('',(-0.9,-29.475));
#4922 = VECTOR('',#4923,1.);
#4923 = DIRECTION('',(1.,0.));
#4924 = ( GEOMETRIC_REPRESENTATION_CONTEXT(2) 
PARAMETRIC_REPRESENTATION_CONTEXT() REPRESENTATION_CONTEXT('2D SPACE',''
  ) );
#4925 = PCURVE('',#4610,#4926);
#4926 = DEFINITIONAL_REPRESENTATION('',(#4927),#4931);
#4927 = LINE('',#4928,#4929);
#4928 = CARTESIAN_POINT('',(3.8,-2.5));
#4929 = VECTOR('',#4930,1.);
#4930 = DIRECTION('',(-1.,-0.));
#4931 = ( GEOMETRIC_REPRESENTATION_CONTEXT(2) 
PARAMETRIC_REPRESENTATION_CONTEXT() REPRESENTATION_CONTEXT('2D SPACE',''
  ) );
#4932 = ORIENTED_EDGE('',*,*,#4862,.T.);
#4933 = ADVANCED_FACE('',(#4934),#2487,.F.);
#4934 = FACE_BOUND('',#4935,.F.);
#4935 = EDGE_LOOP('',(#4936,#4937,#4938,#4939));
#4936 = ORIENTED_EDGE('',*,*,#4622,.F.);
#4937 = ORIENTED_EDGE('',*,*,#2472,.T.);
#4938 = ORIENTED_EDGE('',*,*,#4889,.T.);
#4939 = ORIENTED_EDGE('',*,*,#4940,.F.);
#4940 = EDGE_CURVE('',#4595,#4890,#4941,.T.);
#4941 = SURFACE_CURVE('',#4942,(#4946,#4953),.PCURVE_S1.);
#4942 = LINE('',#4943,#4944);
#4943 = CARTESIAN_POINT('',(56.5,-28.45,3.));
#4944 = VECTOR('',#4945,1.);
#4945 = DIRECTION('',(0.,0.,1.));
#4946 = PCURVE('',#2487,#4947);
#4947 = DEFINITIONAL_REPRESENTATION('',(#4948),#4952);
#4948 = LINE('',#4949,#4950);
#4949 = CARTESIAN_POINT('',(58.95,0.));
#4950 = VECTOR('',#4951,1.);
#4951 = DIRECTION('',(0.,-1.));
#4952 = ( GEOMETRIC_REPRESENTATION_CONTEXT(2) 
PARAMETRIC_REPRESENTATION_CONTEXT() REPRESENTATION_CONTEXT('2D SPACE',''
  ) );
#4953 = PCURVE('',#4610,#4954);
#4954 = DEFINITIONAL_REPRESENTATION('',(#4955),#4959);
#4955 = LINE('',#4956,#4957);
#4956 = CARTESIAN_POINT('',(3.8,0.));
#4957 = VECTOR('',#4958,1.);
#4958 = DIRECTION('',(0.,-1.));
#4959 = ( GEOMETRIC_REPRESENTATION_CONTEXT(2) 
PARAMETRIC_REPRESENTATION_CONTEXT() REPRESENTATION_CONTEXT('2D SPACE',''
  ) );
#4960 = ADVANCED_FACE('',(#4961),#2785,.F.);
#4961 = FACE_BOUND('',#4962,.F.);
#4962 = EDGE_LOOP('',(#4963,#4964,#4987,#5013));
#4963 = ORIENTED_EDGE('',*,*,#2768,.F.);
#4964 = ORIENTED_EDGE('',*,*,#4965,.T.);
#4965 = EDGE_CURVE('',#2769,#4966,#4968,.T.);
#4966 = VERTEX_POINT('',#4967);
#4967 = CARTESIAN_POINT('',(36.515,32.8,6.4));
#4968 = SURFACE_CURVE('',#4969,(#4973,#4980),.PCURVE_S1.);
#4969 = LINE('',#4970,#4971);
#4970 = CARTESIAN_POINT('',(36.515,29.5,6.4));
#4971 = VECTOR('',#4972,1.);
#4972 = DIRECTION('',(0.,1.,1.110223024625E-16));
#4973 = PCURVE('',#2785,#4974);
#4974 = DEFINITIONAL_REPRESENTATION('',(#4975),#4979);
#4975 = LINE('',#4976,#4977);
#4976 = CARTESIAN_POINT('',(0.,0.));
#4977 = VECTOR('',#4978,1.);
#4978 = DIRECTION('',(0.,-1.));
#4979 = ( GEOMETRIC_REPRESENTATION_CONTEXT(2) 
PARAMETRIC_REPRESENTATION_CONTEXT() REPRESENTATION_CONTEXT('2D SPACE',''
  ) );
#4980 = PCURVE('',#2813,#4981);
#4981 = DEFINITIONAL_REPRESENTATION('',(#4982),#4986);
#4982 = LINE('',#4983,#4984);
#4983 = CARTESIAN_POINT('',(3.14159265359,0.));
#4984 = VECTOR('',#4985,1.);
#4985 = DIRECTION('',(0.,-1.));
#4986 = ( GEOMETRIC_REPRESENTATION_CONTEXT(2) 
PARAMETRIC_REPRESENTATION_CONTEXT() REPRESENTATION_CONTEXT('2D SPACE',''
  ) );
#4987 = ORIENTED_EDGE('',*,*,#4988,.F.);
#4988 = EDGE_CURVE('',#4989,#4966,#4991,.T.);
#4989 = VERTEX_POINT('',#4990);
#4990 = CARTESIAN_POINT('',(54.015,32.8,6.4));
#4991 = SURFACE_CURVE('',#4992,(#4996,#5002),.PCURVE_S1.);
#4992 = LINE('',#4993,#4994);
#4993 = CARTESIAN_POINT('',(40.89,32.8,6.4));
#4994 = VECTOR('',#4995,1.);
#4995 = DIRECTION('',(-1.,0.,0.));
#4996 = PCURVE('',#2785,#4997);
#4997 = DEFINITIONAL_REPRESENTATION('',(#4998),#5001);
#4998 = B_SPLINE_CURVE_WITH_KNOTS('',1,(#4999,#5000),.UNSPECIFIED.,.F.,
  .F.,(2,2),(-13.125,4.375),.PIECEWISE_BEZIER_KNOTS.);
#4999 = CARTESIAN_POINT('',(17.5,-3.3));
#5000 = CARTESIAN_POINT('',(0.,-3.3));
#5001 = ( GEOMETRIC_REPRESENTATION_CONTEXT(2) 
PARAMETRIC_REPRESENTATION_CONTEXT() REPRESENTATION_CONTEXT('2D SPACE',''
  ) );
#5002 = PCURVE('',#5003,#5008);
#5003 = PLANE('',#5004);
#5004 = AXIS2_PLACEMENT_3D('',#5005,#5006,#5007);
#5005 = CARTESIAN_POINT('',(45.265,32.8,9.65));
#5006 = DIRECTION('',(-0.,-1.,-1.110223024625E-16));
#5007 = DIRECTION('',(-1.,0.,0.));
#5008 = DEFINITIONAL_REPRESENTATION('',(#5009),#5012);
#5009 = B_SPLINE_CURVE_WITH_KNOTS('',1,(#5010,#5011),.UNSPECIFIED.,.F.,
  .F.,(2,2),(-13.125,4.375),.PIECEWISE_BEZIER_KNOTS.);
#5010 = CARTESIAN_POINT('',(-8.75,3.25));
#5011 = CARTESIAN_POINT('',(8.75,3.25));
#5012 = ( GEOMETRIC_REPRESENTATION_CONTEXT(2) 
PARAMETRIC_REPRESENTATION_CONTEXT() REPRESENTATION_CONTEXT('2D SPACE',''
  ) );
#5013 = ORIENTED_EDGE('',*,*,#5014,.F.);
#5014 = EDGE_CURVE('',#2771,#4989,#5015,.T.);
#5015 = SURFACE_CURVE('',#5016,(#5020,#5027),.PCURVE_S1.);
#5016 = LINE('',#5017,#5018);
#5017 = CARTESIAN_POINT('',(54.015,29.5,6.4));
#5018 = VECTOR('',#5019,1.);
#5019 = DIRECTION('',(0.,1.,1.110223024625E-16));
#5020 = PCURVE('',#2785,#5021);
#5021 = DEFINITIONAL_REPRESENTATION('',(#5022),#5026);
#5022 = LINE('',#5023,#5024);
#5023 = CARTESIAN_POINT('',(17.5,0.));
#5024 = VECTOR('',#5025,1.);
#5025 = DIRECTION('',(0.,-1.));
#5026 = ( GEOMETRIC_REPRESENTATION_CONTEXT(2) 
PARAMETRIC_REPRESENTATION_CONTEXT() REPRESENTATION_CONTEXT('2D SPACE',''
  ) );
#5027 = PCURVE('',#2866,#5028);
#5028 = DEFINITIONAL_REPRESENTATION('',(#5029),#5033);
#5029 = LINE('',#5030,#5031);
#5030 = CARTESIAN_POINT('',(0.,0.));
#5031 = VECTOR('',#5032,1.);
#5032 = DIRECTION('',(0.,-1.));
#5033 = ( GEOMETRIC_REPRESENTATION_CONTEXT(2) 
PARAMETRIC_REPRESENTATION_CONTEXT() REPRESENTATION_CONTEXT('2D SPACE',''
  ) );
#5034 = ADVANCED_FACE('',(#5035),#2866,.F.);
#5035 = FACE_BOUND('',#5036,.F.);
#5036 = EDGE_LOOP('',(#5037,#5038,#5039,#5063));
#5037 = ORIENTED_EDGE('',*,*,#2851,.F.);
#5038 = ORIENTED_EDGE('',*,*,#5014,.T.);
#5039 = ORIENTED_EDGE('',*,*,#5040,.T.);
#5040 = EDGE_CURVE('',#4989,#5041,#5043,.T.);
#5041 = VERTEX_POINT('',#5042);
#5042 = CARTESIAN_POINT('',(54.015,32.8,12.9));
#5043 = SURFACE_CURVE('',#5044,(#5049,#5056),.PCURVE_S1.);
#5044 = CIRCLE('',#5045,3.25);
#5045 = AXIS2_PLACEMENT_3D('',#5046,#5047,#5048);
#5046 = CARTESIAN_POINT('',(54.015,32.8,9.65));
#5047 = DIRECTION('',(0.,-1.,-1.110223024625E-16));
#5048 = DIRECTION('',(0.,1.110223024625E-16,-1.));
#5049 = PCURVE('',#2866,#5050);
#5050 = DEFINITIONAL_REPRESENTATION('',(#5051),#5055);
#5051 = LINE('',#5052,#5053);
#5052 = CARTESIAN_POINT('',(0.,-3.3));
#5053 = VECTOR('',#5054,1.);
#5054 = DIRECTION('',(1.,0.));
#5055 = ( GEOMETRIC_REPRESENTATION_CONTEXT(2) 
PARAMETRIC_REPRESENTATION_CONTEXT() REPRESENTATION_CONTEXT('2D SPACE',''
  ) );
#5056 = PCURVE('',#5003,#5057);
#5057 = DEFINITIONAL_REPRESENTATION('',(#5058),#5062);
#5058 = CIRCLE('',#5059,3.25);
#5059 = AXIS2_PLACEMENT_2D('',#5060,#5061);
#5060 = CARTESIAN_POINT('',(-8.75,0.));
#5061 = DIRECTION('',(0.,1.));
#5062 = ( GEOMETRIC_REPRESENTATION_CONTEXT(2) 
PARAMETRIC_REPRESENTATION_CONTEXT() REPRESENTATION_CONTEXT('2D SPACE',''
  ) );
#5063 = ORIENTED_EDGE('',*,*,#5064,.F.);
#5064 = EDGE_CURVE('',#2826,#5041,#5065,.T.);
#5065 = SURFACE_CURVE('',#5066,(#5070,#5077),.PCURVE_S1.);
#5066 = LINE('',#5067,#5068);
#5067 = CARTESIAN_POINT('',(54.015,29.5,12.9));
#5068 = VECTOR('',#5069,1.);
#5069 = DIRECTION('',(0.,1.,1.110223024625E-16));
#5070 = PCURVE('',#2866,#5071);
#5071 = DEFINITIONAL_REPRESENTATION('',(#5072),#5076);
#5072 = LINE('',#5073,#5074);
#5073 = CARTESIAN_POINT('',(3.14159265359,0.));
#5074 = VECTOR('',#5075,1.);
#5075 = DIRECTION('',(0.,-1.));
#5076 = ( GEOMETRIC_REPRESENTATION_CONTEXT(2) 
PARAMETRIC_REPRESENTATION_CONTEXT() REPRESENTATION_CONTEXT('2D SPACE',''
  ) );
#5077 = PCURVE('',#2840,#5078);
#5078 = DEFINITIONAL_REPRESENTATION('',(#5079),#5083);
#5079 = LINE('',#5080,#5081);
#5080 = CARTESIAN_POINT('',(0.,-0.));
#5081 = VECTOR('',#5082,1.);
#5082 = DIRECTION('',(0.,-1.));
#5083 = ( GEOMETRIC_REPRESENTATION_CONTEXT(2) 
PARAMETRIC_REPRESENTATION_CONTEXT() REPRESENTATION_CONTEXT('2D SPACE',''
  ) );
#5084 = ADVANCED_FACE('',(#5085),#2840,.F.);
#5085 = FACE_BOUND('',#5086,.F.);
#5086 = EDGE_LOOP('',(#5087,#5088,#5089,#5110));
#5087 = ORIENTED_EDGE('',*,*,#2825,.F.);
#5088 = ORIENTED_EDGE('',*,*,#5064,.T.);
#5089 = ORIENTED_EDGE('',*,*,#5090,.F.);
#5090 = EDGE_CURVE('',#5091,#5041,#5093,.T.);
#5091 = VERTEX_POINT('',#5092);
#5092 = CARTESIAN_POINT('',(36.515,32.8,12.9));
#5093 = SURFACE_CURVE('',#5094,(#5098,#5104),.PCURVE_S1.);
#5094 = LINE('',#5095,#5096);
#5095 = CARTESIAN_POINT('',(49.64,32.8,12.9));
#5096 = VECTOR('',#5097,1.);
#5097 = DIRECTION('',(1.,0.,-0.));
#5098 = PCURVE('',#2840,#5099);
#5099 = DEFINITIONAL_REPRESENTATION('',(#5100),#5103);
#5100 = B_SPLINE_CURVE_WITH_KNOTS('',1,(#5101,#5102),.UNSPECIFIED.,.F.,
  .F.,(2,2),(-13.125,4.375),.PIECEWISE_BEZIER_KNOTS.);
#5101 = CARTESIAN_POINT('',(17.5,-3.3));
#5102 = CARTESIAN_POINT('',(0.,-3.3));
#5103 = ( GEOMETRIC_REPRESENTATION_CONTEXT(2) 
PARAMETRIC_REPRESENTATION_CONTEXT() REPRESENTATION_CONTEXT('2D SPACE',''
  ) );
#5104 = PCURVE('',#5003,#5105);
#5105 = DEFINITIONAL_REPRESENTATION('',(#5106),#5109);
#5106 = B_SPLINE_CURVE_WITH_KNOTS('',1,(#5107,#5108),.UNSPECIFIED.,.F.,
  .F.,(2,2),(-13.125,4.375),.PIECEWISE_BEZIER_KNOTS.);
#5107 = CARTESIAN_POINT('',(8.75,-3.25));
#5108 = CARTESIAN_POINT('',(-8.75,-3.25));
#5109 = ( GEOMETRIC_REPRESENTATION_CONTEXT(2) 
PARAMETRIC_REPRESENTATION_CONTEXT() REPRESENTATION_CONTEXT('2D SPACE',''
  ) );
#5110 = ORIENTED_EDGE('',*,*,#5111,.F.);
#5111 = EDGE_CURVE('',#2797,#5091,#5112,.T.);
#5112 = SURFACE_CURVE('',#5113,(#5117,#5124),.PCURVE_S1.);
#5113 = LINE('',#5114,#5115);
#5114 = CARTESIAN_POINT('',(36.515,29.5,12.9));
#5115 = VECTOR('',#5116,1.);
#5116 = DIRECTION('',(0.,1.,1.110223024625E-16));
#5117 = PCURVE('',#2840,#5118);
#5118 = DEFINITIONAL_REPRESENTATION('',(#5119),#5123);
#5119 = LINE('',#5120,#5121);
#5120 = CARTESIAN_POINT('',(17.5,0.));
#5121 = VECTOR('',#5122,1.);
#5122 = DIRECTION('',(0.,-1.));
#5123 = ( GEOMETRIC_REPRESENTATION_CONTEXT(2) 
PARAMETRIC_REPRESENTATION_CONTEXT() REPRESENTATION_CONTEXT('2D SPACE',''
  ) );
#5124 = PCURVE('',#2813,#5125);
#5125 = DEFINITIONAL_REPRESENTATION('',(#5126),#5130);
#5126 = LINE('',#5127,#5128);
#5127 = CARTESIAN_POINT('',(0.,0.));
#5128 = VECTOR('',#5129,1.);
#5129 = DIRECTION('',(0.,-1.));
#5130 = ( GEOMETRIC_REPRESENTATION_CONTEXT(2) 
PARAMETRIC_REPRESENTATION_CONTEXT() REPRESENTATION_CONTEXT('2D SPACE',''
  ) );
#5131 = ADVANCED_FACE('',(#5132),#2813,.F.);
#5132 = FACE_BOUND('',#5133,.F.);
#5133 = EDGE_LOOP('',(#5134,#5135,#5136,#5158));
#5134 = ORIENTED_EDGE('',*,*,#2796,.F.);
#5135 = ORIENTED_EDGE('',*,*,#5111,.T.);
#5136 = ORIENTED_EDGE('',*,*,#5137,.T.);
#5137 = EDGE_CURVE('',#5091,#4966,#5138,.T.);
#5138 = SURFACE_CURVE('',#5139,(#5144,#5151),.PCURVE_S1.);
#5139 = CIRCLE('',#5140,3.25);
#5140 = AXIS2_PLACEMENT_3D('',#5141,#5142,#5143);
#5141 = CARTESIAN_POINT('',(36.515,32.8,9.65));
#5142 = DIRECTION('',(0.,-1.,-1.110223024625E-16));
#5143 = DIRECTION('',(0.,-1.110223024625E-16,1.));
#5144 = PCURVE('',#2813,#5145);
#5145 = DEFINITIONAL_REPRESENTATION('',(#5146),#5150);
#5146 = LINE('',#5147,#5148);
#5147 = CARTESIAN_POINT('',(0.,-3.3));
#5148 = VECTOR('',#5149,1.);
#5149 = DIRECTION('',(1.,0.));
#5150 = ( GEOMETRIC_REPRESENTATION_CONTEXT(2) 
PARAMETRIC_REPRESENTATION_CONTEXT() REPRESENTATION_CONTEXT('2D SPACE',''
  ) );
#5151 = PCURVE('',#5003,#5152);
#5152 = DEFINITIONAL_REPRESENTATION('',(#5153),#5157);
#5153 = CIRCLE('',#5154,3.25);
#5154 = AXIS2_PLACEMENT_2D('',#5155,#5156);
#5155 = CARTESIAN_POINT('',(8.75,0.));
#5156 = DIRECTION('',(0.,-1.));
#5157 = ( GEOMETRIC_REPRESENTATION_CONTEXT(2) 
PARAMETRIC_REPRESENTATION_CONTEXT() REPRESENTATION_CONTEXT('2D SPACE',''
  ) );
#5158 = ORIENTED_EDGE('',*,*,#4965,.F.);
#5159 = ADVANCED_FACE('',(#5160),#3038,.T.);
#5160 = FACE_BOUND('',#5161,.T.);
#5161 = EDGE_LOOP('',(#5162,#5163,#5164,#5165,#5186,#5212));
#5162 = ORIENTED_EDGE('',*,*,#4543,.F.);
#5163 = ORIENTED_EDGE('',*,*,#3024,.T.);
#5164 = ORIENTED_EDGE('',*,*,#4722,.F.);
#5165 = ORIENTED_EDGE('',*,*,#5166,.T.);
#5166 = EDGE_CURVE('',#4695,#5167,#5169,.T.);
#5167 = VERTEX_POINT('',#5168);
#5168 = CARTESIAN_POINT('',(32.23,28.2,5.5));
#5169 = SURFACE_CURVE('',#5170,(#5174,#5180),.PCURVE_S1.);
#5170 = LINE('',#5171,#5172);
#5171 = CARTESIAN_POINT('',(32.23,28.2,3.));
#5172 = VECTOR('',#5173,1.);
#5173 = DIRECTION('',(0.,0.,-1.));
#5174 = PCURVE('',#3038,#5175);
#5175 = DEFINITIONAL_REPRESENTATION('',(#5176),#5179);
#5176 = B_SPLINE_CURVE_WITH_KNOTS('',1,(#5177,#5178),.UNSPECIFIED.,.F.,
  .F.,(2,2),(-5.5,-2.5),.PIECEWISE_BEZIER_KNOTS.);
#5177 = CARTESIAN_POINT('',(1.465,-5.5));
#5178 = CARTESIAN_POINT('',(1.465,-2.5));
#5179 = ( GEOMETRIC_REPRESENTATION_CONTEXT(2) 
PARAMETRIC_REPRESENTATION_CONTEXT() REPRESENTATION_CONTEXT('2D SPACE',''
  ) );
#5180 = PCURVE('',#4710,#5181);
#5181 = DEFINITIONAL_REPRESENTATION('',(#5182),#5185);
#5182 = B_SPLINE_CURVE_WITH_KNOTS('',1,(#5183,#5184),.UNSPECIFIED.,.F.,
  .F.,(2,2),(-5.5,-2.5),.PIECEWISE_BEZIER_KNOTS.);
#5183 = CARTESIAN_POINT('',(56.65,-5.5));
#5184 = CARTESIAN_POINT('',(56.65,-2.5));
#5185 = ( GEOMETRIC_REPRESENTATION_CONTEXT(2) 
PARAMETRIC_REPRESENTATION_CONTEXT() REPRESENTATION_CONTEXT('2D SPACE',''
  ) );
#5186 = ORIENTED_EDGE('',*,*,#5187,.F.);
#5187 = EDGE_CURVE('',#5188,#5167,#5190,.T.);
#5188 = VERTEX_POINT('',#5189);
#5189 = CARTESIAN_POINT('',(34.03,28.2,5.5));
#5190 = SURFACE_CURVE('',#5191,(#5195,#5201),.PCURVE_S1.);
#5191 = LINE('',#5192,#5193);
#5192 = CARTESIAN_POINT('',(31.9475,28.2,5.5));
#5193 = VECTOR('',#5194,1.);
#5194 = DIRECTION('',(-1.,0.,0.));
#5195 = PCURVE('',#3038,#5196);
#5196 = DEFINITIONAL_REPRESENTATION('',(#5197),#5200);
#5197 = B_SPLINE_CURVE_WITH_KNOTS('',1,(#5198,#5199),.UNSPECIFIED.,.F.,
  .F.,(2,2),(-2.0825,-0.2825),.PIECEWISE_BEZIER_KNOTS.);
#5198 = CARTESIAN_POINT('',(3.265,-2.5));
#5199 = CARTESIAN_POINT('',(1.465,-2.5));
#5200 = ( GEOMETRIC_REPRESENTATION_CONTEXT(2) 
PARAMETRIC_REPRESENTATION_CONTEXT() REPRESENTATION_CONTEXT('2D SPACE',''
  ) );
#5201 = PCURVE('',#5202,#5207);
#5202 = PLANE('',#5203);
#5203 = AXIS2_PLACEMENT_3D('',#5204,#5205,#5206);
#5204 = CARTESIAN_POINT('',(33.13,1.025,5.5));
#5205 = DIRECTION('',(0.,0.,1.));
#5206 = DIRECTION('',(1.,0.,-0.));
#5207 = DEFINITIONAL_REPRESENTATION('',(#5208),#5211);
#5208 = B_SPLINE_CURVE_WITH_KNOTS('',1,(#5209,#5210),.UNSPECIFIED.,.F.,
  .F.,(2,2),(-2.0825,-0.2825),.PIECEWISE_BEZIER_KNOTS.);
#5209 = CARTESIAN_POINT('',(0.9,27.175));
#5210 = CARTESIAN_POINT('',(-0.9,27.175));
#5211 = ( GEOMETRIC_REPRESENTATION_CONTEXT(2) 
PARAMETRIC_REPRESENTATION_CONTEXT() REPRESENTATION_CONTEXT('2D SPACE',''
  ) );
#5212 = ORIENTED_EDGE('',*,*,#5213,.T.);
#5213 = EDGE_CURVE('',#5188,#4544,#5214,.T.);
#5214 = SURFACE_CURVE('',#5215,(#5219,#5225),.PCURVE_S1.);
#5215 = LINE('',#5216,#5217);
#5216 = CARTESIAN_POINT('',(34.03,28.2,3.));
#5217 = VECTOR('',#5218,1.);
#5218 = DIRECTION('',(0.,0.,-1.));
#5219 = PCURVE('',#3038,#5220);
#5220 = DEFINITIONAL_REPRESENTATION('',(#5221),#5224);
#5221 = B_SPLINE_CURVE_WITH_KNOTS('',1,(#5222,#5223),.UNSPECIFIED.,.F.,
  .F.,(2,2),(-2.5,0.),.PIECEWISE_BEZIER_KNOTS.);
#5222 = CARTESIAN_POINT('',(3.265,-2.5));
#5223 = CARTESIAN_POINT('',(3.265,0.));
#5224 = ( GEOMETRIC_REPRESENTATION_CONTEXT(2) 
PARAMETRIC_REPRESENTATION_CONTEXT() REPRESENTATION_CONTEXT('2D SPACE',''
  ) );
#5225 = PCURVE('',#4582,#5226);
#5226 = DEFINITIONAL_REPRESENTATION('',(#5227),#5230);
#5227 = B_SPLINE_CURVE_WITH_KNOTS('',1,(#5228,#5229),.UNSPECIFIED.,.F.,
  .F.,(2,2),(-2.5,0.),.PIECEWISE_BEZIER_KNOTS.);
#5228 = CARTESIAN_POINT('',(56.65,-2.5));
#5229 = CARTESIAN_POINT('',(56.65,0.));
#5230 = ( GEOMETRIC_REPRESENTATION_CONTEXT(2) 
PARAMETRIC_REPRESENTATION_CONTEXT() REPRESENTATION_CONTEXT('2D SPACE',''
  ) );
#5231 = ADVANCED_FACE('',(#5232),#2992,.T.);
#5232 = FACE_BOUND('',#5233,.T.);
#5233 = EDGE_LOOP('',(#5234,#5235,#5236,#5259,#5287,#5308));
#5234 = ORIENTED_EDGE('',*,*,#2977,.T.);
#5235 = ORIENTED_EDGE('',*,*,#3076,.T.);
#5236 = ORIENTED_EDGE('',*,*,#5237,.F.);
#5237 = EDGE_CURVE('',#5238,#3056,#5240,.T.);
#5238 = VERTEX_POINT('',#5239);
#5239 = CARTESIAN_POINT('',(-54.,30.5,3.));
#5240 = SURFACE_CURVE('',#5241,(#5245,#5252),.PCURVE_S1.);
#5241 = LINE('',#5242,#5243);
#5242 = CARTESIAN_POINT('',(-54.,30.5,3.));
#5243 = VECTOR('',#5244,1.);
#5244 = DIRECTION('',(0.,0.,1.));
#5245 = PCURVE('',#2992,#5246);
#5246 = DEFINITIONAL_REPRESENTATION('',(#5247),#5251);
#5247 = LINE('',#5248,#5249);
#5248 = CARTESIAN_POINT('',(114.5,0.));
#5249 = VECTOR('',#5250,1.);
#5250 = DIRECTION('',(0.,-1.));
#5251 = ( GEOMETRIC_REPRESENTATION_CONTEXT(2) 
PARAMETRIC_REPRESENTATION_CONTEXT() REPRESENTATION_CONTEXT('2D SPACE',''
  ) );
#5252 = PCURVE('',#3138,#5253);
#5253 = DEFINITIONAL_REPRESENTATION('',(#5254),#5258);
#5254 = LINE('',#5255,#5256);
#5255 = CARTESIAN_POINT('',(0.,0.));
#5256 = VECTOR('',#5257,1.);
#5257 = DIRECTION('',(0.,1.));
#5258 = ( GEOMETRIC_REPRESENTATION_CONTEXT(2) 
PARAMETRIC_REPRESENTATION_CONTEXT() REPRESENTATION_CONTEXT('2D SPACE',''
  ) );
#5259 = ORIENTED_EDGE('',*,*,#5260,.F.);
#5260 = EDGE_CURVE('',#5261,#5238,#5263,.T.);
#5261 = VERTEX_POINT('',#5262);
#5262 = CARTESIAN_POINT('',(30.23,30.5,3.));
#5263 = SURFACE_CURVE('',#5264,(#5268,#5275),.PCURVE_S1.);
#5264 = LINE('',#5265,#5266);
#5265 = CARTESIAN_POINT('',(60.5,30.5,3.));
#5266 = VECTOR('',#5267,1.);
#5267 = DIRECTION('',(-1.,0.,0.));
#5268 = PCURVE('',#2992,#5269);
#5269 = DEFINITIONAL_REPRESENTATION('',(#5270),#5274);
#5270 = LINE('',#5271,#5272);
#5271 = CARTESIAN_POINT('',(0.,-0.));
#5272 = VECTOR('',#5273,1.);
#5273 = DIRECTION('',(1.,0.));
#5274 = ( GEOMETRIC_REPRESENTATION_CONTEXT(2) 
PARAMETRIC_REPRESENTATION_CONTEXT() REPRESENTATION_CONTEXT('2D SPACE',''
  ) );
#5275 = PCURVE('',#5276,#5281);
#5276 = PLANE('',#5277);
#5277 = AXIS2_PLACEMENT_3D('',#5278,#5279,#5280);
#5278 = CARTESIAN_POINT('',(0.,0.,3.));
#5279 = DIRECTION('',(0.,0.,1.));
#5280 = DIRECTION('',(1.,0.,-0.));
#5281 = DEFINITIONAL_REPRESENTATION('',(#5282),#5286);
#5282 = LINE('',#5283,#5284);
#5283 = CARTESIAN_POINT('',(60.5,30.5));
#5284 = VECTOR('',#5285,1.);
#5285 = DIRECTION('',(-1.,0.));
#5286 = ( GEOMETRIC_REPRESENTATION_CONTEXT(2) 
PARAMETRIC_REPRESENTATION_CONTEXT() REPRESENTATION_CONTEXT('2D SPACE',''
  ) );
#5287 = ORIENTED_EDGE('',*,*,#5288,.T.);
#5288 = EDGE_CURVE('',#5261,#4743,#5289,.T.);
#5289 = SURFACE_CURVE('',#5290,(#5294,#5301),.PCURVE_S1.);
#5290 = LINE('',#5291,#5292);
#5291 = CARTESIAN_POINT('',(30.23,30.5,3.));
#5292 = VECTOR('',#5293,1.);
#5293 = DIRECTION('',(0.,0.,1.));
#5294 = PCURVE('',#2992,#5295);
#5295 = DEFINITIONAL_REPRESENTATION('',(#5296),#5300);
#5296 = LINE('',#5297,#5298);
#5297 = CARTESIAN_POINT('',(30.27,0.));
#5298 = VECTOR('',#5299,1.);
#5299 = DIRECTION('',(0.,-1.));
#5300 = ( GEOMETRIC_REPRESENTATION_CONTEXT(2) 
PARAMETRIC_REPRESENTATION_CONTEXT() REPRESENTATION_CONTEXT('2D SPACE',''
  ) );
#5301 = PCURVE('',#4781,#5302);
#5302 = DEFINITIONAL_REPRESENTATION('',(#5303),#5307);
#5303 = LINE('',#5304,#5305);
#5304 = CARTESIAN_POINT('',(-58.95,0.));
#5305 = VECTOR('',#5306,1.);
#5306 = DIRECTION('',(0.,-1.));
#5307 = ( GEOMETRIC_REPRESENTATION_CONTEXT(2) 
PARAMETRIC_REPRESENTATION_CONTEXT() REPRESENTATION_CONTEXT('2D SPACE',''
  ) );
#5308 = ORIENTED_EDGE('',*,*,#4742,.F.);
#5309 = ADVANCED_FACE('',(#5310),#3138,.F.);
#5310 = FACE_BOUND('',#5311,.F.);
#5311 = EDGE_LOOP('',(#5312,#5313,#5337,#5358));
#5312 = ORIENTED_EDGE('',*,*,#5237,.F.);
#5313 = ORIENTED_EDGE('',*,*,#5314,.T.);
#5314 = EDGE_CURVE('',#5238,#5315,#5317,.T.);
#5315 = VERTEX_POINT('',#5316);
#5316 = CARTESIAN_POINT('',(-60.5,24.,3.));
#5317 = SURFACE_CURVE('',#5318,(#5323,#5330),.PCURVE_S1.);
#5318 = CIRCLE('',#5319,6.5);
#5319 = AXIS2_PLACEMENT_3D('',#5320,#5321,#5322);
#5320 = CARTESIAN_POINT('',(-54.,24.,3.));
#5321 = DIRECTION('',(0.,0.,1.));
#5322 = DIRECTION('',(0.,-1.,0.));
#5323 = PCURVE('',#3138,#5324);
#5324 = DEFINITIONAL_REPRESENTATION('',(#5325),#5329);
#5325 = LINE('',#5326,#5327);
#5326 = CARTESIAN_POINT('',(-3.14159265359,0.));
#5327 = VECTOR('',#5328,1.);
#5328 = DIRECTION('',(1.,0.));
#5329 = ( GEOMETRIC_REPRESENTATION_CONTEXT(2) 
PARAMETRIC_REPRESENTATION_CONTEXT() REPRESENTATION_CONTEXT('2D SPACE',''
  ) );
#5330 = PCURVE('',#5276,#5331);
#5331 = DEFINITIONAL_REPRESENTATION('',(#5332),#5336);
#5332 = CIRCLE('',#5333,6.5);
#5333 = AXIS2_PLACEMENT_2D('',#5334,#5335);
#5334 = CARTESIAN_POINT('',(-54.,24.));
#5335 = DIRECTION('',(0.,-1.));
#5336 = ( GEOMETRIC_REPRESENTATION_CONTEXT(2) 
PARAMETRIC_REPRESENTATION_CONTEXT() REPRESENTATION_CONTEXT('2D SPACE',''
  ) );
#5337 = ORIENTED_EDGE('',*,*,#5338,.T.);
#5338 = EDGE_CURVE('',#5315,#3103,#5339,.T.);
#5339 = SURFACE_CURVE('',#5340,(#5344,#5351),.PCURVE_S1.);
#5340 = LINE('',#5341,#5342);
#5341 = CARTESIAN_POINT('',(-60.5,24.,3.));
#5342 = VECTOR('',#5343,1.);
#5343 = DIRECTION('',(0.,0.,1.));
#5344 = PCURVE('',#3138,#5345);
#5345 = DEFINITIONAL_REPRESENTATION('',(#5346),#5350);
#5346 = LINE('',#5347,#5348);
#5347 = CARTESIAN_POINT('',(1.570796326795,0.));
#5348 = VECTOR('',#5349,1.);
#5349 = DIRECTION('',(0.,1.));
#5350 = ( GEOMETRIC_REPRESENTATION_CONTEXT(2) 
PARAMETRIC_REPRESENTATION_CONTEXT() REPRESENTATION_CONTEXT('2D SPACE',''
  ) );
#5351 = PCURVE('',#3190,#5352);
#5352 = DEFINITIONAL_REPRESENTATION('',(#5353),#5357);
#5353 = LINE('',#5354,#5355);
#5354 = CARTESIAN_POINT('',(6.5,0.));
#5355 = VECTOR('',#5356,1.);
#5356 = DIRECTION('',(0.,-1.));
#5357 = ( GEOMETRIC_REPRESENTATION_CONTEXT(2) 
PARAMETRIC_REPRESENTATION_CONTEXT() REPRESENTATION_CONTEXT('2D SPACE',''
  ) );
#5358 = ORIENTED_EDGE('',*,*,#3123,.F.);
#5359 = ADVANCED_FACE('',(#5360),#3190,.T.);
#5360 = FACE_BOUND('',#5361,.T.);
#5361 = EDGE_LOOP('',(#5362,#5385,#5406,#5407));
#5362 = ORIENTED_EDGE('',*,*,#5363,.F.);
#5363 = EDGE_CURVE('',#5364,#3156,#5366,.T.);
#5364 = VERTEX_POINT('',#5365);
#5365 = CARTESIAN_POINT('',(-60.5,-24.,3.));
#5366 = SURFACE_CURVE('',#5367,(#5371,#5378),.PCURVE_S1.);
#5367 = LINE('',#5368,#5369);
#5368 = CARTESIAN_POINT('',(-60.5,-24.,3.));
#5369 = VECTOR('',#5370,1.);
#5370 = DIRECTION('',(0.,0.,1.));
#5371 = PCURVE('',#3190,#5372);
#5372 = DEFINITIONAL_REPRESENTATION('',(#5373),#5377);
#5373 = LINE('',#5374,#5375);
#5374 = CARTESIAN_POINT('',(54.5,0.));
#5375 = VECTOR('',#5376,1.);
#5376 = DIRECTION('',(0.,-1.));
#5377 = ( GEOMETRIC_REPRESENTATION_CONTEXT(2) 
PARAMETRIC_REPRESENTATION_CONTEXT() REPRESENTATION_CONTEXT('2D SPACE',''
  ) );
#5378 = PCURVE('',#3243,#5379);
#5379 = DEFINITIONAL_REPRESENTATION('',(#5380),#5384);
#5380 = LINE('',#5381,#5382);
#5381 = CARTESIAN_POINT('',(-1.570796326795,0.));
#5382 = VECTOR('',#5383,1.);
#5383 = DIRECTION('',(-0.,1.));
#5384 = ( GEOMETRIC_REPRESENTATION_CONTEXT(2) 
PARAMETRIC_REPRESENTATION_CONTEXT() REPRESENTATION_CONTEXT('2D SPACE',''
  ) );
#5385 = ORIENTED_EDGE('',*,*,#5386,.F.);
#5386 = EDGE_CURVE('',#5315,#5364,#5387,.T.);
#5387 = SURFACE_CURVE('',#5388,(#5392,#5399),.PCURVE_S1.);
#5388 = LINE('',#5389,#5390);
#5389 = CARTESIAN_POINT('',(-60.5,30.5,3.));
#5390 = VECTOR('',#5391,1.);
#5391 = DIRECTION('',(0.,-1.,0.));
#5392 = PCURVE('',#3190,#5393);
#5393 = DEFINITIONAL_REPRESENTATION('',(#5394),#5398);
#5394 = LINE('',#5395,#5396);
#5395 = CARTESIAN_POINT('',(0.,0.));
#5396 = VECTOR('',#5397,1.);
#5397 = DIRECTION('',(1.,0.));
#5398 = ( GEOMETRIC_REPRESENTATION_CONTEXT(2) 
PARAMETRIC_REPRESENTATION_CONTEXT() REPRESENTATION_CONTEXT('2D SPACE',''
  ) );
#5399 = PCURVE('',#5276,#5400);
#5400 = DEFINITIONAL_REPRESENTATION('',(#5401),#5405);
#5401 = LINE('',#5402,#5403);
#5402 = CARTESIAN_POINT('',(-60.5,30.5));
#5403 = VECTOR('',#5404,1.);
#5404 = DIRECTION('',(0.,-1.));
#5405 = ( GEOMETRIC_REPRESENTATION_CONTEXT(2) 
PARAMETRIC_REPRESENTATION_CONTEXT() REPRESENTATION_CONTEXT('2D SPACE',''
  ) );
#5406 = ORIENTED_EDGE('',*,*,#5338,.T.);
#5407 = ORIENTED_EDGE('',*,*,#3176,.T.);
#5408 = ADVANCED_FACE('',(#5409),#3243,.F.);
#5409 = FACE_BOUND('',#5410,.T.);
#5410 = EDGE_LOOP('',(#5411,#5434,#5460,#5461));
#5411 = ORIENTED_EDGE('',*,*,#5412,.F.);
#5412 = EDGE_CURVE('',#5413,#3208,#5415,.T.);
#5413 = VERTEX_POINT('',#5414);
#5414 = CARTESIAN_POINT('',(-54.,-30.5,3.));
#5415 = SURFACE_CURVE('',#5416,(#5420,#5427),.PCURVE_S1.);
#5416 = LINE('',#5417,#5418);
#5417 = CARTESIAN_POINT('',(-54.,-30.5,3.));
#5418 = VECTOR('',#5419,1.);
#5419 = DIRECTION('',(0.,0.,1.));
#5420 = PCURVE('',#3243,#5421);
#5421 = DEFINITIONAL_REPRESENTATION('',(#5422),#5426);
#5422 = LINE('',#5423,#5424);
#5423 = CARTESIAN_POINT('',(-0.,0.));
#5424 = VECTOR('',#5425,1.);
#5425 = DIRECTION('',(-0.,1.));
#5426 = ( GEOMETRIC_REPRESENTATION_CONTEXT(2) 
PARAMETRIC_REPRESENTATION_CONTEXT() REPRESENTATION_CONTEXT('2D SPACE',''
  ) );
#5427 = PCURVE('',#3275,#5428);
#5428 = DEFINITIONAL_REPRESENTATION('',(#5429),#5433);
#5429 = LINE('',#5430,#5431);
#5430 = CARTESIAN_POINT('',(6.5,0.));
#5431 = VECTOR('',#5432,1.);
#5432 = DIRECTION('',(0.,-1.));
#5433 = ( GEOMETRIC_REPRESENTATION_CONTEXT(2) 
PARAMETRIC_REPRESENTATION_CONTEXT() REPRESENTATION_CONTEXT('2D SPACE',''
  ) );
#5434 = ORIENTED_EDGE('',*,*,#5435,.T.);
#5435 = EDGE_CURVE('',#5413,#5364,#5436,.T.);
#5436 = SURFACE_CURVE('',#5437,(#5442,#5449),.PCURVE_S1.);
#5437 = CIRCLE('',#5438,6.5);
#5438 = AXIS2_PLACEMENT_3D('',#5439,#5440,#5441);
#5439 = CARTESIAN_POINT('',(-54.,-24.,3.));
#5440 = DIRECTION('',(-0.,-0.,-1.));
#5441 = DIRECTION('',(0.,-1.,0.));
#5442 = PCURVE('',#3243,#5443);
#5443 = DEFINITIONAL_REPRESENTATION('',(#5444),#5448);
#5444 = LINE('',#5445,#5446);
#5445 = CARTESIAN_POINT('',(-0.,0.));
#5446 = VECTOR('',#5447,1.);
#5447 = DIRECTION('',(-1.,0.));
#5448 = ( GEOMETRIC_REPRESENTATION_CONTEXT(2) 
PARAMETRIC_REPRESENTATION_CONTEXT() REPRESENTATION_CONTEXT('2D SPACE',''
  ) );
#5449 = PCURVE('',#5276,#5450);
#5450 = DEFINITIONAL_REPRESENTATION('',(#5451),#5459);
#5451 = ( BOUNDED_CURVE() B_SPLINE_CURVE(2,(#5452,#5453,#5454,#5455,
#5456,#5457,#5458),.UNSPECIFIED.,.T.,.F.) B_SPLINE_CURVE_WITH_KNOTS((1,2
    ,2,2,2,1),(-2.094395102393,0.,2.094395102393,4.188790204786,
6.28318530718,8.377580409573),.UNSPECIFIED.) CURVE() 
GEOMETRIC_REPRESENTATION_ITEM() RATIONAL_B_SPLINE_CURVE((1.,0.5,1.,0.5,
1.,0.5,1.)) REPRESENTATION_ITEM('') );
#5452 = CARTESIAN_POINT('',(-54.,-30.5));
#5453 = CARTESIAN_POINT('',(-65.25833024919,-30.5));
#5454 = CARTESIAN_POINT('',(-59.62916512459,-20.75));
#5455 = CARTESIAN_POINT('',(-54.,-11.));
#5456 = CARTESIAN_POINT('',(-48.3708348754,-20.75));
#5457 = CARTESIAN_POINT('',(-42.7416697508,-30.5));
#5458 = CARTESIAN_POINT('',(-54.,-30.5));
#5459 = ( GEOMETRIC_REPRESENTATION_CONTEXT(2) 
PARAMETRIC_REPRESENTATION_CONTEXT() REPRESENTATION_CONTEXT('2D SPACE',''
  ) );
#5460 = ORIENTED_EDGE('',*,*,#5363,.T.);
#5461 = ORIENTED_EDGE('',*,*,#3228,.T.);
#5462 = ADVANCED_FACE('',(#5463),#3275,.T.);
#5463 = FACE_BOUND('',#5464,.T.);
#5464 = EDGE_LOOP('',(#5465,#5466,#5467,#5489,#5510,#5511));
#5465 = ORIENTED_EDGE('',*,*,#4286,.F.);
#5466 = ORIENTED_EDGE('',*,*,#4793,.F.);
#5467 = ORIENTED_EDGE('',*,*,#5468,.T.);
#5468 = EDGE_CURVE('',#4766,#5469,#5471,.T.);
#5469 = VERTEX_POINT('',#5470);
#5470 = CARTESIAN_POINT('',(30.23,-30.5,3.));
#5471 = SURFACE_CURVE('',#5472,(#5476,#5482),.PCURVE_S1.);
#5472 = LINE('',#5473,#5474);
#5473 = CARTESIAN_POINT('',(30.23,-30.5,3.));
#5474 = VECTOR('',#5475,1.);
#5475 = DIRECTION('',(-0.,0.,-1.));
#5476 = PCURVE('',#3275,#5477);
#5477 = DEFINITIONAL_REPRESENTATION('',(#5478),#5481);
#5478 = B_SPLINE_CURVE_WITH_KNOTS('',1,(#5479,#5480),.UNSPECIFIED.,.F.,
  .F.,(2,2),(-5.5,0.),.PIECEWISE_BEZIER_KNOTS.);
#5479 = CARTESIAN_POINT('',(90.73,-5.5));
#5480 = CARTESIAN_POINT('',(90.73,0.));
#5481 = ( GEOMETRIC_REPRESENTATION_CONTEXT(2) 
PARAMETRIC_REPRESENTATION_CONTEXT() REPRESENTATION_CONTEXT('2D SPACE',''
  ) );
#5482 = PCURVE('',#4781,#5483);
#5483 = DEFINITIONAL_REPRESENTATION('',(#5484),#5488);
#5484 = LINE('',#5485,#5486);
#5485 = CARTESIAN_POINT('',(2.05,0.));
#5486 = VECTOR('',#5487,1.);
#5487 = DIRECTION('',(-0.,1.));
#5488 = ( GEOMETRIC_REPRESENTATION_CONTEXT(2) 
PARAMETRIC_REPRESENTATION_CONTEXT() REPRESENTATION_CONTEXT('2D SPACE',''
  ) );
#5489 = ORIENTED_EDGE('',*,*,#5490,.F.);
#5490 = EDGE_CURVE('',#5413,#5469,#5491,.T.);
#5491 = SURFACE_CURVE('',#5492,(#5496,#5503),.PCURVE_S1.);
#5492 = LINE('',#5493,#5494);
#5493 = CARTESIAN_POINT('',(-60.5,-30.5,3.));
#5494 = VECTOR('',#5495,1.);
#5495 = DIRECTION('',(1.,0.,0.));
#5496 = PCURVE('',#3275,#5497);
#5497 = DEFINITIONAL_REPRESENTATION('',(#5498),#5502);
#5498 = LINE('',#5499,#5500);
#5499 = CARTESIAN_POINT('',(0.,0.));
#5500 = VECTOR('',#5501,1.);
#5501 = DIRECTION('',(1.,0.));
#5502 = ( GEOMETRIC_REPRESENTATION_CONTEXT(2) 
PARAMETRIC_REPRESENTATION_CONTEXT() REPRESENTATION_CONTEXT('2D SPACE',''
  ) );
#5503 = PCURVE('',#5276,#5504);
#5504 = DEFINITIONAL_REPRESENTATION('',(#5505),#5509);
#5505 = LINE('',#5506,#5507);
#5506 = CARTESIAN_POINT('',(-60.5,-30.5));
#5507 = VECTOR('',#5508,1.);
#5508 = DIRECTION('',(1.,0.));
#5509 = ( GEOMETRIC_REPRESENTATION_CONTEXT(2) 
PARAMETRIC_REPRESENTATION_CONTEXT() REPRESENTATION_CONTEXT('2D SPACE',''
  ) );
#5510 = ORIENTED_EDGE('',*,*,#5412,.T.);
#5511 = ORIENTED_EDGE('',*,*,#3261,.T.);
#5512 = ADVANCED_FACE('',(#5513),#3456,.F.);
#5513 = FACE_BOUND('',#5514,.F.);
#5514 = EDGE_LOOP('',(#5515));
#5515 = ORIENTED_EDGE('',*,*,#3441,.T.);
#5516 = ADVANCED_FACE('',(#5517,#5520),#3512,.F.);
#5517 = FACE_BOUND('',#5518,.F.);
#5518 = EDGE_LOOP('',(#5519));
#5519 = ORIENTED_EDGE('',*,*,#3497,.T.);
#5520 = FACE_BOUND('',#5521,.F.);
#5521 = EDGE_LOOP('',(#5522));
#5522 = ORIENTED_EDGE('',*,*,#5523,.T.);
#5523 = EDGE_CURVE('',#5524,#5524,#5526,.T.);
#5524 = VERTEX_POINT('',#5525);
#5525 = CARTESIAN_POINT('',(-52.55,-24.45,3.39));
#5526 = SURFACE_CURVE('',#5527,(#5532,#5543),.PCURVE_S1.);
#5527 = CIRCLE('',#5528,1.7);
#5528 = AXIS2_PLACEMENT_3D('',#5529,#5530,#5531);
#5529 = CARTESIAN_POINT('',(-54.25,-24.45,3.39));
#5530 = DIRECTION('',(0.,0.,-1.));
#5531 = DIRECTION('',(1.,0.,0.));
#5532 = PCURVE('',#3512,#5533);
#5533 = DEFINITIONAL_REPRESENTATION('',(#5534),#5542);
#5534 = ( BOUNDED_CURVE() B_SPLINE_CURVE(2,(#5535,#5536,#5537,#5538,
#5539,#5540,#5541),.UNSPECIFIED.,.T.,.F.) B_SPLINE_CURVE_WITH_KNOTS((1,2
    ,2,2,2,1),(-2.094395102393,0.,2.094395102393,4.188790204786,
6.28318530718,8.377580409573),.UNSPECIFIED.) CURVE() 
GEOMETRIC_REPRESENTATION_ITEM() RATIONAL_B_SPLINE_CURVE((1.,0.5,1.,0.5,
1.,0.5,1.)) REPRESENTATION_ITEM('') );
#5535 = CARTESIAN_POINT('',(1.7,3.552713678801E-15));
#5536 = CARTESIAN_POINT('',(1.7,-2.944486372867));
#5537 = CARTESIAN_POINT('',(-0.85,-1.472243186434));
#5538 = CARTESIAN_POINT('',(-3.4,3.13633376709E-15));
#5539 = CARTESIAN_POINT('',(-0.85,1.472243186434));
#5540 = CARTESIAN_POINT('',(1.7,2.944486372867));
#5541 = CARTESIAN_POINT('',(1.7,3.552713678801E-15));
#5542 = ( GEOMETRIC_REPRESENTATION_CONTEXT(2) 
PARAMETRIC_REPRESENTATION_CONTEXT() REPRESENTATION_CONTEXT('2D SPACE',''
  ) );
#5543 = PCURVE('',#5544,#5549);
#5544 = CYLINDRICAL_SURFACE('',#5545,1.7);
#5545 = AXIS2_PLACEMENT_3D('',#5546,#5547,#5548);
#5546 = CARTESIAN_POINT('',(-54.25,-24.45,-0.5));
#5547 = DIRECTION('',(-0.,-0.,-1.));
#5548 = DIRECTION('',(1.,0.,0.));
#5549 = DEFINITIONAL_REPRESENTATION('',(#5550),#5554);
#5550 = LINE('',#5551,#5552);
#5551 = CARTESIAN_POINT('',(-6.28318530718,-3.89));
#5552 = VECTOR('',#5553,1.);
#5553 = DIRECTION('',(1.,-0.));
#5554 = ( GEOMETRIC_REPRESENTATION_CONTEXT(2) 
PARAMETRIC_REPRESENTATION_CONTEXT() REPRESENTATION_CONTEXT('2D SPACE',''
  ) );
#5555 = ADVANCED_FACE('',(#5556,#5559),#3567,.F.);
#5556 = FACE_BOUND('',#5557,.F.);
#5557 = EDGE_LOOP('',(#5558));
#5558 = ORIENTED_EDGE('',*,*,#3552,.T.);
#5559 = FACE_BOUND('',#5560,.F.);
#5560 = EDGE_LOOP('',(#5561));
#5561 = ORIENTED_EDGE('',*,*,#5562,.T.);
#5562 = EDGE_CURVE('',#5563,#5563,#5565,.T.);
#5563 = VERTEX_POINT('',#5564);
#5564 = CARTESIAN_POINT('',(5.59,-24.45,3.39));
#5565 = SURFACE_CURVE('',#5566,(#5571,#5582),.PCURVE_S1.);
#5566 = CIRCLE('',#5567,1.7);
#5567 = AXIS2_PLACEMENT_3D('',#5568,#5569,#5570);
#5568 = CARTESIAN_POINT('',(3.89,-24.45,3.39));
#5569 = DIRECTION('',(0.,0.,-1.));
#5570 = DIRECTION('',(1.,0.,0.));
#5571 = PCURVE('',#3567,#5572);
#5572 = DEFINITIONAL_REPRESENTATION('',(#5573),#5581);
#5573 = ( BOUNDED_CURVE() B_SPLINE_CURVE(2,(#5574,#5575,#5576,#5577,
#5578,#5579,#5580),.UNSPECIFIED.,.T.,.F.) B_SPLINE_CURVE_WITH_KNOTS((1,2
    ,2,2,2,1),(-2.094395102393,0.,2.094395102393,4.188790204786,
6.28318530718,8.377580409573),.UNSPECIFIED.) CURVE() 
GEOMETRIC_REPRESENTATION_ITEM() RATIONAL_B_SPLINE_CURVE((1.,0.5,1.,0.5,
1.,0.5,1.)) REPRESENTATION_ITEM('') );
#5574 = CARTESIAN_POINT('',(1.7,0.));
#5575 = CARTESIAN_POINT('',(1.7,-2.944486372867));
#5576 = CARTESIAN_POINT('',(-0.85,-1.472243186434));
#5577 = CARTESIAN_POINT('',(-3.4,-4.163799117101E-16));
#5578 = CARTESIAN_POINT('',(-0.85,1.472243186434));
#5579 = CARTESIAN_POINT('',(1.7,2.944486372867));
#5580 = CARTESIAN_POINT('',(1.7,0.));
#5581 = ( GEOMETRIC_REPRESENTATION_CONTEXT(2) 
PARAMETRIC_REPRESENTATION_CONTEXT() REPRESENTATION_CONTEXT('2D SPACE',''
  ) );
#5582 = PCURVE('',#5583,#5588);
#5583 = CYLINDRICAL_SURFACE('',#5584,1.7);
#5584 = AXIS2_PLACEMENT_3D('',#5585,#5586,#5587);
#5585 = CARTESIAN_POINT('',(3.89,-24.45,-0.5));
#5586 = DIRECTION('',(-0.,-0.,-1.));
#5587 = DIRECTION('',(1.,0.,0.));
#5588 = DEFINITIONAL_REPRESENTATION('',(#5589),#5593);
#5589 = LINE('',#5590,#5591);
#5590 = CARTESIAN_POINT('',(-6.28318530718,-3.89));
#5591 = VECTOR('',#5592,1.);
#5592 = DIRECTION('',(1.,-0.));
#5593 = ( GEOMETRIC_REPRESENTATION_CONTEXT(2) 
PARAMETRIC_REPRESENTATION_CONTEXT() REPRESENTATION_CONTEXT('2D SPACE',''
  ) );
#5594 = ADVANCED_FACE('',(#5595),#3622,.F.);
#5595 = FACE_BOUND('',#5596,.F.);
#5596 = EDGE_LOOP('',(#5597));
#5597 = ORIENTED_EDGE('',*,*,#3607,.T.);
#5598 = ADVANCED_FACE('',(#5599,#5602),#3678,.F.);
#5599 = FACE_BOUND('',#5600,.F.);
#5600 = EDGE_LOOP('',(#5601));
#5601 = ORIENTED_EDGE('',*,*,#3663,.T.);
#5602 = FACE_BOUND('',#5603,.F.);
#5603 = EDGE_LOOP('',(#5604));
#5604 = ORIENTED_EDGE('',*,*,#5605,.T.);
#5605 = EDGE_CURVE('',#5606,#5606,#5608,.T.);
#5606 = VERTEX_POINT('',#5607);
#5607 = CARTESIAN_POINT('',(-52.55,24.45,3.39));
#5608 = SURFACE_CURVE('',#5609,(#5614,#5625),.PCURVE_S1.);
#5609 = CIRCLE('',#5610,1.7);
#5610 = AXIS2_PLACEMENT_3D('',#5611,#5612,#5613);
#5611 = CARTESIAN_POINT('',(-54.25,24.45,3.39));
#5612 = DIRECTION('',(0.,0.,-1.));
#5613 = DIRECTION('',(1.,0.,0.));
#5614 = PCURVE('',#3678,#5615);
#5615 = DEFINITIONAL_REPRESENTATION('',(#5616),#5624);
#5616 = ( BOUNDED_CURVE() B_SPLINE_CURVE(2,(#5617,#5618,#5619,#5620,
#5621,#5622,#5623),.UNSPECIFIED.,.T.,.F.) B_SPLINE_CURVE_WITH_KNOTS((1,2
    ,2,2,2,1),(-2.094395102393,0.,2.094395102393,4.188790204786,
6.28318530718,8.377580409573),.UNSPECIFIED.) CURVE() 
GEOMETRIC_REPRESENTATION_ITEM() RATIONAL_B_SPLINE_CURVE((1.,0.5,1.,0.5,
1.,0.5,1.)) REPRESENTATION_ITEM('') );
#5617 = CARTESIAN_POINT('',(1.7,-3.552713678801E-15));
#5618 = CARTESIAN_POINT('',(1.7,-2.944486372867));
#5619 = CARTESIAN_POINT('',(-0.85,-1.472243186434));
#5620 = CARTESIAN_POINT('',(-3.4,-3.969093590511E-15));
#5621 = CARTESIAN_POINT('',(-0.85,1.472243186434));
#5622 = CARTESIAN_POINT('',(1.7,2.944486372867));
#5623 = CARTESIAN_POINT('',(1.7,-3.552713678801E-15));
#5624 = ( GEOMETRIC_REPRESENTATION_CONTEXT(2) 
PARAMETRIC_REPRESENTATION_CONTEXT() REPRESENTATION_CONTEXT('2D SPACE',''
  ) );
#5625 = PCURVE('',#5626,#5631);
#5626 = CYLINDRICAL_SURFACE('',#5627,1.7);
#5627 = AXIS2_PLACEMENT_3D('',#5628,#5629,#5630);
#5628 = CARTESIAN_POINT('',(-54.25,24.45,-0.5));
#5629 = DIRECTION('',(-0.,-0.,-1.));
#5630 = DIRECTION('',(1.,0.,0.));
#5631 = DEFINITIONAL_REPRESENTATION('',(#5632),#5636);
#5632 = LINE('',#5633,#5634);
#5633 = CARTESIAN_POINT('',(-6.28318530718,-3.89));
#5634 = VECTOR('',#5635,1.);
#5635 = DIRECTION('',(1.,-0.));
#5636 = ( GEOMETRIC_REPRESENTATION_CONTEXT(2) 
PARAMETRIC_REPRESENTATION_CONTEXT() REPRESENTATION_CONTEXT('2D SPACE',''
  ) );
#5637 = ADVANCED_FACE('',(#5638),#3733,.F.);
#5638 = FACE_BOUND('',#5639,.F.);
#5639 = EDGE_LOOP('',(#5640));
#5640 = ORIENTED_EDGE('',*,*,#3718,.T.);
#5641 = ADVANCED_FACE('',(#5642,#5645),#3789,.F.);
#5642 = FACE_BOUND('',#5643,.F.);
#5643 = EDGE_LOOP('',(#5644));
#5644 = ORIENTED_EDGE('',*,*,#3774,.T.);
#5645 = FACE_BOUND('',#5646,.F.);
#5646 = EDGE_LOOP('',(#5647));
#5647 = ORIENTED_EDGE('',*,*,#5648,.T.);
#5648 = EDGE_CURVE('',#5649,#5649,#5651,.T.);
#5649 = VERTEX_POINT('',#5650);
#5650 = CARTESIAN_POINT('',(5.59,24.45,3.39));
#5651 = SURFACE_CURVE('',#5652,(#5657,#5668),.PCURVE_S1.);
#5652 = CIRCLE('',#5653,1.7);
#5653 = AXIS2_PLACEMENT_3D('',#5654,#5655,#5656);
#5654 = CARTESIAN_POINT('',(3.89,24.45,3.39));
#5655 = DIRECTION('',(0.,0.,-1.));
#5656 = DIRECTION('',(1.,0.,0.));
#5657 = PCURVE('',#3789,#5658);
#5658 = DEFINITIONAL_REPRESENTATION('',(#5659),#5667);
#5659 = ( BOUNDED_CURVE() B_SPLINE_CURVE(2,(#5660,#5661,#5662,#5663,
#5664,#5665,#5666),.UNSPECIFIED.,.T.,.F.) B_SPLINE_CURVE_WITH_KNOTS((1,2
    ,2,2,2,1),(-2.094395102393,0.,2.094395102393,4.188790204786,
6.28318530718,8.377580409573),.UNSPECIFIED.) CURVE() 
GEOMETRIC_REPRESENTATION_ITEM() RATIONAL_B_SPLINE_CURVE((1.,0.5,1.,0.5,
1.,0.5,1.)) REPRESENTATION_ITEM('') );
#5660 = CARTESIAN_POINT('',(1.7,0.));
#5661 = CARTESIAN_POINT('',(1.7,-2.944486372867));
#5662 = CARTESIAN_POINT('',(-0.85,-1.472243186434));
#5663 = CARTESIAN_POINT('',(-3.4,-4.163799117101E-16));
#5664 = CARTESIAN_POINT('',(-0.85,1.472243186434));
#5665 = CARTESIAN_POINT('',(1.7,2.944486372867));
#5666 = CARTESIAN_POINT('',(1.7,0.));
#5667 = ( GEOMETRIC_REPRESENTATION_CONTEXT(2) 
PARAMETRIC_REPRESENTATION_CONTEXT() REPRESENTATION_CONTEXT('2D SPACE',''
  ) );
#5668 = PCURVE('',#5669,#5674);
#5669 = CYLINDRICAL_SURFACE('',#5670,1.7);
#5670 = AXIS2_PLACEMENT_3D('',#5671,#5672,#5673);
#5671 = CARTESIAN_POINT('',(3.89,24.45,-0.5));
#5672 = DIRECTION('',(-0.,-0.,-1.));
#5673 = DIRECTION('',(1.,0.,0.));
#5674 = DEFINITIONAL_REPRESENTATION('',(#5675),#5679);
#5675 = LINE('',#5676,#5677);
#5676 = CARTESIAN_POINT('',(-6.28318530718,-3.89));
#5677 = VECTOR('',#5678,1.);
#5678 = DIRECTION('',(1.,-0.));
#5679 = ( GEOMETRIC_REPRESENTATION_CONTEXT(2) 
PARAMETRIC_REPRESENTATION_CONTEXT() REPRESENTATION_CONTEXT('2D SPACE',''
  ) );
#5680 = ADVANCED_FACE('',(#5681),#3844,.F.);
#5681 = FACE_BOUND('',#5682,.F.);
#5682 = EDGE_LOOP('',(#5683));
#5683 = ORIENTED_EDGE('',*,*,#3829,.T.);
#5684 = ADVANCED_FACE('',(#5685),#4172,.F.);
#5685 = FACE_BOUND('',#5686,.F.);
#5686 = EDGE_LOOP('',(#5687,#5712,#5733,#5734,#5735));
#5687 = ORIENTED_EDGE('',*,*,#5688,.F.);
#5688 = EDGE_CURVE('',#5689,#5691,#5693,.T.);
#5689 = VERTEX_POINT('',#5690);
#5690 = CARTESIAN_POINT('',(54.015,32.8,14.1));
#5691 = VERTEX_POINT('',#5692);
#5692 = CARTESIAN_POINT('',(36.515,32.8,14.1));
#5693 = SURFACE_CURVE('',#5694,(#5698,#5705),.PCURVE_S1.);
#5694 = LINE('',#5695,#5696);
#5695 = CARTESIAN_POINT('',(54.015,32.8,14.1));
#5696 = VECTOR('',#5697,1.);
#5697 = DIRECTION('',(-1.,0.,0.));
#5698 = PCURVE('',#4172,#5699);
#5699 = DEFINITIONAL_REPRESENTATION('',(#5700),#5704);
#5700 = LINE('',#5701,#5702);
#5701 = CARTESIAN_POINT('',(0.,-0.));
#5702 = VECTOR('',#5703,1.);
#5703 = DIRECTION('',(1.,0.));
#5704 = ( GEOMETRIC_REPRESENTATION_CONTEXT(2) 
PARAMETRIC_REPRESENTATION_CONTEXT() REPRESENTATION_CONTEXT('2D SPACE',''
  ) );
#5705 = PCURVE('',#5003,#5706);
#5706 = DEFINITIONAL_REPRESENTATION('',(#5707),#5711);
#5707 = LINE('',#5708,#5709);
#5708 = CARTESIAN_POINT('',(-8.75,-4.45));
#5709 = VECTOR('',#5710,1.);
#5710 = DIRECTION('',(1.,0.));
#5711 = ( GEOMETRIC_REPRESENTATION_CONTEXT(2) 
PARAMETRIC_REPRESENTATION_CONTEXT() REPRESENTATION_CONTEXT('2D SPACE',''
  ) );
#5712 = ORIENTED_EDGE('',*,*,#5713,.T.);
#5713 = EDGE_CURVE('',#5689,#3921,#5714,.T.);
#5714 = SURFACE_CURVE('',#5715,(#5719,#5726),.PCURVE_S1.);
#5715 = LINE('',#5716,#5717);
#5716 = CARTESIAN_POINT('',(54.015,32.8,14.1));
#5717 = VECTOR('',#5718,1.);
#5718 = DIRECTION('',(0.,1.,1.110223024625E-16));
#5719 = PCURVE('',#4172,#5720);
#5720 = DEFINITIONAL_REPRESENTATION('',(#5721),#5725);
#5721 = LINE('',#5722,#5723);
#5722 = CARTESIAN_POINT('',(0.,-0.));
#5723 = VECTOR('',#5724,1.);
#5724 = DIRECTION('',(0.,-1.));
#5725 = ( GEOMETRIC_REPRESENTATION_CONTEXT(2) 
PARAMETRIC_REPRESENTATION_CONTEXT() REPRESENTATION_CONTEXT('2D SPACE',''
  ) );
#5726 = PCURVE('',#4074,#5727);
#5727 = DEFINITIONAL_REPRESENTATION('',(#5728),#5732);
#5728 = LINE('',#5729,#5730);
#5729 = CARTESIAN_POINT('',(3.14159265359,0.));
#5730 = VECTOR('',#5731,1.);
#5731 = DIRECTION('',(0.,-1.));
#5732 = ( GEOMETRIC_REPRESENTATION_CONTEXT(2) 
PARAMETRIC_REPRESENTATION_CONTEXT() REPRESENTATION_CONTEXT('2D SPACE',''
  ) );
#5733 = ORIENTED_EDGE('',*,*,#4155,.T.);
#5734 = ORIENTED_EDGE('',*,*,#4260,.T.);
#5735 = ORIENTED_EDGE('',*,*,#5736,.F.);
#5736 = EDGE_CURVE('',#5691,#4232,#5737,.T.);
#5737 = SURFACE_CURVE('',#5738,(#5742,#5749),.PCURVE_S1.);
#5738 = LINE('',#5739,#5740);
#5739 = CARTESIAN_POINT('',(36.515,32.8,14.1));
#5740 = VECTOR('',#5741,1.);
#5741 = DIRECTION('',(0.,1.,1.110223024625E-16));
#5742 = PCURVE('',#4172,#5743);
#5743 = DEFINITIONAL_REPRESENTATION('',(#5744),#5748);
#5744 = LINE('',#5745,#5746);
#5745 = CARTESIAN_POINT('',(17.5,0.));
#5746 = VECTOR('',#5747,1.);
#5747 = DIRECTION('',(0.,-1.));
#5748 = ( GEOMETRIC_REPRESENTATION_CONTEXT(2) 
PARAMETRIC_REPRESENTATION_CONTEXT() REPRESENTATION_CONTEXT('2D SPACE',''
  ) );
#5749 = PCURVE('',#4248,#5750);
#5750 = DEFINITIONAL_REPRESENTATION('',(#5751),#5755);
#5751 = LINE('',#5752,#5753);
#5752 = CARTESIAN_POINT('',(0.,0.));
#5753 = VECTOR('',#5754,1.);
#5754 = DIRECTION('',(0.,-1.));
#5755 = ( GEOMETRIC_REPRESENTATION_CONTEXT(2) 
PARAMETRIC_REPRESENTATION_CONTEXT() REPRESENTATION_CONTEXT('2D SPACE',''
  ) );
#5756 = ADVANCED_FACE('',(#5757),#4074,.F.);
#5757 = FACE_BOUND('',#5758,.F.);
#5758 = EDGE_LOOP('',(#5759,#5783,#5804,#5805));
#5759 = ORIENTED_EDGE('',*,*,#5760,.F.);
#5760 = EDGE_CURVE('',#5761,#5689,#5763,.T.);
#5761 = VERTEX_POINT('',#5762);
#5762 = CARTESIAN_POINT('',(54.015,32.8,5.2));
#5763 = SURFACE_CURVE('',#5764,(#5769,#5776),.PCURVE_S1.);
#5764 = CIRCLE('',#5765,4.45);
#5765 = AXIS2_PLACEMENT_3D('',#5766,#5767,#5768);
#5766 = CARTESIAN_POINT('',(54.015,32.8,9.65));
#5767 = DIRECTION('',(0.,-1.,-1.110223024625E-16));
#5768 = DIRECTION('',(3.991813122248E-16,1.110223024625E-16,-1.));
#5769 = PCURVE('',#4074,#5770);
#5770 = DEFINITIONAL_REPRESENTATION('',(#5771),#5775);
#5771 = LINE('',#5772,#5773);
#5772 = CARTESIAN_POINT('',(0.,0.));
#5773 = VECTOR('',#5774,1.);
#5774 = DIRECTION('',(1.,0.));
#5775 = ( GEOMETRIC_REPRESENTATION_CONTEXT(2) 
PARAMETRIC_REPRESENTATION_CONTEXT() REPRESENTATION_CONTEXT('2D SPACE',''
  ) );
#5776 = PCURVE('',#5003,#5777);
#5777 = DEFINITIONAL_REPRESENTATION('',(#5778),#5782);
#5778 = CIRCLE('',#5779,4.45);
#5779 = AXIS2_PLACEMENT_2D('',#5780,#5781);
#5780 = CARTESIAN_POINT('',(-8.75,0.));
#5781 = DIRECTION('',(-3.991813122248E-16,1.));
#5782 = ( GEOMETRIC_REPRESENTATION_CONTEXT(2) 
PARAMETRIC_REPRESENTATION_CONTEXT() REPRESENTATION_CONTEXT('2D SPACE',''
  ) );
#5783 = ORIENTED_EDGE('',*,*,#5784,.T.);
#5784 = EDGE_CURVE('',#5761,#3888,#5785,.T.);
#5785 = SURFACE_CURVE('',#5786,(#5790,#5797),.PCURVE_S1.);
#5786 = LINE('',#5787,#5788);
#5787 = CARTESIAN_POINT('',(54.015,32.8,5.2));
#5788 = VECTOR('',#5789,1.);
#5789 = DIRECTION('',(0.,1.,1.110223024625E-16));
#5790 = PCURVE('',#4074,#5791);
#5791 = DEFINITIONAL_REPRESENTATION('',(#5792),#5796);
#5792 = LINE('',#5793,#5794);
#5793 = CARTESIAN_POINT('',(0.,0.));
#5794 = VECTOR('',#5795,1.);
#5795 = DIRECTION('',(0.,-1.));
#5796 = ( GEOMETRIC_REPRESENTATION_CONTEXT(2) 
PARAMETRIC_REPRESENTATION_CONTEXT() REPRESENTATION_CONTEXT('2D SPACE',''
  ) );
#5797 = PCURVE('',#3904,#5798);
#5798 = DEFINITIONAL_REPRESENTATION('',(#5799),#5803);
#5799 = LINE('',#5800,#5801);
#5800 = CARTESIAN_POINT('',(17.5,0.));
#5801 = VECTOR('',#5802,1.);
#5802 = DIRECTION('',(0.,-1.));
#5803 = ( GEOMETRIC_REPRESENTATION_CONTEXT(2) 
PARAMETRIC_REPRESENTATION_CONTEXT() REPRESENTATION_CONTEXT('2D SPACE',''
  ) );
#5804 = ORIENTED_EDGE('',*,*,#3920,.T.);
#5805 = ORIENTED_EDGE('',*,*,#5713,.F.);
#5806 = ADVANCED_FACE('',(#5807),#3904,.F.);
#5807 = FACE_BOUND('',#5808,.F.);
#5808 = EDGE_LOOP('',(#5809,#5832,#5853,#5854,#5855));
#5809 = ORIENTED_EDGE('',*,*,#5810,.F.);
#5810 = EDGE_CURVE('',#5811,#5761,#5813,.T.);
#5811 = VERTEX_POINT('',#5812);
#5812 = CARTESIAN_POINT('',(36.515,32.8,5.2));
#5813 = SURFACE_CURVE('',#5814,(#5818,#5825),.PCURVE_S1.);
#5814 = LINE('',#5815,#5816);
#5815 = CARTESIAN_POINT('',(36.515,32.8,5.2));
#5816 = VECTOR('',#5817,1.);
#5817 = DIRECTION('',(1.,0.,0.));
#5818 = PCURVE('',#3904,#5819);
#5819 = DEFINITIONAL_REPRESENTATION('',(#5820),#5824);
#5820 = LINE('',#5821,#5822);
#5821 = CARTESIAN_POINT('',(0.,0.));
#5822 = VECTOR('',#5823,1.);
#5823 = DIRECTION('',(1.,0.));
#5824 = ( GEOMETRIC_REPRESENTATION_CONTEXT(2) 
PARAMETRIC_REPRESENTATION_CONTEXT() REPRESENTATION_CONTEXT('2D SPACE',''
  ) );
#5825 = PCURVE('',#5003,#5826);
#5826 = DEFINITIONAL_REPRESENTATION('',(#5827),#5831);
#5827 = LINE('',#5828,#5829);
#5828 = CARTESIAN_POINT('',(8.75,4.45));
#5829 = VECTOR('',#5830,1.);
#5830 = DIRECTION('',(-1.,0.));
#5831 = ( GEOMETRIC_REPRESENTATION_CONTEXT(2) 
PARAMETRIC_REPRESENTATION_CONTEXT() REPRESENTATION_CONTEXT('2D SPACE',''
  ) );
#5832 = ORIENTED_EDGE('',*,*,#5833,.T.);
#5833 = EDGE_CURVE('',#5811,#4211,#5834,.T.);
#5834 = SURFACE_CURVE('',#5835,(#5839,#5846),.PCURVE_S1.);
#5835 = LINE('',#5836,#5837);
#5836 = CARTESIAN_POINT('',(36.515,32.8,5.2));
#5837 = VECTOR('',#5838,1.);
#5838 = DIRECTION('',(0.,1.,1.110223024625E-16));
#5839 = PCURVE('',#3904,#5840);
#5840 = DEFINITIONAL_REPRESENTATION('',(#5841),#5845);
#5841 = LINE('',#5842,#5843);
#5842 = CARTESIAN_POINT('',(0.,0.));
#5843 = VECTOR('',#5844,1.);
#5844 = DIRECTION('',(0.,-1.));
#5845 = ( GEOMETRIC_REPRESENTATION_CONTEXT(2) 
PARAMETRIC_REPRESENTATION_CONTEXT() REPRESENTATION_CONTEXT('2D SPACE',''
  ) );
#5846 = PCURVE('',#4248,#5847);
#5847 = DEFINITIONAL_REPRESENTATION('',(#5848),#5852);
#5848 = LINE('',#5849,#5850);
#5849 = CARTESIAN_POINT('',(3.14159265359,0.));
#5850 = VECTOR('',#5851,1.);
#5851 = DIRECTION('',(0.,-1.));
#5852 = ( GEOMETRIC_REPRESENTATION_CONTEXT(2) 
PARAMETRIC_REPRESENTATION_CONTEXT() REPRESENTATION_CONTEXT('2D SPACE',''
  ) );
#5853 = ORIENTED_EDGE('',*,*,#4210,.T.);
#5854 = ORIENTED_EDGE('',*,*,#3887,.F.);
#5855 = ORIENTED_EDGE('',*,*,#5784,.F.);
#5856 = ADVANCED_FACE('',(#5857),#4248,.F.);
#5857 = FACE_BOUND('',#5858,.F.);
#5858 = EDGE_LOOP('',(#5859,#5881,#5882,#5883));
#5859 = ORIENTED_EDGE('',*,*,#5860,.F.);
#5860 = EDGE_CURVE('',#5691,#5811,#5861,.T.);
#5861 = SURFACE_CURVE('',#5862,(#5867,#5874),.PCURVE_S1.);
#5862 = CIRCLE('',#5863,4.45);
#5863 = AXIS2_PLACEMENT_3D('',#5864,#5865,#5866);
#5864 = CARTESIAN_POINT('',(36.515,32.8,9.65));
#5865 = DIRECTION('',(0.,-1.,-1.110223024625E-16));
#5866 = DIRECTION('',(-3.991813122248E-16,-1.110223024625E-16,1.));
#5867 = PCURVE('',#4248,#5868);
#5868 = DEFINITIONAL_REPRESENTATION('',(#5869),#5873);
#5869 = LINE('',#5870,#5871);
#5870 = CARTESIAN_POINT('',(0.,0.));
#5871 = VECTOR('',#5872,1.);
#5872 = DIRECTION('',(1.,0.));
#5873 = ( GEOMETRIC_REPRESENTATION_CONTEXT(2) 
PARAMETRIC_REPRESENTATION_CONTEXT() REPRESENTATION_CONTEXT('2D SPACE',''
  ) );
#5874 = PCURVE('',#5003,#5875);
#5875 = DEFINITIONAL_REPRESENTATION('',(#5876),#5880);
#5876 = CIRCLE('',#5877,4.45);
#5877 = AXIS2_PLACEMENT_2D('',#5878,#5879);
#5878 = CARTESIAN_POINT('',(8.75,0.));
#5879 = DIRECTION('',(3.991813122248E-16,-1.));
#5880 = ( GEOMETRIC_REPRESENTATION_CONTEXT(2) 
PARAMETRIC_REPRESENTATION_CONTEXT() REPRESENTATION_CONTEXT('2D SPACE',''
  ) );
#5881 = ORIENTED_EDGE('',*,*,#5736,.T.);
#5882 = ORIENTED_EDGE('',*,*,#4231,.T.);
#5883 = ORIENTED_EDGE('',*,*,#5833,.F.);
#5884 = ADVANCED_FACE('',(#5885),#4352,.F.);
#5885 = FACE_BOUND('',#5886,.F.);
#5886 = EDGE_LOOP('',(#5887,#5908,#5909,#5910));
#5887 = ORIENTED_EDGE('',*,*,#5888,.F.);
#5888 = EDGE_CURVE('',#4338,#4468,#5889,.T.);
#5889 = SURFACE_CURVE('',#5890,(#5894,#5901),.PCURVE_S1.);
#5890 = LINE('',#5891,#5892);
#5891 = CARTESIAN_POINT('',(60.3,-28.45,3.));
#5892 = VECTOR('',#5893,1.);
#5893 = DIRECTION('',(0.,1.,0.));
#5894 = PCURVE('',#4352,#5895);
#5895 = DEFINITIONAL_REPRESENTATION('',(#5896),#5900);
#5896 = LINE('',#5897,#5898);
#5897 = CARTESIAN_POINT('',(0.,0.));
#5898 = VECTOR('',#5899,1.);
#5899 = DIRECTION('',(1.,0.));
#5900 = ( GEOMETRIC_REPRESENTATION_CONTEXT(2) 
PARAMETRIC_REPRESENTATION_CONTEXT() REPRESENTATION_CONTEXT('2D SPACE',''
  ) );
#5901 = PCURVE('',#4380,#5902);
#5902 = DEFINITIONAL_REPRESENTATION('',(#5903),#5907);
#5903 = LINE('',#5904,#5905);
#5904 = CARTESIAN_POINT('',(60.3,-28.45));
#5905 = VECTOR('',#5906,1.);
#5906 = DIRECTION('',(0.,1.));
#5907 = ( GEOMETRIC_REPRESENTATION_CONTEXT(2) 
PARAMETRIC_REPRESENTATION_CONTEXT() REPRESENTATION_CONTEXT('2D SPACE',''
  ) );
#5908 = ORIENTED_EDGE('',*,*,#4337,.T.);
#5909 = ORIENTED_EDGE('',*,*,#4814,.T.);
#5910 = ORIENTED_EDGE('',*,*,#4491,.F.);
#5911 = ADVANCED_FACE('',(#5912),#4380,.T.);
#5912 = FACE_BOUND('',#5913,.T.);
#5913 = EDGE_LOOP('',(#5914,#5915,#5916,#5917));
#5914 = ORIENTED_EDGE('',*,*,#5888,.F.);
#5915 = ORIENTED_EDGE('',*,*,#4363,.T.);
#5916 = ORIENTED_EDGE('',*,*,#4439,.T.);
#5917 = ORIENTED_EDGE('',*,*,#4467,.T.);
#5918 = ADVANCED_FACE('',(#5919),#4582,.F.);
#5919 = FACE_BOUND('',#5920,.F.);
#5920 = EDGE_LOOP('',(#5921,#5922,#5945,#5966));
#5921 = ORIENTED_EDGE('',*,*,#4566,.F.);
#5922 = ORIENTED_EDGE('',*,*,#5923,.T.);
#5923 = EDGE_CURVE('',#4567,#5924,#5926,.T.);
#5924 = VERTEX_POINT('',#5925);
#5925 = CARTESIAN_POINT('',(34.03,-28.45,5.5));
#5926 = SURFACE_CURVE('',#5927,(#5931,#5938),.PCURVE_S1.);
#5927 = LINE('',#5928,#5929);
#5928 = CARTESIAN_POINT('',(34.03,-28.45,3.));
#5929 = VECTOR('',#5930,1.);
#5930 = DIRECTION('',(0.,0.,1.));
#5931 = PCURVE('',#4582,#5932);
#5932 = DEFINITIONAL_REPRESENTATION('',(#5933),#5937);
#5933 = LINE('',#5934,#5935);
#5934 = CARTESIAN_POINT('',(0.,0.));
#5935 = VECTOR('',#5936,1.);
#5936 = DIRECTION('',(0.,-1.));
#5937 = ( GEOMETRIC_REPRESENTATION_CONTEXT(2) 
PARAMETRIC_REPRESENTATION_CONTEXT() REPRESENTATION_CONTEXT('2D SPACE',''
  ) );
#5938 = PCURVE('',#4610,#5939);
#5939 = DEFINITIONAL_REPRESENTATION('',(#5940),#5944);
#5940 = LINE('',#5941,#5942);
#5941 = CARTESIAN_POINT('',(26.27,0.));
#5942 = VECTOR('',#5943,1.);
#5943 = DIRECTION('',(0.,-1.));
#5944 = ( GEOMETRIC_REPRESENTATION_CONTEXT(2) 
PARAMETRIC_REPRESENTATION_CONTEXT() REPRESENTATION_CONTEXT('2D SPACE',''
  ) );
#5945 = ORIENTED_EDGE('',*,*,#5946,.T.);
#5946 = EDGE_CURVE('',#5924,#5188,#5947,.T.);
#5947 = SURFACE_CURVE('',#5948,(#5952,#5959),.PCURVE_S1.);
#5948 = LINE('',#5949,#5950);
#5949 = CARTESIAN_POINT('',(34.03,-28.45,5.5));
#5950 = VECTOR('',#5951,1.);
#5951 = DIRECTION('',(0.,1.,0.));
#5952 = PCURVE('',#4582,#5953);
#5953 = DEFINITIONAL_REPRESENTATION('',(#5954),#5958);
#5954 = LINE('',#5955,#5956);
#5955 = CARTESIAN_POINT('',(0.,-2.5));
#5956 = VECTOR('',#5957,1.);
#5957 = DIRECTION('',(1.,0.));
#5958 = ( GEOMETRIC_REPRESENTATION_CONTEXT(2) 
PARAMETRIC_REPRESENTATION_CONTEXT() REPRESENTATION_CONTEXT('2D SPACE',''
  ) );
#5959 = PCURVE('',#5202,#5960);
#5960 = DEFINITIONAL_REPRESENTATION('',(#5961),#5965);
#5961 = LINE('',#5962,#5963);
#5962 = CARTESIAN_POINT('',(0.9,-29.475));
#5963 = VECTOR('',#5964,1.);
#5964 = DIRECTION('',(0.,1.));
#5965 = ( GEOMETRIC_REPRESENTATION_CONTEXT(2) 
PARAMETRIC_REPRESENTATION_CONTEXT() REPRESENTATION_CONTEXT('2D SPACE',''
  ) );
#5966 = ORIENTED_EDGE('',*,*,#5213,.T.);
#5967 = ADVANCED_FACE('',(#5968),#4610,.F.);
#5968 = FACE_BOUND('',#5969,.F.);
#5969 = EDGE_LOOP('',(#5970,#5971,#5972,#5973,#5974,#5975,#5998,#6019));
#5970 = ORIENTED_EDGE('',*,*,#4594,.F.);
#5971 = ORIENTED_EDGE('',*,*,#4940,.T.);
#5972 = ORIENTED_EDGE('',*,*,#4912,.T.);
#5973 = ORIENTED_EDGE('',*,*,#4839,.T.);
#5974 = ORIENTED_EDGE('',*,*,#4671,.T.);
#5975 = ORIENTED_EDGE('',*,*,#5976,.F.);
#5976 = EDGE_CURVE('',#5977,#4672,#5979,.T.);
#5977 = VERTEX_POINT('',#5978);
#5978 = CARTESIAN_POINT('',(32.23,-28.45,5.5));
#5979 = SURFACE_CURVE('',#5980,(#5984,#5991),.PCURVE_S1.);
#5980 = LINE('',#5981,#5982);
#5981 = CARTESIAN_POINT('',(32.23,-28.45,3.));
#5982 = VECTOR('',#5983,1.);
#5983 = DIRECTION('',(0.,0.,1.));
#5984 = PCURVE('',#4610,#5985);
#5985 = DEFINITIONAL_REPRESENTATION('',(#5986),#5990);
#5986 = LINE('',#5987,#5988);
#5987 = CARTESIAN_POINT('',(28.07,0.));
#5988 = VECTOR('',#5989,1.);
#5989 = DIRECTION('',(0.,-1.));
#5990 = ( GEOMETRIC_REPRESENTATION_CONTEXT(2) 
PARAMETRIC_REPRESENTATION_CONTEXT() REPRESENTATION_CONTEXT('2D SPACE',''
  ) );
#5991 = PCURVE('',#4710,#5992);
#5992 = DEFINITIONAL_REPRESENTATION('',(#5993),#5997);
#5993 = LINE('',#5994,#5995);
#5994 = CARTESIAN_POINT('',(0.,0.));
#5995 = VECTOR('',#5996,1.);
#5996 = DIRECTION('',(0.,-1.));
#5997 = ( GEOMETRIC_REPRESENTATION_CONTEXT(2) 
PARAMETRIC_REPRESENTATION_CONTEXT() REPRESENTATION_CONTEXT('2D SPACE',''
  ) );
#5998 = ORIENTED_EDGE('',*,*,#5999,.T.);
#5999 = EDGE_CURVE('',#5977,#5924,#6000,.T.);
#6000 = SURFACE_CURVE('',#6001,(#6005,#6012),.PCURVE_S1.);
#6001 = LINE('',#6002,#6003);
#6002 = CARTESIAN_POINT('',(32.23,-28.45,5.5));
#6003 = VECTOR('',#6004,1.);
#6004 = DIRECTION('',(1.,0.,0.));
#6005 = PCURVE('',#4610,#6006);
#6006 = DEFINITIONAL_REPRESENTATION('',(#6007),#6011);
#6007 = LINE('',#6008,#6009);
#6008 = CARTESIAN_POINT('',(28.07,-2.5));
#6009 = VECTOR('',#6010,1.);
#6010 = DIRECTION('',(-1.,-0.));
#6011 = ( GEOMETRIC_REPRESENTATION_CONTEXT(2) 
PARAMETRIC_REPRESENTATION_CONTEXT() REPRESENTATION_CONTEXT('2D SPACE',''
  ) );
#6012 = PCURVE('',#5202,#6013);
#6013 = DEFINITIONAL_REPRESENTATION('',(#6014),#6018);
#6014 = LINE('',#6015,#6016);
#6015 = CARTESIAN_POINT('',(-0.9,-29.475));
#6016 = VECTOR('',#6017,1.);
#6017 = DIRECTION('',(1.,0.));
#6018 = ( GEOMETRIC_REPRESENTATION_CONTEXT(2) 
PARAMETRIC_REPRESENTATION_CONTEXT() REPRESENTATION_CONTEXT('2D SPACE',''
  ) );
#6019 = ORIENTED_EDGE('',*,*,#5923,.F.);
#6020 = ADVANCED_FACE('',(#6021),#4781,.F.);
#6021 = FACE_BOUND('',#6022,.F.);
#6022 = EDGE_LOOP('',(#6023,#6044,#6045,#6046));
#6023 = ORIENTED_EDGE('',*,*,#6024,.T.);
#6024 = EDGE_CURVE('',#5469,#5261,#6025,.T.);
#6025 = SURFACE_CURVE('',#6026,(#6030,#6037),.PCURVE_S1.);
#6026 = LINE('',#6027,#6028);
#6027 = CARTESIAN_POINT('',(30.23,-30.5,3.));
#6028 = VECTOR('',#6029,1.);
#6029 = DIRECTION('',(0.,1.,0.));
#6030 = PCURVE('',#4781,#6031);
#6031 = DEFINITIONAL_REPRESENTATION('',(#6032),#6036);
#6032 = LINE('',#6033,#6034);
#6033 = CARTESIAN_POINT('',(2.05,0.));
#6034 = VECTOR('',#6035,1.);
#6035 = DIRECTION('',(-1.,0.));
#6036 = ( GEOMETRIC_REPRESENTATION_CONTEXT(2) 
PARAMETRIC_REPRESENTATION_CONTEXT() REPRESENTATION_CONTEXT('2D SPACE',''
  ) );
#6037 = PCURVE('',#5276,#6038);
#6038 = DEFINITIONAL_REPRESENTATION('',(#6039),#6043);
#6039 = LINE('',#6040,#6041);
#6040 = CARTESIAN_POINT('',(30.23,-30.5));
#6041 = VECTOR('',#6042,1.);
#6042 = DIRECTION('',(0.,1.));
#6043 = ( GEOMETRIC_REPRESENTATION_CONTEXT(2) 
PARAMETRIC_REPRESENTATION_CONTEXT() REPRESENTATION_CONTEXT('2D SPACE',''
  ) );
#6044 = ORIENTED_EDGE('',*,*,#5288,.T.);
#6045 = ORIENTED_EDGE('',*,*,#4765,.T.);
#6046 = ORIENTED_EDGE('',*,*,#5468,.T.);
#6047 = ADVANCED_FACE('',(#6048),#4710,.F.);
#6048 = FACE_BOUND('',#6049,.F.);
#6049 = EDGE_LOOP('',(#6050,#6051,#6072,#6073));
#6050 = ORIENTED_EDGE('',*,*,#5166,.T.);
#6051 = ORIENTED_EDGE('',*,*,#6052,.T.);
#6052 = EDGE_CURVE('',#5167,#5977,#6053,.T.);
#6053 = SURFACE_CURVE('',#6054,(#6058,#6065),.PCURVE_S1.);
#6054 = LINE('',#6055,#6056);
#6055 = CARTESIAN_POINT('',(32.23,30.5,5.5));
#6056 = VECTOR('',#6057,1.);
#6057 = DIRECTION('',(0.,-1.,0.));
#6058 = PCURVE('',#4710,#6059);
#6059 = DEFINITIONAL_REPRESENTATION('',(#6060),#6064);
#6060 = LINE('',#6061,#6062);
#6061 = CARTESIAN_POINT('',(58.95,-2.5));
#6062 = VECTOR('',#6063,1.);
#6063 = DIRECTION('',(-1.,0.));
#6064 = ( GEOMETRIC_REPRESENTATION_CONTEXT(2) 
PARAMETRIC_REPRESENTATION_CONTEXT() REPRESENTATION_CONTEXT('2D SPACE',''
  ) );
#6065 = PCURVE('',#5202,#6066);
#6066 = DEFINITIONAL_REPRESENTATION('',(#6067),#6071);
#6067 = LINE('',#6068,#6069);
#6068 = CARTESIAN_POINT('',(-0.9,29.475));
#6069 = VECTOR('',#6070,1.);
#6070 = DIRECTION('',(0.,-1.));
#6071 = ( GEOMETRIC_REPRESENTATION_CONTEXT(2) 
PARAMETRIC_REPRESENTATION_CONTEXT() REPRESENTATION_CONTEXT('2D SPACE',''
  ) );
#6072 = ORIENTED_EDGE('',*,*,#5976,.T.);
#6073 = ORIENTED_EDGE('',*,*,#4694,.T.);
#6074 = ADVANCED_FACE('',(#6075,#6081),#5003,.F.);
#6075 = FACE_BOUND('',#6076,.F.);
#6076 = EDGE_LOOP('',(#6077,#6078,#6079,#6080));
#6077 = ORIENTED_EDGE('',*,*,#5810,.T.);
#6078 = ORIENTED_EDGE('',*,*,#5760,.T.);
#6079 = ORIENTED_EDGE('',*,*,#5688,.T.);
#6080 = ORIENTED_EDGE('',*,*,#5860,.T.);
#6081 = FACE_BOUND('',#6082,.F.);
#6082 = EDGE_LOOP('',(#6083,#6084,#6085,#6086));
#6083 = ORIENTED_EDGE('',*,*,#5040,.F.);
#6084 = ORIENTED_EDGE('',*,*,#4988,.T.);
#6085 = ORIENTED_EDGE('',*,*,#5137,.F.);
#6086 = ORIENTED_EDGE('',*,*,#5090,.T.);
#6087 = ADVANCED_FACE('',(#6088),#5202,.T.);
#6088 = FACE_BOUND('',#6089,.T.);
#6089 = EDGE_LOOP('',(#6090,#6091,#6092,#6093));
#6090 = ORIENTED_EDGE('',*,*,#6052,.T.);
#6091 = ORIENTED_EDGE('',*,*,#5999,.T.);
#6092 = ORIENTED_EDGE('',*,*,#5946,.T.);
#6093 = ORIENTED_EDGE('',*,*,#5187,.T.);
#6094 = ADVANCED_FACE('',(#6095,#6103,#6134,#6165,#6196),#5276,.T.);
#6095 = FACE_BOUND('',#6096,.T.);
#6096 = EDGE_LOOP('',(#6097,#6098,#6099,#6100,#6101,#6102));
#6097 = ORIENTED_EDGE('',*,*,#5435,.F.);
#6098 = ORIENTED_EDGE('',*,*,#5490,.T.);
#6099 = ORIENTED_EDGE('',*,*,#6024,.T.);
#6100 = ORIENTED_EDGE('',*,*,#5260,.T.);
#6101 = ORIENTED_EDGE('',*,*,#5314,.T.);
#6102 = ORIENTED_EDGE('',*,*,#5386,.T.);
#6103 = FACE_BOUND('',#6104,.T.);
#6104 = EDGE_LOOP('',(#6105));
#6105 = ORIENTED_EDGE('',*,*,#6106,.F.);
#6106 = EDGE_CURVE('',#6107,#6107,#6109,.T.);
#6107 = VERTEX_POINT('',#6108);
#6108 = CARTESIAN_POINT('',(-50.25,-24.45,3.));
#6109 = SURFACE_CURVE('',#6110,(#6115,#6122),.PCURVE_S1.);
#6110 = CIRCLE('',#6111,4.);
#6111 = AXIS2_PLACEMENT_3D('',#6112,#6113,#6114);
#6112 = CARTESIAN_POINT('',(-54.25,-24.45,3.));
#6113 = DIRECTION('',(0.,0.,1.));
#6114 = DIRECTION('',(1.,0.,0.));
#6115 = PCURVE('',#5276,#6116);
#6116 = DEFINITIONAL_REPRESENTATION('',(#6117),#6121);
#6117 = CIRCLE('',#6118,4.);
#6118 = AXIS2_PLACEMENT_2D('',#6119,#6120);
#6119 = CARTESIAN_POINT('',(-54.25,-24.45));
#6120 = DIRECTION('',(1.,0.));
#6121 = ( GEOMETRIC_REPRESENTATION_CONTEXT(2) 
PARAMETRIC_REPRESENTATION_CONTEXT() REPRESENTATION_CONTEXT('2D SPACE',''
  ) );
#6122 = PCURVE('',#6123,#6128);
#6123 = CYLINDRICAL_SURFACE('',#6124,4.);
#6124 = AXIS2_PLACEMENT_3D('',#6125,#6126,#6127);
#6125 = CARTESIAN_POINT('',(-54.25,-24.45,3.));
#6126 = DIRECTION('',(-0.,-0.,-1.));
#6127 = DIRECTION('',(1.,0.,0.));
#6128 = DEFINITIONAL_REPRESENTATION('',(#6129),#6133);
#6129 = LINE('',#6130,#6131);
#6130 = CARTESIAN_POINT('',(-0.,0.));
#6131 = VECTOR('',#6132,1.);
#6132 = DIRECTION('',(-1.,0.));
#6133 = ( GEOMETRIC_REPRESENTATION_CONTEXT(2) 
PARAMETRIC_REPRESENTATION_CONTEXT() REPRESENTATION_CONTEXT('2D SPACE',''
  ) );
#6134 = FACE_BOUND('',#6135,.T.);
#6135 = EDGE_LOOP('',(#6136));
#6136 = ORIENTED_EDGE('',*,*,#6137,.F.);
#6137 = EDGE_CURVE('',#6138,#6138,#6140,.T.);
#6138 = VERTEX_POINT('',#6139);
#6139 = CARTESIAN_POINT('',(7.89,-24.45,3.));
#6140 = SURFACE_CURVE('',#6141,(#6146,#6153),.PCURVE_S1.);
#6141 = CIRCLE('',#6142,4.);
#6142 = AXIS2_PLACEMENT_3D('',#6143,#6144,#6145);
#6143 = CARTESIAN_POINT('',(3.89,-24.45,3.));
#6144 = DIRECTION('',(0.,0.,1.));
#6145 = DIRECTION('',(1.,0.,0.));
#6146 = PCURVE('',#5276,#6147);
#6147 = DEFINITIONAL_REPRESENTATION('',(#6148),#6152);
#6148 = CIRCLE('',#6149,4.);
#6149 = AXIS2_PLACEMENT_2D('',#6150,#6151);
#6150 = CARTESIAN_POINT('',(3.89,-24.45));
#6151 = DIRECTION('',(1.,0.));
#6152 = ( GEOMETRIC_REPRESENTATION_CONTEXT(2) 
PARAMETRIC_REPRESENTATION_CONTEXT() REPRESENTATION_CONTEXT('2D SPACE',''
  ) );
#6153 = PCURVE('',#6154,#6159);
#6154 = CYLINDRICAL_SURFACE('',#6155,4.);
#6155 = AXIS2_PLACEMENT_3D('',#6156,#6157,#6158);
#6156 = CARTESIAN_POINT('',(3.89,-24.45,3.));
#6157 = DIRECTION('',(-0.,-0.,-1.));
#6158 = DIRECTION('',(1.,0.,0.));
#6159 = DEFINITIONAL_REPRESENTATION('',(#6160),#6164);
#6160 = LINE('',#6161,#6162);
#6161 = CARTESIAN_POINT('',(-0.,0.));
#6162 = VECTOR('',#6163,1.);
#6163 = DIRECTION('',(-1.,0.));
#6164 = ( GEOMETRIC_REPRESENTATION_CONTEXT(2) 
PARAMETRIC_REPRESENTATION_CONTEXT() REPRESENTATION_CONTEXT('2D SPACE',''
  ) );
#6165 = FACE_BOUND('',#6166,.T.);
#6166 = EDGE_LOOP('',(#6167));
#6167 = ORIENTED_EDGE('',*,*,#6168,.F.);
#6168 = EDGE_CURVE('',#6169,#6169,#6171,.T.);
#6169 = VERTEX_POINT('',#6170);
#6170 = CARTESIAN_POINT('',(-50.25,24.45,3.));
#6171 = SURFACE_CURVE('',#6172,(#6177,#6184),.PCURVE_S1.);
#6172 = CIRCLE('',#6173,4.);
#6173 = AXIS2_PLACEMENT_3D('',#6174,#6175,#6176);
#6174 = CARTESIAN_POINT('',(-54.25,24.45,3.));
#6175 = DIRECTION('',(0.,0.,1.));
#6176 = DIRECTION('',(1.,0.,0.));
#6177 = PCURVE('',#5276,#6178);
#6178 = DEFINITIONAL_REPRESENTATION('',(#6179),#6183);
#6179 = CIRCLE('',#6180,4.);
#6180 = AXIS2_PLACEMENT_2D('',#6181,#6182);
#6181 = CARTESIAN_POINT('',(-54.25,24.45));
#6182 = DIRECTION('',(1.,0.));
#6183 = ( GEOMETRIC_REPRESENTATION_CONTEXT(2) 
PARAMETRIC_REPRESENTATION_CONTEXT() REPRESENTATION_CONTEXT('2D SPACE',''
  ) );
#6184 = PCURVE('',#6185,#6190);
#6185 = CYLINDRICAL_SURFACE('',#6186,4.);
#6186 = AXIS2_PLACEMENT_3D('',#6187,#6188,#6189);
#6187 = CARTESIAN_POINT('',(-54.25,24.45,3.));
#6188 = DIRECTION('',(-0.,-0.,-1.));
#6189 = DIRECTION('',(1.,0.,0.));
#6190 = DEFINITIONAL_REPRESENTATION('',(#6191),#6195);
#6191 = LINE('',#6192,#6193);
#6192 = CARTESIAN_POINT('',(-0.,0.));
#6193 = VECTOR('',#6194,1.);
#6194 = DIRECTION('',(-1.,0.));
#6195 = ( GEOMETRIC_REPRESENTATION_CONTEXT(2) 
PARAMETRIC_REPRESENTATION_CONTEXT() REPRESENTATION_CONTEXT('2D SPACE',''
  ) );
#6196 = FACE_BOUND('',#6197,.T.);
#6197 = EDGE_LOOP('',(#6198));
#6198 = ORIENTED_EDGE('',*,*,#6199,.F.);
#6199 = EDGE_CURVE('',#6200,#6200,#6202,.T.);
#6200 = VERTEX_POINT('',#6201);
#6201 = CARTESIAN_POINT('',(7.89,24.45,3.));
#6202 = SURFACE_CURVE('',#6203,(#6208,#6215),.PCURVE_S1.);
#6203 = CIRCLE('',#6204,4.);
#6204 = AXIS2_PLACEMENT_3D('',#6205,#6206,#6207);
#6205 = CARTESIAN_POINT('',(3.89,24.45,3.));
#6206 = DIRECTION('',(0.,0.,1.));
#6207 = DIRECTION('',(1.,0.,0.));
#6208 = PCURVE('',#5276,#6209);
#6209 = DEFINITIONAL_REPRESENTATION('',(#6210),#6214);
#6210 = CIRCLE('',#6211,4.);
#6211 = AXIS2_PLACEMENT_2D('',#6212,#6213);
#6212 = CARTESIAN_POINT('',(3.89,24.45));
#6213 = DIRECTION('',(1.,0.));
#6214 = ( GEOMETRIC_REPRESENTATION_CONTEXT(2) 
PARAMETRIC_REPRESENTATION_CONTEXT() REPRESENTATION_CONTEXT('2D SPACE',''
  ) );
#6215 = PCURVE('',#6216,#6221);
#6216 = CYLINDRICAL_SURFACE('',#6217,4.);
#6217 = AXIS2_PLACEMENT_3D('',#6218,#6219,#6220);
#6218 = CARTESIAN_POINT('',(3.89,24.45,3.));
#6219 = DIRECTION('',(-0.,-0.,-1.));
#6220 = DIRECTION('',(1.,0.,0.));
#6221 = DEFINITIONAL_REPRESENTATION('',(#6222),#6226);
#6222 = LINE('',#6223,#6224);
#6223 = CARTESIAN_POINT('',(-0.,0.));
#6224 = VECTOR('',#6225,1.);
#6225 = DIRECTION('',(-1.,0.));
#6226 = ( GEOMETRIC_REPRESENTATION_CONTEXT(2) 
PARAMETRIC_REPRESENTATION_CONTEXT() REPRESENTATION_CONTEXT('2D SPACE',''
  ) );
#6227 = ADVANCED_FACE('',(#6228),#5544,.F.);
#6228 = FACE_BOUND('',#6229,.T.);
#6229 = EDGE_LOOP('',(#6230,#6231,#6254,#6285));
#6230 = ORIENTED_EDGE('',*,*,#5523,.T.);
#6231 = ORIENTED_EDGE('',*,*,#6232,.T.);
#6232 = EDGE_CURVE('',#5524,#6233,#6235,.T.);
#6233 = VERTEX_POINT('',#6234);
#6234 = CARTESIAN_POINT('',(-52.55,-24.45,20.8));
#6235 = SEAM_CURVE('',#6236,(#6240,#6247),.PCURVE_S1.);
#6236 = LINE('',#6237,#6238);
#6237 = CARTESIAN_POINT('',(-52.55,-24.45,-0.5));
#6238 = VECTOR('',#6239,1.);
#6239 = DIRECTION('',(0.,0.,1.));
#6240 = PCURVE('',#5544,#6241);
#6241 = DEFINITIONAL_REPRESENTATION('',(#6242),#6246);
#6242 = LINE('',#6243,#6244);
#6243 = CARTESIAN_POINT('',(-6.28318530718,0.));
#6244 = VECTOR('',#6245,1.);
#6245 = DIRECTION('',(-0.,-1.));
#6246 = ( GEOMETRIC_REPRESENTATION_CONTEXT(2) 
PARAMETRIC_REPRESENTATION_CONTEXT() REPRESENTATION_CONTEXT('2D SPACE',''
  ) );
#6247 = PCURVE('',#5544,#6248);
#6248 = DEFINITIONAL_REPRESENTATION('',(#6249),#6253);
#6249 = LINE('',#6250,#6251);
#6250 = CARTESIAN_POINT('',(-0.,0.));
#6251 = VECTOR('',#6252,1.);
#6252 = DIRECTION('',(-0.,-1.));
#6253 = ( GEOMETRIC_REPRESENTATION_CONTEXT(2) 
PARAMETRIC_REPRESENTATION_CONTEXT() REPRESENTATION_CONTEXT('2D SPACE',''
  ) );
#6254 = ORIENTED_EDGE('',*,*,#6255,.F.);
#6255 = EDGE_CURVE('',#6233,#6233,#6256,.T.);
#6256 = SURFACE_CURVE('',#6257,(#6262,#6269),.PCURVE_S1.);
#6257 = CIRCLE('',#6258,1.7);
#6258 = AXIS2_PLACEMENT_3D('',#6259,#6260,#6261);
#6259 = CARTESIAN_POINT('',(-54.25,-24.45,20.8));
#6260 = DIRECTION('',(0.,0.,-1.));
#6261 = DIRECTION('',(1.,0.,0.));
#6262 = PCURVE('',#5544,#6263);
#6263 = DEFINITIONAL_REPRESENTATION('',(#6264),#6268);
#6264 = LINE('',#6265,#6266);
#6265 = CARTESIAN_POINT('',(-6.28318530718,-21.3));
#6266 = VECTOR('',#6267,1.);
#6267 = DIRECTION('',(1.,-0.));
#6268 = ( GEOMETRIC_REPRESENTATION_CONTEXT(2) 
PARAMETRIC_REPRESENTATION_CONTEXT() REPRESENTATION_CONTEXT('2D SPACE',''
  ) );
#6269 = PCURVE('',#6270,#6275);
#6270 = PLANE('',#6271);
#6271 = AXIS2_PLACEMENT_3D('',#6272,#6273,#6274);
#6272 = CARTESIAN_POINT('',(-54.25,-24.45,20.8));
#6273 = DIRECTION('',(0.,0.,1.));
#6274 = DIRECTION('',(1.,0.,-0.));
#6275 = DEFINITIONAL_REPRESENTATION('',(#6276),#6284);
#6276 = ( BOUNDED_CURVE() B_SPLINE_CURVE(2,(#6277,#6278,#6279,#6280,
#6281,#6282,#6283),.UNSPECIFIED.,.T.,.F.) B_SPLINE_CURVE_WITH_KNOTS((1,2
    ,2,2,2,1),(-2.094395102393,0.,2.094395102393,4.188790204786,
6.28318530718,8.377580409573),.UNSPECIFIED.) CURVE() 
GEOMETRIC_REPRESENTATION_ITEM() RATIONAL_B_SPLINE_CURVE((1.,0.5,1.,0.5,
1.,0.5,1.)) REPRESENTATION_ITEM('') );
#6277 = CARTESIAN_POINT('',(1.7,0.));
#6278 = CARTESIAN_POINT('',(1.7,-2.944486372867));
#6279 = CARTESIAN_POINT('',(-0.85,-1.472243186434));
#6280 = CARTESIAN_POINT('',(-3.4,-4.163799117101E-16));
#6281 = CARTESIAN_POINT('',(-0.85,1.472243186434));
#6282 = CARTESIAN_POINT('',(1.7,2.944486372867));
#6283 = CARTESIAN_POINT('',(1.7,0.));
#6284 = ( GEOMETRIC_REPRESENTATION_CONTEXT(2) 
PARAMETRIC_REPRESENTATION_CONTEXT() REPRESENTATION_CONTEXT('2D SPACE',''
  ) );
#6285 = ORIENTED_EDGE('',*,*,#6232,.F.);
#6286 = ADVANCED_FACE('',(#6287),#5583,.F.);
#6287 = FACE_BOUND('',#6288,.T.);
#6288 = EDGE_LOOP('',(#6289,#6290,#6313,#6344));
#6289 = ORIENTED_EDGE('',*,*,#5562,.T.);
#6290 = ORIENTED_EDGE('',*,*,#6291,.T.);
#6291 = EDGE_CURVE('',#5563,#6292,#6294,.T.);
#6292 = VERTEX_POINT('',#6293);
#6293 = CARTESIAN_POINT('',(5.59,-24.45,20.8));
#6294 = SEAM_CURVE('',#6295,(#6299,#6306),.PCURVE_S1.);
#6295 = LINE('',#6296,#6297);
#6296 = CARTESIAN_POINT('',(5.59,-24.45,-0.5));
#6297 = VECTOR('',#6298,1.);
#6298 = DIRECTION('',(0.,0.,1.));
#6299 = PCURVE('',#5583,#6300);
#6300 = DEFINITIONAL_REPRESENTATION('',(#6301),#6305);
#6301 = LINE('',#6302,#6303);
#6302 = CARTESIAN_POINT('',(-6.28318530718,0.));
#6303 = VECTOR('',#6304,1.);
#6304 = DIRECTION('',(-0.,-1.));
#6305 = ( GEOMETRIC_REPRESENTATION_CONTEXT(2) 
PARAMETRIC_REPRESENTATION_CONTEXT() REPRESENTATION_CONTEXT('2D SPACE',''
  ) );
#6306 = PCURVE('',#5583,#6307);
#6307 = DEFINITIONAL_REPRESENTATION('',(#6308),#6312);
#6308 = LINE('',#6309,#6310);
#6309 = CARTESIAN_POINT('',(-0.,0.));
#6310 = VECTOR('',#6311,1.);
#6311 = DIRECTION('',(-0.,-1.));
#6312 = ( GEOMETRIC_REPRESENTATION_CONTEXT(2) 
PARAMETRIC_REPRESENTATION_CONTEXT() REPRESENTATION_CONTEXT('2D SPACE',''
  ) );
#6313 = ORIENTED_EDGE('',*,*,#6314,.F.);
#6314 = EDGE_CURVE('',#6292,#6292,#6315,.T.);
#6315 = SURFACE_CURVE('',#6316,(#6321,#6328),.PCURVE_S1.);
#6316 = CIRCLE('',#6317,1.7);
#6317 = AXIS2_PLACEMENT_3D('',#6318,#6319,#6320);
#6318 = CARTESIAN_POINT('',(3.89,-24.45,20.8));
#6319 = DIRECTION('',(0.,0.,-1.));
#6320 = DIRECTION('',(1.,0.,0.));
#6321 = PCURVE('',#5583,#6322);
#6322 = DEFINITIONAL_REPRESENTATION('',(#6323),#6327);
#6323 = LINE('',#6324,#6325);
#6324 = CARTESIAN_POINT('',(-6.28318530718,-21.3));
#6325 = VECTOR('',#6326,1.);
#6326 = DIRECTION('',(1.,-0.));
#6327 = ( GEOMETRIC_REPRESENTATION_CONTEXT(2) 
PARAMETRIC_REPRESENTATION_CONTEXT() REPRESENTATION_CONTEXT('2D SPACE',''
  ) );
#6328 = PCURVE('',#6329,#6334);
#6329 = PLANE('',#6330);
#6330 = AXIS2_PLACEMENT_3D('',#6331,#6332,#6333);
#6331 = CARTESIAN_POINT('',(3.89,-24.45,20.8));
#6332 = DIRECTION('',(0.,0.,1.));
#6333 = DIRECTION('',(1.,0.,-0.));
#6334 = DEFINITIONAL_REPRESENTATION('',(#6335),#6343);
#6335 = ( BOUNDED_CURVE() B_SPLINE_CURVE(2,(#6336,#6337,#6338,#6339,
#6340,#6341,#6342),.UNSPECIFIED.,.T.,.F.) B_SPLINE_CURVE_WITH_KNOTS((1,2
    ,2,2,2,1),(-2.094395102393,0.,2.094395102393,4.188790204786,
6.28318530718,8.377580409573),.UNSPECIFIED.) CURVE() 
GEOMETRIC_REPRESENTATION_ITEM() RATIONAL_B_SPLINE_CURVE((1.,0.5,1.,0.5,
1.,0.5,1.)) REPRESENTATION_ITEM('') );
#6336 = CARTESIAN_POINT('',(1.7,0.));
#6337 = CARTESIAN_POINT('',(1.7,-2.944486372867));
#6338 = CARTESIAN_POINT('',(-0.85,-1.472243186434));
#6339 = CARTESIAN_POINT('',(-3.4,-4.163799117101E-16));
#6340 = CARTESIAN_POINT('',(-0.85,1.472243186434));
#6341 = CARTESIAN_POINT('',(1.7,2.944486372867));
#6342 = CARTESIAN_POINT('',(1.7,0.));
#6343 = ( GEOMETRIC_REPRESENTATION_CONTEXT(2) 
PARAMETRIC_REPRESENTATION_CONTEXT() REPRESENTATION_CONTEXT('2D SPACE',''
  ) );
#6344 = ORIENTED_EDGE('',*,*,#6291,.F.);
#6345 = ADVANCED_FACE('',(#6346),#5626,.F.);
#6346 = FACE_BOUND('',#6347,.T.);
#6347 = EDGE_LOOP('',(#6348,#6349,#6372,#6403));
#6348 = ORIENTED_EDGE('',*,*,#5605,.T.);
#6349 = ORIENTED_EDGE('',*,*,#6350,.T.);
#6350 = EDGE_CURVE('',#5606,#6351,#6353,.T.);
#6351 = VERTEX_POINT('',#6352);
#6352 = CARTESIAN_POINT('',(-52.55,24.45,20.8));
#6353 = SEAM_CURVE('',#6354,(#6358,#6365),.PCURVE_S1.);
#6354 = LINE('',#6355,#6356);
#6355 = CARTESIAN_POINT('',(-52.55,24.45,-0.5));
#6356 = VECTOR('',#6357,1.);
#6357 = DIRECTION('',(0.,0.,1.));
#6358 = PCURVE('',#5626,#6359);
#6359 = DEFINITIONAL_REPRESENTATION('',(#6360),#6364);
#6360 = LINE('',#6361,#6362);
#6361 = CARTESIAN_POINT('',(-6.28318530718,0.));
#6362 = VECTOR('',#6363,1.);
#6363 = DIRECTION('',(-0.,-1.));
#6364 = ( GEOMETRIC_REPRESENTATION_CONTEXT(2) 
PARAMETRIC_REPRESENTATION_CONTEXT() REPRESENTATION_CONTEXT('2D SPACE',''
  ) );
#6365 = PCURVE('',#5626,#6366);
#6366 = DEFINITIONAL_REPRESENTATION('',(#6367),#6371);
#6367 = LINE('',#6368,#6369);
#6368 = CARTESIAN_POINT('',(-0.,0.));
#6369 = VECTOR('',#6370,1.);
#6370 = DIRECTION('',(-0.,-1.));
#6371 = ( GEOMETRIC_REPRESENTATION_CONTEXT(2) 
PARAMETRIC_REPRESENTATION_CONTEXT() REPRESENTATION_CONTEXT('2D SPACE',''
  ) );
#6372 = ORIENTED_EDGE('',*,*,#6373,.F.);
#6373 = EDGE_CURVE('',#6351,#6351,#6374,.T.);
#6374 = SURFACE_CURVE('',#6375,(#6380,#6387),.PCURVE_S1.);
#6375 = CIRCLE('',#6376,1.7);
#6376 = AXIS2_PLACEMENT_3D('',#6377,#6378,#6379);
#6377 = CARTESIAN_POINT('',(-54.25,24.45,20.8));
#6378 = DIRECTION('',(0.,0.,-1.));
#6379 = DIRECTION('',(1.,0.,0.));
#6380 = PCURVE('',#5626,#6381);
#6381 = DEFINITIONAL_REPRESENTATION('',(#6382),#6386);
#6382 = LINE('',#6383,#6384);
#6383 = CARTESIAN_POINT('',(-6.28318530718,-21.3));
#6384 = VECTOR('',#6385,1.);
#6385 = DIRECTION('',(1.,-0.));
#6386 = ( GEOMETRIC_REPRESENTATION_CONTEXT(2) 
PARAMETRIC_REPRESENTATION_CONTEXT() REPRESENTATION_CONTEXT('2D SPACE',''
  ) );
#6387 = PCURVE('',#6388,#6393);
#6388 = PLANE('',#6389);
#6389 = AXIS2_PLACEMENT_3D('',#6390,#6391,#6392);
#6390 = CARTESIAN_POINT('',(-54.25,24.45,20.8));
#6391 = DIRECTION('',(0.,0.,1.));
#6392 = DIRECTION('',(1.,0.,-0.));
#6393 = DEFINITIONAL_REPRESENTATION('',(#6394),#6402);
#6394 = ( BOUNDED_CURVE() B_SPLINE_CURVE(2,(#6395,#6396,#6397,#6398,
#6399,#6400,#6401),.UNSPECIFIED.,.T.,.F.) B_SPLINE_CURVE_WITH_KNOTS((1,2
    ,2,2,2,1),(-2.094395102393,0.,2.094395102393,4.188790204786,
6.28318530718,8.377580409573),.UNSPECIFIED.) CURVE() 
GEOMETRIC_REPRESENTATION_ITEM() RATIONAL_B_SPLINE_CURVE((1.,0.5,1.,0.5,
1.,0.5,1.)) REPRESENTATION_ITEM('') );
#6395 = CARTESIAN_POINT('',(1.7,0.));
#6396 = CARTESIAN_POINT('',(1.7,-2.944486372867));
#6397 = CARTESIAN_POINT('',(-0.85,-1.472243186434));
#6398 = CARTESIAN_POINT('',(-3.4,-4.163799117101E-16));
#6399 = CARTESIAN_POINT('',(-0.85,1.472243186434));
#6400 = CARTESIAN_POINT('',(1.7,2.944486372867));
#6401 = CARTESIAN_POINT('',(1.7,0.));
#6402 = ( GEOMETRIC_REPRESENTATION_CONTEXT(2) 
PARAMETRIC_REPRESENTATION_CONTEXT() REPRESENTATION_CONTEXT('2D SPACE',''
  ) );
#6403 = ORIENTED_EDGE('',*,*,#6350,.F.);
#6404 = ADVANCED_FACE('',(#6405),#5669,.F.);
#6405 = FACE_BOUND('',#6406,.T.);
#6406 = EDGE_LOOP('',(#6407,#6408,#6431,#6462));
#6407 = ORIENTED_EDGE('',*,*,#5648,.T.);
#6408 = ORIENTED_EDGE('',*,*,#6409,.T.);
#6409 = EDGE_CURVE('',#5649,#6410,#6412,.T.);
#6410 = VERTEX_POINT('',#6411);
#6411 = CARTESIAN_POINT('',(5.59,24.45,20.8));
#6412 = SEAM_CURVE('',#6413,(#6417,#6424),.PCURVE_S1.);
#6413 = LINE('',#6414,#6415);
#6414 = CARTESIAN_POINT('',(5.59,24.45,-0.5));
#6415 = VECTOR('',#6416,1.);
#6416 = DIRECTION('',(0.,0.,1.));
#6417 = PCURVE('',#5669,#6418);
#6418 = DEFINITIONAL_REPRESENTATION('',(#6419),#6423);
#6419 = LINE('',#6420,#6421);
#6420 = CARTESIAN_POINT('',(-6.28318530718,0.));
#6421 = VECTOR('',#6422,1.);
#6422 = DIRECTION('',(-0.,-1.));
#6423 = ( GEOMETRIC_REPRESENTATION_CONTEXT(2) 
PARAMETRIC_REPRESENTATION_CONTEXT() REPRESENTATION_CONTEXT('2D SPACE',''
  ) );
#6424 = PCURVE('',#5669,#6425);
#6425 = DEFINITIONAL_REPRESENTATION('',(#6426),#6430);
#6426 = LINE('',#6427,#6428);
#6427 = CARTESIAN_POINT('',(-0.,0.));
#6428 = VECTOR('',#6429,1.);
#6429 = DIRECTION('',(-0.,-1.));
#6430 = ( GEOMETRIC_REPRESENTATION_CONTEXT(2) 
PARAMETRIC_REPRESENTATION_CONTEXT() REPRESENTATION_CONTEXT('2D SPACE',''
  ) );
#6431 = ORIENTED_EDGE('',*,*,#6432,.F.);
#6432 = EDGE_CURVE('',#6410,#6410,#6433,.T.);
#6433 = SURFACE_CURVE('',#6434,(#6439,#6446),.PCURVE_S1.);
#6434 = CIRCLE('',#6435,1.7);
#6435 = AXIS2_PLACEMENT_3D('',#6436,#6437,#6438);
#6436 = CARTESIAN_POINT('',(3.89,24.45,20.8));
#6437 = DIRECTION('',(0.,0.,-1.));
#6438 = DIRECTION('',(1.,0.,0.));
#6439 = PCURVE('',#5669,#6440);
#6440 = DEFINITIONAL_REPRESENTATION('',(#6441),#6445);
#6441 = LINE('',#6442,#6443);
#6442 = CARTESIAN_POINT('',(-6.28318530718,-21.3));
#6443 = VECTOR('',#6444,1.);
#6444 = DIRECTION('',(1.,-0.));
#6445 = ( GEOMETRIC_REPRESENTATION_CONTEXT(2) 
PARAMETRIC_REPRESENTATION_CONTEXT() REPRESENTATION_CONTEXT('2D SPACE',''
  ) );
#6446 = PCURVE('',#6447,#6452);
#6447 = PLANE('',#6448);
#6448 = AXIS2_PLACEMENT_3D('',#6449,#6450,#6451);
#6449 = CARTESIAN_POINT('',(3.89,24.45,20.8));
#6450 = DIRECTION('',(0.,0.,1.));
#6451 = DIRECTION('',(1.,0.,-0.));
#6452 = DEFINITIONAL_REPRESENTATION('',(#6453),#6461);
#6453 = ( BOUNDED_CURVE() B_SPLINE_CURVE(2,(#6454,#6455,#6456,#6457,
#6458,#6459,#6460),.UNSPECIFIED.,.T.,.F.) B_SPLINE_CURVE_WITH_KNOTS((1,2
    ,2,2,2,1),(-2.094395102393,0.,2.094395102393,4.188790204786,
6.28318530718,8.377580409573),.UNSPECIFIED.) CURVE() 
GEOMETRIC_REPRESENTATION_ITEM() RATIONAL_B_SPLINE_CURVE((1.,0.5,1.,0.5,
1.,0.5,1.)) REPRESENTATION_ITEM('') );
#6454 = CARTESIAN_POINT('',(1.7,7.105427357601E-15));
#6455 = CARTESIAN_POINT('',(1.7,-2.944486372867));
#6456 = CARTESIAN_POINT('',(-0.85,-1.472243186434));
#6457 = CARTESIAN_POINT('',(-3.4,6.689047445891E-15));
#6458 = CARTESIAN_POINT('',(-0.85,1.472243186434));
#6459 = CARTESIAN_POINT('',(1.7,2.944486372867));
#6460 = CARTESIAN_POINT('',(1.7,7.105427357601E-15));
#6461 = ( GEOMETRIC_REPRESENTATION_CONTEXT(2) 
PARAMETRIC_REPRESENTATION_CONTEXT() REPRESENTATION_CONTEXT('2D SPACE',''
  ) );
#6462 = ORIENTED_EDGE('',*,*,#6409,.F.);
#6463 = ADVANCED_FACE('',(#6464),#6123,.T.);
#6464 = FACE_BOUND('',#6465,.F.);
#6465 = EDGE_LOOP('',(#6466,#6489,#6511,#6512));
#6466 = ORIENTED_EDGE('',*,*,#6467,.T.);
#6467 = EDGE_CURVE('',#6107,#6468,#6470,.T.);
#6468 = VERTEX_POINT('',#6469);
#6469 = CARTESIAN_POINT('',(-50.25,-24.45,20.8));
#6470 = SEAM_CURVE('',#6471,(#6475,#6482),.PCURVE_S1.);
#6471 = LINE('',#6472,#6473);
#6472 = CARTESIAN_POINT('',(-50.25,-24.45,3.));
#6473 = VECTOR('',#6474,1.);
#6474 = DIRECTION('',(0.,0.,1.));
#6475 = PCURVE('',#6123,#6476);
#6476 = DEFINITIONAL_REPRESENTATION('',(#6477),#6481);
#6477 = LINE('',#6478,#6479);
#6478 = CARTESIAN_POINT('',(-0.,0.));
#6479 = VECTOR('',#6480,1.);
#6480 = DIRECTION('',(-0.,-1.));
#6481 = ( GEOMETRIC_REPRESENTATION_CONTEXT(2) 
PARAMETRIC_REPRESENTATION_CONTEXT() REPRESENTATION_CONTEXT('2D SPACE',''
  ) );
#6482 = PCURVE('',#6123,#6483);
#6483 = DEFINITIONAL_REPRESENTATION('',(#6484),#6488);
#6484 = LINE('',#6485,#6486);
#6485 = CARTESIAN_POINT('',(-6.28318530718,0.));
#6486 = VECTOR('',#6487,1.);
#6487 = DIRECTION('',(-0.,-1.));
#6488 = ( GEOMETRIC_REPRESENTATION_CONTEXT(2) 
PARAMETRIC_REPRESENTATION_CONTEXT() REPRESENTATION_CONTEXT('2D SPACE',''
  ) );
#6489 = ORIENTED_EDGE('',*,*,#6490,.T.);
#6490 = EDGE_CURVE('',#6468,#6468,#6491,.T.);
#6491 = SURFACE_CURVE('',#6492,(#6497,#6504),.PCURVE_S1.);
#6492 = CIRCLE('',#6493,4.);
#6493 = AXIS2_PLACEMENT_3D('',#6494,#6495,#6496);
#6494 = CARTESIAN_POINT('',(-54.25,-24.45,20.8));
#6495 = DIRECTION('',(0.,0.,1.));
#6496 = DIRECTION('',(1.,0.,0.));
#6497 = PCURVE('',#6123,#6498);
#6498 = DEFINITIONAL_REPRESENTATION('',(#6499),#6503);
#6499 = LINE('',#6500,#6501);
#6500 = CARTESIAN_POINT('',(-0.,-17.8));
#6501 = VECTOR('',#6502,1.);
#6502 = DIRECTION('',(-1.,0.));
#6503 = ( GEOMETRIC_REPRESENTATION_CONTEXT(2) 
PARAMETRIC_REPRESENTATION_CONTEXT() REPRESENTATION_CONTEXT('2D SPACE',''
  ) );
#6504 = PCURVE('',#6270,#6505);
#6505 = DEFINITIONAL_REPRESENTATION('',(#6506),#6510);
#6506 = CIRCLE('',#6507,4.);
#6507 = AXIS2_PLACEMENT_2D('',#6508,#6509);
#6508 = CARTESIAN_POINT('',(7.105427357601E-15,0.));
#6509 = DIRECTION('',(1.,0.));
#6510 = ( GEOMETRIC_REPRESENTATION_CONTEXT(2) 
PARAMETRIC_REPRESENTATION_CONTEXT() REPRESENTATION_CONTEXT('2D SPACE',''
  ) );
#6511 = ORIENTED_EDGE('',*,*,#6467,.F.);
#6512 = ORIENTED_EDGE('',*,*,#6106,.F.);
#6513 = ADVANCED_FACE('',(#6514),#6154,.T.);
#6514 = FACE_BOUND('',#6515,.F.);
#6515 = EDGE_LOOP('',(#6516,#6539,#6561,#6562));
#6516 = ORIENTED_EDGE('',*,*,#6517,.T.);
#6517 = EDGE_CURVE('',#6138,#6518,#6520,.T.);
#6518 = VERTEX_POINT('',#6519);
#6519 = CARTESIAN_POINT('',(7.89,-24.45,20.8));
#6520 = SEAM_CURVE('',#6521,(#6525,#6532),.PCURVE_S1.);
#6521 = LINE('',#6522,#6523);
#6522 = CARTESIAN_POINT('',(7.89,-24.45,3.));
#6523 = VECTOR('',#6524,1.);
#6524 = DIRECTION('',(0.,0.,1.));
#6525 = PCURVE('',#6154,#6526);
#6526 = DEFINITIONAL_REPRESENTATION('',(#6527),#6531);
#6527 = LINE('',#6528,#6529);
#6528 = CARTESIAN_POINT('',(-0.,0.));
#6529 = VECTOR('',#6530,1.);
#6530 = DIRECTION('',(-0.,-1.));
#6531 = ( GEOMETRIC_REPRESENTATION_CONTEXT(2) 
PARAMETRIC_REPRESENTATION_CONTEXT() REPRESENTATION_CONTEXT('2D SPACE',''
  ) );
#6532 = PCURVE('',#6154,#6533);
#6533 = DEFINITIONAL_REPRESENTATION('',(#6534),#6538);
#6534 = LINE('',#6535,#6536);
#6535 = CARTESIAN_POINT('',(-6.28318530718,0.));
#6536 = VECTOR('',#6537,1.);
#6537 = DIRECTION('',(-0.,-1.));
#6538 = ( GEOMETRIC_REPRESENTATION_CONTEXT(2) 
PARAMETRIC_REPRESENTATION_CONTEXT() REPRESENTATION_CONTEXT('2D SPACE',''
  ) );
#6539 = ORIENTED_EDGE('',*,*,#6540,.T.);
#6540 = EDGE_CURVE('',#6518,#6518,#6541,.T.);
#6541 = SURFACE_CURVE('',#6542,(#6547,#6554),.PCURVE_S1.);
#6542 = CIRCLE('',#6543,4.);
#6543 = AXIS2_PLACEMENT_3D('',#6544,#6545,#6546);
#6544 = CARTESIAN_POINT('',(3.89,-24.45,20.8));
#6545 = DIRECTION('',(0.,0.,1.));
#6546 = DIRECTION('',(1.,0.,0.));
#6547 = PCURVE('',#6154,#6548);
#6548 = DEFINITIONAL_REPRESENTATION('',(#6549),#6553);
#6549 = LINE('',#6550,#6551);
#6550 = CARTESIAN_POINT('',(-0.,-17.8));
#6551 = VECTOR('',#6552,1.);
#6552 = DIRECTION('',(-1.,0.));
#6553 = ( GEOMETRIC_REPRESENTATION_CONTEXT(2) 
PARAMETRIC_REPRESENTATION_CONTEXT() REPRESENTATION_CONTEXT('2D SPACE',''
  ) );
#6554 = PCURVE('',#6329,#6555);
#6555 = DEFINITIONAL_REPRESENTATION('',(#6556),#6560);
#6556 = CIRCLE('',#6557,4.);
#6557 = AXIS2_PLACEMENT_2D('',#6558,#6559);
#6558 = CARTESIAN_POINT('',(4.440892098501E-16,0.));
#6559 = DIRECTION('',(1.,0.));
#6560 = ( GEOMETRIC_REPRESENTATION_CONTEXT(2) 
PARAMETRIC_REPRESENTATION_CONTEXT() REPRESENTATION_CONTEXT('2D SPACE',''
  ) );
#6561 = ORIENTED_EDGE('',*,*,#6517,.F.);
#6562 = ORIENTED_EDGE('',*,*,#6137,.F.);
#6563 = ADVANCED_FACE('',(#6564),#6185,.T.);
#6564 = FACE_BOUND('',#6565,.F.);
#6565 = EDGE_LOOP('',(#6566,#6589,#6611,#6612));
#6566 = ORIENTED_EDGE('',*,*,#6567,.T.);
#6567 = EDGE_CURVE('',#6169,#6568,#6570,.T.);
#6568 = VERTEX_POINT('',#6569);
#6569 = CARTESIAN_POINT('',(-50.25,24.45,20.8));
#6570 = SEAM_CURVE('',#6571,(#6575,#6582),.PCURVE_S1.);
#6571 = LINE('',#6572,#6573);
#6572 = CARTESIAN_POINT('',(-50.25,24.45,3.));
#6573 = VECTOR('',#6574,1.);
#6574 = DIRECTION('',(0.,0.,1.));
#6575 = PCURVE('',#6185,#6576);
#6576 = DEFINITIONAL_REPRESENTATION('',(#6577),#6581);
#6577 = LINE('',#6578,#6579);
#6578 = CARTESIAN_POINT('',(-0.,0.));
#6579 = VECTOR('',#6580,1.);
#6580 = DIRECTION('',(-0.,-1.));
#6581 = ( GEOMETRIC_REPRESENTATION_CONTEXT(2) 
PARAMETRIC_REPRESENTATION_CONTEXT() REPRESENTATION_CONTEXT('2D SPACE',''
  ) );
#6582 = PCURVE('',#6185,#6583);
#6583 = DEFINITIONAL_REPRESENTATION('',(#6584),#6588);
#6584 = LINE('',#6585,#6586);
#6585 = CARTESIAN_POINT('',(-6.28318530718,0.));
#6586 = VECTOR('',#6587,1.);
#6587 = DIRECTION('',(-0.,-1.));
#6588 = ( GEOMETRIC_REPRESENTATION_CONTEXT(2) 
PARAMETRIC_REPRESENTATION_CONTEXT() REPRESENTATION_CONTEXT('2D SPACE',''
  ) );
#6589 = ORIENTED_EDGE('',*,*,#6590,.T.);
#6590 = EDGE_CURVE('',#6568,#6568,#6591,.T.);
#6591 = SURFACE_CURVE('',#6592,(#6597,#6604),.PCURVE_S1.);
#6592 = CIRCLE('',#6593,4.);
#6593 = AXIS2_PLACEMENT_3D('',#6594,#6595,#6596);
#6594 = CARTESIAN_POINT('',(-54.25,24.45,20.8));
#6595 = DIRECTION('',(0.,0.,1.));
#6596 = DIRECTION('',(1.,0.,0.));
#6597 = PCURVE('',#6185,#6598);
#6598 = DEFINITIONAL_REPRESENTATION('',(#6599),#6603);
#6599 = LINE('',#6600,#6601);
#6600 = CARTESIAN_POINT('',(-0.,-17.8));
#6601 = VECTOR('',#6602,1.);
#6602 = DIRECTION('',(-1.,0.));
#6603 = ( GEOMETRIC_REPRESENTATION_CONTEXT(2) 
PARAMETRIC_REPRESENTATION_CONTEXT() REPRESENTATION_CONTEXT('2D SPACE',''
  ) );
#6604 = PCURVE('',#6388,#6605);
#6605 = DEFINITIONAL_REPRESENTATION('',(#6606),#6610);
#6606 = CIRCLE('',#6607,4.);
#6607 = AXIS2_PLACEMENT_2D('',#6608,#6609);
#6608 = CARTESIAN_POINT('',(7.105427357601E-15,0.));
#6609 = DIRECTION('',(1.,0.));
#6610 = ( GEOMETRIC_REPRESENTATION_CONTEXT(2) 
PARAMETRIC_REPRESENTATION_CONTEXT() REPRESENTATION_CONTEXT('2D SPACE',''
  ) );
#6611 = ORIENTED_EDGE('',*,*,#6567,.F.);
#6612 = ORIENTED_EDGE('',*,*,#6168,.F.);
#6613 = ADVANCED_FACE('',(#6614),#6216,.T.);
#6614 = FACE_BOUND('',#6615,.F.);
#6615 = EDGE_LOOP('',(#6616,#6639,#6661,#6662));
#6616 = ORIENTED_EDGE('',*,*,#6617,.T.);
#6617 = EDGE_CURVE('',#6200,#6618,#6620,.T.);
#6618 = VERTEX_POINT('',#6619);
#6619 = CARTESIAN_POINT('',(7.89,24.45,20.8));
#6620 = SEAM_CURVE('',#6621,(#6625,#6632),.PCURVE_S1.);
#6621 = LINE('',#6622,#6623);
#6622 = CARTESIAN_POINT('',(7.89,24.45,3.));
#6623 = VECTOR('',#6624,1.);
#6624 = DIRECTION('',(0.,0.,1.));
#6625 = PCURVE('',#6216,#6626);
#6626 = DEFINITIONAL_REPRESENTATION('',(#6627),#6631);
#6627 = LINE('',#6628,#6629);
#6628 = CARTESIAN_POINT('',(-0.,0.));
#6629 = VECTOR('',#6630,1.);
#6630 = DIRECTION('',(-0.,-1.));
#6631 = ( GEOMETRIC_REPRESENTATION_CONTEXT(2) 
PARAMETRIC_REPRESENTATION_CONTEXT() REPRESENTATION_CONTEXT('2D SPACE',''
  ) );
#6632 = PCURVE('',#6216,#6633);
#6633 = DEFINITIONAL_REPRESENTATION('',(#6634),#6638);
#6634 = LINE('',#6635,#6636);
#6635 = CARTESIAN_POINT('',(-6.28318530718,0.));
#6636 = VECTOR('',#6637,1.);
#6637 = DIRECTION('',(-0.,-1.));
#6638 = ( GEOMETRIC_REPRESENTATION_CONTEXT(2) 
PARAMETRIC_REPRESENTATION_CONTEXT() REPRESENTATION_CONTEXT('2D SPACE',''
  ) );
#6639 = ORIENTED_EDGE('',*,*,#6640,.T.);
#6640 = EDGE_CURVE('',#6618,#6618,#6641,.T.);
#6641 = SURFACE_CURVE('',#6642,(#6647,#6654),.PCURVE_S1.);
#6642 = CIRCLE('',#6643,4.);
#6643 = AXIS2_PLACEMENT_3D('',#6644,#6645,#6646);
#6644 = CARTESIAN_POINT('',(3.89,24.45,20.8));
#6645 = DIRECTION('',(0.,0.,1.));
#6646 = DIRECTION('',(1.,0.,0.));
#6647 = PCURVE('',#6216,#6648);
#6648 = DEFINITIONAL_REPRESENTATION('',(#6649),#6653);
#6649 = LINE('',#6650,#6651);
#6650 = CARTESIAN_POINT('',(-0.,-17.8));
#6651 = VECTOR('',#6652,1.);
#6652 = DIRECTION('',(-1.,0.));
#6653 = ( GEOMETRIC_REPRESENTATION_CONTEXT(2) 
PARAMETRIC_REPRESENTATION_CONTEXT() REPRESENTATION_CONTEXT('2D SPACE',''
  ) );
#6654 = PCURVE('',#6447,#6655);
#6655 = DEFINITIONAL_REPRESENTATION('',(#6656),#6660);
#6656 = CIRCLE('',#6657,4.);
#6657 = AXIS2_PLACEMENT_2D('',#6658,#6659);
#6658 = CARTESIAN_POINT('',(4.440892098501E-16,7.105427357601E-15));
#6659 = DIRECTION('',(1.,0.));
#6660 = ( GEOMETRIC_REPRESENTATION_CONTEXT(2) 
PARAMETRIC_REPRESENTATION_CONTEXT() REPRESENTATION_CONTEXT('2D SPACE',''
  ) );
#6661 = ORIENTED_EDGE('',*,*,#6617,.F.);
#6662 = ORIENTED_EDGE('',*,*,#6199,.F.);
#6663 = ADVANCED_FACE('',(#6664,#6667),#6270,.T.);
#6664 = FACE_BOUND('',#6665,.T.);
#6665 = EDGE_LOOP('',(#6666));
#6666 = ORIENTED_EDGE('',*,*,#6490,.T.);
#6667 = FACE_BOUND('',#6668,.T.);
#6668 = EDGE_LOOP('',(#6669));
#6669 = ORIENTED_EDGE('',*,*,#6255,.T.);
#6670 = ADVANCED_FACE('',(#6671,#6674),#6329,.T.);
#6671 = FACE_BOUND('',#6672,.T.);
#6672 = EDGE_LOOP('',(#6673));
#6673 = ORIENTED_EDGE('',*,*,#6540,.T.);
#6674 = FACE_BOUND('',#6675,.T.);
#6675 = EDGE_LOOP('',(#6676));
#6676 = ORIENTED_EDGE('',*,*,#6314,.T.);
#6677 = ADVANCED_FACE('',(#6678,#6681),#6388,.T.);
#6678 = FACE_BOUND('',#6679,.T.);
#6679 = EDGE_LOOP('',(#6680));
#6680 = ORIENTED_EDGE('',*,*,#6590,.T.);
#6681 = FACE_BOUND('',#6682,.T.);
#6682 = EDGE_LOOP('',(#6683));
#6683 = ORIENTED_EDGE('',*,*,#6373,.T.);
#6684 = ADVANCED_FACE('',(#6685,#6688),#6447,.T.);
#6685 = FACE_BOUND('',#6686,.T.);
#6686 = EDGE_LOOP('',(#6687));
#6687 = ORIENTED_EDGE('',*,*,#6640,.T.);
#6688 = FACE_BOUND('',#6689,.T.);
#6689 = EDGE_LOOP('',(#6690));
#6690 = ORIENTED_EDGE('',*,*,#6432,.T.);
#6691 = ( GEOMETRIC_REPRESENTATION_CONTEXT(3) 
GLOBAL_UNCERTAINTY_ASSIGNED_CONTEXT((#6695)) 
GLOBAL_UNIT_ASSIGNED_CONTEXT((#6692,#6693,#6694)) REPRESENTATION_CONTEXT
('Context #1','3D Context with UNIT and UNCERTAINTY') );
#6692 = ( LENGTH_UNIT() NAMED_UNIT(*) SI_UNIT(.MILLI.,.METRE.) );
#6693 = ( NAMED_UNIT(*) PLANE_ANGLE_UNIT() SI_UNIT($,.RADIAN.) );
#6694 = ( NAMED_UNIT(*) SI_UNIT($,.STERADIAN.) SOLID_ANGLE_UNIT() );
#6695 = UNCERTAINTY_MEASURE_WITH_UNIT(LENGTH_MEASURE(1.E-07),#6692,
  'distance_accuracy_value','confusion accuracy');
#6696 = CONTEXT_DEPENDENT_SHAPE_REPRESENTATION(#6697,#6699);
#6697 = ( REPRESENTATION_RELATIONSHIP('','',#44,#10) 
REPRESENTATION_RELATIONSHIP_WITH_TRANSFORMATION(#6698) 
SHAPE_REPRESENTATION_RELATIONSHIP() );
#6698 = ITEM_DEFINED_TRANSFORMATION('','',#11,#15);
#6699 = PRODUCT_DEFINITION_SHAPE('Placement','Placement of an item',
  #6700);
#6700 = NEXT_ASSEMBLY_USAGE_OCCURRENCE('1','chassis','',#5,#39,$);
#6701 = PRODUCT_RELATED_PRODUCT_CATEGORY('part',$,(#41));
#6702 = SHAPE_DEFINITION_REPRESENTATION(#6703,#6709);
#6703 = PRODUCT_DEFINITION_SHAPE('','',#6704);
#6704 = PRODUCT_DEFINITION('design','',#6705,#6708);
#6705 = PRODUCT_DEFINITION_FORMATION('','',#6706);
#6706 = PRODUCT('top-plate','top-plate','',(#6707));
#6707 = PRODUCT_CONTEXT('',#2,'mechanical');
#6708 = PRODUCT_DEFINITION_CONTEXT('part definition',#2,'design');
#6709 = ADVANCED_BREP_SHAPE_REPRESENTATION('',(#11,#6710),#14472);
#6710 = MANIFOLD_SOLID_BREP('',#6711);
#6711 = CLOSED_SHELL('',(#6712,#6832,#6920,#7001,#7084,#7162,#7217,#7273
    ,#7349,#8222,#8249,#8820,#8848,#8924,#8951,#8979,#9057,#9084,#9111,
    #9161,#9188,#9264,#9392,#9442,#9699,#9748,#9798,#9847,#9896,#10020,
    #10070,#10327,#10376,#10426,#10475,#10631,#10736,#10874,#11036,
    #11086,#11136,#11163,#11218,#11246,#11274,#11325,#11352,#11407,
    #11483,#11533,#11582,#11610,#11686,#11736,#11785,#11813,#11889,
    #11939,#11988,#12016,#12043,#12050,#12169,#12309,#12359,#12523,
    #12551,#12556,#12583,#12710,#12760,#12924,#12952,#12957,#12984,
    #12989,#13063,#13164,#13235,#13241,#13291,#13543,#13617,#13644,
    #13648,#13652,#13659,#13666,#13673,#13769,#13796,#13871,#13975,
    #13982,#14037,#14141,#14148,#14203,#14210,#14238,#14266,#14306,
    #14310,#14350,#14354,#14409,#14464,#14468));
#6712 = ADVANCED_FACE('',(#6713),#6727,.F.);
#6713 = FACE_BOUND('',#6714,.F.);
#6714 = EDGE_LOOP('',(#6715,#6750,#6778,#6806));
#6715 = ORIENTED_EDGE('',*,*,#6716,.T.);
#6716 = EDGE_CURVE('',#6717,#6719,#6721,.T.);
#6717 = VERTEX_POINT('',#6718);
#6718 = CARTESIAN_POINT('',(-54.,-33.9,19.3));
#6719 = VERTEX_POINT('',#6720);
#6720 = CARTESIAN_POINT('',(-54.,-33.9,25.));
#6721 = SURFACE_CURVE('',#6722,(#6726,#6738),.PCURVE_S1.);
#6722 = LINE('',#6723,#6724);
#6723 = CARTESIAN_POINT('',(-54.,-33.9,19.));
#6724 = VECTOR('',#6725,1.);
#6725 = DIRECTION('',(0.,0.,1.));
#6726 = PCURVE('',#6727,#6732);
#6727 = PLANE('',#6728);
#6728 = AXIS2_PLACEMENT_3D('',#6729,#6730,#6731);
#6729 = CARTESIAN_POINT('',(-63.9,-33.9,19.));
#6730 = DIRECTION('',(0.,1.,0.));
#6731 = DIRECTION('',(1.,0.,0.));
#6732 = DEFINITIONAL_REPRESENTATION('',(#6733),#6737);
#6733 = LINE('',#6734,#6735);
#6734 = CARTESIAN_POINT('',(9.9,0.));
#6735 = VECTOR('',#6736,1.);
#6736 = DIRECTION('',(0.,-1.));
#6737 = ( GEOMETRIC_REPRESENTATION_CONTEXT(2) 
PARAMETRIC_REPRESENTATION_CONTEXT() REPRESENTATION_CONTEXT('2D SPACE',''
  ) );
#6738 = PCURVE('',#6739,#6744);
#6739 = CYLINDRICAL_SURFACE('',#6740,9.9);
#6740 = AXIS2_PLACEMENT_3D('',#6741,#6742,#6743);
#6741 = CARTESIAN_POINT('',(-54.,-24.,19.));
#6742 = DIRECTION('',(0.,0.,1.));
#6743 = DIRECTION('',(0.,-1.,0.));
#6744 = DEFINITIONAL_REPRESENTATION('',(#6745),#6749);
#6745 = LINE('',#6746,#6747);
#6746 = CARTESIAN_POINT('',(-0.,0.));
#6747 = VECTOR('',#6748,1.);
#6748 = DIRECTION('',(-0.,1.));
#6749 = ( GEOMETRIC_REPRESENTATION_CONTEXT(2) 
PARAMETRIC_REPRESENTATION_CONTEXT() REPRESENTATION_CONTEXT('2D SPACE',''
  ) );
#6750 = ORIENTED_EDGE('',*,*,#6751,.T.);
#6751 = EDGE_CURVE('',#6719,#6752,#6754,.T.);
#6752 = VERTEX_POINT('',#6753);
#6753 = CARTESIAN_POINT('',(54.,-33.9,25.));
#6754 = SURFACE_CURVE('',#6755,(#6759,#6766),.PCURVE_S1.);
#6755 = LINE('',#6756,#6757);
#6756 = CARTESIAN_POINT('',(-54.,-33.9,25.));
#6757 = VECTOR('',#6758,1.);
#6758 = DIRECTION('',(1.,0.,0.));
#6759 = PCURVE('',#6727,#6760);
#6760 = DEFINITIONAL_REPRESENTATION('',(#6761),#6765);
#6761 = LINE('',#6762,#6763);
#6762 = CARTESIAN_POINT('',(9.9,-6.));
#6763 = VECTOR('',#6764,1.);
#6764 = DIRECTION('',(1.,0.));
#6765 = ( GEOMETRIC_REPRESENTATION_CONTEXT(2) 
PARAMETRIC_REPRESENTATION_CONTEXT() REPRESENTATION_CONTEXT('2D SPACE',''
  ) );
#6766 = PCURVE('',#6767,#6772);
#6767 = CYLINDRICAL_SURFACE('',#6768,2.);
#6768 = AXIS2_PLACEMENT_3D('',#6769,#6770,#6771);
#6769 = CARTESIAN_POINT('',(-54.,-31.9,25.));
#6770 = DIRECTION('',(1.,0.,0.));
#6771 = DIRECTION('',(0.,-1.,-0.));
#6772 = DEFINITIONAL_REPRESENTATION('',(#6773),#6777);
#6773 = LINE('',#6774,#6775);
#6774 = CARTESIAN_POINT('',(-0.,0.));
#6775 = VECTOR('',#6776,1.);
#6776 = DIRECTION('',(-0.,1.));
#6777 = ( GEOMETRIC_REPRESENTATION_CONTEXT(2) 
PARAMETRIC_REPRESENTATION_CONTEXT() REPRESENTATION_CONTEXT('2D SPACE',''
  ) );
#6778 = ORIENTED_EDGE('',*,*,#6779,.F.);
#6779 = EDGE_CURVE('',#6780,#6752,#6782,.T.);
#6780 = VERTEX_POINT('',#6781);
#6781 = CARTESIAN_POINT('',(54.,-33.9,19.3));
#6782 = SURFACE_CURVE('',#6783,(#6787,#6794),.PCURVE_S1.);
#6783 = LINE('',#6784,#6785);
#6784 = CARTESIAN_POINT('',(54.,-33.9,19.));
#6785 = VECTOR('',#6786,1.);
#6786 = DIRECTION('',(0.,0.,1.));
#6787 = PCURVE('',#6727,#6788);
#6788 = DEFINITIONAL_REPRESENTATION('',(#6789),#6793);
#6789 = LINE('',#6790,#6791);
#6790 = CARTESIAN_POINT('',(117.9,0.));
#6791 = VECTOR('',#6792,1.);
#6792 = DIRECTION('',(0.,-1.));
#6793 = ( GEOMETRIC_REPRESENTATION_CONTEXT(2) 
PARAMETRIC_REPRESENTATION_CONTEXT() REPRESENTATION_CONTEXT('2D SPACE',''
  ) );
#6794 = PCURVE('',#6795,#6800);
#6795 = CYLINDRICAL_SURFACE('',#6796,9.9);
#6796 = AXIS2_PLACEMENT_3D('',#6797,#6798,#6799);
#6797 = CARTESIAN_POINT('',(54.,-24.,19.));
#6798 = DIRECTION('',(0.,0.,1.));
#6799 = DIRECTION('',(0.,-1.,0.));
#6800 = DEFINITIONAL_REPRESENTATION('',(#6801),#6805);
#6801 = LINE('',#6802,#6803);
#6802 = CARTESIAN_POINT('',(0.,0.));
#6803 = VECTOR('',#6804,1.);
#6804 = DIRECTION('',(0.,1.));
#6805 = ( GEOMETRIC_REPRESENTATION_CONTEXT(2) 
PARAMETRIC_REPRESENTATION_CONTEXT() REPRESENTATION_CONTEXT('2D SPACE',''
  ) );
#6806 = ORIENTED_EDGE('',*,*,#6807,.F.);
#6807 = EDGE_CURVE('',#6717,#6780,#6808,.T.);
#6808 = SURFACE_CURVE('',#6809,(#6813,#6820),.PCURVE_S1.);
#6809 = LINE('',#6810,#6811);
#6810 = CARTESIAN_POINT('',(-54.,-33.9,19.3));
#6811 = VECTOR('',#6812,1.);
#6812 = DIRECTION('',(1.,0.,0.));
#6813 = PCURVE('',#6727,#6814);
#6814 = DEFINITIONAL_REPRESENTATION('',(#6815),#6819);
#6815 = LINE('',#6816,#6817);
#6816 = CARTESIAN_POINT('',(9.9,-0.3));
#6817 = VECTOR('',#6818,1.);
#6818 = DIRECTION('',(1.,0.));
#6819 = ( GEOMETRIC_REPRESENTATION_CONTEXT(2) 
PARAMETRIC_REPRESENTATION_CONTEXT() REPRESENTATION_CONTEXT('2D SPACE',''
  ) );
#6820 = PCURVE('',#6821,#6826);
#6821 = PLANE('',#6822);
#6822 = AXIS2_PLACEMENT_3D('',#6823,#6824,#6825);
#6823 = CARTESIAN_POINT('',(-54.,-33.75,19.15));
#6824 = DIRECTION('',(3.472568050348E-18,-0.707106781187,-0.707106781187
    ));
#6825 = DIRECTION('',(-1.,-2.455476416533E-18,-2.455476416532E-18));
#6826 = DEFINITIONAL_REPRESENTATION('',(#6827),#6831);
#6827 = LINE('',#6828,#6829);
#6828 = CARTESIAN_POINT('',(-5.248159098455E-33,-0.212132034356));
#6829 = VECTOR('',#6830,1.);
#6830 = DIRECTION('',(-1.,0.));
#6831 = ( GEOMETRIC_REPRESENTATION_CONTEXT(2) 
PARAMETRIC_REPRESENTATION_CONTEXT() REPRESENTATION_CONTEXT('2D SPACE',''
  ) );
#6832 = ADVANCED_FACE('',(#6833),#6739,.T.);
#6833 = FACE_BOUND('',#6834,.F.);
#6834 = EDGE_LOOP('',(#6835,#6836,#6865,#6893));
#6835 = ORIENTED_EDGE('',*,*,#6716,.F.);
#6836 = ORIENTED_EDGE('',*,*,#6837,.F.);
#6837 = EDGE_CURVE('',#6838,#6717,#6840,.T.);
#6838 = VERTEX_POINT('',#6839);
#6839 = CARTESIAN_POINT('',(-63.9,-24.,19.3));
#6840 = SURFACE_CURVE('',#6841,(#6846,#6853),.PCURVE_S1.);
#6841 = CIRCLE('',#6842,9.9);
#6842 = AXIS2_PLACEMENT_3D('',#6843,#6844,#6845);
#6843 = CARTESIAN_POINT('',(-54.,-24.,19.3));
#6844 = DIRECTION('',(0.,0.,1.));
#6845 = DIRECTION('',(-1.,0.,0.));
#6846 = PCURVE('',#6739,#6847);
#6847 = DEFINITIONAL_REPRESENTATION('',(#6848),#6852);
#6848 = LINE('',#6849,#6850);
#6849 = CARTESIAN_POINT('',(-1.570796326795,0.3));
#6850 = VECTOR('',#6851,1.);
#6851 = DIRECTION('',(1.,-0.));
#6852 = ( GEOMETRIC_REPRESENTATION_CONTEXT(2) 
PARAMETRIC_REPRESENTATION_CONTEXT() REPRESENTATION_CONTEXT('2D SPACE',''
  ) );
#6853 = PCURVE('',#6854,#6859);
#6854 = CONICAL_SURFACE('',#6855,9.9,0.785398163397);
#6855 = AXIS2_PLACEMENT_3D('',#6856,#6857,#6858);
#6856 = CARTESIAN_POINT('',(-54.,-24.,19.3));
#6857 = DIRECTION('',(0.,0.,1.));
#6858 = DIRECTION('',(-1.,0.,0.));
#6859 = DEFINITIONAL_REPRESENTATION('',(#6860),#6864);
#6860 = LINE('',#6861,#6862);
#6861 = CARTESIAN_POINT('',(0.,-0.));
#6862 = VECTOR('',#6863,1.);
#6863 = DIRECTION('',(1.,-0.));
#6864 = ( GEOMETRIC_REPRESENTATION_CONTEXT(2) 
PARAMETRIC_REPRESENTATION_CONTEXT() REPRESENTATION_CONTEXT('2D SPACE',''
  ) );
#6865 = ORIENTED_EDGE('',*,*,#6866,.T.);
#6866 = EDGE_CURVE('',#6838,#6867,#6869,.T.);
#6867 = VERTEX_POINT('',#6868);
#6868 = CARTESIAN_POINT('',(-63.9,-24.,25.));
#6869 = SURFACE_CURVE('',#6870,(#6874,#6881),.PCURVE_S1.);
#6870 = LINE('',#6871,#6872);
#6871 = CARTESIAN_POINT('',(-63.9,-24.,19.));
#6872 = VECTOR('',#6873,1.);
#6873 = DIRECTION('',(0.,0.,1.));
#6874 = PCURVE('',#6739,#6875);
#6875 = DEFINITIONAL_REPRESENTATION('',(#6876),#6880);
#6876 = LINE('',#6877,#6878);
#6877 = CARTESIAN_POINT('',(-1.570796326795,0.));
#6878 = VECTOR('',#6879,1.);
#6879 = DIRECTION('',(-0.,1.));
#6880 = ( GEOMETRIC_REPRESENTATION_CONTEXT(2) 
PARAMETRIC_REPRESENTATION_CONTEXT() REPRESENTATION_CONTEXT('2D SPACE',''
  ) );
#6881 = PCURVE('',#6882,#6887);
#6882 = PLANE('',#6883);
#6883 = AXIS2_PLACEMENT_3D('',#6884,#6885,#6886);
#6884 = CARTESIAN_POINT('',(-63.9,33.9,19.));
#6885 = DIRECTION('',(1.,0.,-0.));
#6886 = DIRECTION('',(0.,-1.,0.));
#6887 = DEFINITIONAL_REPRESENTATION('',(#6888),#6892);
#6888 = LINE('',#6889,#6890);
#6889 = CARTESIAN_POINT('',(57.9,0.));
#6890 = VECTOR('',#6891,1.);
#6891 = DIRECTION('',(0.,-1.));
#6892 = ( GEOMETRIC_REPRESENTATION_CONTEXT(2) 
PARAMETRIC_REPRESENTATION_CONTEXT() REPRESENTATION_CONTEXT('2D SPACE',''
  ) );
#6893 = ORIENTED_EDGE('',*,*,#6894,.T.);
#6894 = EDGE_CURVE('',#6867,#6719,#6895,.T.);
#6895 = SURFACE_CURVE('',#6896,(#6901,#6908),.PCURVE_S1.);
#6896 = CIRCLE('',#6897,9.9);
#6897 = AXIS2_PLACEMENT_3D('',#6898,#6899,#6900);
#6898 = CARTESIAN_POINT('',(-54.,-24.,25.));
#6899 = DIRECTION('',(0.,0.,1.));
#6900 = DIRECTION('',(-1.,0.,0.));
#6901 = PCURVE('',#6739,#6902);
#6902 = DEFINITIONAL_REPRESENTATION('',(#6903),#6907);
#6903 = LINE('',#6904,#6905);
#6904 = CARTESIAN_POINT('',(-1.570796326795,6.));
#6905 = VECTOR('',#6906,1.);
#6906 = DIRECTION('',(1.,-0.));
#6907 = ( GEOMETRIC_REPRESENTATION_CONTEXT(2) 
PARAMETRIC_REPRESENTATION_CONTEXT() REPRESENTATION_CONTEXT('2D SPACE',''
  ) );
#6908 = PCURVE('',#6909,#6914);
#6909 = TOROIDAL_SURFACE('',#6910,7.9,2.);
#6910 = AXIS2_PLACEMENT_3D('',#6911,#6912,#6913);
#6911 = CARTESIAN_POINT('',(-54.,-24.,25.));
#6912 = DIRECTION('',(0.,0.,1.));
#6913 = DIRECTION('',(-1.,0.,0.));
#6914 = DEFINITIONAL_REPRESENTATION('',(#6915),#6919);
#6915 = LINE('',#6916,#6917);
#6916 = CARTESIAN_POINT('',(0.,0.));
#6917 = VECTOR('',#6918,1.);
#6918 = DIRECTION('',(1.,0.));
#6919 = ( GEOMETRIC_REPRESENTATION_CONTEXT(2) 
PARAMETRIC_REPRESENTATION_CONTEXT() REPRESENTATION_CONTEXT('2D SPACE',''
  ) );
#6920 = ADVANCED_FACE('',(#6921),#6821,.T.);
#6921 = FACE_BOUND('',#6922,.F.);
#6922 = EDGE_LOOP('',(#6923,#6946,#6947,#6975));
#6923 = ORIENTED_EDGE('',*,*,#6924,.F.);
#6924 = EDGE_CURVE('',#6717,#6925,#6927,.T.);
#6925 = VERTEX_POINT('',#6926);
#6926 = CARTESIAN_POINT('',(-54.,-33.6,19.));
#6927 = SURFACE_CURVE('',#6928,(#6932,#6939),.PCURVE_S1.);
#6928 = LINE('',#6929,#6930);
#6929 = CARTESIAN_POINT('',(-54.,-33.75,19.15));
#6930 = VECTOR('',#6931,1.);
#6931 = DIRECTION('',(-0.,0.707106781187,-0.707106781187));
#6932 = PCURVE('',#6821,#6933);
#6933 = DEFINITIONAL_REPRESENTATION('',(#6934),#6938);
#6934 = LINE('',#6935,#6936);
#6935 = CARTESIAN_POINT('',(-0.,0.));
#6936 = VECTOR('',#6937,1.);
#6937 = DIRECTION('',(-0.,1.));
#6938 = ( GEOMETRIC_REPRESENTATION_CONTEXT(2) 
PARAMETRIC_REPRESENTATION_CONTEXT() REPRESENTATION_CONTEXT('2D SPACE',''
  ) );
#6939 = PCURVE('',#6854,#6940);
#6940 = DEFINITIONAL_REPRESENTATION('',(#6941),#6945);
#6941 = LINE('',#6942,#6943);
#6942 = CARTESIAN_POINT('',(1.570796326795,-0.15));
#6943 = VECTOR('',#6944,1.);
#6944 = DIRECTION('',(0.,-1.));
#6945 = ( GEOMETRIC_REPRESENTATION_CONTEXT(2) 
PARAMETRIC_REPRESENTATION_CONTEXT() REPRESENTATION_CONTEXT('2D SPACE',''
  ) );
#6946 = ORIENTED_EDGE('',*,*,#6807,.T.);
#6947 = ORIENTED_EDGE('',*,*,#6948,.T.);
#6948 = EDGE_CURVE('',#6780,#6949,#6951,.T.);
#6949 = VERTEX_POINT('',#6950);
#6950 = CARTESIAN_POINT('',(54.,-33.6,19.));
#6951 = SURFACE_CURVE('',#6952,(#6956,#6963),.PCURVE_S1.);
#6952 = LINE('',#6953,#6954);
#6953 = CARTESIAN_POINT('',(54.,-33.75,19.15));
#6954 = VECTOR('',#6955,1.);
#6955 = DIRECTION('',(-0.,0.707106781187,-0.707106781187));
#6956 = PCURVE('',#6821,#6957);
#6957 = DEFINITIONAL_REPRESENTATION('',(#6958),#6962);
#6958 = LINE('',#6959,#6960);
#6959 = CARTESIAN_POINT('',(-108.,0.));
#6960 = VECTOR('',#6961,1.);
#6961 = DIRECTION('',(-0.,1.));
#6962 = ( GEOMETRIC_REPRESENTATION_CONTEXT(2) 
PARAMETRIC_REPRESENTATION_CONTEXT() REPRESENTATION_CONTEXT('2D SPACE',''
  ) );
#6963 = PCURVE('',#6964,#6969);
#6964 = CONICAL_SURFACE('',#6965,9.9,0.785398163397);
#6965 = AXIS2_PLACEMENT_3D('',#6966,#6967,#6968);
#6966 = CARTESIAN_POINT('',(54.,-24.,19.3));
#6967 = DIRECTION('',(0.,0.,1.));
#6968 = DIRECTION('',(0.,-1.,0.));
#6969 = DEFINITIONAL_REPRESENTATION('',(#6970),#6974);
#6970 = LINE('',#6971,#6972);
#6971 = CARTESIAN_POINT('',(0.,-0.15));
#6972 = VECTOR('',#6973,1.);
#6973 = DIRECTION('',(0.,-1.));
#6974 = ( GEOMETRIC_REPRESENTATION_CONTEXT(2) 
PARAMETRIC_REPRESENTATION_CONTEXT() REPRESENTATION_CONTEXT('2D SPACE',''
  ) );
#6975 = ORIENTED_EDGE('',*,*,#6976,.F.);
#6976 = EDGE_CURVE('',#6925,#6949,#6977,.T.);
#6977 = SURFACE_CURVE('',#6978,(#6982,#6989),.PCURVE_S1.);
#6978 = LINE('',#6979,#6980);
#6979 = CARTESIAN_POINT('',(-54.,-33.6,19.));
#6980 = VECTOR('',#6981,1.);
#6981 = DIRECTION('',(1.,0.,0.));
#6982 = PCURVE('',#6821,#6983);
#6983 = DEFINITIONAL_REPRESENTATION('',(#6984),#6988);
#6984 = LINE('',#6985,#6986);
#6985 = CARTESIAN_POINT('',(-3.466673899897E-33,0.212132034356));
#6986 = VECTOR('',#6987,1.);
#6987 = DIRECTION('',(-1.,0.));
#6988 = ( GEOMETRIC_REPRESENTATION_CONTEXT(2) 
PARAMETRIC_REPRESENTATION_CONTEXT() REPRESENTATION_CONTEXT('2D SPACE',''
  ) );
#6989 = PCURVE('',#6990,#6995);
#6990 = PLANE('',#6991);
#6991 = AXIS2_PLACEMENT_3D('',#6992,#6993,#6994);
#6992 = CARTESIAN_POINT('',(2.324884206986E-15,0.,19.));
#6993 = DIRECTION('',(0.,0.,1.));
#6994 = DIRECTION('',(1.,0.,-0.));
#6995 = DEFINITIONAL_REPRESENTATION('',(#6996),#7000);
#6996 = LINE('',#6997,#6998);
#6997 = CARTESIAN_POINT('',(-54.,-33.6));
#6998 = VECTOR('',#6999,1.);
#6999 = DIRECTION('',(1.,0.));
#7000 = ( GEOMETRIC_REPRESENTATION_CONTEXT(2) 
PARAMETRIC_REPRESENTATION_CONTEXT() REPRESENTATION_CONTEXT('2D SPACE',''
  ) );
#7001 = ADVANCED_FACE('',(#7002),#6767,.T.);
#7002 = FACE_BOUND('',#7003,.F.);
#7003 = EDGE_LOOP('',(#7004,#7028,#7056,#7083));
#7004 = ORIENTED_EDGE('',*,*,#7005,.T.);
#7005 = EDGE_CURVE('',#6719,#7006,#7008,.T.);
#7006 = VERTEX_POINT('',#7007);
#7007 = CARTESIAN_POINT('',(-54.,-31.9,27.));
#7008 = SURFACE_CURVE('',#7009,(#7014,#7021),.PCURVE_S1.);
#7009 = CIRCLE('',#7010,2.);
#7010 = AXIS2_PLACEMENT_3D('',#7011,#7012,#7013);
#7011 = CARTESIAN_POINT('',(-54.,-31.9,25.));
#7012 = DIRECTION('',(-1.,-0.,0.));
#7013 = DIRECTION('',(0.,-1.,0.));
#7014 = PCURVE('',#6767,#7015);
#7015 = DEFINITIONAL_REPRESENTATION('',(#7016),#7020);
#7016 = LINE('',#7017,#7018);
#7017 = CARTESIAN_POINT('',(-0.,0.));
#7018 = VECTOR('',#7019,1.);
#7019 = DIRECTION('',(-1.,0.));
#7020 = ( GEOMETRIC_REPRESENTATION_CONTEXT(2) 
PARAMETRIC_REPRESENTATION_CONTEXT() REPRESENTATION_CONTEXT('2D SPACE',''
  ) );
#7021 = PCURVE('',#6909,#7022);
#7022 = DEFINITIONAL_REPRESENTATION('',(#7023),#7027);
#7023 = LINE('',#7024,#7025);
#7024 = CARTESIAN_POINT('',(1.570796326795,0.));
#7025 = VECTOR('',#7026,1.);
#7026 = DIRECTION('',(0.,1.));
#7027 = ( GEOMETRIC_REPRESENTATION_CONTEXT(2) 
PARAMETRIC_REPRESENTATION_CONTEXT() REPRESENTATION_CONTEXT('2D SPACE',''
  ) );
#7028 = ORIENTED_EDGE('',*,*,#7029,.T.);
#7029 = EDGE_CURVE('',#7006,#7030,#7032,.T.);
#7030 = VERTEX_POINT('',#7031);
#7031 = CARTESIAN_POINT('',(54.,-31.9,27.));
#7032 = SURFACE_CURVE('',#7033,(#7037,#7044),.PCURVE_S1.);
#7033 = LINE('',#7034,#7035);
#7034 = CARTESIAN_POINT('',(-54.,-31.9,27.));
#7035 = VECTOR('',#7036,1.);
#7036 = DIRECTION('',(1.,0.,0.));
#7037 = PCURVE('',#6767,#7038);
#7038 = DEFINITIONAL_REPRESENTATION('',(#7039),#7043);
#7039 = LINE('',#7040,#7041);
#7040 = CARTESIAN_POINT('',(-1.570796326795,0.));
#7041 = VECTOR('',#7042,1.);
#7042 = DIRECTION('',(-0.,1.));
#7043 = ( GEOMETRIC_REPRESENTATION_CONTEXT(2) 
PARAMETRIC_REPRESENTATION_CONTEXT() REPRESENTATION_CONTEXT('2D SPACE',''
  ) );
#7044 = PCURVE('',#7045,#7050);
#7045 = PLANE('',#7046);
#7046 = AXIS2_PLACEMENT_3D('',#7047,#7048,#7049);
#7047 = CARTESIAN_POINT('',(2.324884206986E-15,0.,27.));
#7048 = DIRECTION('',(0.,0.,1.));
#7049 = DIRECTION('',(1.,0.,-0.));
#7050 = DEFINITIONAL_REPRESENTATION('',(#7051),#7055);
#7051 = LINE('',#7052,#7053);
#7052 = CARTESIAN_POINT('',(-54.,-31.9));
#7053 = VECTOR('',#7054,1.);
#7054 = DIRECTION('',(1.,0.));
#7055 = ( GEOMETRIC_REPRESENTATION_CONTEXT(2) 
PARAMETRIC_REPRESENTATION_CONTEXT() REPRESENTATION_CONTEXT('2D SPACE',''
  ) );
#7056 = ORIENTED_EDGE('',*,*,#7057,.F.);
#7057 = EDGE_CURVE('',#6752,#7030,#7058,.T.);
#7058 = SURFACE_CURVE('',#7059,(#7064,#7071),.PCURVE_S1.);
#7059 = CIRCLE('',#7060,2.);
#7060 = AXIS2_PLACEMENT_3D('',#7061,#7062,#7063);
#7061 = CARTESIAN_POINT('',(54.,-31.9,25.));
#7062 = DIRECTION('',(-1.,-0.,0.));
#7063 = DIRECTION('',(0.,-1.,0.));
#7064 = PCURVE('',#6767,#7065);
#7065 = DEFINITIONAL_REPRESENTATION('',(#7066),#7070);
#7066 = LINE('',#7067,#7068);
#7067 = CARTESIAN_POINT('',(-0.,108.));
#7068 = VECTOR('',#7069,1.);
#7069 = DIRECTION('',(-1.,0.));
#7070 = ( GEOMETRIC_REPRESENTATION_CONTEXT(2) 
PARAMETRIC_REPRESENTATION_CONTEXT() REPRESENTATION_CONTEXT('2D SPACE',''
  ) );
#7071 = PCURVE('',#7072,#7077);
#7072 = TOROIDAL_SURFACE('',#7073,7.9,2.);
#7073 = AXIS2_PLACEMENT_3D('',#7074,#7075,#7076);
#7074 = CARTESIAN_POINT('',(54.,-24.,25.));
#7075 = DIRECTION('',(0.,0.,1.));
#7076 = DIRECTION('',(0.,-1.,0.));
#7077 = DEFINITIONAL_REPRESENTATION('',(#7078),#7082);
#7078 = LINE('',#7079,#7080);
#7079 = CARTESIAN_POINT('',(0.,0.));
#7080 = VECTOR('',#7081,1.);
#7081 = DIRECTION('',(0.,1.));
#7082 = ( GEOMETRIC_REPRESENTATION_CONTEXT(2) 
PARAMETRIC_REPRESENTATION_CONTEXT() REPRESENTATION_CONTEXT('2D SPACE',''
  ) );
#7083 = ORIENTED_EDGE('',*,*,#6751,.F.);
#7084 = ADVANCED_FACE('',(#7085),#6795,.T.);
#7085 = FACE_BOUND('',#7086,.T.);
#7086 = EDGE_LOOP('',(#7087,#7088,#7112,#7140));
#7087 = ORIENTED_EDGE('',*,*,#6779,.F.);
#7088 = ORIENTED_EDGE('',*,*,#7089,.T.);
#7089 = EDGE_CURVE('',#6780,#7090,#7092,.T.);
#7090 = VERTEX_POINT('',#7091);
#7091 = CARTESIAN_POINT('',(63.9,-24.,19.3));
#7092 = SURFACE_CURVE('',#7093,(#7098,#7105),.PCURVE_S1.);
#7093 = CIRCLE('',#7094,9.9);
#7094 = AXIS2_PLACEMENT_3D('',#7095,#7096,#7097);
#7095 = CARTESIAN_POINT('',(54.,-24.,19.3));
#7096 = DIRECTION('',(0.,0.,1.));
#7097 = DIRECTION('',(0.,-1.,0.));
#7098 = PCURVE('',#6795,#7099);
#7099 = DEFINITIONAL_REPRESENTATION('',(#7100),#7104);
#7100 = LINE('',#7101,#7102);
#7101 = CARTESIAN_POINT('',(0.,0.3));
#7102 = VECTOR('',#7103,1.);
#7103 = DIRECTION('',(1.,0.));
#7104 = ( GEOMETRIC_REPRESENTATION_CONTEXT(2) 
PARAMETRIC_REPRESENTATION_CONTEXT() REPRESENTATION_CONTEXT('2D SPACE',''
  ) );
#7105 = PCURVE('',#6964,#7106);
#7106 = DEFINITIONAL_REPRESENTATION('',(#7107),#7111);
#7107 = LINE('',#7108,#7109);
#7108 = CARTESIAN_POINT('',(0.,-0.));
#7109 = VECTOR('',#7110,1.);
#7110 = DIRECTION('',(1.,-0.));
#7111 = ( GEOMETRIC_REPRESENTATION_CONTEXT(2) 
PARAMETRIC_REPRESENTATION_CONTEXT() REPRESENTATION_CONTEXT('2D SPACE',''
  ) );
#7112 = ORIENTED_EDGE('',*,*,#7113,.T.);
#7113 = EDGE_CURVE('',#7090,#7114,#7116,.T.);
#7114 = VERTEX_POINT('',#7115);
#7115 = CARTESIAN_POINT('',(63.9,-24.,25.));
#7116 = SURFACE_CURVE('',#7117,(#7121,#7128),.PCURVE_S1.);
#7117 = LINE('',#7118,#7119);
#7118 = CARTESIAN_POINT('',(63.9,-24.,19.));
#7119 = VECTOR('',#7120,1.);
#7120 = DIRECTION('',(0.,0.,1.));
#7121 = PCURVE('',#6795,#7122);
#7122 = DEFINITIONAL_REPRESENTATION('',(#7123),#7127);
#7123 = LINE('',#7124,#7125);
#7124 = CARTESIAN_POINT('',(1.570796326795,0.));
#7125 = VECTOR('',#7126,1.);
#7126 = DIRECTION('',(0.,1.));
#7127 = ( GEOMETRIC_REPRESENTATION_CONTEXT(2) 
PARAMETRIC_REPRESENTATION_CONTEXT() REPRESENTATION_CONTEXT('2D SPACE',''
  ) );
#7128 = PCURVE('',#7129,#7134);
#7129 = PLANE('',#7130);
#7130 = AXIS2_PLACEMENT_3D('',#7131,#7132,#7133);
#7131 = CARTESIAN_POINT('',(63.9,-33.9,19.));
#7132 = DIRECTION('',(-1.,0.,0.));
#7133 = DIRECTION('',(0.,1.,0.));
#7134 = DEFINITIONAL_REPRESENTATION('',(#7135),#7139);
#7135 = LINE('',#7136,#7137);
#7136 = CARTESIAN_POINT('',(9.9,0.));
#7137 = VECTOR('',#7138,1.);
#7138 = DIRECTION('',(0.,-1.));
#7139 = ( GEOMETRIC_REPRESENTATION_CONTEXT(2) 
PARAMETRIC_REPRESENTATION_CONTEXT() REPRESENTATION_CONTEXT('2D SPACE',''
  ) );
#7140 = ORIENTED_EDGE('',*,*,#7141,.F.);
#7141 = EDGE_CURVE('',#6752,#7114,#7142,.T.);
#7142 = SURFACE_CURVE('',#7143,(#7148,#7155),.PCURVE_S1.);
#7143 = CIRCLE('',#7144,9.9);
#7144 = AXIS2_PLACEMENT_3D('',#7145,#7146,#7147);
#7145 = CARTESIAN_POINT('',(54.,-24.,25.));
#7146 = DIRECTION('',(0.,0.,1.));
#7147 = DIRECTION('',(0.,-1.,0.));
#7148 = PCURVE('',#6795,#7149);
#7149 = DEFINITIONAL_REPRESENTATION('',(#7150),#7154);
#7150 = LINE('',#7151,#7152);
#7151 = CARTESIAN_POINT('',(0.,6.));
#7152 = VECTOR('',#7153,1.);
#7153 = DIRECTION('',(1.,0.));
#7154 = ( GEOMETRIC_REPRESENTATION_CONTEXT(2) 
PARAMETRIC_REPRESENTATION_CONTEXT() REPRESENTATION_CONTEXT('2D SPACE',''
  ) );
#7155 = PCURVE('',#7072,#7156);
#7156 = DEFINITIONAL_REPRESENTATION('',(#7157),#7161);
#7157 = LINE('',#7158,#7159);
#7158 = CARTESIAN_POINT('',(0.,0.));
#7159 = VECTOR('',#7160,1.);
#7160 = DIRECTION('',(1.,0.));
#7161 = ( GEOMETRIC_REPRESENTATION_CONTEXT(2) 
PARAMETRIC_REPRESENTATION_CONTEXT() REPRESENTATION_CONTEXT('2D SPACE',''
  ) );
#7162 = ADVANCED_FACE('',(#7163),#6854,.T.);
#7163 = FACE_BOUND('',#7164,.F.);
#7164 = EDGE_LOOP('',(#7165,#7193,#7194,#7195));
#7165 = ORIENTED_EDGE('',*,*,#7166,.F.);
#7166 = EDGE_CURVE('',#6838,#7167,#7169,.T.);
#7167 = VERTEX_POINT('',#7168);
#7168 = CARTESIAN_POINT('',(-63.6,-24.,19.));
#7169 = SURFACE_CURVE('',#7170,(#7174,#7181),.PCURVE_S1.);
#7170 = LINE('',#7171,#7172);
#7171 = CARTESIAN_POINT('',(-63.75,-24.,19.15));
#7172 = VECTOR('',#7173,1.);
#7173 = DIRECTION('',(0.707106781187,-0.,-0.707106781187));
#7174 = PCURVE('',#6854,#7175);
#7175 = DEFINITIONAL_REPRESENTATION('',(#7176),#7180);
#7176 = LINE('',#7177,#7178);
#7177 = CARTESIAN_POINT('',(0.,-0.15));
#7178 = VECTOR('',#7179,1.);
#7179 = DIRECTION('',(0.,-1.));
#7180 = ( GEOMETRIC_REPRESENTATION_CONTEXT(2) 
PARAMETRIC_REPRESENTATION_CONTEXT() REPRESENTATION_CONTEXT('2D SPACE',''
  ) );
#7181 = PCURVE('',#7182,#7187);
#7182 = PLANE('',#7183);
#7183 = AXIS2_PLACEMENT_3D('',#7184,#7185,#7186);
#7184 = CARTESIAN_POINT('',(-63.75,24.,19.15));
#7185 = DIRECTION('',(-0.707106781187,-3.472568050348E-18,
    -0.707106781187));
#7186 = DIRECTION('',(-2.455476416533E-18,1.,-2.455476416532E-18));
#7187 = DEFINITIONAL_REPRESENTATION('',(#7188),#7192);
#7188 = LINE('',#7189,#7190);
#7189 = CARTESIAN_POINT('',(-48.,0.));
#7190 = VECTOR('',#7191,1.);
#7191 = DIRECTION('',(-0.,1.));
#7192 = ( GEOMETRIC_REPRESENTATION_CONTEXT(2) 
PARAMETRIC_REPRESENTATION_CONTEXT() REPRESENTATION_CONTEXT('2D SPACE',''
  ) );
#7193 = ORIENTED_EDGE('',*,*,#6837,.T.);
#7194 = ORIENTED_EDGE('',*,*,#6924,.T.);
#7195 = ORIENTED_EDGE('',*,*,#7196,.F.);
#7196 = EDGE_CURVE('',#7167,#6925,#7197,.T.);
#7197 = SURFACE_CURVE('',#7198,(#7203,#7210),.PCURVE_S1.);
#7198 = CIRCLE('',#7199,9.6);
#7199 = AXIS2_PLACEMENT_3D('',#7200,#7201,#7202);
#7200 = CARTESIAN_POINT('',(-54.,-24.,19.));
#7201 = DIRECTION('',(0.,0.,1.));
#7202 = DIRECTION('',(-1.,0.,0.));
#7203 = PCURVE('',#6854,#7204);
#7204 = DEFINITIONAL_REPRESENTATION('',(#7205),#7209);
#7205 = LINE('',#7206,#7207);
#7206 = CARTESIAN_POINT('',(0.,-0.3));
#7207 = VECTOR('',#7208,1.);
#7208 = DIRECTION('',(1.,-0.));
#7209 = ( GEOMETRIC_REPRESENTATION_CONTEXT(2) 
PARAMETRIC_REPRESENTATION_CONTEXT() REPRESENTATION_CONTEXT('2D SPACE',''
  ) );
#7210 = PCURVE('',#6990,#7211);
#7211 = DEFINITIONAL_REPRESENTATION('',(#7212),#7216);
#7212 = CIRCLE('',#7213,9.6);
#7213 = AXIS2_PLACEMENT_2D('',#7214,#7215);
#7214 = CARTESIAN_POINT('',(-54.,-24.));
#7215 = DIRECTION('',(-1.,0.));
#7216 = ( GEOMETRIC_REPRESENTATION_CONTEXT(2) 
PARAMETRIC_REPRESENTATION_CONTEXT() REPRESENTATION_CONTEXT('2D SPACE',''
  ) );
#7217 = ADVANCED_FACE('',(#7218),#6909,.T.);
#7218 = FACE_BOUND('',#7219,.T.);
#7219 = EDGE_LOOP('',(#7220,#7249,#7250,#7251));
#7220 = ORIENTED_EDGE('',*,*,#7221,.F.);
#7221 = EDGE_CURVE('',#6867,#7222,#7224,.T.);
#7222 = VERTEX_POINT('',#7223);
#7223 = CARTESIAN_POINT('',(-61.9,-24.,27.));
#7224 = SURFACE_CURVE('',#7225,(#7230,#7237),.PCURVE_S1.);
#7225 = CIRCLE('',#7226,2.);
#7226 = AXIS2_PLACEMENT_3D('',#7227,#7228,#7229);
#7227 = CARTESIAN_POINT('',(-61.9,-24.,25.));
#7228 = DIRECTION('',(-0.,1.,0.));
#7229 = DIRECTION('',(-1.,-0.,0.));
#7230 = PCURVE('',#6909,#7231);
#7231 = DEFINITIONAL_REPRESENTATION('',(#7232),#7236);
#7232 = LINE('',#7233,#7234);
#7233 = CARTESIAN_POINT('',(0.,0.));
#7234 = VECTOR('',#7235,1.);
#7235 = DIRECTION('',(0.,1.));
#7236 = ( GEOMETRIC_REPRESENTATION_CONTEXT(2) 
PARAMETRIC_REPRESENTATION_CONTEXT() REPRESENTATION_CONTEXT('2D SPACE',''
  ) );
#7237 = PCURVE('',#7238,#7243);
#7238 = CYLINDRICAL_SURFACE('',#7239,2.);
#7239 = AXIS2_PLACEMENT_3D('',#7240,#7241,#7242);
#7240 = CARTESIAN_POINT('',(-61.9,24.,25.));
#7241 = DIRECTION('',(0.,-1.,0.));
#7242 = DIRECTION('',(-1.,-0.,0.));
#7243 = DEFINITIONAL_REPRESENTATION('',(#7244),#7248);
#7244 = LINE('',#7245,#7246);
#7245 = CARTESIAN_POINT('',(-0.,48.));
#7246 = VECTOR('',#7247,1.);
#7247 = DIRECTION('',(-1.,0.));
#7248 = ( GEOMETRIC_REPRESENTATION_CONTEXT(2) 
PARAMETRIC_REPRESENTATION_CONTEXT() REPRESENTATION_CONTEXT('2D SPACE',''
  ) );
#7249 = ORIENTED_EDGE('',*,*,#6894,.T.);
#7250 = ORIENTED_EDGE('',*,*,#7005,.T.);
#7251 = ORIENTED_EDGE('',*,*,#7252,.F.);
#7252 = EDGE_CURVE('',#7222,#7006,#7253,.T.);
#7253 = SURFACE_CURVE('',#7254,(#7259,#7266),.PCURVE_S1.);
#7254 = CIRCLE('',#7255,7.9);
#7255 = AXIS2_PLACEMENT_3D('',#7256,#7257,#7258);
#7256 = CARTESIAN_POINT('',(-54.,-24.,27.));
#7257 = DIRECTION('',(0.,0.,1.));
#7258 = DIRECTION('',(-1.,0.,0.));
#7259 = PCURVE('',#6909,#7260);
#7260 = DEFINITIONAL_REPRESENTATION('',(#7261),#7265);
#7261 = LINE('',#7262,#7263);
#7262 = CARTESIAN_POINT('',(0.,1.570796326795));
#7263 = VECTOR('',#7264,1.);
#7264 = DIRECTION('',(1.,0.));
#7265 = ( GEOMETRIC_REPRESENTATION_CONTEXT(2) 
PARAMETRIC_REPRESENTATION_CONTEXT() REPRESENTATION_CONTEXT('2D SPACE',''
  ) );
#7266 = PCURVE('',#7045,#7267);
#7267 = DEFINITIONAL_REPRESENTATION('',(#7268),#7272);
#7268 = CIRCLE('',#7269,7.9);
#7269 = AXIS2_PLACEMENT_2D('',#7270,#7271);
#7270 = CARTESIAN_POINT('',(-54.,-24.));
#7271 = DIRECTION('',(-1.,0.));
#7272 = ( GEOMETRIC_REPRESENTATION_CONTEXT(2) 
PARAMETRIC_REPRESENTATION_CONTEXT() REPRESENTATION_CONTEXT('2D SPACE',''
  ) );
#7273 = ADVANCED_FACE('',(#7274),#6882,.F.);
#7274 = FACE_BOUND('',#7275,.F.);
#7275 = EDGE_LOOP('',(#7276,#7306,#7327,#7328));
#7276 = ORIENTED_EDGE('',*,*,#7277,.T.);
#7277 = EDGE_CURVE('',#7278,#7280,#7282,.T.);
#7278 = VERTEX_POINT('',#7279);
#7279 = CARTESIAN_POINT('',(-63.9,24.,19.3));
#7280 = VERTEX_POINT('',#7281);
#7281 = CARTESIAN_POINT('',(-63.9,24.,25.));
#7282 = SURFACE_CURVE('',#7283,(#7287,#7294),.PCURVE_S1.);
#7283 = LINE('',#7284,#7285);
#7284 = CARTESIAN_POINT('',(-63.9,24.,19.));
#7285 = VECTOR('',#7286,1.);
#7286 = DIRECTION('',(0.,0.,1.));
#7287 = PCURVE('',#6882,#7288);
#7288 = DEFINITIONAL_REPRESENTATION('',(#7289),#7293);
#7289 = LINE('',#7290,#7291);
#7290 = CARTESIAN_POINT('',(9.9,0.));
#7291 = VECTOR('',#7292,1.);
#7292 = DIRECTION('',(0.,-1.));
#7293 = ( GEOMETRIC_REPRESENTATION_CONTEXT(2) 
PARAMETRIC_REPRESENTATION_CONTEXT() REPRESENTATION_CONTEXT('2D SPACE',''
  ) );
#7294 = PCURVE('',#7295,#7300);
#7295 = CYLINDRICAL_SURFACE('',#7296,9.9);
#7296 = AXIS2_PLACEMENT_3D('',#7297,#7298,#7299);
#7297 = CARTESIAN_POINT('',(-54.,24.,19.));
#7298 = DIRECTION('',(0.,0.,1.));
#7299 = DIRECTION('',(-0.,1.,0.));
#7300 = DEFINITIONAL_REPRESENTATION('',(#7301),#7305);
#7301 = LINE('',#7302,#7303);
#7302 = CARTESIAN_POINT('',(1.570796326795,0.));
#7303 = VECTOR('',#7304,1.);
#7304 = DIRECTION('',(0.,1.));
#7305 = ( GEOMETRIC_REPRESENTATION_CONTEXT(2) 
PARAMETRIC_REPRESENTATION_CONTEXT() REPRESENTATION_CONTEXT('2D SPACE',''
  ) );
#7306 = ORIENTED_EDGE('',*,*,#7307,.T.);
#7307 = EDGE_CURVE('',#7280,#6867,#7308,.T.);
#7308 = SURFACE_CURVE('',#7309,(#7313,#7320),.PCURVE_S1.);
#7309 = LINE('',#7310,#7311);
#7310 = CARTESIAN_POINT('',(-63.9,24.,25.));
#7311 = VECTOR('',#7312,1.);
#7312 = DIRECTION('',(0.,-1.,0.));
#7313 = PCURVE('',#6882,#7314);
#7314 = DEFINITIONAL_REPRESENTATION('',(#7315),#7319);
#7315 = LINE('',#7316,#7317);
#7316 = CARTESIAN_POINT('',(9.9,-6.));
#7317 = VECTOR('',#7318,1.);
#7318 = DIRECTION('',(1.,0.));
#7319 = ( GEOMETRIC_REPRESENTATION_CONTEXT(2) 
PARAMETRIC_REPRESENTATION_CONTEXT() REPRESENTATION_CONTEXT('2D SPACE',''
  ) );
#7320 = PCURVE('',#7238,#7321);
#7321 = DEFINITIONAL_REPRESENTATION('',(#7322),#7326);
#7322 = LINE('',#7323,#7324);
#7323 = CARTESIAN_POINT('',(-0.,0.));
#7324 = VECTOR('',#7325,1.);
#7325 = DIRECTION('',(-0.,1.));
#7326 = ( GEOMETRIC_REPRESENTATION_CONTEXT(2) 
PARAMETRIC_REPRESENTATION_CONTEXT() REPRESENTATION_CONTEXT('2D SPACE',''
  ) );
#7327 = ORIENTED_EDGE('',*,*,#6866,.F.);
#7328 = ORIENTED_EDGE('',*,*,#7329,.F.);
#7329 = EDGE_CURVE('',#7278,#6838,#7330,.T.);
#7330 = SURFACE_CURVE('',#7331,(#7335,#7342),.PCURVE_S1.);
#7331 = LINE('',#7332,#7333);
#7332 = CARTESIAN_POINT('',(-63.9,24.,19.3));
#7333 = VECTOR('',#7334,1.);
#7334 = DIRECTION('',(0.,-1.,0.));
#7335 = PCURVE('',#6882,#7336);
#7336 = DEFINITIONAL_REPRESENTATION('',(#7337),#7341);
#7337 = LINE('',#7338,#7339);
#7338 = CARTESIAN_POINT('',(9.9,-0.3));
#7339 = VECTOR('',#7340,1.);
#7340 = DIRECTION('',(1.,0.));
#7341 = ( GEOMETRIC_REPRESENTATION_CONTEXT(2) 
PARAMETRIC_REPRESENTATION_CONTEXT() REPRESENTATION_CONTEXT('2D SPACE',''
  ) );
#7342 = PCURVE('',#7182,#7343);
#7343 = DEFINITIONAL_REPRESENTATION('',(#7344),#7348);
#7344 = LINE('',#7345,#7346);
#7345 = CARTESIAN_POINT('',(-5.248159098455E-33,-0.212132034356));
#7346 = VECTOR('',#7347,1.);
#7347 = DIRECTION('',(-1.,0.));
#7348 = ( GEOMETRIC_REPRESENTATION_CONTEXT(2) 
PARAMETRIC_REPRESENTATION_CONTEXT() REPRESENTATION_CONTEXT('2D SPACE',''
  ) );
#7349 = ADVANCED_FACE('',(#7350,#7513,#8187),#6990,.F.);
#7350 = FACE_BOUND('',#7351,.F.);
#7351 = EDGE_LOOP('',(#7352,#7353,#7377,#7405,#7434,#7462,#7491,#7512));
#7352 = ORIENTED_EDGE('',*,*,#6976,.T.);
#7353 = ORIENTED_EDGE('',*,*,#7354,.T.);
#7354 = EDGE_CURVE('',#6949,#7355,#7357,.T.);
#7355 = VERTEX_POINT('',#7356);
#7356 = CARTESIAN_POINT('',(63.6,-24.,19.));
#7357 = SURFACE_CURVE('',#7358,(#7363,#7370),.PCURVE_S1.);
#7358 = CIRCLE('',#7359,9.6);
#7359 = AXIS2_PLACEMENT_3D('',#7360,#7361,#7362);
#7360 = CARTESIAN_POINT('',(54.,-24.,19.));
#7361 = DIRECTION('',(0.,0.,1.));
#7362 = DIRECTION('',(0.,-1.,0.));
#7363 = PCURVE('',#6990,#7364);
#7364 = DEFINITIONAL_REPRESENTATION('',(#7365),#7369);
#7365 = CIRCLE('',#7366,9.6);
#7366 = AXIS2_PLACEMENT_2D('',#7367,#7368);
#7367 = CARTESIAN_POINT('',(54.,-24.));
#7368 = DIRECTION('',(0.,-1.));
#7369 = ( GEOMETRIC_REPRESENTATION_CONTEXT(2) 
PARAMETRIC_REPRESENTATION_CONTEXT() REPRESENTATION_CONTEXT('2D SPACE',''
  ) );
#7370 = PCURVE('',#6964,#7371);
#7371 = DEFINITIONAL_REPRESENTATION('',(#7372),#7376);
#7372 = LINE('',#7373,#7374);
#7373 = CARTESIAN_POINT('',(0.,-0.3));
#7374 = VECTOR('',#7375,1.);
#7375 = DIRECTION('',(1.,-0.));
#7376 = ( GEOMETRIC_REPRESENTATION_CONTEXT(2) 
PARAMETRIC_REPRESENTATION_CONTEXT() REPRESENTATION_CONTEXT('2D SPACE',''
  ) );
#7377 = ORIENTED_EDGE('',*,*,#7378,.T.);
#7378 = EDGE_CURVE('',#7355,#7379,#7381,.T.);
#7379 = VERTEX_POINT('',#7380);
#7380 = CARTESIAN_POINT('',(63.6,24.,19.));
#7381 = SURFACE_CURVE('',#7382,(#7386,#7393),.PCURVE_S1.);
#7382 = LINE('',#7383,#7384);
#7383 = CARTESIAN_POINT('',(63.6,-24.,19.));
#7384 = VECTOR('',#7385,1.);
#7385 = DIRECTION('',(0.,1.,0.));
#7386 = PCURVE('',#6990,#7387);
#7387 = DEFINITIONAL_REPRESENTATION('',(#7388),#7392);
#7388 = LINE('',#7389,#7390);
#7389 = CARTESIAN_POINT('',(63.6,-24.));
#7390 = VECTOR('',#7391,1.);
#7391 = DIRECTION('',(0.,1.));
#7392 = ( GEOMETRIC_REPRESENTATION_CONTEXT(2) 
PARAMETRIC_REPRESENTATION_CONTEXT() REPRESENTATION_CONTEXT('2D SPACE',''
  ) );
#7393 = PCURVE('',#7394,#7399);
#7394 = PLANE('',#7395);
#7395 = AXIS2_PLACEMENT_3D('',#7396,#7397,#7398);
#7396 = CARTESIAN_POINT('',(63.75,-24.,19.15));
#7397 = DIRECTION('',(0.707106781187,3.472568050348E-18,-0.707106781187)
  );
#7398 = DIRECTION('',(2.455476416533E-18,-1.,-2.455476416532E-18));
#7399 = DEFINITIONAL_REPRESENTATION('',(#7400),#7404);
#7400 = LINE('',#7401,#7402);
#7401 = CARTESIAN_POINT('',(-3.466673899897E-33,0.212132034356));
#7402 = VECTOR('',#7403,1.);
#7403 = DIRECTION('',(-1.,0.));
#7404 = ( GEOMETRIC_REPRESENTATION_CONTEXT(2) 
PARAMETRIC_REPRESENTATION_CONTEXT() REPRESENTATION_CONTEXT('2D SPACE',''
  ) );
#7405 = ORIENTED_EDGE('',*,*,#7406,.T.);
#7406 = EDGE_CURVE('',#7379,#7407,#7409,.T.);
#7407 = VERTEX_POINT('',#7408);
#7408 = CARTESIAN_POINT('',(54.,33.6,19.));
#7409 = SURFACE_CURVE('',#7410,(#7415,#7422),.PCURVE_S1.);
#7410 = CIRCLE('',#7411,9.6);
#7411 = AXIS2_PLACEMENT_3D('',#7412,#7413,#7414);
#7412 = CARTESIAN_POINT('',(54.,24.,19.));
#7413 = DIRECTION('',(0.,0.,1.));
#7414 = DIRECTION('',(1.,0.,-0.));
#7415 = PCURVE('',#6990,#7416);
#7416 = DEFINITIONAL_REPRESENTATION('',(#7417),#7421);
#7417 = CIRCLE('',#7418,9.6);
#7418 = AXIS2_PLACEMENT_2D('',#7419,#7420);
#7419 = CARTESIAN_POINT('',(54.,24.));
#7420 = DIRECTION('',(1.,0.));
#7421 = ( GEOMETRIC_REPRESENTATION_CONTEXT(2) 
PARAMETRIC_REPRESENTATION_CONTEXT() REPRESENTATION_CONTEXT('2D SPACE',''
  ) );
#7422 = PCURVE('',#7423,#7428);
#7423 = CONICAL_SURFACE('',#7424,9.9,0.785398163397);
#7424 = AXIS2_PLACEMENT_3D('',#7425,#7426,#7427);
#7425 = CARTESIAN_POINT('',(54.,24.,19.3));
#7426 = DIRECTION('',(0.,0.,1.));
#7427 = DIRECTION('',(1.,0.,-0.));
#7428 = DEFINITIONAL_REPRESENTATION('',(#7429),#7433);
#7429 = LINE('',#7430,#7431);
#7430 = CARTESIAN_POINT('',(0.,-0.3));
#7431 = VECTOR('',#7432,1.);
#7432 = DIRECTION('',(1.,-0.));
#7433 = ( GEOMETRIC_REPRESENTATION_CONTEXT(2) 
PARAMETRIC_REPRESENTATION_CONTEXT() REPRESENTATION_CONTEXT('2D SPACE',''
  ) );
#7434 = ORIENTED_EDGE('',*,*,#7435,.T.);
#7435 = EDGE_CURVE('',#7407,#7436,#7438,.T.);
#7436 = VERTEX_POINT('',#7437);
#7437 = CARTESIAN_POINT('',(-54.,33.6,19.));
#7438 = SURFACE_CURVE('',#7439,(#7443,#7450),.PCURVE_S1.);
#7439 = LINE('',#7440,#7441);
#7440 = CARTESIAN_POINT('',(54.,33.6,19.));
#7441 = VECTOR('',#7442,1.);
#7442 = DIRECTION('',(-1.,0.,0.));
#7443 = PCURVE('',#6990,#7444);
#7444 = DEFINITIONAL_REPRESENTATION('',(#7445),#7449);
#7445 = LINE('',#7446,#7447);
#7446 = CARTESIAN_POINT('',(54.,33.6));
#7447 = VECTOR('',#7448,1.);
#7448 = DIRECTION('',(-1.,0.));
#7449 = ( GEOMETRIC_REPRESENTATION_CONTEXT(2) 
PARAMETRIC_REPRESENTATION_CONTEXT() REPRESENTATION_CONTEXT('2D SPACE',''
  ) );
#7450 = PCURVE('',#7451,#7456);
#7451 = PLANE('',#7452);
#7452 = AXIS2_PLACEMENT_3D('',#7453,#7454,#7455);
#7453 = CARTESIAN_POINT('',(54.,33.75,19.15));
#7454 = DIRECTION('',(-3.472568050348E-18,0.707106781187,-0.707106781187
    ));
#7455 = DIRECTION('',(1.,2.455476416533E-18,-2.455476416532E-18));
#7456 = DEFINITIONAL_REPRESENTATION('',(#7457),#7461);
#7457 = LINE('',#7458,#7459);
#7458 = CARTESIAN_POINT('',(-3.466673899897E-33,0.212132034356));
#7459 = VECTOR('',#7460,1.);
#7460 = DIRECTION('',(-1.,0.));
#7461 = ( GEOMETRIC_REPRESENTATION_CONTEXT(2) 
PARAMETRIC_REPRESENTATION_CONTEXT() REPRESENTATION_CONTEXT('2D SPACE',''
  ) );
#7462 = ORIENTED_EDGE('',*,*,#7463,.T.);
#7463 = EDGE_CURVE('',#7436,#7464,#7466,.T.);
#7464 = VERTEX_POINT('',#7465);
#7465 = CARTESIAN_POINT('',(-63.6,24.,19.));
#7466 = SURFACE_CURVE('',#7467,(#7472,#7479),.PCURVE_S1.);
#7467 = CIRCLE('',#7468,9.6);
#7468 = AXIS2_PLACEMENT_3D('',#7469,#7470,#7471);
#7469 = CARTESIAN_POINT('',(-54.,24.,19.));
#7470 = DIRECTION('',(0.,-0.,1.));
#7471 = DIRECTION('',(0.,1.,0.));
#7472 = PCURVE('',#6990,#7473);
#7473 = DEFINITIONAL_REPRESENTATION('',(#7474),#7478);
#7474 = CIRCLE('',#7475,9.6);
#7475 = AXIS2_PLACEMENT_2D('',#7476,#7477);
#7476 = CARTESIAN_POINT('',(-54.,24.));
#7477 = DIRECTION('',(0.,1.));
#7478 = ( GEOMETRIC_REPRESENTATION_CONTEXT(2) 
PARAMETRIC_REPRESENTATION_CONTEXT() REPRESENTATION_CONTEXT('2D SPACE',''
  ) );
#7479 = PCURVE('',#7480,#7485);
#7480 = CONICAL_SURFACE('',#7481,9.9,0.785398163397);
#7481 = AXIS2_PLACEMENT_3D('',#7482,#7483,#7484);
#7482 = CARTESIAN_POINT('',(-54.,24.,19.3));
#7483 = DIRECTION('',(0.,0.,1.));
#7484 = DIRECTION('',(0.,1.,0.));
#7485 = DEFINITIONAL_REPRESENTATION('',(#7486),#7490);
#7486 = LINE('',#7487,#7488);
#7487 = CARTESIAN_POINT('',(0.,-0.3));
#7488 = VECTOR('',#7489,1.);
#7489 = DIRECTION('',(1.,-0.));
#7490 = ( GEOMETRIC_REPRESENTATION_CONTEXT(2) 
PARAMETRIC_REPRESENTATION_CONTEXT() REPRESENTATION_CONTEXT('2D SPACE',''
  ) );
#7491 = ORIENTED_EDGE('',*,*,#7492,.T.);
#7492 = EDGE_CURVE('',#7464,#7167,#7493,.T.);
#7493 = SURFACE_CURVE('',#7494,(#7498,#7505),.PCURVE_S1.);
#7494 = LINE('',#7495,#7496);
#7495 = CARTESIAN_POINT('',(-63.6,24.,19.));
#7496 = VECTOR('',#7497,1.);
#7497 = DIRECTION('',(0.,-1.,0.));
#7498 = PCURVE('',#6990,#7499);
#7499 = DEFINITIONAL_REPRESENTATION('',(#7500),#7504);
#7500 = LINE('',#7501,#7502);
#7501 = CARTESIAN_POINT('',(-63.6,24.));
#7502 = VECTOR('',#7503,1.);
#7503 = DIRECTION('',(0.,-1.));
#7504 = ( GEOMETRIC_REPRESENTATION_CONTEXT(2) 
PARAMETRIC_REPRESENTATION_CONTEXT() REPRESENTATION_CONTEXT('2D SPACE',''
  ) );
#7505 = PCURVE('',#7182,#7506);
#7506 = DEFINITIONAL_REPRESENTATION('',(#7507),#7511);
#7507 = LINE('',#7508,#7509);
#7508 = CARTESIAN_POINT('',(-3.466673899897E-33,0.212132034356));
#7509 = VECTOR('',#7510,1.);
#7510 = DIRECTION('',(-1.,0.));
#7511 = ( GEOMETRIC_REPRESENTATION_CONTEXT(2) 
PARAMETRIC_REPRESENTATION_CONTEXT() REPRESENTATION_CONTEXT('2D SPACE',''
  ) );
#7512 = ORIENTED_EDGE('',*,*,#7196,.T.);
#7513 = FACE_BOUND('',#7514,.F.);
#7514 = EDGE_LOOP('',(#7515,#7545,#7578,#7611,#7639,#7667,#7696,#7729,
    #7753,#7781,#7809,#7842,#7871,#7899,#7928,#7961,#7989,#8018,#8046,
    #8075,#8103,#8132,#8160));
#7515 = ORIENTED_EDGE('',*,*,#7516,.F.);
#7516 = EDGE_CURVE('',#7517,#7519,#7521,.T.);
#7517 = VERTEX_POINT('',#7518);
#7518 = CARTESIAN_POINT('',(-54.,-30.35,19.));
#7519 = VERTEX_POINT('',#7520);
#7520 = CARTESIAN_POINT('',(54.,-30.35,19.));
#7521 = SURFACE_CURVE('',#7522,(#7526,#7533),.PCURVE_S1.);
#7522 = LINE('',#7523,#7524);
#7523 = CARTESIAN_POINT('',(-60.35,-30.35,19.));
#7524 = VECTOR('',#7525,1.);
#7525 = DIRECTION('',(1.,0.,0.));
#7526 = PCURVE('',#6990,#7527);
#7527 = DEFINITIONAL_REPRESENTATION('',(#7528),#7532);
#7528 = LINE('',#7529,#7530);
#7529 = CARTESIAN_POINT('',(-60.35,-30.35));
#7530 = VECTOR('',#7531,1.);
#7531 = DIRECTION('',(1.,0.));
#7532 = ( GEOMETRIC_REPRESENTATION_CONTEXT(2) 
PARAMETRIC_REPRESENTATION_CONTEXT() REPRESENTATION_CONTEXT('2D SPACE',''
  ) );
#7533 = PCURVE('',#7534,#7539);
#7534 = PLANE('',#7535);
#7535 = AXIS2_PLACEMENT_3D('',#7536,#7537,#7538);
#7536 = CARTESIAN_POINT('',(-60.35,-30.35,16.));
#7537 = DIRECTION('',(0.,1.,0.));
#7538 = DIRECTION('',(1.,0.,0.));
#7539 = DEFINITIONAL_REPRESENTATION('',(#7540),#7544);
#7540 = LINE('',#7541,#7542);
#7541 = CARTESIAN_POINT('',(0.,-3.));
#7542 = VECTOR('',#7543,1.);
#7543 = DIRECTION('',(1.,0.));
#7544 = ( GEOMETRIC_REPRESENTATION_CONTEXT(2) 
PARAMETRIC_REPRESENTATION_CONTEXT() REPRESENTATION_CONTEXT('2D SPACE',''
  ) );
#7545 = ORIENTED_EDGE('',*,*,#7546,.T.);
#7546 = EDGE_CURVE('',#7517,#7547,#7549,.T.);
#7547 = VERTEX_POINT('',#7548);
#7548 = CARTESIAN_POINT('',(-57.10470018687,-29.53925416907,19.));
#7549 = SURFACE_CURVE('',#7550,(#7555,#7566),.PCURVE_S1.);
#7550 = CIRCLE('',#7551,6.35);
#7551 = AXIS2_PLACEMENT_3D('',#7552,#7553,#7554);
#7552 = CARTESIAN_POINT('',(-54.,-24.,19.));
#7553 = DIRECTION('',(-0.,-0.,-1.));
#7554 = DIRECTION('',(0.,-1.,0.));
#7555 = PCURVE('',#6990,#7556);
#7556 = DEFINITIONAL_REPRESENTATION('',(#7557),#7565);
#7557 = ( BOUNDED_CURVE() B_SPLINE_CURVE(2,(#7558,#7559,#7560,#7561,
#7562,#7563,#7564),.UNSPECIFIED.,.T.,.F.) B_SPLINE_CURVE_WITH_KNOTS((1,2
    ,2,2,2,1),(-2.094395102393,0.,2.094395102393,4.188790204786,
6.28318530718,8.377580409573),.UNSPECIFIED.) CURVE() 
GEOMETRIC_REPRESENTATION_ITEM() RATIONAL_B_SPLINE_CURVE((1.,0.5,1.,0.5,
1.,0.5,1.)) REPRESENTATION_ITEM('') );
#7558 = CARTESIAN_POINT('',(-54.,-30.35));
#7559 = CARTESIAN_POINT('',(-64.99852262806,-30.35));
#7560 = CARTESIAN_POINT('',(-59.49926131403,-20.825));
#7561 = CARTESIAN_POINT('',(-54.,-11.3));
#7562 = CARTESIAN_POINT('',(-48.50073868596,-20.825));
#7563 = CARTESIAN_POINT('',(-43.00147737193,-30.35));
#7564 = CARTESIAN_POINT('',(-54.,-30.35));
#7565 = ( GEOMETRIC_REPRESENTATION_CONTEXT(2) 
PARAMETRIC_REPRESENTATION_CONTEXT() REPRESENTATION_CONTEXT('2D SPACE',''
  ) );
#7566 = PCURVE('',#7567,#7572);
#7567 = CYLINDRICAL_SURFACE('',#7568,6.35);
#7568 = AXIS2_PLACEMENT_3D('',#7569,#7570,#7571);
#7569 = CARTESIAN_POINT('',(-54.,-24.,16.));
#7570 = DIRECTION('',(0.,0.,1.));
#7571 = DIRECTION('',(0.,-1.,0.));
#7572 = DEFINITIONAL_REPRESENTATION('',(#7573),#7577);
#7573 = LINE('',#7574,#7575);
#7574 = CARTESIAN_POINT('',(-0.,3.));
#7575 = VECTOR('',#7576,1.);
#7576 = DIRECTION('',(-1.,0.));
#7577 = ( GEOMETRIC_REPRESENTATION_CONTEXT(2) 
PARAMETRIC_REPRESENTATION_CONTEXT() REPRESENTATION_CONTEXT('2D SPACE',''
  ) );
#7578 = ORIENTED_EDGE('',*,*,#7579,.T.);
#7579 = EDGE_CURVE('',#7547,#7580,#7582,.T.);
#7580 = VERTEX_POINT('',#7581);
#7581 = CARTESIAN_POINT('',(-59.39586743405,-27.34770288916,19.));
#7582 = SURFACE_CURVE('',#7583,(#7588,#7599),.PCURVE_S1.);
#7583 = CIRCLE('',#7584,1.6);
#7584 = AXIS2_PLACEMENT_3D('',#7585,#7586,#7587);
#7585 = CARTESIAN_POINT('',(-58.4,-28.6,19.));
#7586 = DIRECTION('',(0.,0.,-1.));
#7587 = DIRECTION('',(1.,0.,0.));
#7588 = PCURVE('',#6990,#7589);
#7589 = DEFINITIONAL_REPRESENTATION('',(#7590),#7598);
#7590 = ( BOUNDED_CURVE() B_SPLINE_CURVE(2,(#7591,#7592,#7593,#7594,
#7595,#7596,#7597),.UNSPECIFIED.,.T.,.F.) B_SPLINE_CURVE_WITH_KNOTS((1,2
    ,2,2,2,1),(-2.094395102393,0.,2.094395102393,4.188790204786,
6.28318530718,8.377580409573),.UNSPECIFIED.) CURVE() 
GEOMETRIC_REPRESENTATION_ITEM() RATIONAL_B_SPLINE_CURVE((1.,0.5,1.,0.5,
1.,0.5,1.)) REPRESENTATION_ITEM('') );
#7591 = CARTESIAN_POINT('',(-56.8,-28.6));
#7592 = CARTESIAN_POINT('',(-56.8,-31.37128129211));
#7593 = CARTESIAN_POINT('',(-59.2,-29.98564064605));
#7594 = CARTESIAN_POINT('',(-61.6,-28.6));
#7595 = CARTESIAN_POINT('',(-59.2,-27.21435935394));
#7596 = CARTESIAN_POINT('',(-56.8,-25.82871870789));
#7597 = CARTESIAN_POINT('',(-56.8,-28.6));
#7598 = ( GEOMETRIC_REPRESENTATION_CONTEXT(2) 
PARAMETRIC_REPRESENTATION_CONTEXT() REPRESENTATION_CONTEXT('2D SPACE',''
  ) );
#7599 = PCURVE('',#7600,#7605);
#7600 = CYLINDRICAL_SURFACE('',#7601,1.6);
#7601 = AXIS2_PLACEMENT_3D('',#7602,#7603,#7604);
#7602 = CARTESIAN_POINT('',(-58.4,-28.6,18.9));
#7603 = DIRECTION('',(-0.,-0.,-1.));
#7604 = DIRECTION('',(1.,0.,0.));
#7605 = DEFINITIONAL_REPRESENTATION('',(#7606),#7610);
#7606 = LINE('',#7607,#7608);
#7607 = CARTESIAN_POINT('',(-12.56637061435,-0.1));
#7608 = VECTOR('',#7609,1.);
#7609 = DIRECTION('',(1.,-0.));
#7610 = ( GEOMETRIC_REPRESENTATION_CONTEXT(2) 
PARAMETRIC_REPRESENTATION_CONTEXT() REPRESENTATION_CONTEXT('2D SPACE',''
  ) );
#7611 = ORIENTED_EDGE('',*,*,#7612,.T.);
#7612 = EDGE_CURVE('',#7580,#7613,#7615,.T.);
#7613 = VERTEX_POINT('',#7614);
#7614 = CARTESIAN_POINT('',(-60.35,-24.,19.));
#7615 = SURFACE_CURVE('',#7616,(#7621,#7632),.PCURVE_S1.);
#7616 = CIRCLE('',#7617,6.35);
#7617 = AXIS2_PLACEMENT_3D('',#7618,#7619,#7620);
#7618 = CARTESIAN_POINT('',(-54.,-24.,19.));
#7619 = DIRECTION('',(-0.,-0.,-1.));
#7620 = DIRECTION('',(0.,-1.,0.));
#7621 = PCURVE('',#6990,#7622);
#7622 = DEFINITIONAL_REPRESENTATION('',(#7623),#7631);
#7623 = ( BOUNDED_CURVE() B_SPLINE_CURVE(2,(#7624,#7625,#7626,#7627,
#7628,#7629,#7630),.UNSPECIFIED.,.T.,.F.) B_SPLINE_CURVE_WITH_KNOTS((1,2
    ,2,2,2,1),(-2.094395102393,0.,2.094395102393,4.188790204786,
6.28318530718,8.377580409573),.UNSPECIFIED.) CURVE() 
GEOMETRIC_REPRESENTATION_ITEM() RATIONAL_B_SPLINE_CURVE((1.,0.5,1.,0.5,
1.,0.5,1.)) REPRESENTATION_ITEM('') );
#7624 = CARTESIAN_POINT('',(-54.,-30.35));
#7625 = CARTESIAN_POINT('',(-64.99852262806,-30.35));
#7626 = CARTESIAN_POINT('',(-59.49926131403,-20.825));
#7627 = CARTESIAN_POINT('',(-54.,-11.3));
#7628 = CARTESIAN_POINT('',(-48.50073868596,-20.825));
#7629 = CARTESIAN_POINT('',(-43.00147737193,-30.35));
#7630 = CARTESIAN_POINT('',(-54.,-30.35));
#7631 = ( GEOMETRIC_REPRESENTATION_CONTEXT(2) 
PARAMETRIC_REPRESENTATION_CONTEXT() REPRESENTATION_CONTEXT('2D SPACE',''
  ) );
#7632 = PCURVE('',#7567,#7633);
#7633 = DEFINITIONAL_REPRESENTATION('',(#7634),#7638);
#7634 = LINE('',#7635,#7636);
#7635 = CARTESIAN_POINT('',(-0.,3.));
#7636 = VECTOR('',#7637,1.);
#7637 = DIRECTION('',(-1.,0.));
#7638 = ( GEOMETRIC_REPRESENTATION_CONTEXT(2) 
PARAMETRIC_REPRESENTATION_CONTEXT() REPRESENTATION_CONTEXT('2D SPACE',''
  ) );
#7639 = ORIENTED_EDGE('',*,*,#7640,.F.);
#7640 = EDGE_CURVE('',#7641,#7613,#7643,.T.);
#7641 = VERTEX_POINT('',#7642);
#7642 = CARTESIAN_POINT('',(-60.35,24.,19.));
#7643 = SURFACE_CURVE('',#7644,(#7648,#7655),.PCURVE_S1.);
#7644 = LINE('',#7645,#7646);
#7645 = CARTESIAN_POINT('',(-60.35,30.35,19.));
#7646 = VECTOR('',#7647,1.);
#7647 = DIRECTION('',(0.,-1.,0.));
#7648 = PCURVE('',#6990,#7649);
#7649 = DEFINITIONAL_REPRESENTATION('',(#7650),#7654);
#7650 = LINE('',#7651,#7652);
#7651 = CARTESIAN_POINT('',(-60.35,30.35));
#7652 = VECTOR('',#7653,1.);
#7653 = DIRECTION('',(0.,-1.));
#7654 = ( GEOMETRIC_REPRESENTATION_CONTEXT(2) 
PARAMETRIC_REPRESENTATION_CONTEXT() REPRESENTATION_CONTEXT('2D SPACE',''
  ) );
#7655 = PCURVE('',#7656,#7661);
#7656 = PLANE('',#7657);
#7657 = AXIS2_PLACEMENT_3D('',#7658,#7659,#7660);
#7658 = CARTESIAN_POINT('',(-60.35,30.35,16.));
#7659 = DIRECTION('',(1.,0.,-0.));
#7660 = DIRECTION('',(0.,-1.,0.));
#7661 = DEFINITIONAL_REPRESENTATION('',(#7662),#7666);
#7662 = LINE('',#7663,#7664);
#7663 = CARTESIAN_POINT('',(0.,-3.));
#7664 = VECTOR('',#7665,1.);
#7665 = DIRECTION('',(1.,0.));
#7666 = ( GEOMETRIC_REPRESENTATION_CONTEXT(2) 
PARAMETRIC_REPRESENTATION_CONTEXT() REPRESENTATION_CONTEXT('2D SPACE',''
  ) );
#7667 = ORIENTED_EDGE('',*,*,#7668,.F.);
#7668 = EDGE_CURVE('',#7669,#7641,#7671,.T.);
#7669 = VERTEX_POINT('',#7670);
#7670 = CARTESIAN_POINT('',(-59.39586743405,27.347702889168,19.));
#7671 = SURFACE_CURVE('',#7672,(#7677,#7684),.PCURVE_S1.);
#7672 = CIRCLE('',#7673,6.35);
#7673 = AXIS2_PLACEMENT_3D('',#7674,#7675,#7676);
#7674 = CARTESIAN_POINT('',(-54.,24.,19.));
#7675 = DIRECTION('',(0.,0.,1.));
#7676 = DIRECTION('',(0.,-1.,0.));
#7677 = PCURVE('',#6990,#7678);
#7678 = DEFINITIONAL_REPRESENTATION('',(#7679),#7683);
#7679 = CIRCLE('',#7680,6.35);
#7680 = AXIS2_PLACEMENT_2D('',#7681,#7682);
#7681 = CARTESIAN_POINT('',(-54.,24.));
#7682 = DIRECTION('',(0.,-1.));
#7683 = ( GEOMETRIC_REPRESENTATION_CONTEXT(2) 
PARAMETRIC_REPRESENTATION_CONTEXT() REPRESENTATION_CONTEXT('2D SPACE',''
  ) );
#7684 = PCURVE('',#7685,#7690);
#7685 = CYLINDRICAL_SURFACE('',#7686,6.35);
#7686 = AXIS2_PLACEMENT_3D('',#7687,#7688,#7689);
#7687 = CARTESIAN_POINT('',(-54.,24.,16.));
#7688 = DIRECTION('',(0.,0.,1.));
#7689 = DIRECTION('',(-0.,1.,0.));
#7690 = DEFINITIONAL_REPRESENTATION('',(#7691),#7695);
#7691 = LINE('',#7692,#7693);
#7692 = CARTESIAN_POINT('',(-3.14159265359,3.));
#7693 = VECTOR('',#7694,1.);
#7694 = DIRECTION('',(1.,0.));
#7695 = ( GEOMETRIC_REPRESENTATION_CONTEXT(2) 
PARAMETRIC_REPRESENTATION_CONTEXT() REPRESENTATION_CONTEXT('2D SPACE',''
  ) );
#7696 = ORIENTED_EDGE('',*,*,#7697,.T.);
#7697 = EDGE_CURVE('',#7669,#7698,#7700,.T.);
#7698 = VERTEX_POINT('',#7699);
#7699 = CARTESIAN_POINT('',(-57.10470018687,29.539254169074,19.));
#7700 = SURFACE_CURVE('',#7701,(#7706,#7717),.PCURVE_S1.);
#7701 = CIRCLE('',#7702,1.6);
#7702 = AXIS2_PLACEMENT_3D('',#7703,#7704,#7705);
#7703 = CARTESIAN_POINT('',(-58.4,28.6,19.));
#7704 = DIRECTION('',(0.,0.,-1.));
#7705 = DIRECTION('',(1.,0.,0.));
#7706 = PCURVE('',#6990,#7707);
#7707 = DEFINITIONAL_REPRESENTATION('',(#7708),#7716);
#7708 = ( BOUNDED_CURVE() B_SPLINE_CURVE(2,(#7709,#7710,#7711,#7712,
#7713,#7714,#7715),.UNSPECIFIED.,.T.,.F.) B_SPLINE_CURVE_WITH_KNOTS((1,2
    ,2,2,2,1),(-2.094395102393,0.,2.094395102393,4.188790204786,
6.28318530718,8.377580409573),.UNSPECIFIED.) CURVE() 
GEOMETRIC_REPRESENTATION_ITEM() RATIONAL_B_SPLINE_CURVE((1.,0.5,1.,0.5,
1.,0.5,1.)) REPRESENTATION_ITEM('') );
#7709 = CARTESIAN_POINT('',(-56.8,28.6));
#7710 = CARTESIAN_POINT('',(-56.8,25.82871870789));
#7711 = CARTESIAN_POINT('',(-59.2,27.214359353945));
#7712 = CARTESIAN_POINT('',(-61.6,28.6));
#7713 = CARTESIAN_POINT('',(-59.2,29.985640646055));
#7714 = CARTESIAN_POINT('',(-56.8,31.37128129211));
#7715 = CARTESIAN_POINT('',(-56.8,28.6));
#7716 = ( GEOMETRIC_REPRESENTATION_CONTEXT(2) 
PARAMETRIC_REPRESENTATION_CONTEXT() REPRESENTATION_CONTEXT('2D SPACE',''
  ) );
#7717 = PCURVE('',#7718,#7723);
#7718 = CYLINDRICAL_SURFACE('',#7719,1.6);
#7719 = AXIS2_PLACEMENT_3D('',#7720,#7721,#7722);
#7720 = CARTESIAN_POINT('',(-58.4,28.6,18.9));
#7721 = DIRECTION('',(-0.,-0.,-1.));
#7722 = DIRECTION('',(1.,0.,0.));
#7723 = DEFINITIONAL_REPRESENTATION('',(#7724),#7728);
#7724 = LINE('',#7725,#7726);
#7725 = CARTESIAN_POINT('',(-12.56637061435,-0.1));
#7726 = VECTOR('',#7727,1.);
#7727 = DIRECTION('',(1.,-0.));
#7728 = ( GEOMETRIC_REPRESENTATION_CONTEXT(2) 
PARAMETRIC_REPRESENTATION_CONTEXT() REPRESENTATION_CONTEXT('2D SPACE',''
  ) );
#7729 = ORIENTED_EDGE('',*,*,#7730,.F.);
#7730 = EDGE_CURVE('',#7731,#7698,#7733,.T.);
#7731 = VERTEX_POINT('',#7732);
#7732 = CARTESIAN_POINT('',(-54.,30.35,19.));
#7733 = SURFACE_CURVE('',#7734,(#7739,#7746),.PCURVE_S1.);
#7734 = CIRCLE('',#7735,6.35);
#7735 = AXIS2_PLACEMENT_3D('',#7736,#7737,#7738);
#7736 = CARTESIAN_POINT('',(-54.,24.,19.));
#7737 = DIRECTION('',(0.,0.,1.));
#7738 = DIRECTION('',(0.,-1.,0.));
#7739 = PCURVE('',#6990,#7740);
#7740 = DEFINITIONAL_REPRESENTATION('',(#7741),#7745);
#7741 = CIRCLE('',#7742,6.35);
#7742 = AXIS2_PLACEMENT_2D('',#7743,#7744);
#7743 = CARTESIAN_POINT('',(-54.,24.));
#7744 = DIRECTION('',(0.,-1.));
#7745 = ( GEOMETRIC_REPRESENTATION_CONTEXT(2) 
PARAMETRIC_REPRESENTATION_CONTEXT() REPRESENTATION_CONTEXT('2D SPACE',''
  ) );
#7746 = PCURVE('',#7685,#7747);
#7747 = DEFINITIONAL_REPRESENTATION('',(#7748),#7752);
#7748 = LINE('',#7749,#7750);
#7749 = CARTESIAN_POINT('',(-3.14159265359,3.));
#7750 = VECTOR('',#7751,1.);
#7751 = DIRECTION('',(1.,0.));
#7752 = ( GEOMETRIC_REPRESENTATION_CONTEXT(2) 
PARAMETRIC_REPRESENTATION_CONTEXT() REPRESENTATION_CONTEXT('2D SPACE',''
  ) );
#7753 = ORIENTED_EDGE('',*,*,#7754,.F.);
#7754 = EDGE_CURVE('',#7755,#7731,#7757,.T.);
#7755 = VERTEX_POINT('',#7756);
#7756 = CARTESIAN_POINT('',(28.765,30.35,19.));
#7757 = SURFACE_CURVE('',#7758,(#7762,#7769),.PCURVE_S1.);
#7758 = LINE('',#7759,#7760);
#7759 = CARTESIAN_POINT('',(60.35,30.35,19.));
#7760 = VECTOR('',#7761,1.);
#7761 = DIRECTION('',(-1.,0.,0.));
#7762 = PCURVE('',#6990,#7763);
#7763 = DEFINITIONAL_REPRESENTATION('',(#7764),#7768);
#7764 = LINE('',#7765,#7766);
#7765 = CARTESIAN_POINT('',(60.35,30.35));
#7766 = VECTOR('',#7767,1.);
#7767 = DIRECTION('',(-1.,0.));
#7768 = ( GEOMETRIC_REPRESENTATION_CONTEXT(2) 
PARAMETRIC_REPRESENTATION_CONTEXT() REPRESENTATION_CONTEXT('2D SPACE',''
  ) );
#7769 = PCURVE('',#7770,#7775);
#7770 = PLANE('',#7771);
#7771 = AXIS2_PLACEMENT_3D('',#7772,#7773,#7774);
#7772 = CARTESIAN_POINT('',(60.35,30.35,16.));
#7773 = DIRECTION('',(0.,-1.,0.));
#7774 = DIRECTION('',(-1.,0.,0.));
#7775 = DEFINITIONAL_REPRESENTATION('',(#7776),#7780);
#7776 = LINE('',#7777,#7778);
#7777 = CARTESIAN_POINT('',(0.,-3.));
#7778 = VECTOR('',#7779,1.);
#7779 = DIRECTION('',(1.,0.));
#7780 = ( GEOMETRIC_REPRESENTATION_CONTEXT(2) 
PARAMETRIC_REPRESENTATION_CONTEXT() REPRESENTATION_CONTEXT('2D SPACE',''
  ) );
#7781 = ORIENTED_EDGE('',*,*,#7782,.F.);
#7782 = EDGE_CURVE('',#7783,#7755,#7785,.T.);
#7783 = VERTEX_POINT('',#7784);
#7784 = CARTESIAN_POINT('',(28.765,29.617238909991,19.));
#7785 = SURFACE_CURVE('',#7786,(#7790,#7797),.PCURVE_S1.);
#7786 = LINE('',#7787,#7788);
#7787 = CARTESIAN_POINT('',(28.765,16.25,19.));
#7788 = VECTOR('',#7789,1.);
#7789 = DIRECTION('',(-0.,1.,0.));
#7790 = PCURVE('',#6990,#7791);
#7791 = DEFINITIONAL_REPRESENTATION('',(#7792),#7796);
#7792 = LINE('',#7793,#7794);
#7793 = CARTESIAN_POINT('',(28.765,16.25));
#7794 = VECTOR('',#7795,1.);
#7795 = DIRECTION('',(0.,1.));
#7796 = ( GEOMETRIC_REPRESENTATION_CONTEXT(2) 
PARAMETRIC_REPRESENTATION_CONTEXT() REPRESENTATION_CONTEXT('2D SPACE',''
  ) );
#7797 = PCURVE('',#7798,#7803);
#7798 = PLANE('',#7799);
#7799 = AXIS2_PLACEMENT_3D('',#7800,#7801,#7802);
#7800 = CARTESIAN_POINT('',(28.765,32.5,15.9));
#7801 = DIRECTION('',(1.,0.,-0.));
#7802 = DIRECTION('',(0.,-1.,0.));
#7803 = DEFINITIONAL_REPRESENTATION('',(#7804),#7808);
#7804 = LINE('',#7805,#7806);
#7805 = CARTESIAN_POINT('',(16.25,-3.1));
#7806 = VECTOR('',#7807,1.);
#7807 = DIRECTION('',(-1.,-0.));
#7808 = ( GEOMETRIC_REPRESENTATION_CONTEXT(2) 
PARAMETRIC_REPRESENTATION_CONTEXT() REPRESENTATION_CONTEXT('2D SPACE',''
  ) );
#7809 = ORIENTED_EDGE('',*,*,#7810,.T.);
#7810 = EDGE_CURVE('',#7783,#7811,#7813,.T.);
#7811 = VERTEX_POINT('',#7812);
#7812 = CARTESIAN_POINT('',(27.498438683239,27.000311316761,19.));
#7813 = SURFACE_CURVE('',#7814,(#7819,#7830),.PCURVE_S1.);
#7814 = CIRCLE('',#7815,1.6);
#7815 = AXIS2_PLACEMENT_3D('',#7816,#7817,#7818);
#7816 = CARTESIAN_POINT('',(27.53,28.6,19.));
#7817 = DIRECTION('',(0.,0.,-1.));
#7818 = DIRECTION('',(1.,0.,0.));
#7819 = PCURVE('',#6990,#7820);
#7820 = DEFINITIONAL_REPRESENTATION('',(#7821),#7829);
#7821 = ( BOUNDED_CURVE() B_SPLINE_CURVE(2,(#7822,#7823,#7824,#7825,
#7826,#7827,#7828),.UNSPECIFIED.,.T.,.F.) B_SPLINE_CURVE_WITH_KNOTS((1,2
    ,2,2,2,1),(-2.094395102393,0.,2.094395102393,4.188790204786,
6.28318530718,8.377580409573),.UNSPECIFIED.) CURVE() 
GEOMETRIC_REPRESENTATION_ITEM() RATIONAL_B_SPLINE_CURVE((1.,0.5,1.,0.5,
1.,0.5,1.)) REPRESENTATION_ITEM('') );
#7822 = CARTESIAN_POINT('',(29.13,28.6));
#7823 = CARTESIAN_POINT('',(29.13,25.82871870789));
#7824 = CARTESIAN_POINT('',(26.73,27.214359353945));
#7825 = CARTESIAN_POINT('',(24.33,28.6));
#7826 = CARTESIAN_POINT('',(26.73,29.985640646055));
#7827 = CARTESIAN_POINT('',(29.13,31.37128129211));
#7828 = CARTESIAN_POINT('',(29.13,28.6));
#7829 = ( GEOMETRIC_REPRESENTATION_CONTEXT(2) 
PARAMETRIC_REPRESENTATION_CONTEXT() REPRESENTATION_CONTEXT('2D SPACE',''
  ) );
#7830 = PCURVE('',#7831,#7836);
#7831 = CYLINDRICAL_SURFACE('',#7832,1.6);
#7832 = AXIS2_PLACEMENT_3D('',#7833,#7834,#7835);
#7833 = CARTESIAN_POINT('',(27.53,28.6,18.9));
#7834 = DIRECTION('',(-0.,-0.,-1.));
#7835 = DIRECTION('',(1.,0.,0.));
#7836 = DEFINITIONAL_REPRESENTATION('',(#7837),#7841);
#7837 = LINE('',#7838,#7839);
#7838 = CARTESIAN_POINT('',(-12.56637061435,-0.1));
#7839 = VECTOR('',#7840,1.);
#7840 = DIRECTION('',(1.,-0.));
#7841 = ( GEOMETRIC_REPRESENTATION_CONTEXT(2) 
PARAMETRIC_REPRESENTATION_CONTEXT() REPRESENTATION_CONTEXT('2D SPACE',''
  ) );
#7842 = ORIENTED_EDGE('',*,*,#7843,.F.);
#7843 = EDGE_CURVE('',#7844,#7811,#7846,.T.);
#7844 = VERTEX_POINT('',#7845);
#7845 = CARTESIAN_POINT('',(27.63,26.2,19.));
#7846 = SURFACE_CURVE('',#7847,(#7852,#7859),.PCURVE_S1.);
#7847 = CIRCLE('',#7848,2.5);
#7848 = AXIS2_PLACEMENT_3D('',#7849,#7850,#7851);
#7849 = CARTESIAN_POINT('',(25.13,26.2,19.));
#7850 = DIRECTION('',(0.,0.,1.));
#7851 = DIRECTION('',(1.,0.,-0.));
#7852 = PCURVE('',#6990,#7853);
#7853 = DEFINITIONAL_REPRESENTATION('',(#7854),#7858);
#7854 = CIRCLE('',#7855,2.5);
#7855 = AXIS2_PLACEMENT_2D('',#7856,#7857);
#7856 = CARTESIAN_POINT('',(25.13,26.2));
#7857 = DIRECTION('',(1.,0.));
#7858 = ( GEOMETRIC_REPRESENTATION_CONTEXT(2) 
PARAMETRIC_REPRESENTATION_CONTEXT() REPRESENTATION_CONTEXT('2D SPACE',''
  ) );
#7859 = PCURVE('',#7860,#7865);
#7860 = CYLINDRICAL_SURFACE('',#7861,2.5);
#7861 = AXIS2_PLACEMENT_3D('',#7862,#7863,#7864);
#7862 = CARTESIAN_POINT('',(25.13,26.2,18.9));
#7863 = DIRECTION('',(0.,0.,1.));
#7864 = DIRECTION('',(1.,0.,-0.));
#7865 = DEFINITIONAL_REPRESENTATION('',(#7866),#7870);
#7866 = LINE('',#7867,#7868);
#7867 = CARTESIAN_POINT('',(0.,0.1));
#7868 = VECTOR('',#7869,1.);
#7869 = DIRECTION('',(1.,0.));
#7870 = ( GEOMETRIC_REPRESENTATION_CONTEXT(2) 
PARAMETRIC_REPRESENTATION_CONTEXT() REPRESENTATION_CONTEXT('2D SPACE',''
  ) );
#7871 = ORIENTED_EDGE('',*,*,#7872,.T.);
#7872 = EDGE_CURVE('',#7844,#7873,#7875,.T.);
#7873 = VERTEX_POINT('',#7874);
#7874 = CARTESIAN_POINT('',(27.63,-26.2,19.));
#7875 = SURFACE_CURVE('',#7876,(#7880,#7887),.PCURVE_S1.);
#7876 = LINE('',#7877,#7878);
#7877 = CARTESIAN_POINT('',(27.63,-14.35,19.));
#7878 = VECTOR('',#7879,1.);
#7879 = DIRECTION('',(0.,-1.,0.));
#7880 = PCURVE('',#6990,#7881);
#7881 = DEFINITIONAL_REPRESENTATION('',(#7882),#7886);
#7882 = LINE('',#7883,#7884);
#7883 = CARTESIAN_POINT('',(27.63,-14.35));
#7884 = VECTOR('',#7885,1.);
#7885 = DIRECTION('',(0.,-1.));
#7886 = ( GEOMETRIC_REPRESENTATION_CONTEXT(2) 
PARAMETRIC_REPRESENTATION_CONTEXT() REPRESENTATION_CONTEXT('2D SPACE',''
  ) );
#7887 = PCURVE('',#7888,#7893);
#7888 = PLANE('',#7889);
#7889 = AXIS2_PLACEMENT_3D('',#7890,#7891,#7892);
#7890 = CARTESIAN_POINT('',(27.63,-28.7,18.9));
#7891 = DIRECTION('',(-1.,0.,0.));
#7892 = DIRECTION('',(0.,1.,0.));
#7893 = DEFINITIONAL_REPRESENTATION('',(#7894),#7898);
#7894 = LINE('',#7895,#7896);
#7895 = CARTESIAN_POINT('',(14.35,-0.1));
#7896 = VECTOR('',#7897,1.);
#7897 = DIRECTION('',(-1.,0.));
#7898 = ( GEOMETRIC_REPRESENTATION_CONTEXT(2) 
PARAMETRIC_REPRESENTATION_CONTEXT() REPRESENTATION_CONTEXT('2D SPACE',''
  ) );
#7899 = ORIENTED_EDGE('',*,*,#7900,.F.);
#7900 = EDGE_CURVE('',#7901,#7873,#7903,.T.);
#7901 = VERTEX_POINT('',#7902);
#7902 = CARTESIAN_POINT('',(27.498438683239,-27.00031131676,19.));
#7903 = SURFACE_CURVE('',#7904,(#7909,#7916),.PCURVE_S1.);
#7904 = CIRCLE('',#7905,2.5);
#7905 = AXIS2_PLACEMENT_3D('',#7906,#7907,#7908);
#7906 = CARTESIAN_POINT('',(25.13,-26.2,19.));
#7907 = DIRECTION('',(0.,0.,1.));
#7908 = DIRECTION('',(0.,-1.,0.));
#7909 = PCURVE('',#6990,#7910);
#7910 = DEFINITIONAL_REPRESENTATION('',(#7911),#7915);
#7911 = CIRCLE('',#7912,2.5);
#7912 = AXIS2_PLACEMENT_2D('',#7913,#7914);
#7913 = CARTESIAN_POINT('',(25.13,-26.2));
#7914 = DIRECTION('',(0.,-1.));
#7915 = ( GEOMETRIC_REPRESENTATION_CONTEXT(2) 
PARAMETRIC_REPRESENTATION_CONTEXT() REPRESENTATION_CONTEXT('2D SPACE',''
  ) );
#7916 = PCURVE('',#7917,#7922);
#7917 = CYLINDRICAL_SURFACE('',#7918,2.5);
#7918 = AXIS2_PLACEMENT_3D('',#7919,#7920,#7921);
#7919 = CARTESIAN_POINT('',(25.13,-26.2,18.9));
#7920 = DIRECTION('',(0.,0.,1.));
#7921 = DIRECTION('',(0.,-1.,0.));
#7922 = DEFINITIONAL_REPRESENTATION('',(#7923),#7927);
#7923 = LINE('',#7924,#7925);
#7924 = CARTESIAN_POINT('',(0.,0.1));
#7925 = VECTOR('',#7926,1.);
#7926 = DIRECTION('',(1.,0.));
#7927 = ( GEOMETRIC_REPRESENTATION_CONTEXT(2) 
PARAMETRIC_REPRESENTATION_CONTEXT() REPRESENTATION_CONTEXT('2D SPACE',''
  ) );
#7928 = ORIENTED_EDGE('',*,*,#7929,.T.);
#7929 = EDGE_CURVE('',#7901,#7930,#7932,.T.);
#7930 = VERTEX_POINT('',#7931);
#7931 = CARTESIAN_POINT('',(29.122953232207,-28.75,19.));
#7932 = SURFACE_CURVE('',#7933,(#7938,#7949),.PCURVE_S1.);
#7933 = CIRCLE('',#7934,1.6);
#7934 = AXIS2_PLACEMENT_3D('',#7935,#7936,#7937);
#7935 = CARTESIAN_POINT('',(27.53,-28.6,19.));
#7936 = DIRECTION('',(0.,0.,-1.));
#7937 = DIRECTION('',(1.,0.,0.));
#7938 = PCURVE('',#6990,#7939);
#7939 = DEFINITIONAL_REPRESENTATION('',(#7940),#7948);
#7940 = ( BOUNDED_CURVE() B_SPLINE_CURVE(2,(#7941,#7942,#7943,#7944,
#7945,#7946,#7947),.UNSPECIFIED.,.T.,.F.) B_SPLINE_CURVE_WITH_KNOTS((1,2
    ,2,2,2,1),(-2.094395102393,0.,2.094395102393,4.188790204786,
6.28318530718,8.377580409573),.UNSPECIFIED.) CURVE() 
GEOMETRIC_REPRESENTATION_ITEM() RATIONAL_B_SPLINE_CURVE((1.,0.5,1.,0.5,
1.,0.5,1.)) REPRESENTATION_ITEM('') );
#7941 = CARTESIAN_POINT('',(29.13,-28.6));
#7942 = CARTESIAN_POINT('',(29.13,-31.37128129211));
#7943 = CARTESIAN_POINT('',(26.73,-29.98564064605));
#7944 = CARTESIAN_POINT('',(24.33,-28.6));
#7945 = CARTESIAN_POINT('',(26.73,-27.21435935394));
#7946 = CARTESIAN_POINT('',(29.13,-25.82871870789));
#7947 = CARTESIAN_POINT('',(29.13,-28.6));
#7948 = ( GEOMETRIC_REPRESENTATION_CONTEXT(2) 
PARAMETRIC_REPRESENTATION_CONTEXT() REPRESENTATION_CONTEXT('2D SPACE',''
  ) );
#7949 = PCURVE('',#7950,#7955);
#7950 = CYLINDRICAL_SURFACE('',#7951,1.6);
#7951 = AXIS2_PLACEMENT_3D('',#7952,#7953,#7954);
#7952 = CARTESIAN_POINT('',(27.53,-28.6,18.9));
#7953 = DIRECTION('',(-0.,-0.,-1.));
#7954 = DIRECTION('',(1.,0.,0.));
#7955 = DEFINITIONAL_REPRESENTATION('',(#7956),#7960);
#7956 = LINE('',#7957,#7958);
#7957 = CARTESIAN_POINT('',(-12.56637061435,-0.1));
#7958 = VECTOR('',#7959,1.);
#7959 = DIRECTION('',(1.,-0.));
#7960 = ( GEOMETRIC_REPRESENTATION_CONTEXT(2) 
PARAMETRIC_REPRESENTATION_CONTEXT() REPRESENTATION_CONTEXT('2D SPACE',''
  ) );
#7961 = ORIENTED_EDGE('',*,*,#7962,.F.);
#7962 = EDGE_CURVE('',#7963,#7930,#7965,.T.);
#7963 = VERTEX_POINT('',#7964);
#7964 = CARTESIAN_POINT('',(54.,-28.75,19.));
#7965 = SURFACE_CURVE('',#7966,(#7970,#7977),.PCURVE_S1.);
#7966 = LINE('',#7967,#7968);
#7967 = CARTESIAN_POINT('',(-29.375,-28.75,19.));
#7968 = VECTOR('',#7969,1.);
#7969 = DIRECTION('',(-1.,0.,0.));
#7970 = PCURVE('',#6990,#7971);
#7971 = DEFINITIONAL_REPRESENTATION('',(#7972),#7976);
#7972 = LINE('',#7973,#7974);
#7973 = CARTESIAN_POINT('',(-29.375,-28.75));
#7974 = VECTOR('',#7975,1.);
#7975 = DIRECTION('',(-1.,0.));
#7976 = ( GEOMETRIC_REPRESENTATION_CONTEXT(2) 
PARAMETRIC_REPRESENTATION_CONTEXT() REPRESENTATION_CONTEXT('2D SPACE',''
  ) );
#7977 = PCURVE('',#7978,#7983);
#7978 = PLANE('',#7979);
#7979 = AXIS2_PLACEMENT_3D('',#7980,#7981,#7982);
#7980 = CARTESIAN_POINT('',(-58.75,-28.75,15.9));
#7981 = DIRECTION('',(0.,1.,0.));
#7982 = DIRECTION('',(1.,0.,0.));
#7983 = DEFINITIONAL_REPRESENTATION('',(#7984),#7988);
#7984 = LINE('',#7985,#7986);
#7985 = CARTESIAN_POINT('',(29.375,-3.1));
#7986 = VECTOR('',#7987,1.);
#7987 = DIRECTION('',(-1.,0.));
#7988 = ( GEOMETRIC_REPRESENTATION_CONTEXT(2) 
PARAMETRIC_REPRESENTATION_CONTEXT() REPRESENTATION_CONTEXT('2D SPACE',''
  ) );
#7989 = ORIENTED_EDGE('',*,*,#7990,.T.);
#7990 = EDGE_CURVE('',#7963,#7991,#7993,.T.);
#7991 = VERTEX_POINT('',#7992);
#7992 = CARTESIAN_POINT('',(58.75,-24.,19.));
#7993 = SURFACE_CURVE('',#7994,(#7999,#8006),.PCURVE_S1.);
#7994 = CIRCLE('',#7995,4.75);
#7995 = AXIS2_PLACEMENT_3D('',#7996,#7997,#7998);
#7996 = CARTESIAN_POINT('',(54.,-24.,19.));
#7997 = DIRECTION('',(0.,0.,1.));
#7998 = DIRECTION('',(0.,-1.,0.));
#7999 = PCURVE('',#6990,#8000);
#8000 = DEFINITIONAL_REPRESENTATION('',(#8001),#8005);
#8001 = CIRCLE('',#8002,4.75);
#8002 = AXIS2_PLACEMENT_2D('',#8003,#8004);
#8003 = CARTESIAN_POINT('',(54.,-24.));
#8004 = DIRECTION('',(0.,-1.));
#8005 = ( GEOMETRIC_REPRESENTATION_CONTEXT(2) 
PARAMETRIC_REPRESENTATION_CONTEXT() REPRESENTATION_CONTEXT('2D SPACE',''
  ) );
#8006 = PCURVE('',#8007,#8012);
#8007 = CYLINDRICAL_SURFACE('',#8008,4.75);
#8008 = AXIS2_PLACEMENT_3D('',#8009,#8010,#8011);
#8009 = CARTESIAN_POINT('',(54.,-24.,15.9));
#8010 = DIRECTION('',(0.,0.,1.));
#8011 = DIRECTION('',(0.,-1.,0.));
#8012 = DEFINITIONAL_REPRESENTATION('',(#8013),#8017);
#8013 = LINE('',#8014,#8015);
#8014 = CARTESIAN_POINT('',(0.,3.1));
#8015 = VECTOR('',#8016,1.);
#8016 = DIRECTION('',(1.,0.));
#8017 = ( GEOMETRIC_REPRESENTATION_CONTEXT(2) 
PARAMETRIC_REPRESENTATION_CONTEXT() REPRESENTATION_CONTEXT('2D SPACE',''
  ) );
#8018 = ORIENTED_EDGE('',*,*,#8019,.F.);
#8019 = EDGE_CURVE('',#8020,#7991,#8022,.T.);
#8020 = VERTEX_POINT('',#8021);
#8021 = CARTESIAN_POINT('',(58.75,24.,19.));
#8022 = SURFACE_CURVE('',#8023,(#8027,#8034),.PCURVE_S1.);
#8023 = LINE('',#8024,#8025);
#8024 = CARTESIAN_POINT('',(58.75,-14.375,19.));
#8025 = VECTOR('',#8026,1.);
#8026 = DIRECTION('',(0.,-1.,0.));
#8027 = PCURVE('',#6990,#8028);
#8028 = DEFINITIONAL_REPRESENTATION('',(#8029),#8033);
#8029 = LINE('',#8030,#8031);
#8030 = CARTESIAN_POINT('',(58.75,-14.375));
#8031 = VECTOR('',#8032,1.);
#8032 = DIRECTION('',(0.,-1.));
#8033 = ( GEOMETRIC_REPRESENTATION_CONTEXT(2) 
PARAMETRIC_REPRESENTATION_CONTEXT() REPRESENTATION_CONTEXT('2D SPACE',''
  ) );
#8034 = PCURVE('',#8035,#8040);
#8035 = PLANE('',#8036);
#8036 = AXIS2_PLACEMENT_3D('',#8037,#8038,#8039);
#8037 = CARTESIAN_POINT('',(58.75,-28.75,15.9));
#8038 = DIRECTION('',(-1.,0.,0.));
#8039 = DIRECTION('',(0.,1.,0.));
#8040 = DEFINITIONAL_REPRESENTATION('',(#8041),#8045);
#8041 = LINE('',#8042,#8043);
#8042 = CARTESIAN_POINT('',(14.375,-3.1));
#8043 = VECTOR('',#8044,1.);
#8044 = DIRECTION('',(-1.,0.));
#8045 = ( GEOMETRIC_REPRESENTATION_CONTEXT(2) 
PARAMETRIC_REPRESENTATION_CONTEXT() REPRESENTATION_CONTEXT('2D SPACE',''
  ) );
#8046 = ORIENTED_EDGE('',*,*,#8047,.T.);
#8047 = EDGE_CURVE('',#8020,#8048,#8050,.T.);
#8048 = VERTEX_POINT('',#8049);
#8049 = CARTESIAN_POINT('',(58.723610906923,24.5,19.));
#8050 = SURFACE_CURVE('',#8051,(#8056,#8063),.PCURVE_S1.);
#8051 = CIRCLE('',#8052,4.75);
#8052 = AXIS2_PLACEMENT_3D('',#8053,#8054,#8055);
#8053 = CARTESIAN_POINT('',(54.,24.,19.));
#8054 = DIRECTION('',(0.,0.,1.));
#8055 = DIRECTION('',(1.,0.,-0.));
#8056 = PCURVE('',#6990,#8057);
#8057 = DEFINITIONAL_REPRESENTATION('',(#8058),#8062);
#8058 = CIRCLE('',#8059,4.75);
#8059 = AXIS2_PLACEMENT_2D('',#8060,#8061);
#8060 = CARTESIAN_POINT('',(54.,24.));
#8061 = DIRECTION('',(1.,0.));
#8062 = ( GEOMETRIC_REPRESENTATION_CONTEXT(2) 
PARAMETRIC_REPRESENTATION_CONTEXT() REPRESENTATION_CONTEXT('2D SPACE',''
  ) );
#8063 = PCURVE('',#8064,#8069);
#8064 = CYLINDRICAL_SURFACE('',#8065,4.75);
#8065 = AXIS2_PLACEMENT_3D('',#8066,#8067,#8068);
#8066 = CARTESIAN_POINT('',(54.,24.,15.9));
#8067 = DIRECTION('',(0.,0.,1.));
#8068 = DIRECTION('',(1.,0.,-0.));
#8069 = DEFINITIONAL_REPRESENTATION('',(#8070),#8074);
#8070 = LINE('',#8071,#8072);
#8071 = CARTESIAN_POINT('',(0.,3.1));
#8072 = VECTOR('',#8073,1.);
#8073 = DIRECTION('',(1.,0.));
#8074 = ( GEOMETRIC_REPRESENTATION_CONTEXT(2) 
PARAMETRIC_REPRESENTATION_CONTEXT() REPRESENTATION_CONTEXT('2D SPACE',''
  ) );
#8075 = ORIENTED_EDGE('',*,*,#8076,.F.);
#8076 = EDGE_CURVE('',#8077,#8048,#8079,.T.);
#8077 = VERTEX_POINT('',#8078);
#8078 = CARTESIAN_POINT('',(60.330284353803,24.5,19.));
#8079 = SURFACE_CURVE('',#8080,(#8084,#8091),.PCURVE_S1.);
#8080 = LINE('',#8081,#8082);
#8081 = CARTESIAN_POINT('',(14.3825,24.5,19.));
#8082 = VECTOR('',#8083,1.);
#8083 = DIRECTION('',(-1.,0.,0.));
#8084 = PCURVE('',#6990,#8085);
#8085 = DEFINITIONAL_REPRESENTATION('',(#8086),#8090);
#8086 = LINE('',#8087,#8088);
#8087 = CARTESIAN_POINT('',(14.3825,24.5));
#8088 = VECTOR('',#8089,1.);
#8089 = DIRECTION('',(-1.,0.));
#8090 = ( GEOMETRIC_REPRESENTATION_CONTEXT(2) 
PARAMETRIC_REPRESENTATION_CONTEXT() REPRESENTATION_CONTEXT('2D SPACE',''
  ) );
#8091 = PCURVE('',#8092,#8097);
#8092 = PLANE('',#8093);
#8093 = AXIS2_PLACEMENT_3D('',#8094,#8095,#8096);
#8094 = CARTESIAN_POINT('',(28.765,24.5,15.9));
#8095 = DIRECTION('',(0.,1.,0.));
#8096 = DIRECTION('',(1.,0.,0.));
#8097 = DEFINITIONAL_REPRESENTATION('',(#8098),#8102);
#8098 = LINE('',#8099,#8100);
#8099 = CARTESIAN_POINT('',(-14.3825,-3.1));
#8100 = VECTOR('',#8101,1.);
#8101 = DIRECTION('',(-1.,0.));
#8102 = ( GEOMETRIC_REPRESENTATION_CONTEXT(2) 
PARAMETRIC_REPRESENTATION_CONTEXT() REPRESENTATION_CONTEXT('2D SPACE',''
  ) );
#8103 = ORIENTED_EDGE('',*,*,#8104,.F.);
#8104 = EDGE_CURVE('',#8105,#8077,#8107,.T.);
#8105 = VERTEX_POINT('',#8106);
#8106 = CARTESIAN_POINT('',(60.35,24.,19.));
#8107 = SURFACE_CURVE('',#8108,(#8113,#8120),.PCURVE_S1.);
#8108 = CIRCLE('',#8109,6.35);
#8109 = AXIS2_PLACEMENT_3D('',#8110,#8111,#8112);
#8110 = CARTESIAN_POINT('',(54.,24.,19.));
#8111 = DIRECTION('',(0.,0.,1.));
#8112 = DIRECTION('',(0.,-1.,0.));
#8113 = PCURVE('',#6990,#8114);
#8114 = DEFINITIONAL_REPRESENTATION('',(#8115),#8119);
#8115 = CIRCLE('',#8116,6.35);
#8116 = AXIS2_PLACEMENT_2D('',#8117,#8118);
#8117 = CARTESIAN_POINT('',(54.,24.));
#8118 = DIRECTION('',(0.,-1.));
#8119 = ( GEOMETRIC_REPRESENTATION_CONTEXT(2) 
PARAMETRIC_REPRESENTATION_CONTEXT() REPRESENTATION_CONTEXT('2D SPACE',''
  ) );
#8120 = PCURVE('',#8121,#8126);
#8121 = CYLINDRICAL_SURFACE('',#8122,6.35);
#8122 = AXIS2_PLACEMENT_3D('',#8123,#8124,#8125);
#8123 = CARTESIAN_POINT('',(54.,24.,16.));
#8124 = DIRECTION('',(0.,0.,1.));
#8125 = DIRECTION('',(1.,0.,-0.));
#8126 = DEFINITIONAL_REPRESENTATION('',(#8127),#8131);
#8127 = LINE('',#8128,#8129);
#8128 = CARTESIAN_POINT('',(-1.570796326795,3.));
#8129 = VECTOR('',#8130,1.);
#8130 = DIRECTION('',(1.,0.));
#8131 = ( GEOMETRIC_REPRESENTATION_CONTEXT(2) 
PARAMETRIC_REPRESENTATION_CONTEXT() REPRESENTATION_CONTEXT('2D SPACE',''
  ) );
#8132 = ORIENTED_EDGE('',*,*,#8133,.F.);
#8133 = EDGE_CURVE('',#8134,#8105,#8136,.T.);
#8134 = VERTEX_POINT('',#8135);
#8135 = CARTESIAN_POINT('',(60.35,-24.,19.));
#8136 = SURFACE_CURVE('',#8137,(#8141,#8148),.PCURVE_S1.);
#8137 = LINE('',#8138,#8139);
#8138 = CARTESIAN_POINT('',(60.35,-30.35,19.));
#8139 = VECTOR('',#8140,1.);
#8140 = DIRECTION('',(0.,1.,0.));
#8141 = PCURVE('',#6990,#8142);
#8142 = DEFINITIONAL_REPRESENTATION('',(#8143),#8147);
#8143 = LINE('',#8144,#8145);
#8144 = CARTESIAN_POINT('',(60.35,-30.35));
#8145 = VECTOR('',#8146,1.);
#8146 = DIRECTION('',(0.,1.));
#8147 = ( GEOMETRIC_REPRESENTATION_CONTEXT(2) 
PARAMETRIC_REPRESENTATION_CONTEXT() REPRESENTATION_CONTEXT('2D SPACE',''
  ) );
#8148 = PCURVE('',#8149,#8154);
#8149 = PLANE('',#8150);
#8150 = AXIS2_PLACEMENT_3D('',#8151,#8152,#8153);
#8151 = CARTESIAN_POINT('',(60.35,-30.35,16.));
#8152 = DIRECTION('',(-1.,0.,0.));
#8153 = DIRECTION('',(0.,1.,0.));
#8154 = DEFINITIONAL_REPRESENTATION('',(#8155),#8159);
#8155 = LINE('',#8156,#8157);
#8156 = CARTESIAN_POINT('',(0.,-3.));
#8157 = VECTOR('',#8158,1.);
#8158 = DIRECTION('',(1.,0.));
#8159 = ( GEOMETRIC_REPRESENTATION_CONTEXT(2) 
PARAMETRIC_REPRESENTATION_CONTEXT() REPRESENTATION_CONTEXT('2D SPACE',''
  ) );
#8160 = ORIENTED_EDGE('',*,*,#8161,.F.);
#8161 = EDGE_CURVE('',#7519,#8134,#8162,.T.);
#8162 = SURFACE_CURVE('',#8163,(#8168,#8175),.PCURVE_S1.);
#8163 = CIRCLE('',#8164,6.35);
#8164 = AXIS2_PLACEMENT_3D('',#8165,#8166,#8167);
#8165 = CARTESIAN_POINT('',(54.,-24.,19.));
#8166 = DIRECTION('',(0.,0.,1.));
#8167 = DIRECTION('',(0.,-1.,0.));
#8168 = PCURVE('',#6990,#8169);
#8169 = DEFINITIONAL_REPRESENTATION('',(#8170),#8174);
#8170 = CIRCLE('',#8171,6.35);
#8171 = AXIS2_PLACEMENT_2D('',#8172,#8173);
#8172 = CARTESIAN_POINT('',(54.,-24.));
#8173 = DIRECTION('',(0.,-1.));
#8174 = ( GEOMETRIC_REPRESENTATION_CONTEXT(2) 
PARAMETRIC_REPRESENTATION_CONTEXT() REPRESENTATION_CONTEXT('2D SPACE',''
  ) );
#8175 = PCURVE('',#8176,#8181);
#8176 = CYLINDRICAL_SURFACE('',#8177,6.35);
#8177 = AXIS2_PLACEMENT_3D('',#8178,#8179,#8180);
#8178 = CARTESIAN_POINT('',(54.,-24.,16.));
#8179 = DIRECTION('',(0.,0.,1.));
#8180 = DIRECTION('',(0.,-1.,0.));
#8181 = DEFINITIONAL_REPRESENTATION('',(#8182),#8186);
#8182 = LINE('',#8183,#8184);
#8183 = CARTESIAN_POINT('',(0.,3.));
#8184 = VECTOR('',#8185,1.);
#8185 = DIRECTION('',(1.,0.));
#8186 = ( GEOMETRIC_REPRESENTATION_CONTEXT(2) 
PARAMETRIC_REPRESENTATION_CONTEXT() REPRESENTATION_CONTEXT('2D SPACE',''
  ) );
#8187 = FACE_BOUND('',#8188,.F.);
#8188 = EDGE_LOOP('',(#8189));
#8189 = ORIENTED_EDGE('',*,*,#8190,.T.);
#8190 = EDGE_CURVE('',#8191,#8191,#8193,.T.);
#8191 = VERTEX_POINT('',#8192);
#8192 = CARTESIAN_POINT('',(48.265,1.625,19.));
#8193 = SURFACE_CURVE('',#8194,(#8199,#8210),.PCURVE_S1.);
#8194 = CIRCLE('',#8195,3.);
#8195 = AXIS2_PLACEMENT_3D('',#8196,#8197,#8198);
#8196 = CARTESIAN_POINT('',(45.265,1.625,19.));
#8197 = DIRECTION('',(0.,0.,-1.));
#8198 = DIRECTION('',(1.,0.,0.));
#8199 = PCURVE('',#6990,#8200);
#8200 = DEFINITIONAL_REPRESENTATION('',(#8201),#8209);
#8201 = ( BOUNDED_CURVE() B_SPLINE_CURVE(2,(#8202,#8203,#8204,#8205,
#8206,#8207,#8208),.UNSPECIFIED.,.T.,.F.) B_SPLINE_CURVE_WITH_KNOTS((1,2
    ,2,2,2,1),(-2.094395102393,0.,2.094395102393,4.188790204786,
6.28318530718,8.377580409573),.UNSPECIFIED.) CURVE() 
GEOMETRIC_REPRESENTATION_ITEM() RATIONAL_B_SPLINE_CURVE((1.,0.5,1.,0.5,
1.,0.5,1.)) REPRESENTATION_ITEM('') );
#8202 = CARTESIAN_POINT('',(48.265,1.625));
#8203 = CARTESIAN_POINT('',(48.265,-3.571152422707));
#8204 = CARTESIAN_POINT('',(43.765,-0.973076211353));
#8205 = CARTESIAN_POINT('',(39.265,1.625));
#8206 = CARTESIAN_POINT('',(43.765,4.223076211353));
#8207 = CARTESIAN_POINT('',(48.265,6.821152422707));
#8208 = CARTESIAN_POINT('',(48.265,1.625));
#8209 = ( GEOMETRIC_REPRESENTATION_CONTEXT(2) 
PARAMETRIC_REPRESENTATION_CONTEXT() REPRESENTATION_CONTEXT('2D SPACE',''
  ) );
#8210 = PCURVE('',#8211,#8216);
#8211 = CYLINDRICAL_SURFACE('',#8212,3.);
#8212 = AXIS2_PLACEMENT_3D('',#8213,#8214,#8215);
#8213 = CARTESIAN_POINT('',(45.265,1.625,18.9));
#8214 = DIRECTION('',(-0.,-0.,-1.));
#8215 = DIRECTION('',(1.,0.,0.));
#8216 = DEFINITIONAL_REPRESENTATION('',(#8217),#8221);
#8217 = LINE('',#8218,#8219);
#8218 = CARTESIAN_POINT('',(-6.28318530718,-0.1));
#8219 = VECTOR('',#8220,1.);
#8220 = DIRECTION('',(1.,-0.));
#8221 = ( GEOMETRIC_REPRESENTATION_CONTEXT(2) 
PARAMETRIC_REPRESENTATION_CONTEXT() REPRESENTATION_CONTEXT('2D SPACE',''
  ) );
#8222 = ADVANCED_FACE('',(#8223),#6964,.T.);
#8223 = FACE_BOUND('',#8224,.F.);
#8224 = EDGE_LOOP('',(#8225,#8226,#8227,#8248));
#8225 = ORIENTED_EDGE('',*,*,#6948,.F.);
#8226 = ORIENTED_EDGE('',*,*,#7089,.T.);
#8227 = ORIENTED_EDGE('',*,*,#8228,.T.);
#8228 = EDGE_CURVE('',#7090,#7355,#8229,.T.);
#8229 = SURFACE_CURVE('',#8230,(#8234,#8241),.PCURVE_S1.);
#8230 = LINE('',#8231,#8232);
#8231 = CARTESIAN_POINT('',(63.9,-24.,19.3));
#8232 = VECTOR('',#8233,1.);
#8233 = DIRECTION('',(-0.707106781187,4.329780281177E-17,-0.707106781187
    ));
#8234 = PCURVE('',#6964,#8235);
#8235 = DEFINITIONAL_REPRESENTATION('',(#8236),#8240);
#8236 = LINE('',#8237,#8238);
#8237 = CARTESIAN_POINT('',(1.570796326795,-0.));
#8238 = VECTOR('',#8239,1.);
#8239 = DIRECTION('',(0.,-1.));
#8240 = ( GEOMETRIC_REPRESENTATION_CONTEXT(2) 
PARAMETRIC_REPRESENTATION_CONTEXT() REPRESENTATION_CONTEXT('2D SPACE',''
  ) );
#8241 = PCURVE('',#7394,#8242);
#8242 = DEFINITIONAL_REPRESENTATION('',(#8243),#8247);
#8243 = LINE('',#8244,#8245);
#8244 = CARTESIAN_POINT('',(-5.248159098455E-33,-0.212132034356));
#8245 = VECTOR('',#8246,1.);
#8246 = DIRECTION('',(-4.329780281177E-17,1.));
#8247 = ( GEOMETRIC_REPRESENTATION_CONTEXT(2) 
PARAMETRIC_REPRESENTATION_CONTEXT() REPRESENTATION_CONTEXT('2D SPACE',''
  ) );
#8248 = ORIENTED_EDGE('',*,*,#7354,.F.);
#8249 = ADVANCED_FACE('',(#8250,#8413,#8448,#8572,#8696),#7045,.T.);
#8250 = FACE_BOUND('',#8251,.T.);
#8251 = EDGE_LOOP('',(#8252,#8253,#8277,#8305,#8334,#8362,#8391,#8412));
#8252 = ORIENTED_EDGE('',*,*,#7029,.T.);
#8253 = ORIENTED_EDGE('',*,*,#8254,.T.);
#8254 = EDGE_CURVE('',#7030,#8255,#8257,.T.);
#8255 = VERTEX_POINT('',#8256);
#8256 = CARTESIAN_POINT('',(61.9,-24.,27.));
#8257 = SURFACE_CURVE('',#8258,(#8263,#8270),.PCURVE_S1.);
#8258 = CIRCLE('',#8259,7.9);
#8259 = AXIS2_PLACEMENT_3D('',#8260,#8261,#8262);
#8260 = CARTESIAN_POINT('',(54.,-24.,27.));
#8261 = DIRECTION('',(0.,0.,1.));
#8262 = DIRECTION('',(0.,-1.,0.));
#8263 = PCURVE('',#7045,#8264);
#8264 = DEFINITIONAL_REPRESENTATION('',(#8265),#8269);
#8265 = CIRCLE('',#8266,7.9);
#8266 = AXIS2_PLACEMENT_2D('',#8267,#8268);
#8267 = CARTESIAN_POINT('',(54.,-24.));
#8268 = DIRECTION('',(0.,-1.));
#8269 = ( GEOMETRIC_REPRESENTATION_CONTEXT(2) 
PARAMETRIC_REPRESENTATION_CONTEXT() REPRESENTATION_CONTEXT('2D SPACE',''
  ) );
#8270 = PCURVE('',#7072,#8271);
#8271 = DEFINITIONAL_REPRESENTATION('',(#8272),#8276);
#8272 = LINE('',#8273,#8274);
#8273 = CARTESIAN_POINT('',(0.,1.570796326795));
#8274 = VECTOR('',#8275,1.);
#8275 = DIRECTION('',(1.,0.));
#8276 = ( GEOMETRIC_REPRESENTATION_CONTEXT(2) 
PARAMETRIC_REPRESENTATION_CONTEXT() REPRESENTATION_CONTEXT('2D SPACE',''
  ) );
#8277 = ORIENTED_EDGE('',*,*,#8278,.T.);
#8278 = EDGE_CURVE('',#8255,#8279,#8281,.T.);
#8279 = VERTEX_POINT('',#8280);
#8280 = CARTESIAN_POINT('',(61.9,24.,27.));
#8281 = SURFACE_CURVE('',#8282,(#8286,#8293),.PCURVE_S1.);
#8282 = LINE('',#8283,#8284);
#8283 = CARTESIAN_POINT('',(61.9,-24.,27.));
#8284 = VECTOR('',#8285,1.);
#8285 = DIRECTION('',(0.,1.,0.));
#8286 = PCURVE('',#7045,#8287);
#8287 = DEFINITIONAL_REPRESENTATION('',(#8288),#8292);
#8288 = LINE('',#8289,#8290);
#8289 = CARTESIAN_POINT('',(61.9,-24.));
#8290 = VECTOR('',#8291,1.);
#8291 = DIRECTION('',(0.,1.));
#8292 = ( GEOMETRIC_REPRESENTATION_CONTEXT(2) 
PARAMETRIC_REPRESENTATION_CONTEXT() REPRESENTATION_CONTEXT('2D SPACE',''
  ) );
#8293 = PCURVE('',#8294,#8299);
#8294 = CYLINDRICAL_SURFACE('',#8295,2.);
#8295 = AXIS2_PLACEMENT_3D('',#8296,#8297,#8298);
#8296 = CARTESIAN_POINT('',(61.9,-24.,25.));
#8297 = DIRECTION('',(0.,1.,0.));
#8298 = DIRECTION('',(1.,0.,-0.));
#8299 = DEFINITIONAL_REPRESENTATION('',(#8300),#8304);
#8300 = LINE('',#8301,#8302);
#8301 = CARTESIAN_POINT('',(-1.570796326795,0.));
#8302 = VECTOR('',#8303,1.);
#8303 = DIRECTION('',(-0.,1.));
#8304 = ( GEOMETRIC_REPRESENTATION_CONTEXT(2) 
PARAMETRIC_REPRESENTATION_CONTEXT() REPRESENTATION_CONTEXT('2D SPACE',''
  ) );
#8305 = ORIENTED_EDGE('',*,*,#8306,.T.);
#8306 = EDGE_CURVE('',#8279,#8307,#8309,.T.);
#8307 = VERTEX_POINT('',#8308);
#8308 = CARTESIAN_POINT('',(54.,31.9,27.));
#8309 = SURFACE_CURVE('',#8310,(#8315,#8322),.PCURVE_S1.);
#8310 = CIRCLE('',#8311,7.9);
#8311 = AXIS2_PLACEMENT_3D('',#8312,#8313,#8314);
#8312 = CARTESIAN_POINT('',(54.,24.,27.));
#8313 = DIRECTION('',(0.,0.,1.));
#8314 = DIRECTION('',(1.,0.,-0.));
#8315 = PCURVE('',#7045,#8316);
#8316 = DEFINITIONAL_REPRESENTATION('',(#8317),#8321);
#8317 = CIRCLE('',#8318,7.9);
#8318 = AXIS2_PLACEMENT_2D('',#8319,#8320);
#8319 = CARTESIAN_POINT('',(54.,24.));
#8320 = DIRECTION('',(1.,0.));
#8321 = ( GEOMETRIC_REPRESENTATION_CONTEXT(2) 
PARAMETRIC_REPRESENTATION_CONTEXT() REPRESENTATION_CONTEXT('2D SPACE',''
  ) );
#8322 = PCURVE('',#8323,#8328);
#8323 = TOROIDAL_SURFACE('',#8324,7.9,2.);
#8324 = AXIS2_PLACEMENT_3D('',#8325,#8326,#8327);
#8325 = CARTESIAN_POINT('',(54.,24.,25.));
#8326 = DIRECTION('',(0.,0.,1.));
#8327 = DIRECTION('',(1.,0.,-0.));
#8328 = DEFINITIONAL_REPRESENTATION('',(#8329),#8333);
#8329 = LINE('',#8330,#8331);
#8330 = CARTESIAN_POINT('',(0.,1.570796326795));
#8331 = VECTOR('',#8332,1.);
#8332 = DIRECTION('',(1.,0.));
#8333 = ( GEOMETRIC_REPRESENTATION_CONTEXT(2) 
PARAMETRIC_REPRESENTATION_CONTEXT() REPRESENTATION_CONTEXT('2D SPACE',''
  ) );
#8334 = ORIENTED_EDGE('',*,*,#8335,.T.);
#8335 = EDGE_CURVE('',#8307,#8336,#8338,.T.);
#8336 = VERTEX_POINT('',#8337);
#8337 = CARTESIAN_POINT('',(-54.,31.9,27.));
#8338 = SURFACE_CURVE('',#8339,(#8343,#8350),.PCURVE_S1.);
#8339 = LINE('',#8340,#8341);
#8340 = CARTESIAN_POINT('',(54.,31.9,27.));
#8341 = VECTOR('',#8342,1.);
#8342 = DIRECTION('',(-1.,0.,0.));
#8343 = PCURVE('',#7045,#8344);
#8344 = DEFINITIONAL_REPRESENTATION('',(#8345),#8349);
#8345 = LINE('',#8346,#8347);
#8346 = CARTESIAN_POINT('',(54.,31.9));
#8347 = VECTOR('',#8348,1.);
#8348 = DIRECTION('',(-1.,0.));
#8349 = ( GEOMETRIC_REPRESENTATION_CONTEXT(2) 
PARAMETRIC_REPRESENTATION_CONTEXT() REPRESENTATION_CONTEXT('2D SPACE',''
  ) );
#8350 = PCURVE('',#8351,#8356);
#8351 = CYLINDRICAL_SURFACE('',#8352,2.);
#8352 = AXIS2_PLACEMENT_3D('',#8353,#8354,#8355);
#8353 = CARTESIAN_POINT('',(54.,31.9,25.));
#8354 = DIRECTION('',(-1.,0.,0.));
#8355 = DIRECTION('',(0.,1.,-0.));
#8356 = DEFINITIONAL_REPRESENTATION('',(#8357),#8361);
#8357 = LINE('',#8358,#8359);
#8358 = CARTESIAN_POINT('',(-1.570796326795,0.));
#8359 = VECTOR('',#8360,1.);
#8360 = DIRECTION('',(-0.,1.));
#8361 = ( GEOMETRIC_REPRESENTATION_CONTEXT(2) 
PARAMETRIC_REPRESENTATION_CONTEXT() REPRESENTATION_CONTEXT('2D SPACE',''
  ) );
#8362 = ORIENTED_EDGE('',*,*,#8363,.T.);
#8363 = EDGE_CURVE('',#8336,#8364,#8366,.T.);
#8364 = VERTEX_POINT('',#8365);
#8365 = CARTESIAN_POINT('',(-61.9,24.,27.));
#8366 = SURFACE_CURVE('',#8367,(#8372,#8379),.PCURVE_S1.);
#8367 = CIRCLE('',#8368,7.9);
#8368 = AXIS2_PLACEMENT_3D('',#8369,#8370,#8371);
#8369 = CARTESIAN_POINT('',(-54.,24.,27.));
#8370 = DIRECTION('',(0.,0.,1.));
#8371 = DIRECTION('',(0.,1.,-0.));
#8372 = PCURVE('',#7045,#8373);
#8373 = DEFINITIONAL_REPRESENTATION('',(#8374),#8378);
#8374 = CIRCLE('',#8375,7.9);
#8375 = AXIS2_PLACEMENT_2D('',#8376,#8377);
#8376 = CARTESIAN_POINT('',(-54.,24.));
#8377 = DIRECTION('',(0.,1.));
#8378 = ( GEOMETRIC_REPRESENTATION_CONTEXT(2) 
PARAMETRIC_REPRESENTATION_CONTEXT() REPRESENTATION_CONTEXT('2D SPACE',''
  ) );
#8379 = PCURVE('',#8380,#8385);
#8380 = TOROIDAL_SURFACE('',#8381,7.9,2.);
#8381 = AXIS2_PLACEMENT_3D('',#8382,#8383,#8384);
#8382 = CARTESIAN_POINT('',(-54.,24.,25.));
#8383 = DIRECTION('',(0.,0.,1.));
#8384 = DIRECTION('',(0.,1.,-0.));
#8385 = DEFINITIONAL_REPRESENTATION('',(#8386),#8390);
#8386 = LINE('',#8387,#8388);
#8387 = CARTESIAN_POINT('',(0.,1.570796326795));
#8388 = VECTOR('',#8389,1.);
#8389 = DIRECTION('',(1.,0.));
#8390 = ( GEOMETRIC_REPRESENTATION_CONTEXT(2) 
PARAMETRIC_REPRESENTATION_CONTEXT() REPRESENTATION_CONTEXT('2D SPACE',''
  ) );
#8391 = ORIENTED_EDGE('',*,*,#8392,.T.);
#8392 = EDGE_CURVE('',#8364,#7222,#8393,.T.);
#8393 = SURFACE_CURVE('',#8394,(#8398,#8405),.PCURVE_S1.);
#8394 = LINE('',#8395,#8396);
#8395 = CARTESIAN_POINT('',(-61.9,24.,27.));
#8396 = VECTOR('',#8397,1.);
#8397 = DIRECTION('',(0.,-1.,0.));
#8398 = PCURVE('',#7045,#8399);
#8399 = DEFINITIONAL_REPRESENTATION('',(#8400),#8404);
#8400 = LINE('',#8401,#8402);
#8401 = CARTESIAN_POINT('',(-61.9,24.));
#8402 = VECTOR('',#8403,1.);
#8403 = DIRECTION('',(0.,-1.));
#8404 = ( GEOMETRIC_REPRESENTATION_CONTEXT(2) 
PARAMETRIC_REPRESENTATION_CONTEXT() REPRESENTATION_CONTEXT('2D SPACE',''
  ) );
#8405 = PCURVE('',#7238,#8406);
#8406 = DEFINITIONAL_REPRESENTATION('',(#8407),#8411);
#8407 = LINE('',#8408,#8409);
#8408 = CARTESIAN_POINT('',(-1.570796326795,0.));
#8409 = VECTOR('',#8410,1.);
#8410 = DIRECTION('',(-0.,1.));
#8411 = ( GEOMETRIC_REPRESENTATION_CONTEXT(2) 
PARAMETRIC_REPRESENTATION_CONTEXT() REPRESENTATION_CONTEXT('2D SPACE',''
  ) );
#8412 = ORIENTED_EDGE('',*,*,#7252,.T.);
#8413 = FACE_BOUND('',#8414,.T.);
#8414 = EDGE_LOOP('',(#8415));
#8415 = ORIENTED_EDGE('',*,*,#8416,.T.);
#8416 = EDGE_CURVE('',#8417,#8417,#8419,.T.);
#8417 = VERTEX_POINT('',#8418);
#8418 = CARTESIAN_POINT('',(-13.935,0.,27.));
#8419 = SURFACE_CURVE('',#8420,(#8425,#8436),.PCURVE_S1.);
#8420 = CIRCLE('',#8421,1.5);
#8421 = AXIS2_PLACEMENT_3D('',#8422,#8423,#8424);
#8422 = CARTESIAN_POINT('',(-15.435,0.,27.));
#8423 = DIRECTION('',(0.,0.,-1.));
#8424 = DIRECTION('',(1.,0.,0.));
#8425 = PCURVE('',#7045,#8426);
#8426 = DEFINITIONAL_REPRESENTATION('',(#8427),#8435);
#8427 = ( BOUNDED_CURVE() B_SPLINE_CURVE(2,(#8428,#8429,#8430,#8431,
#8432,#8433,#8434),.UNSPECIFIED.,.T.,.F.) B_SPLINE_CURVE_WITH_KNOTS((1,2
    ,2,2,2,1),(-2.094395102393,0.,2.094395102393,4.188790204786,
6.28318530718,8.377580409573),.UNSPECIFIED.) CURVE() 
GEOMETRIC_REPRESENTATION_ITEM() RATIONAL_B_SPLINE_CURVE((1.,0.5,1.,0.5,
1.,0.5,1.)) REPRESENTATION_ITEM('') );
#8428 = CARTESIAN_POINT('',(-13.935,0.));
#8429 = CARTESIAN_POINT('',(-13.935,-2.598076211353));
#8430 = CARTESIAN_POINT('',(-16.185,-1.299038105677));
#8431 = CARTESIAN_POINT('',(-18.435,-3.673940397442E-16));
#8432 = CARTESIAN_POINT('',(-16.185,1.299038105677));
#8433 = CARTESIAN_POINT('',(-13.935,2.598076211353));
#8434 = CARTESIAN_POINT('',(-13.935,0.));
#8435 = ( GEOMETRIC_REPRESENTATION_CONTEXT(2) 
PARAMETRIC_REPRESENTATION_CONTEXT() REPRESENTATION_CONTEXT('2D SPACE',''
  ) );
#8436 = PCURVE('',#8437,#8442);
#8437 = CYLINDRICAL_SURFACE('',#8438,1.5);
#8438 = AXIS2_PLACEMENT_3D('',#8439,#8440,#8441);
#8439 = CARTESIAN_POINT('',(-15.435,0.,26.7));
#8440 = DIRECTION('',(-0.,-0.,-1.));
#8441 = DIRECTION('',(1.,0.,0.));
#8442 = DEFINITIONAL_REPRESENTATION('',(#8443),#8447);
#8443 = LINE('',#8444,#8445);
#8444 = CARTESIAN_POINT('',(-6.28318530718,-0.3));
#8445 = VECTOR('',#8446,1.);
#8446 = DIRECTION('',(1.,-0.));
#8447 = ( GEOMETRIC_REPRESENTATION_CONTEXT(2) 
PARAMETRIC_REPRESENTATION_CONTEXT() REPRESENTATION_CONTEXT('2D SPACE',''
  ) );
#8448 = FACE_BOUND('',#8449,.T.);
#8449 = EDGE_LOOP('',(#8450,#8480,#8513,#8541));
#8450 = ORIENTED_EDGE('',*,*,#8451,.T.);
#8451 = EDGE_CURVE('',#8452,#8454,#8456,.T.);
#8452 = VERTEX_POINT('',#8453);
#8453 = CARTESIAN_POINT('',(-13.4848401164,2.785116950583,27.));
#8454 = VERTEX_POINT('',#8455);
#8455 = CARTESIAN_POINT('',(-12.3376872437,4.423421039161,27.));
#8456 = SURFACE_CURVE('',#8457,(#8461,#8468),.PCURVE_S1.);
#8457 = LINE('',#8458,#8459);
#8458 = CARTESIAN_POINT('',(-12.89602022805,3.626038900458,27.));
#8459 = VECTOR('',#8460,1.);
#8460 = DIRECTION('',(0.573576436351,0.819152044289,-0.));
#8461 = PCURVE('',#7045,#8462);
#8462 = DEFINITIONAL_REPRESENTATION('',(#8463),#8467);
#8463 = LINE('',#8464,#8465);
#8464 = CARTESIAN_POINT('',(-12.89602022805,3.626038900458));
#8465 = VECTOR('',#8466,1.);
#8466 = DIRECTION('',(0.573576436351,0.819152044289));
#8467 = ( GEOMETRIC_REPRESENTATION_CONTEXT(2) 
PARAMETRIC_REPRESENTATION_CONTEXT() REPRESENTATION_CONTEXT('2D SPACE',''
  ) );
#8468 = PCURVE('',#8469,#8474);
#8469 = PLANE('',#8470);
#8470 = AXIS2_PLACEMENT_3D('',#8471,#8472,#8473);
#8471 = CARTESIAN_POINT('',(-15.435,1.7763568394E-15,26.7));
#8472 = DIRECTION('',(0.819152044289,-0.573576436351,0.));
#8473 = DIRECTION('',(0.573576436351,0.819152044289,0.));
#8474 = DEFINITIONAL_REPRESENTATION('',(#8475),#8479);
#8475 = LINE('',#8476,#8477);
#8476 = CARTESIAN_POINT('',(4.426576147539,0.3));
#8477 = VECTOR('',#8478,1.);
#8478 = DIRECTION('',(1.,0.));
#8479 = ( GEOMETRIC_REPRESENTATION_CONTEXT(2) 
PARAMETRIC_REPRESENTATION_CONTEXT() REPRESENTATION_CONTEXT('2D SPACE',''
  ) );
#8480 = ORIENTED_EDGE('',*,*,#8481,.T.);
#8481 = EDGE_CURVE('',#8454,#8482,#8484,.T.);
#8482 = VERTEX_POINT('',#8483);
#8483 = CARTESIAN_POINT('',(-12.3376872437,-4.423421039161,27.));
#8484 = SURFACE_CURVE('',#8485,(#8490,#8501),.PCURVE_S1.);
#8485 = CIRCLE('',#8486,5.4);
#8486 = AXIS2_PLACEMENT_3D('',#8487,#8488,#8489);
#8487 = CARTESIAN_POINT('',(-15.435,0.,27.));
#8488 = DIRECTION('',(0.,0.,-1.));
#8489 = DIRECTION('',(1.,0.,0.));
#8490 = PCURVE('',#7045,#8491);
#8491 = DEFINITIONAL_REPRESENTATION('',(#8492),#8500);
#8492 = ( BOUNDED_CURVE() B_SPLINE_CURVE(2,(#8493,#8494,#8495,#8496,
#8497,#8498,#8499),.UNSPECIFIED.,.T.,.F.) B_SPLINE_CURVE_WITH_KNOTS((1,2
    ,2,2,2,1),(-2.094395102393,0.,2.094395102393,4.188790204786,
6.28318530718,8.377580409573),.UNSPECIFIED.) CURVE() 
GEOMETRIC_REPRESENTATION_ITEM() RATIONAL_B_SPLINE_CURVE((1.,0.5,1.,0.5,
1.,0.5,1.)) REPRESENTATION_ITEM('') );
#8493 = CARTESIAN_POINT('',(-10.035,0.));
#8494 = CARTESIAN_POINT('',(-10.035,-9.353074360872));
#8495 = CARTESIAN_POINT('',(-18.135,-4.676537180436));
#8496 = CARTESIAN_POINT('',(-26.235,-1.322618543079E-15));
#8497 = CARTESIAN_POINT('',(-18.135,4.676537180436));
#8498 = CARTESIAN_POINT('',(-10.035,9.353074360872));
#8499 = CARTESIAN_POINT('',(-10.035,0.));
#8500 = ( GEOMETRIC_REPRESENTATION_CONTEXT(2) 
PARAMETRIC_REPRESENTATION_CONTEXT() REPRESENTATION_CONTEXT('2D SPACE',''
  ) );
#8501 = PCURVE('',#8502,#8507);
#8502 = CYLINDRICAL_SURFACE('',#8503,5.4);
#8503 = AXIS2_PLACEMENT_3D('',#8504,#8505,#8506);
#8504 = CARTESIAN_POINT('',(-15.435,0.,26.7));
#8505 = DIRECTION('',(-0.,-0.,-1.));
#8506 = DIRECTION('',(1.,0.,0.));
#8507 = DEFINITIONAL_REPRESENTATION('',(#8508),#8512);
#8508 = LINE('',#8509,#8510);
#8509 = CARTESIAN_POINT('',(-12.56637061435,-0.3));
#8510 = VECTOR('',#8511,1.);
#8511 = DIRECTION('',(1.,-0.));
#8512 = ( GEOMETRIC_REPRESENTATION_CONTEXT(2) 
PARAMETRIC_REPRESENTATION_CONTEXT() REPRESENTATION_CONTEXT('2D SPACE',''
  ) );
#8513 = ORIENTED_EDGE('',*,*,#8514,.F.);
#8514 = EDGE_CURVE('',#8515,#8482,#8517,.T.);
#8515 = VERTEX_POINT('',#8516);
#8516 = CARTESIAN_POINT('',(-13.4848401164,-2.785116950583,27.));
#8517 = SURFACE_CURVE('',#8518,(#8522,#8529),.PCURVE_S1.);
#8518 = LINE('',#8519,#8520);
#8519 = CARTESIAN_POINT('',(-12.89602022805,-3.626038900458,27.));
#8520 = VECTOR('',#8521,1.);
#8521 = DIRECTION('',(0.573576436351,-0.819152044289,0.));
#8522 = PCURVE('',#7045,#8523);
#8523 = DEFINITIONAL_REPRESENTATION('',(#8524),#8528);
#8524 = LINE('',#8525,#8526);
#8525 = CARTESIAN_POINT('',(-12.89602022805,-3.626038900458));
#8526 = VECTOR('',#8527,1.);
#8527 = DIRECTION('',(0.573576436351,-0.819152044289));
#8528 = ( GEOMETRIC_REPRESENTATION_CONTEXT(2) 
PARAMETRIC_REPRESENTATION_CONTEXT() REPRESENTATION_CONTEXT('2D SPACE',''
  ) );
#8529 = PCURVE('',#8530,#8535);
#8530 = PLANE('',#8531);
#8531 = AXIS2_PLACEMENT_3D('',#8532,#8533,#8534);
#8532 = CARTESIAN_POINT('',(-15.435,0.,26.7));
#8533 = DIRECTION('',(-0.819152044289,-0.573576436351,0.));
#8534 = DIRECTION('',(0.573576436351,-0.819152044289,0.));
#8535 = DEFINITIONAL_REPRESENTATION('',(#8536),#8540);
#8536 = LINE('',#8537,#8538);
#8537 = CARTESIAN_POINT('',(4.426576147539,0.3));
#8538 = VECTOR('',#8539,1.);
#8539 = DIRECTION('',(1.,0.));
#8540 = ( GEOMETRIC_REPRESENTATION_CONTEXT(2) 
PARAMETRIC_REPRESENTATION_CONTEXT() REPRESENTATION_CONTEXT('2D SPACE',''
  ) );
#8541 = ORIENTED_EDGE('',*,*,#8542,.F.);
#8542 = EDGE_CURVE('',#8452,#8515,#8543,.T.);
#8543 = SURFACE_CURVE('',#8544,(#8549,#8560),.PCURVE_S1.);
#8544 = CIRCLE('',#8545,3.4);
#8545 = AXIS2_PLACEMENT_3D('',#8546,#8547,#8548);
#8546 = CARTESIAN_POINT('',(-15.435,-1.233581138472E-16,27.));
#8547 = DIRECTION('',(0.,0.,-1.));
#8548 = DIRECTION('',(1.,0.,0.));
#8549 = PCURVE('',#7045,#8550);
#8550 = DEFINITIONAL_REPRESENTATION('',(#8551),#8559);
#8551 = ( BOUNDED_CURVE() B_SPLINE_CURVE(2,(#8552,#8553,#8554,#8555,
#8556,#8557,#8558),.UNSPECIFIED.,.T.,.F.) B_SPLINE_CURVE_WITH_KNOTS((1,2
    ,2,2,2,1),(-2.094395102393,0.,2.094395102393,4.188790204786,
6.28318530718,8.377580409573),.UNSPECIFIED.) CURVE() 
GEOMETRIC_REPRESENTATION_ITEM() RATIONAL_B_SPLINE_CURVE((1.,0.5,1.,0.5,
1.,0.5,1.)) REPRESENTATION_ITEM('') );
#8552 = CARTESIAN_POINT('',(-12.035,-1.233581138472E-16));
#8553 = CARTESIAN_POINT('',(-12.035,-5.888972745734));
#8554 = CARTESIAN_POINT('',(-17.135,-2.944486372867));
#8555 = CARTESIAN_POINT('',(-22.235,-9.561179372674E-16));
#8556 = CARTESIAN_POINT('',(-17.135,2.944486372867));
#8557 = CARTESIAN_POINT('',(-12.035,5.888972745734));
#8558 = CARTESIAN_POINT('',(-12.035,-1.233581138472E-16));
#8559 = ( GEOMETRIC_REPRESENTATION_CONTEXT(2) 
PARAMETRIC_REPRESENTATION_CONTEXT() REPRESENTATION_CONTEXT('2D SPACE',''
  ) );
#8560 = PCURVE('',#8561,#8566);
#8561 = CYLINDRICAL_SURFACE('',#8562,3.4);
#8562 = AXIS2_PLACEMENT_3D('',#8563,#8564,#8565);
#8563 = CARTESIAN_POINT('',(-15.435,-1.233581138472E-16,26.7));
#8564 = DIRECTION('',(-0.,-0.,-1.));
#8565 = DIRECTION('',(1.,0.,0.));
#8566 = DEFINITIONAL_REPRESENTATION('',(#8567),#8571);
#8567 = LINE('',#8568,#8569);
#8568 = CARTESIAN_POINT('',(-12.56637061435,-0.3));
#8569 = VECTOR('',#8570,1.);
#8570 = DIRECTION('',(1.,-0.));
#8571 = ( GEOMETRIC_REPRESENTATION_CONTEXT(2) 
PARAMETRIC_REPRESENTATION_CONTEXT() REPRESENTATION_CONTEXT('2D SPACE',''
  ) );
#8572 = FACE_BOUND('',#8573,.T.);
#8573 = EDGE_LOOP('',(#8574,#8604,#8637,#8665));
#8574 = ORIENTED_EDGE('',*,*,#8575,.T.);
#8575 = EDGE_CURVE('',#8576,#8578,#8580,.T.);
#8576 = VERTEX_POINT('',#8577);
#8577 = CARTESIAN_POINT('',(-11.190534371,6.061725127739,27.));
#8578 = VERTEX_POINT('',#8579);
#8579 = CARTESIAN_POINT('',(-10.0433814983,7.700029216317,27.));
#8580 = SURFACE_CURVE('',#8581,(#8585,#8592),.PCURVE_S1.);
#8581 = LINE('',#8582,#8583);
#8582 = CARTESIAN_POINT('',(-12.89602022805,3.626038900458,27.));
#8583 = VECTOR('',#8584,1.);
#8584 = DIRECTION('',(0.573576436351,0.819152044289,-0.));
#8585 = PCURVE('',#7045,#8586);
#8586 = DEFINITIONAL_REPRESENTATION('',(#8587),#8591);
#8587 = LINE('',#8588,#8589);
#8588 = CARTESIAN_POINT('',(-12.89602022805,3.626038900458));
#8589 = VECTOR('',#8590,1.);
#8590 = DIRECTION('',(0.573576436351,0.819152044289));
#8591 = ( GEOMETRIC_REPRESENTATION_CONTEXT(2) 
PARAMETRIC_REPRESENTATION_CONTEXT() REPRESENTATION_CONTEXT('2D SPACE',''
  ) );
#8592 = PCURVE('',#8593,#8598);
#8593 = PLANE('',#8594);
#8594 = AXIS2_PLACEMENT_3D('',#8595,#8596,#8597);
#8595 = CARTESIAN_POINT('',(-15.435,1.7763568394E-15,26.7));
#8596 = DIRECTION('',(0.819152044289,-0.573576436351,0.));
#8597 = DIRECTION('',(0.573576436351,0.819152044289,0.));
#8598 = DEFINITIONAL_REPRESENTATION('',(#8599),#8603);
#8599 = LINE('',#8600,#8601);
#8600 = CARTESIAN_POINT('',(4.426576147539,0.3));
#8601 = VECTOR('',#8602,1.);
#8602 = DIRECTION('',(1.,0.));
#8603 = ( GEOMETRIC_REPRESENTATION_CONTEXT(2) 
PARAMETRIC_REPRESENTATION_CONTEXT() REPRESENTATION_CONTEXT('2D SPACE',''
  ) );
#8604 = ORIENTED_EDGE('',*,*,#8605,.T.);
#8605 = EDGE_CURVE('',#8578,#8606,#8608,.T.);
#8606 = VERTEX_POINT('',#8607);
#8607 = CARTESIAN_POINT('',(-10.0433814983,-7.700029216317,27.));
#8608 = SURFACE_CURVE('',#8609,(#8614,#8625),.PCURVE_S1.);
#8609 = CIRCLE('',#8610,9.4);
#8610 = AXIS2_PLACEMENT_3D('',#8611,#8612,#8613);
#8611 = CARTESIAN_POINT('',(-15.435,0.,27.));
#8612 = DIRECTION('',(0.,0.,-1.));
#8613 = DIRECTION('',(1.,0.,0.));
#8614 = PCURVE('',#7045,#8615);
#8615 = DEFINITIONAL_REPRESENTATION('',(#8616),#8624);
#8616 = ( BOUNDED_CURVE() B_SPLINE_CURVE(2,(#8617,#8618,#8619,#8620,
#8621,#8622,#8623),.UNSPECIFIED.,.T.,.F.) B_SPLINE_CURVE_WITH_KNOTS((1,2
    ,2,2,2,1),(-2.094395102393,0.,2.094395102393,4.188790204786,
6.28318530718,8.377580409573),.UNSPECIFIED.) CURVE() 
GEOMETRIC_REPRESENTATION_ITEM() RATIONAL_B_SPLINE_CURVE((1.,0.5,1.,0.5,
1.,0.5,1.)) REPRESENTATION_ITEM('') );
#8617 = CARTESIAN_POINT('',(-6.035,0.));
#8618 = CARTESIAN_POINT('',(-6.035,-16.28127759114));
#8619 = CARTESIAN_POINT('',(-20.135,-8.140638795574));
#8620 = CARTESIAN_POINT('',(-34.235,-2.302335982397E-15));
#8621 = CARTESIAN_POINT('',(-20.135,8.140638795574));
#8622 = CARTESIAN_POINT('',(-6.035,16.281277591147));
#8623 = CARTESIAN_POINT('',(-6.035,0.));
#8624 = ( GEOMETRIC_REPRESENTATION_CONTEXT(2) 
PARAMETRIC_REPRESENTATION_CONTEXT() REPRESENTATION_CONTEXT('2D SPACE',''
  ) );
#8625 = PCURVE('',#8626,#8631);
#8626 = CYLINDRICAL_SURFACE('',#8627,9.4);
#8627 = AXIS2_PLACEMENT_3D('',#8628,#8629,#8630);
#8628 = CARTESIAN_POINT('',(-15.435,0.,26.7));
#8629 = DIRECTION('',(-0.,-0.,-1.));
#8630 = DIRECTION('',(1.,0.,0.));
#8631 = DEFINITIONAL_REPRESENTATION('',(#8632),#8636);
#8632 = LINE('',#8633,#8634);
#8633 = CARTESIAN_POINT('',(-12.56637061435,-0.3));
#8634 = VECTOR('',#8635,1.);
#8635 = DIRECTION('',(1.,-0.));
#8636 = ( GEOMETRIC_REPRESENTATION_CONTEXT(2) 
PARAMETRIC_REPRESENTATION_CONTEXT() REPRESENTATION_CONTEXT('2D SPACE',''
  ) );
#8637 = ORIENTED_EDGE('',*,*,#8638,.F.);
#8638 = EDGE_CURVE('',#8639,#8606,#8641,.T.);
#8639 = VERTEX_POINT('',#8640);
#8640 = CARTESIAN_POINT('',(-11.190534371,-6.061725127739,27.));
#8641 = SURFACE_CURVE('',#8642,(#8646,#8653),.PCURVE_S1.);
#8642 = LINE('',#8643,#8644);
#8643 = CARTESIAN_POINT('',(-12.89602022805,-3.626038900458,27.));
#8644 = VECTOR('',#8645,1.);
#8645 = DIRECTION('',(0.573576436351,-0.819152044289,0.));
#8646 = PCURVE('',#7045,#8647);
#8647 = DEFINITIONAL_REPRESENTATION('',(#8648),#8652);
#8648 = LINE('',#8649,#8650);
#8649 = CARTESIAN_POINT('',(-12.89602022805,-3.626038900458));
#8650 = VECTOR('',#8651,1.);
#8651 = DIRECTION('',(0.573576436351,-0.819152044289));
#8652 = ( GEOMETRIC_REPRESENTATION_CONTEXT(2) 
PARAMETRIC_REPRESENTATION_CONTEXT() REPRESENTATION_CONTEXT('2D SPACE',''
  ) );
#8653 = PCURVE('',#8654,#8659);
#8654 = PLANE('',#8655);
#8655 = AXIS2_PLACEMENT_3D('',#8656,#8657,#8658);
#8656 = CARTESIAN_POINT('',(-15.435,0.,26.7));
#8657 = DIRECTION('',(-0.819152044289,-0.573576436351,0.));
#8658 = DIRECTION('',(0.573576436351,-0.819152044289,0.));
#8659 = DEFINITIONAL_REPRESENTATION('',(#8660),#8664);
#8660 = LINE('',#8661,#8662);
#8661 = CARTESIAN_POINT('',(4.426576147539,0.3));
#8662 = VECTOR('',#8663,1.);
#8663 = DIRECTION('',(1.,0.));
#8664 = ( GEOMETRIC_REPRESENTATION_CONTEXT(2) 
PARAMETRIC_REPRESENTATION_CONTEXT() REPRESENTATION_CONTEXT('2D SPACE',''
  ) );
#8665 = ORIENTED_EDGE('',*,*,#8666,.F.);
#8666 = EDGE_CURVE('',#8576,#8639,#8667,.T.);
#8667 = SURFACE_CURVE('',#8668,(#8673,#8684),.PCURVE_S1.);
#8668 = CIRCLE('',#8669,7.4);
#8669 = AXIS2_PLACEMENT_3D('',#8670,#8671,#8672);
#8670 = CARTESIAN_POINT('',(-15.435,5.669223955533E-16,27.));
#8671 = DIRECTION('',(0.,0.,-1.));
#8672 = DIRECTION('',(1.,0.,0.));
#8673 = PCURVE('',#7045,#8674);
#8674 = DEFINITIONAL_REPRESENTATION('',(#8675),#8683);
#8675 = ( BOUNDED_CURVE() B_SPLINE_CURVE(2,(#8676,#8677,#8678,#8679,
#8680,#8681,#8682),.UNSPECIFIED.,.T.,.F.) B_SPLINE_CURVE_WITH_KNOTS((1,2
    ,2,2,2,1),(-2.094395102393,0.,2.094395102393,4.188790204786,
6.28318530718,8.377580409573),.UNSPECIFIED.) CURVE() 
GEOMETRIC_REPRESENTATION_ITEM() RATIONAL_B_SPLINE_CURVE((1.,0.5,1.,0.5,
1.,0.5,1.)) REPRESENTATION_ITEM('') );
#8676 = CARTESIAN_POINT('',(-8.035,5.669223955533E-16));
#8677 = CARTESIAN_POINT('',(-8.035,-12.81717597601));
#8678 = CARTESIAN_POINT('',(-19.135,-6.408587988005));
#8679 = CARTESIAN_POINT('',(-30.235,-1.245554867185E-15));
#8680 = CARTESIAN_POINT('',(-19.135,6.408587988005));
#8681 = CARTESIAN_POINT('',(-8.035,12.81717597601));
#8682 = CARTESIAN_POINT('',(-8.035,5.669223955533E-16));
#8683 = ( GEOMETRIC_REPRESENTATION_CONTEXT(2) 
PARAMETRIC_REPRESENTATION_CONTEXT() REPRESENTATION_CONTEXT('2D SPACE',''
  ) );
#8684 = PCURVE('',#8685,#8690);
#8685 = CYLINDRICAL_SURFACE('',#8686,7.4);
#8686 = AXIS2_PLACEMENT_3D('',#8687,#8688,#8689);
#8687 = CARTESIAN_POINT('',(-15.435,5.669223955533E-16,26.7));
#8688 = DIRECTION('',(-0.,-0.,-1.));
#8689 = DIRECTION('',(1.,0.,0.));
#8690 = DEFINITIONAL_REPRESENTATION('',(#8691),#8695);
#8691 = LINE('',#8692,#8693);
#8692 = CARTESIAN_POINT('',(-12.56637061435,-0.3));
#8693 = VECTOR('',#8694,1.);
#8694 = DIRECTION('',(1.,-0.));
#8695 = ( GEOMETRIC_REPRESENTATION_CONTEXT(2) 
PARAMETRIC_REPRESENTATION_CONTEXT() REPRESENTATION_CONTEXT('2D SPACE',''
  ) );
#8696 = FACE_BOUND('',#8697,.T.);
#8697 = EDGE_LOOP('',(#8698,#8728,#8761,#8789));
#8698 = ORIENTED_EDGE('',*,*,#8699,.T.);
#8699 = EDGE_CURVE('',#8700,#8702,#8704,.T.);
#8700 = VERTEX_POINT('',#8701);
#8701 = CARTESIAN_POINT('',(-8.896228625598,9.338333304895,27.));
#8702 = VERTEX_POINT('',#8703);
#8703 = CARTESIAN_POINT('',(-7.749075752896,10.976637393472,27.));
#8704 = SURFACE_CURVE('',#8705,(#8709,#8716),.PCURVE_S1.);
#8705 = LINE('',#8706,#8707);
#8706 = CARTESIAN_POINT('',(-12.89602022805,3.626038900458,27.));
#8707 = VECTOR('',#8708,1.);
#8708 = DIRECTION('',(0.573576436351,0.819152044289,-0.));
#8709 = PCURVE('',#7045,#8710);
#8710 = DEFINITIONAL_REPRESENTATION('',(#8711),#8715);
#8711 = LINE('',#8712,#8713);
#8712 = CARTESIAN_POINT('',(-12.89602022805,3.626038900458));
#8713 = VECTOR('',#8714,1.);
#8714 = DIRECTION('',(0.573576436351,0.819152044289));
#8715 = ( GEOMETRIC_REPRESENTATION_CONTEXT(2) 
PARAMETRIC_REPRESENTATION_CONTEXT() REPRESENTATION_CONTEXT('2D SPACE',''
  ) );
#8716 = PCURVE('',#8717,#8722);
#8717 = PLANE('',#8718);
#8718 = AXIS2_PLACEMENT_3D('',#8719,#8720,#8721);
#8719 = CARTESIAN_POINT('',(-15.435,1.7763568394E-15,26.7));
#8720 = DIRECTION('',(0.819152044289,-0.573576436351,0.));
#8721 = DIRECTION('',(0.573576436351,0.819152044289,0.));
#8722 = DEFINITIONAL_REPRESENTATION('',(#8723),#8727);
#8723 = LINE('',#8724,#8725);
#8724 = CARTESIAN_POINT('',(4.426576147539,0.3));
#8725 = VECTOR('',#8726,1.);
#8726 = DIRECTION('',(1.,0.));
#8727 = ( GEOMETRIC_REPRESENTATION_CONTEXT(2) 
PARAMETRIC_REPRESENTATION_CONTEXT() REPRESENTATION_CONTEXT('2D SPACE',''
  ) );
#8728 = ORIENTED_EDGE('',*,*,#8729,.T.);
#8729 = EDGE_CURVE('',#8702,#8730,#8732,.T.);
#8730 = VERTEX_POINT('',#8731);
#8731 = CARTESIAN_POINT('',(-7.749075752896,-10.97663739347,27.));
#8732 = SURFACE_CURVE('',#8733,(#8738,#8749),.PCURVE_S1.);
#8733 = CIRCLE('',#8734,13.4);
#8734 = AXIS2_PLACEMENT_3D('',#8735,#8736,#8737);
#8735 = CARTESIAN_POINT('',(-15.435,0.,27.));
#8736 = DIRECTION('',(0.,0.,-1.));
#8737 = DIRECTION('',(1.,0.,0.));
#8738 = PCURVE('',#7045,#8739);
#8739 = DEFINITIONAL_REPRESENTATION('',(#8740),#8748);
#8740 = ( BOUNDED_CURVE() B_SPLINE_CURVE(2,(#8741,#8742,#8743,#8744,
#8745,#8746,#8747),.UNSPECIFIED.,.T.,.F.) B_SPLINE_CURVE_WITH_KNOTS((1,2
    ,2,2,2,1),(-2.094395102393,0.,2.094395102393,4.188790204786,
6.28318530718,8.377580409573),.UNSPECIFIED.) CURVE() 
GEOMETRIC_REPRESENTATION_ITEM() RATIONAL_B_SPLINE_CURVE((1.,0.5,1.,0.5,
1.,0.5,1.)) REPRESENTATION_ITEM('') );
#8741 = CARTESIAN_POINT('',(-2.035,0.));
#8742 = CARTESIAN_POINT('',(-2.035,-23.20948082142));
#8743 = CARTESIAN_POINT('',(-22.135,-11.60474041071));
#8744 = CARTESIAN_POINT('',(-42.235,-3.282053421715E-15));
#8745 = CARTESIAN_POINT('',(-22.135,11.604740410711));
#8746 = CARTESIAN_POINT('',(-2.035,23.209480821423));
#8747 = CARTESIAN_POINT('',(-2.035,0.));
#8748 = ( GEOMETRIC_REPRESENTATION_CONTEXT(2) 
PARAMETRIC_REPRESENTATION_CONTEXT() REPRESENTATION_CONTEXT('2D SPACE',''
  ) );
#8749 = PCURVE('',#8750,#8755);
#8750 = CYLINDRICAL_SURFACE('',#8751,13.4);
#8751 = AXIS2_PLACEMENT_3D('',#8752,#8753,#8754);
#8752 = CARTESIAN_POINT('',(-15.435,0.,26.7));
#8753 = DIRECTION('',(-0.,-0.,-1.));
#8754 = DIRECTION('',(1.,0.,0.));
#8755 = DEFINITIONAL_REPRESENTATION('',(#8756),#8760);
#8756 = LINE('',#8757,#8758);
#8757 = CARTESIAN_POINT('',(-12.56637061435,-0.3));
#8758 = VECTOR('',#8759,1.);
#8759 = DIRECTION('',(1.,-0.));
#8760 = ( GEOMETRIC_REPRESENTATION_CONTEXT(2) 
PARAMETRIC_REPRESENTATION_CONTEXT() REPRESENTATION_CONTEXT('2D SPACE',''
  ) );
#8761 = ORIENTED_EDGE('',*,*,#8762,.F.);
#8762 = EDGE_CURVE('',#8763,#8730,#8765,.T.);
#8763 = VERTEX_POINT('',#8764);
#8764 = CARTESIAN_POINT('',(-8.896228625598,-9.338333304895,27.));
#8765 = SURFACE_CURVE('',#8766,(#8770,#8777),.PCURVE_S1.);
#8766 = LINE('',#8767,#8768);
#8767 = CARTESIAN_POINT('',(-12.89602022805,-3.626038900458,27.));
#8768 = VECTOR('',#8769,1.);
#8769 = DIRECTION('',(0.573576436351,-0.819152044289,0.));
#8770 = PCURVE('',#7045,#8771);
#8771 = DEFINITIONAL_REPRESENTATION('',(#8772),#8776);
#8772 = LINE('',#8773,#8774);
#8773 = CARTESIAN_POINT('',(-12.89602022805,-3.626038900458));
#8774 = VECTOR('',#8775,1.);
#8775 = DIRECTION('',(0.573576436351,-0.819152044289));
#8776 = ( GEOMETRIC_REPRESENTATION_CONTEXT(2) 
PARAMETRIC_REPRESENTATION_CONTEXT() REPRESENTATION_CONTEXT('2D SPACE',''
  ) );
#8777 = PCURVE('',#8778,#8783);
#8778 = PLANE('',#8779);
#8779 = AXIS2_PLACEMENT_3D('',#8780,#8781,#8782);
#8780 = CARTESIAN_POINT('',(-15.435,0.,26.7));
#8781 = DIRECTION('',(-0.819152044289,-0.573576436351,0.));
#8782 = DIRECTION('',(0.573576436351,-0.819152044289,0.));
#8783 = DEFINITIONAL_REPRESENTATION('',(#8784),#8788);
#8784 = LINE('',#8785,#8786);
#8785 = CARTESIAN_POINT('',(4.426576147539,0.3));
#8786 = VECTOR('',#8787,1.);
#8787 = DIRECTION('',(1.,0.));
#8788 = ( GEOMETRIC_REPRESENTATION_CONTEXT(2) 
PARAMETRIC_REPRESENTATION_CONTEXT() REPRESENTATION_CONTEXT('2D SPACE',''
  ) );
#8789 = ORIENTED_EDGE('',*,*,#8790,.F.);
#8790 = EDGE_CURVE('',#8700,#8763,#8791,.T.);
#8791 = SURFACE_CURVE('',#8792,(#8797,#8808),.PCURVE_S1.);
#8792 = CIRCLE('',#8793,11.4);
#8793 = AXIS2_PLACEMENT_3D('',#8794,#8795,#8796);
#8794 = CARTESIAN_POINT('',(-15.435,0.,27.));
#8795 = DIRECTION('',(0.,0.,-1.));
#8796 = DIRECTION('',(1.,0.,0.));
#8797 = PCURVE('',#7045,#8798);
#8798 = DEFINITIONAL_REPRESENTATION('',(#8799),#8807);
#8799 = ( BOUNDED_CURVE() B_SPLINE_CURVE(2,(#8800,#8801,#8802,#8803,
#8804,#8805,#8806),.UNSPECIFIED.,.T.,.F.) B_SPLINE_CURVE_WITH_KNOTS((1,2
    ,2,2,2,1),(-2.094395102393,0.,2.094395102393,4.188790204786,
6.28318530718,8.377580409573),.UNSPECIFIED.) CURVE() 
GEOMETRIC_REPRESENTATION_ITEM() RATIONAL_B_SPLINE_CURVE((1.,0.5,1.,0.5,
1.,0.5,1.)) REPRESENTATION_ITEM('') );
#8800 = CARTESIAN_POINT('',(-4.035,0.));
#8801 = CARTESIAN_POINT('',(-4.035,-19.74537920628));
#8802 = CARTESIAN_POINT('',(-21.135,-9.872689603143));
#8803 = CARTESIAN_POINT('',(-38.235,-2.792194702056E-15));
#8804 = CARTESIAN_POINT('',(-21.135,9.872689603143));
#8805 = CARTESIAN_POINT('',(-4.035,19.745379206285));
#8806 = CARTESIAN_POINT('',(-4.035,0.));
#8807 = ( GEOMETRIC_REPRESENTATION_CONTEXT(2) 
PARAMETRIC_REPRESENTATION_CONTEXT() REPRESENTATION_CONTEXT('2D SPACE',''
  ) );
#8808 = PCURVE('',#8809,#8814);
#8809 = CYLINDRICAL_SURFACE('',#8810,11.4);
#8810 = AXIS2_PLACEMENT_3D('',#8811,#8812,#8813);
#8811 = CARTESIAN_POINT('',(-15.435,0.,26.7));
#8812 = DIRECTION('',(-0.,-0.,-1.));
#8813 = DIRECTION('',(1.,0.,0.));
#8814 = DEFINITIONAL_REPRESENTATION('',(#8815),#8819);
#8815 = LINE('',#8816,#8817);
#8816 = CARTESIAN_POINT('',(-12.56637061435,-0.3));
#8817 = VECTOR('',#8818,1.);
#8818 = DIRECTION('',(1.,-0.));
#8819 = ( GEOMETRIC_REPRESENTATION_CONTEXT(2) 
PARAMETRIC_REPRESENTATION_CONTEXT() REPRESENTATION_CONTEXT('2D SPACE',''
  ) );
#8820 = ADVANCED_FACE('',(#8821),#7072,.T.);
#8821 = FACE_BOUND('',#8822,.T.);
#8822 = EDGE_LOOP('',(#8823,#8824,#8825,#8847));
#8823 = ORIENTED_EDGE('',*,*,#7057,.F.);
#8824 = ORIENTED_EDGE('',*,*,#7141,.T.);
#8825 = ORIENTED_EDGE('',*,*,#8826,.T.);
#8826 = EDGE_CURVE('',#7114,#8255,#8827,.T.);
#8827 = SURFACE_CURVE('',#8828,(#8833,#8840),.PCURVE_S1.);
#8828 = CIRCLE('',#8829,2.);
#8829 = AXIS2_PLACEMENT_3D('',#8830,#8831,#8832);
#8830 = CARTESIAN_POINT('',(61.9,-24.,25.));
#8831 = DIRECTION('',(-6.123233995737E-17,-1.,0.));
#8832 = DIRECTION('',(1.,-6.123233995737E-17,0.));
#8833 = PCURVE('',#7072,#8834);
#8834 = DEFINITIONAL_REPRESENTATION('',(#8835),#8839);
#8835 = LINE('',#8836,#8837);
#8836 = CARTESIAN_POINT('',(1.570796326795,0.));
#8837 = VECTOR('',#8838,1.);
#8838 = DIRECTION('',(0.,1.));
#8839 = ( GEOMETRIC_REPRESENTATION_CONTEXT(2) 
PARAMETRIC_REPRESENTATION_CONTEXT() REPRESENTATION_CONTEXT('2D SPACE',''
  ) );
#8840 = PCURVE('',#8294,#8841);
#8841 = DEFINITIONAL_REPRESENTATION('',(#8842),#8846);
#8842 = LINE('',#8843,#8844);
#8843 = CARTESIAN_POINT('',(-0.,0.));
#8844 = VECTOR('',#8845,1.);
#8845 = DIRECTION('',(-1.,0.));
#8846 = ( GEOMETRIC_REPRESENTATION_CONTEXT(2) 
PARAMETRIC_REPRESENTATION_CONTEXT() REPRESENTATION_CONTEXT('2D SPACE',''
  ) );
#8847 = ORIENTED_EDGE('',*,*,#8254,.F.);
#8848 = ADVANCED_FACE('',(#8849),#7129,.F.);
#8849 = FACE_BOUND('',#8850,.F.);
#8850 = EDGE_LOOP('',(#8851,#8852,#8875,#8903));
#8851 = ORIENTED_EDGE('',*,*,#7113,.T.);
#8852 = ORIENTED_EDGE('',*,*,#8853,.T.);
#8853 = EDGE_CURVE('',#7114,#8854,#8856,.T.);
#8854 = VERTEX_POINT('',#8855);
#8855 = CARTESIAN_POINT('',(63.9,24.,25.));
#8856 = SURFACE_CURVE('',#8857,(#8861,#8868),.PCURVE_S1.);
#8857 = LINE('',#8858,#8859);
#8858 = CARTESIAN_POINT('',(63.9,-24.,25.));
#8859 = VECTOR('',#8860,1.);
#8860 = DIRECTION('',(0.,1.,0.));
#8861 = PCURVE('',#7129,#8862);
#8862 = DEFINITIONAL_REPRESENTATION('',(#8863),#8867);
#8863 = LINE('',#8864,#8865);
#8864 = CARTESIAN_POINT('',(9.9,-6.));
#8865 = VECTOR('',#8866,1.);
#8866 = DIRECTION('',(1.,0.));
#8867 = ( GEOMETRIC_REPRESENTATION_CONTEXT(2) 
PARAMETRIC_REPRESENTATION_CONTEXT() REPRESENTATION_CONTEXT('2D SPACE',''
  ) );
#8868 = PCURVE('',#8294,#8869);
#8869 = DEFINITIONAL_REPRESENTATION('',(#8870),#8874);
#8870 = LINE('',#8871,#8872);
#8871 = CARTESIAN_POINT('',(-0.,0.));
#8872 = VECTOR('',#8873,1.);
#8873 = DIRECTION('',(-0.,1.));
#8874 = ( GEOMETRIC_REPRESENTATION_CONTEXT(2) 
PARAMETRIC_REPRESENTATION_CONTEXT() REPRESENTATION_CONTEXT('2D SPACE',''
  ) );
#8875 = ORIENTED_EDGE('',*,*,#8876,.F.);
#8876 = EDGE_CURVE('',#8877,#8854,#8879,.T.);
#8877 = VERTEX_POINT('',#8878);
#8878 = CARTESIAN_POINT('',(63.9,24.,19.3));
#8879 = SURFACE_CURVE('',#8880,(#8884,#8891),.PCURVE_S1.);
#8880 = LINE('',#8881,#8882);
#8881 = CARTESIAN_POINT('',(63.9,24.,19.));
#8882 = VECTOR('',#8883,1.);
#8883 = DIRECTION('',(0.,0.,1.));
#8884 = PCURVE('',#7129,#8885);
#8885 = DEFINITIONAL_REPRESENTATION('',(#8886),#8890);
#8886 = LINE('',#8887,#8888);
#8887 = CARTESIAN_POINT('',(57.9,0.));
#8888 = VECTOR('',#8889,1.);
#8889 = DIRECTION('',(0.,-1.));
#8890 = ( GEOMETRIC_REPRESENTATION_CONTEXT(2) 
PARAMETRIC_REPRESENTATION_CONTEXT() REPRESENTATION_CONTEXT('2D SPACE',''
  ) );
#8891 = PCURVE('',#8892,#8897);
#8892 = CYLINDRICAL_SURFACE('',#8893,9.9);
#8893 = AXIS2_PLACEMENT_3D('',#8894,#8895,#8896);
#8894 = CARTESIAN_POINT('',(54.,24.,19.));
#8895 = DIRECTION('',(0.,0.,1.));
#8896 = DIRECTION('',(1.,0.,-0.));
#8897 = DEFINITIONAL_REPRESENTATION('',(#8898),#8902);
#8898 = LINE('',#8899,#8900);
#8899 = CARTESIAN_POINT('',(0.,0.));
#8900 = VECTOR('',#8901,1.);
#8901 = DIRECTION('',(0.,1.));
#8902 = ( GEOMETRIC_REPRESENTATION_CONTEXT(2) 
PARAMETRIC_REPRESENTATION_CONTEXT() REPRESENTATION_CONTEXT('2D SPACE',''
  ) );
#8903 = ORIENTED_EDGE('',*,*,#8904,.F.);
#8904 = EDGE_CURVE('',#7090,#8877,#8905,.T.);
#8905 = SURFACE_CURVE('',#8906,(#8910,#8917),.PCURVE_S1.);
#8906 = LINE('',#8907,#8908);
#8907 = CARTESIAN_POINT('',(63.9,-24.,19.3));
#8908 = VECTOR('',#8909,1.);
#8909 = DIRECTION('',(0.,1.,0.));
#8910 = PCURVE('',#7129,#8911);
#8911 = DEFINITIONAL_REPRESENTATION('',(#8912),#8916);
#8912 = LINE('',#8913,#8914);
#8913 = CARTESIAN_POINT('',(9.9,-0.3));
#8914 = VECTOR('',#8915,1.);
#8915 = DIRECTION('',(1.,0.));
#8916 = ( GEOMETRIC_REPRESENTATION_CONTEXT(2) 
PARAMETRIC_REPRESENTATION_CONTEXT() REPRESENTATION_CONTEXT('2D SPACE',''
  ) );
#8917 = PCURVE('',#7394,#8918);
#8918 = DEFINITIONAL_REPRESENTATION('',(#8919),#8923);
#8919 = LINE('',#8920,#8921);
#8920 = CARTESIAN_POINT('',(-5.248159098455E-33,-0.212132034356));
#8921 = VECTOR('',#8922,1.);
#8922 = DIRECTION('',(-1.,0.));
#8923 = ( GEOMETRIC_REPRESENTATION_CONTEXT(2) 
PARAMETRIC_REPRESENTATION_CONTEXT() REPRESENTATION_CONTEXT('2D SPACE',''
  ) );
#8924 = ADVANCED_FACE('',(#8925),#7182,.T.);
#8925 = FACE_BOUND('',#8926,.F.);
#8926 = EDGE_LOOP('',(#8927,#8948,#8949,#8950));
#8927 = ORIENTED_EDGE('',*,*,#8928,.F.);
#8928 = EDGE_CURVE('',#7278,#7464,#8929,.T.);
#8929 = SURFACE_CURVE('',#8930,(#8934,#8941),.PCURVE_S1.);
#8930 = LINE('',#8931,#8932);
#8931 = CARTESIAN_POINT('',(-63.9,24.,19.3));
#8932 = VECTOR('',#8933,1.);
#8933 = DIRECTION('',(0.707106781187,-4.329780281177E-17,-0.707106781187
    ));
#8934 = PCURVE('',#7182,#8935);
#8935 = DEFINITIONAL_REPRESENTATION('',(#8936),#8940);
#8936 = LINE('',#8937,#8938);
#8937 = CARTESIAN_POINT('',(-5.248159098455E-33,-0.212132034356));
#8938 = VECTOR('',#8939,1.);
#8939 = DIRECTION('',(-4.329780281177E-17,1.));
#8940 = ( GEOMETRIC_REPRESENTATION_CONTEXT(2) 
PARAMETRIC_REPRESENTATION_CONTEXT() REPRESENTATION_CONTEXT('2D SPACE',''
  ) );
#8941 = PCURVE('',#7480,#8942);
#8942 = DEFINITIONAL_REPRESENTATION('',(#8943),#8947);
#8943 = LINE('',#8944,#8945);
#8944 = CARTESIAN_POINT('',(1.570796326795,-0.));
#8945 = VECTOR('',#8946,1.);
#8946 = DIRECTION('',(0.,-1.));
#8947 = ( GEOMETRIC_REPRESENTATION_CONTEXT(2) 
PARAMETRIC_REPRESENTATION_CONTEXT() REPRESENTATION_CONTEXT('2D SPACE',''
  ) );
#8948 = ORIENTED_EDGE('',*,*,#7329,.T.);
#8949 = ORIENTED_EDGE('',*,*,#7166,.T.);
#8950 = ORIENTED_EDGE('',*,*,#7492,.F.);
#8951 = ADVANCED_FACE('',(#8952),#7238,.T.);
#8952 = FACE_BOUND('',#8953,.F.);
#8953 = EDGE_LOOP('',(#8954,#8976,#8977,#8978));
#8954 = ORIENTED_EDGE('',*,*,#8955,.T.);
#8955 = EDGE_CURVE('',#7280,#8364,#8956,.T.);
#8956 = SURFACE_CURVE('',#8957,(#8962,#8969),.PCURVE_S1.);
#8957 = CIRCLE('',#8958,2.);
#8958 = AXIS2_PLACEMENT_3D('',#8959,#8960,#8961);
#8959 = CARTESIAN_POINT('',(-61.9,24.,25.));
#8960 = DIRECTION('',(6.123233995737E-17,1.,-0.));
#8961 = DIRECTION('',(-1.,6.123233995737E-17,0.));
#8962 = PCURVE('',#7238,#8963);
#8963 = DEFINITIONAL_REPRESENTATION('',(#8964),#8968);
#8964 = LINE('',#8965,#8966);
#8965 = CARTESIAN_POINT('',(-0.,0.));
#8966 = VECTOR('',#8967,1.);
#8967 = DIRECTION('',(-1.,0.));
#8968 = ( GEOMETRIC_REPRESENTATION_CONTEXT(2) 
PARAMETRIC_REPRESENTATION_CONTEXT() REPRESENTATION_CONTEXT('2D SPACE',''
  ) );
#8969 = PCURVE('',#8380,#8970);
#8970 = DEFINITIONAL_REPRESENTATION('',(#8971),#8975);
#8971 = LINE('',#8972,#8973);
#8972 = CARTESIAN_POINT('',(1.570796326795,0.));
#8973 = VECTOR('',#8974,1.);
#8974 = DIRECTION('',(0.,1.));
#8975 = ( GEOMETRIC_REPRESENTATION_CONTEXT(2) 
PARAMETRIC_REPRESENTATION_CONTEXT() REPRESENTATION_CONTEXT('2D SPACE',''
  ) );
#8976 = ORIENTED_EDGE('',*,*,#8392,.T.);
#8977 = ORIENTED_EDGE('',*,*,#7221,.F.);
#8978 = ORIENTED_EDGE('',*,*,#7307,.F.);
#8979 = ADVANCED_FACE('',(#8980),#7295,.T.);
#8980 = FACE_BOUND('',#8981,.T.);
#8981 = EDGE_LOOP('',(#8982,#9012,#9034,#9035));
#8982 = ORIENTED_EDGE('',*,*,#8983,.F.);
#8983 = EDGE_CURVE('',#8984,#8986,#8988,.T.);
#8984 = VERTEX_POINT('',#8985);
#8985 = CARTESIAN_POINT('',(-54.,33.9,19.3));
#8986 = VERTEX_POINT('',#8987);
#8987 = CARTESIAN_POINT('',(-54.,33.9,25.));
#8988 = SURFACE_CURVE('',#8989,(#8993,#9000),.PCURVE_S1.);
#8989 = LINE('',#8990,#8991);
#8990 = CARTESIAN_POINT('',(-54.,33.9,19.));
#8991 = VECTOR('',#8992,1.);
#8992 = DIRECTION('',(0.,0.,1.));
#8993 = PCURVE('',#7295,#8994);
#8994 = DEFINITIONAL_REPRESENTATION('',(#8995),#8999);
#8995 = LINE('',#8996,#8997);
#8996 = CARTESIAN_POINT('',(0.,0.));
#8997 = VECTOR('',#8998,1.);
#8998 = DIRECTION('',(0.,1.));
#8999 = ( GEOMETRIC_REPRESENTATION_CONTEXT(2) 
PARAMETRIC_REPRESENTATION_CONTEXT() REPRESENTATION_CONTEXT('2D SPACE',''
  ) );
#9000 = PCURVE('',#9001,#9006);
#9001 = PLANE('',#9002);
#9002 = AXIS2_PLACEMENT_3D('',#9003,#9004,#9005);
#9003 = CARTESIAN_POINT('',(63.9,33.9,19.));
#9004 = DIRECTION('',(0.,-1.,0.));
#9005 = DIRECTION('',(-1.,0.,0.));
#9006 = DEFINITIONAL_REPRESENTATION('',(#9007),#9011);
#9007 = LINE('',#9008,#9009);
#9008 = CARTESIAN_POINT('',(117.9,0.));
#9009 = VECTOR('',#9010,1.);
#9010 = DIRECTION('',(0.,-1.));
#9011 = ( GEOMETRIC_REPRESENTATION_CONTEXT(2) 
PARAMETRIC_REPRESENTATION_CONTEXT() REPRESENTATION_CONTEXT('2D SPACE',''
  ) );
#9012 = ORIENTED_EDGE('',*,*,#9013,.T.);
#9013 = EDGE_CURVE('',#8984,#7278,#9014,.T.);
#9014 = SURFACE_CURVE('',#9015,(#9020,#9027),.PCURVE_S1.);
#9015 = CIRCLE('',#9016,9.9);
#9016 = AXIS2_PLACEMENT_3D('',#9017,#9018,#9019);
#9017 = CARTESIAN_POINT('',(-54.,24.,19.3));
#9018 = DIRECTION('',(0.,-0.,1.));
#9019 = DIRECTION('',(0.,1.,0.));
#9020 = PCURVE('',#7295,#9021);
#9021 = DEFINITIONAL_REPRESENTATION('',(#9022),#9026);
#9022 = LINE('',#9023,#9024);
#9023 = CARTESIAN_POINT('',(0.,0.3));
#9024 = VECTOR('',#9025,1.);
#9025 = DIRECTION('',(1.,0.));
#9026 = ( GEOMETRIC_REPRESENTATION_CONTEXT(2) 
PARAMETRIC_REPRESENTATION_CONTEXT() REPRESENTATION_CONTEXT('2D SPACE',''
  ) );
#9027 = PCURVE('',#7480,#9028);
#9028 = DEFINITIONAL_REPRESENTATION('',(#9029),#9033);
#9029 = LINE('',#9030,#9031);
#9030 = CARTESIAN_POINT('',(0.,-0.));
#9031 = VECTOR('',#9032,1.);
#9032 = DIRECTION('',(1.,-0.));
#9033 = ( GEOMETRIC_REPRESENTATION_CONTEXT(2) 
PARAMETRIC_REPRESENTATION_CONTEXT() REPRESENTATION_CONTEXT('2D SPACE',''
  ) );
#9034 = ORIENTED_EDGE('',*,*,#7277,.T.);
#9035 = ORIENTED_EDGE('',*,*,#9036,.F.);
#9036 = EDGE_CURVE('',#8986,#7280,#9037,.T.);
#9037 = SURFACE_CURVE('',#9038,(#9043,#9050),.PCURVE_S1.);
#9038 = CIRCLE('',#9039,9.9);
#9039 = AXIS2_PLACEMENT_3D('',#9040,#9041,#9042);
#9040 = CARTESIAN_POINT('',(-54.,24.,25.));
#9041 = DIRECTION('',(0.,0.,1.));
#9042 = DIRECTION('',(0.,1.,-0.));
#9043 = PCURVE('',#7295,#9044);
#9044 = DEFINITIONAL_REPRESENTATION('',(#9045),#9049);
#9045 = LINE('',#9046,#9047);
#9046 = CARTESIAN_POINT('',(0.,6.));
#9047 = VECTOR('',#9048,1.);
#9048 = DIRECTION('',(1.,0.));
#9049 = ( GEOMETRIC_REPRESENTATION_CONTEXT(2) 
PARAMETRIC_REPRESENTATION_CONTEXT() REPRESENTATION_CONTEXT('2D SPACE',''
  ) );
#9050 = PCURVE('',#8380,#9051);
#9051 = DEFINITIONAL_REPRESENTATION('',(#9052),#9056);
#9052 = LINE('',#9053,#9054);
#9053 = CARTESIAN_POINT('',(0.,0.));
#9054 = VECTOR('',#9055,1.);
#9055 = DIRECTION('',(1.,0.));
#9056 = ( GEOMETRIC_REPRESENTATION_CONTEXT(2) 
PARAMETRIC_REPRESENTATION_CONTEXT() REPRESENTATION_CONTEXT('2D SPACE',''
  ) );
#9057 = ADVANCED_FACE('',(#9058),#7394,.T.);
#9058 = FACE_BOUND('',#9059,.F.);
#9059 = EDGE_LOOP('',(#9060,#9061,#9062,#9083));
#9060 = ORIENTED_EDGE('',*,*,#8228,.F.);
#9061 = ORIENTED_EDGE('',*,*,#8904,.T.);
#9062 = ORIENTED_EDGE('',*,*,#9063,.T.);
#9063 = EDGE_CURVE('',#8877,#7379,#9064,.T.);
#9064 = SURFACE_CURVE('',#9065,(#9069,#9076),.PCURVE_S1.);
#9065 = LINE('',#9066,#9067);
#9066 = CARTESIAN_POINT('',(63.75,24.,19.15));
#9067 = VECTOR('',#9068,1.);
#9068 = DIRECTION('',(-0.707106781187,-0.,-0.707106781187));
#9069 = PCURVE('',#7394,#9070);
#9070 = DEFINITIONAL_REPRESENTATION('',(#9071),#9075);
#9071 = LINE('',#9072,#9073);
#9072 = CARTESIAN_POINT('',(-48.,-0.));
#9073 = VECTOR('',#9074,1.);
#9074 = DIRECTION('',(-0.,1.));
#9075 = ( GEOMETRIC_REPRESENTATION_CONTEXT(2) 
PARAMETRIC_REPRESENTATION_CONTEXT() REPRESENTATION_CONTEXT('2D SPACE',''
  ) );
#9076 = PCURVE('',#7423,#9077);
#9077 = DEFINITIONAL_REPRESENTATION('',(#9078),#9082);
#9078 = LINE('',#9079,#9080);
#9079 = CARTESIAN_POINT('',(0.,-0.15));
#9080 = VECTOR('',#9081,1.);
#9081 = DIRECTION('',(0.,-1.));
#9082 = ( GEOMETRIC_REPRESENTATION_CONTEXT(2) 
PARAMETRIC_REPRESENTATION_CONTEXT() REPRESENTATION_CONTEXT('2D SPACE',''
  ) );
#9083 = ORIENTED_EDGE('',*,*,#7378,.F.);
#9084 = ADVANCED_FACE('',(#9085),#7480,.T.);
#9085 = FACE_BOUND('',#9086,.F.);
#9086 = EDGE_LOOP('',(#9087,#9108,#9109,#9110));
#9087 = ORIENTED_EDGE('',*,*,#9088,.F.);
#9088 = EDGE_CURVE('',#8984,#7436,#9089,.T.);
#9089 = SURFACE_CURVE('',#9090,(#9094,#9101),.PCURVE_S1.);
#9090 = LINE('',#9091,#9092);
#9091 = CARTESIAN_POINT('',(-54.,33.75,19.15));
#9092 = VECTOR('',#9093,1.);
#9093 = DIRECTION('',(-0.,-0.707106781187,-0.707106781187));
#9094 = PCURVE('',#7480,#9095);
#9095 = DEFINITIONAL_REPRESENTATION('',(#9096),#9100);
#9096 = LINE('',#9097,#9098);
#9097 = CARTESIAN_POINT('',(0.,-0.15));
#9098 = VECTOR('',#9099,1.);
#9099 = DIRECTION('',(0.,-1.));
#9100 = ( GEOMETRIC_REPRESENTATION_CONTEXT(2) 
PARAMETRIC_REPRESENTATION_CONTEXT() REPRESENTATION_CONTEXT('2D SPACE',''
  ) );
#9101 = PCURVE('',#7451,#9102);
#9102 = DEFINITIONAL_REPRESENTATION('',(#9103),#9107);
#9103 = LINE('',#9104,#9105);
#9104 = CARTESIAN_POINT('',(-108.,0.));
#9105 = VECTOR('',#9106,1.);
#9106 = DIRECTION('',(-0.,1.));
#9107 = ( GEOMETRIC_REPRESENTATION_CONTEXT(2) 
PARAMETRIC_REPRESENTATION_CONTEXT() REPRESENTATION_CONTEXT('2D SPACE',''
  ) );
#9108 = ORIENTED_EDGE('',*,*,#9013,.T.);
#9109 = ORIENTED_EDGE('',*,*,#8928,.T.);
#9110 = ORIENTED_EDGE('',*,*,#7463,.F.);
#9111 = ADVANCED_FACE('',(#9112),#7423,.T.);
#9112 = FACE_BOUND('',#9113,.F.);
#9113 = EDGE_LOOP('',(#9114,#9115,#9139,#9160));
#9114 = ORIENTED_EDGE('',*,*,#9063,.F.);
#9115 = ORIENTED_EDGE('',*,*,#9116,.T.);
#9116 = EDGE_CURVE('',#8877,#9117,#9119,.T.);
#9117 = VERTEX_POINT('',#9118);
#9118 = CARTESIAN_POINT('',(54.,33.9,19.3));
#9119 = SURFACE_CURVE('',#9120,(#9125,#9132),.PCURVE_S1.);
#9120 = CIRCLE('',#9121,9.9);
#9121 = AXIS2_PLACEMENT_3D('',#9122,#9123,#9124);
#9122 = CARTESIAN_POINT('',(54.,24.,19.3));
#9123 = DIRECTION('',(0.,0.,1.));
#9124 = DIRECTION('',(1.,0.,-0.));
#9125 = PCURVE('',#7423,#9126);
#9126 = DEFINITIONAL_REPRESENTATION('',(#9127),#9131);
#9127 = LINE('',#9128,#9129);
#9128 = CARTESIAN_POINT('',(0.,-0.));
#9129 = VECTOR('',#9130,1.);
#9130 = DIRECTION('',(1.,-0.));
#9131 = ( GEOMETRIC_REPRESENTATION_CONTEXT(2) 
PARAMETRIC_REPRESENTATION_CONTEXT() REPRESENTATION_CONTEXT('2D SPACE',''
  ) );
#9132 = PCURVE('',#8892,#9133);
#9133 = DEFINITIONAL_REPRESENTATION('',(#9134),#9138);
#9134 = LINE('',#9135,#9136);
#9135 = CARTESIAN_POINT('',(0.,0.3));
#9136 = VECTOR('',#9137,1.);
#9137 = DIRECTION('',(1.,0.));
#9138 = ( GEOMETRIC_REPRESENTATION_CONTEXT(2) 
PARAMETRIC_REPRESENTATION_CONTEXT() REPRESENTATION_CONTEXT('2D SPACE',''
  ) );
#9139 = ORIENTED_EDGE('',*,*,#9140,.T.);
#9140 = EDGE_CURVE('',#9117,#7407,#9141,.T.);
#9141 = SURFACE_CURVE('',#9142,(#9146,#9153),.PCURVE_S1.);
#9142 = LINE('',#9143,#9144);
#9143 = CARTESIAN_POINT('',(54.,33.9,19.3));
#9144 = VECTOR('',#9145,1.);
#9145 = DIRECTION('',(-4.329780281177E-17,-0.707106781187,
    -0.707106781187));
#9146 = PCURVE('',#7423,#9147);
#9147 = DEFINITIONAL_REPRESENTATION('',(#9148),#9152);
#9148 = LINE('',#9149,#9150);
#9149 = CARTESIAN_POINT('',(1.570796326795,-0.));
#9150 = VECTOR('',#9151,1.);
#9151 = DIRECTION('',(0.,-1.));
#9152 = ( GEOMETRIC_REPRESENTATION_CONTEXT(2) 
PARAMETRIC_REPRESENTATION_CONTEXT() REPRESENTATION_CONTEXT('2D SPACE',''
  ) );
#9153 = PCURVE('',#7451,#9154);
#9154 = DEFINITIONAL_REPRESENTATION('',(#9155),#9159);
#9155 = LINE('',#9156,#9157);
#9156 = CARTESIAN_POINT('',(-5.248159098455E-33,-0.212132034356));
#9157 = VECTOR('',#9158,1.);
#9158 = DIRECTION('',(-4.329780281177E-17,1.));
#9159 = ( GEOMETRIC_REPRESENTATION_CONTEXT(2) 
PARAMETRIC_REPRESENTATION_CONTEXT() REPRESENTATION_CONTEXT('2D SPACE',''
  ) );
#9160 = ORIENTED_EDGE('',*,*,#7406,.F.);
#9161 = ADVANCED_FACE('',(#9162),#7451,.T.);
#9162 = FACE_BOUND('',#9163,.F.);
#9163 = EDGE_LOOP('',(#9164,#9165,#9186,#9187));
#9164 = ORIENTED_EDGE('',*,*,#9140,.F.);
#9165 = ORIENTED_EDGE('',*,*,#9166,.T.);
#9166 = EDGE_CURVE('',#9117,#8984,#9167,.T.);
#9167 = SURFACE_CURVE('',#9168,(#9172,#9179),.PCURVE_S1.);
#9168 = LINE('',#9169,#9170);
#9169 = CARTESIAN_POINT('',(54.,33.9,19.3));
#9170 = VECTOR('',#9171,1.);
#9171 = DIRECTION('',(-1.,0.,0.));
#9172 = PCURVE('',#7451,#9173);
#9173 = DEFINITIONAL_REPRESENTATION('',(#9174),#9178);
#9174 = LINE('',#9175,#9176);
#9175 = CARTESIAN_POINT('',(-5.248159098455E-33,-0.212132034356));
#9176 = VECTOR('',#9177,1.);
#9177 = DIRECTION('',(-1.,0.));
#9178 = ( GEOMETRIC_REPRESENTATION_CONTEXT(2) 
PARAMETRIC_REPRESENTATION_CONTEXT() REPRESENTATION_CONTEXT('2D SPACE',''
  ) );
#9179 = PCURVE('',#9001,#9180);
#9180 = DEFINITIONAL_REPRESENTATION('',(#9181),#9185);
#9181 = LINE('',#9182,#9183);
#9182 = CARTESIAN_POINT('',(9.9,-0.3));
#9183 = VECTOR('',#9184,1.);
#9184 = DIRECTION('',(1.,0.));
#9185 = ( GEOMETRIC_REPRESENTATION_CONTEXT(2) 
PARAMETRIC_REPRESENTATION_CONTEXT() REPRESENTATION_CONTEXT('2D SPACE',''
  ) );
#9186 = ORIENTED_EDGE('',*,*,#9088,.T.);
#9187 = ORIENTED_EDGE('',*,*,#7435,.F.);
#9188 = ADVANCED_FACE('',(#9189),#7534,.F.);
#9189 = FACE_BOUND('',#9190,.F.);
#9190 = EDGE_LOOP('',(#9191,#9221,#9242,#9243));
#9191 = ORIENTED_EDGE('',*,*,#9192,.F.);
#9192 = EDGE_CURVE('',#9193,#9195,#9197,.T.);
#9193 = VERTEX_POINT('',#9194);
#9194 = CARTESIAN_POINT('',(-54.,-30.35,16.));
#9195 = VERTEX_POINT('',#9196);
#9196 = CARTESIAN_POINT('',(54.,-30.35,16.));
#9197 = SURFACE_CURVE('',#9198,(#9202,#9209),.PCURVE_S1.);
#9198 = LINE('',#9199,#9200);
#9199 = CARTESIAN_POINT('',(-60.35,-30.35,16.));
#9200 = VECTOR('',#9201,1.);
#9201 = DIRECTION('',(1.,0.,0.));
#9202 = PCURVE('',#7534,#9203);
#9203 = DEFINITIONAL_REPRESENTATION('',(#9204),#9208);
#9204 = LINE('',#9205,#9206);
#9205 = CARTESIAN_POINT('',(0.,0.));
#9206 = VECTOR('',#9207,1.);
#9207 = DIRECTION('',(1.,0.));
#9208 = ( GEOMETRIC_REPRESENTATION_CONTEXT(2) 
PARAMETRIC_REPRESENTATION_CONTEXT() REPRESENTATION_CONTEXT('2D SPACE',''
  ) );
#9209 = PCURVE('',#9210,#9215);
#9210 = PLANE('',#9211);
#9211 = AXIS2_PLACEMENT_3D('',#9212,#9213,#9214);
#9212 = CARTESIAN_POINT('',(0.,0.,16.));
#9213 = DIRECTION('',(0.,0.,1.));
#9214 = DIRECTION('',(1.,0.,-0.));
#9215 = DEFINITIONAL_REPRESENTATION('',(#9216),#9220);
#9216 = LINE('',#9217,#9218);
#9217 = CARTESIAN_POINT('',(-60.35,-30.35));
#9218 = VECTOR('',#9219,1.);
#9219 = DIRECTION('',(1.,0.));
#9220 = ( GEOMETRIC_REPRESENTATION_CONTEXT(2) 
PARAMETRIC_REPRESENTATION_CONTEXT() REPRESENTATION_CONTEXT('2D SPACE',''
  ) );
#9221 = ORIENTED_EDGE('',*,*,#9222,.T.);
#9222 = EDGE_CURVE('',#9193,#7517,#9223,.T.);
#9223 = SURFACE_CURVE('',#9224,(#9228,#9235),.PCURVE_S1.);
#9224 = LINE('',#9225,#9226);
#9225 = CARTESIAN_POINT('',(-54.,-30.35,16.));
#9226 = VECTOR('',#9227,1.);
#9227 = DIRECTION('',(0.,0.,1.));
#9228 = PCURVE('',#7534,#9229);
#9229 = DEFINITIONAL_REPRESENTATION('',(#9230),#9234);
#9230 = LINE('',#9231,#9232);
#9231 = CARTESIAN_POINT('',(6.35,0.));
#9232 = VECTOR('',#9233,1.);
#9233 = DIRECTION('',(0.,-1.));
#9234 = ( GEOMETRIC_REPRESENTATION_CONTEXT(2) 
PARAMETRIC_REPRESENTATION_CONTEXT() REPRESENTATION_CONTEXT('2D SPACE',''
  ) );
#9235 = PCURVE('',#7567,#9236);
#9236 = DEFINITIONAL_REPRESENTATION('',(#9237),#9241);
#9237 = LINE('',#9238,#9239);
#9238 = CARTESIAN_POINT('',(-0.,0.));
#9239 = VECTOR('',#9240,1.);
#9240 = DIRECTION('',(-0.,1.));
#9241 = ( GEOMETRIC_REPRESENTATION_CONTEXT(2) 
PARAMETRIC_REPRESENTATION_CONTEXT() REPRESENTATION_CONTEXT('2D SPACE',''
  ) );
#9242 = ORIENTED_EDGE('',*,*,#7516,.T.);
#9243 = ORIENTED_EDGE('',*,*,#9244,.F.);
#9244 = EDGE_CURVE('',#9195,#7519,#9245,.T.);
#9245 = SURFACE_CURVE('',#9246,(#9250,#9257),.PCURVE_S1.);
#9246 = LINE('',#9247,#9248);
#9247 = CARTESIAN_POINT('',(54.,-30.35,16.));
#9248 = VECTOR('',#9249,1.);
#9249 = DIRECTION('',(0.,0.,1.));
#9250 = PCURVE('',#7534,#9251);
#9251 = DEFINITIONAL_REPRESENTATION('',(#9252),#9256);
#9252 = LINE('',#9253,#9254);
#9253 = CARTESIAN_POINT('',(114.35,0.));
#9254 = VECTOR('',#9255,1.);
#9255 = DIRECTION('',(0.,-1.));
#9256 = ( GEOMETRIC_REPRESENTATION_CONTEXT(2) 
PARAMETRIC_REPRESENTATION_CONTEXT() REPRESENTATION_CONTEXT('2D SPACE',''
  ) );
#9257 = PCURVE('',#8176,#9258);
#9258 = DEFINITIONAL_REPRESENTATION('',(#9259),#9263);
#9259 = LINE('',#9260,#9261);
#9260 = CARTESIAN_POINT('',(0.,0.));
#9261 = VECTOR('',#9262,1.);
#9262 = DIRECTION('',(0.,1.));
#9263 = ( GEOMETRIC_REPRESENTATION_CONTEXT(2) 
PARAMETRIC_REPRESENTATION_CONTEXT() REPRESENTATION_CONTEXT('2D SPACE',''
  ) );
#9264 = ADVANCED_FACE('',(#9265),#7567,.T.);
#9265 = FACE_BOUND('',#9266,.F.);
#9266 = EDGE_LOOP('',(#9267,#9268,#9296,#9317,#9318,#9341,#9370,#9391));
#9267 = ORIENTED_EDGE('',*,*,#9222,.F.);
#9268 = ORIENTED_EDGE('',*,*,#9269,.T.);
#9269 = EDGE_CURVE('',#9193,#9270,#9272,.T.);
#9270 = VERTEX_POINT('',#9271);
#9271 = CARTESIAN_POINT('',(-60.35,-24.,16.));
#9272 = SURFACE_CURVE('',#9273,(#9278,#9285),.PCURVE_S1.);
#9273 = CIRCLE('',#9274,6.35);
#9274 = AXIS2_PLACEMENT_3D('',#9275,#9276,#9277);
#9275 = CARTESIAN_POINT('',(-54.,-24.,16.));
#9276 = DIRECTION('',(-0.,-0.,-1.));
#9277 = DIRECTION('',(0.,-1.,0.));
#9278 = PCURVE('',#7567,#9279);
#9279 = DEFINITIONAL_REPRESENTATION('',(#9280),#9284);
#9280 = LINE('',#9281,#9282);
#9281 = CARTESIAN_POINT('',(-0.,8.881784197001E-16));
#9282 = VECTOR('',#9283,1.);
#9283 = DIRECTION('',(-1.,0.));
#9284 = ( GEOMETRIC_REPRESENTATION_CONTEXT(2) 
PARAMETRIC_REPRESENTATION_CONTEXT() REPRESENTATION_CONTEXT('2D SPACE',''
  ) );
#9285 = PCURVE('',#9210,#9286);
#9286 = DEFINITIONAL_REPRESENTATION('',(#9287),#9295);
#9287 = ( BOUNDED_CURVE() B_SPLINE_CURVE(2,(#9288,#9289,#9290,#9291,
#9292,#9293,#9294),.UNSPECIFIED.,.T.,.F.) B_SPLINE_CURVE_WITH_KNOTS((1,2
    ,2,2,2,1),(-2.094395102393,0.,2.094395102393,4.188790204786,
6.28318530718,8.377580409573),.UNSPECIFIED.) CURVE() 
GEOMETRIC_REPRESENTATION_ITEM() RATIONAL_B_SPLINE_CURVE((1.,0.5,1.,0.5,
1.,0.5,1.)) REPRESENTATION_ITEM('') );
#9288 = CARTESIAN_POINT('',(-54.,-30.35));
#9289 = CARTESIAN_POINT('',(-64.99852262806,-30.35));
#9290 = CARTESIAN_POINT('',(-59.49926131403,-20.825));
#9291 = CARTESIAN_POINT('',(-54.,-11.3));
#9292 = CARTESIAN_POINT('',(-48.50073868596,-20.825));
#9293 = CARTESIAN_POINT('',(-43.00147737193,-30.35));
#9294 = CARTESIAN_POINT('',(-54.,-30.35));
#9295 = ( GEOMETRIC_REPRESENTATION_CONTEXT(2) 
PARAMETRIC_REPRESENTATION_CONTEXT() REPRESENTATION_CONTEXT('2D SPACE',''
  ) );
#9296 = ORIENTED_EDGE('',*,*,#9297,.T.);
#9297 = EDGE_CURVE('',#9270,#7613,#9298,.T.);
#9298 = SURFACE_CURVE('',#9299,(#9303,#9310),.PCURVE_S1.);
#9299 = LINE('',#9300,#9301);
#9300 = CARTESIAN_POINT('',(-60.35,-24.,16.));
#9301 = VECTOR('',#9302,1.);
#9302 = DIRECTION('',(0.,0.,1.));
#9303 = PCURVE('',#7567,#9304);
#9304 = DEFINITIONAL_REPRESENTATION('',(#9305),#9309);
#9305 = LINE('',#9306,#9307);
#9306 = CARTESIAN_POINT('',(-1.570796326795,0.));
#9307 = VECTOR('',#9308,1.);
#9308 = DIRECTION('',(-0.,1.));
#9309 = ( GEOMETRIC_REPRESENTATION_CONTEXT(2) 
PARAMETRIC_REPRESENTATION_CONTEXT() REPRESENTATION_CONTEXT('2D SPACE',''
  ) );
#9310 = PCURVE('',#7656,#9311);
#9311 = DEFINITIONAL_REPRESENTATION('',(#9312),#9316);
#9312 = LINE('',#9313,#9314);
#9313 = CARTESIAN_POINT('',(54.35,0.));
#9314 = VECTOR('',#9315,1.);
#9315 = DIRECTION('',(0.,-1.));
#9316 = ( GEOMETRIC_REPRESENTATION_CONTEXT(2) 
PARAMETRIC_REPRESENTATION_CONTEXT() REPRESENTATION_CONTEXT('2D SPACE',''
  ) );
#9317 = ORIENTED_EDGE('',*,*,#7612,.F.);
#9318 = ORIENTED_EDGE('',*,*,#9319,.F.);
#9319 = EDGE_CURVE('',#9320,#7580,#9322,.T.);
#9320 = VERTEX_POINT('',#9321);
#9321 = CARTESIAN_POINT('',(-59.39586743405,-27.34770288916,18.9));
#9322 = SURFACE_CURVE('',#9323,(#9327,#9334),.PCURVE_S1.);
#9323 = LINE('',#9324,#9325);
#9324 = CARTESIAN_POINT('',(-59.39586743405,-27.34770288916,16.));
#9325 = VECTOR('',#9326,1.);
#9326 = DIRECTION('',(0.,0.,1.));
#9327 = PCURVE('',#7567,#9328);
#9328 = DEFINITIONAL_REPRESENTATION('',(#9329),#9333);
#9329 = LINE('',#9330,#9331);
#9330 = CARTESIAN_POINT('',(-1.015497434469,0.));
#9331 = VECTOR('',#9332,1.);
#9332 = DIRECTION('',(-0.,1.));
#9333 = ( GEOMETRIC_REPRESENTATION_CONTEXT(2) 
PARAMETRIC_REPRESENTATION_CONTEXT() REPRESENTATION_CONTEXT('2D SPACE',''
  ) );
#9334 = PCURVE('',#7600,#9335);
#9335 = DEFINITIONAL_REPRESENTATION('',(#9336),#9340);
#9336 = LINE('',#9337,#9338);
#9337 = CARTESIAN_POINT('',(-2.242623523888,2.9));
#9338 = VECTOR('',#9339,1.);
#9339 = DIRECTION('',(-0.,-1.));
#9340 = ( GEOMETRIC_REPRESENTATION_CONTEXT(2) 
PARAMETRIC_REPRESENTATION_CONTEXT() REPRESENTATION_CONTEXT('2D SPACE',''
  ) );
#9341 = ORIENTED_EDGE('',*,*,#9342,.T.);
#9342 = EDGE_CURVE('',#9320,#9343,#9345,.T.);
#9343 = VERTEX_POINT('',#9344);
#9344 = CARTESIAN_POINT('',(-57.10470018687,-29.53925416907,18.9));
#9345 = SURFACE_CURVE('',#9346,(#9351,#9358),.PCURVE_S1.);
#9346 = CIRCLE('',#9347,6.35);
#9347 = AXIS2_PLACEMENT_3D('',#9348,#9349,#9350);
#9348 = CARTESIAN_POINT('',(-54.,-24.,18.9));
#9349 = DIRECTION('',(0.,0.,1.));
#9350 = DIRECTION('',(0.,-1.,0.));
#9351 = PCURVE('',#7567,#9352);
#9352 = DEFINITIONAL_REPRESENTATION('',(#9353),#9357);
#9353 = LINE('',#9354,#9355);
#9354 = CARTESIAN_POINT('',(-6.28318530718,2.9));
#9355 = VECTOR('',#9356,1.);
#9356 = DIRECTION('',(1.,-0.));
#9357 = ( GEOMETRIC_REPRESENTATION_CONTEXT(2) 
PARAMETRIC_REPRESENTATION_CONTEXT() REPRESENTATION_CONTEXT('2D SPACE',''
  ) );
#9358 = PCURVE('',#9359,#9364);
#9359 = PLANE('',#9360);
#9360 = AXIS2_PLACEMENT_3D('',#9361,#9362,#9363);
#9361 = CARTESIAN_POINT('',(-15.435,0.,18.9));
#9362 = DIRECTION('',(0.,0.,1.));
#9363 = DIRECTION('',(1.,0.,-0.));
#9364 = DEFINITIONAL_REPRESENTATION('',(#9365),#9369);
#9365 = CIRCLE('',#9366,6.35);
#9366 = AXIS2_PLACEMENT_2D('',#9367,#9368);
#9367 = CARTESIAN_POINT('',(-38.565,-24.));
#9368 = DIRECTION('',(0.,-1.));
#9369 = ( GEOMETRIC_REPRESENTATION_CONTEXT(2) 
PARAMETRIC_REPRESENTATION_CONTEXT() REPRESENTATION_CONTEXT('2D SPACE',''
  ) );
#9370 = ORIENTED_EDGE('',*,*,#9371,.T.);
#9371 = EDGE_CURVE('',#9343,#7547,#9372,.T.);
#9372 = SURFACE_CURVE('',#9373,(#9377,#9384),.PCURVE_S1.);
#9373 = LINE('',#9374,#9375);
#9374 = CARTESIAN_POINT('',(-57.10470018687,-29.53925416907,16.));
#9375 = VECTOR('',#9376,1.);
#9376 = DIRECTION('',(0.,0.,1.));
#9377 = PCURVE('',#7567,#9378);
#9378 = DEFINITIONAL_REPRESENTATION('',(#9379),#9383);
#9379 = LINE('',#9380,#9381);
#9380 = CARTESIAN_POINT('',(-0.510861761672,0.));
#9381 = VECTOR('',#9382,1.);
#9382 = DIRECTION('',(-0.,1.));
#9383 = ( GEOMETRIC_REPRESENTATION_CONTEXT(2) 
PARAMETRIC_REPRESENTATION_CONTEXT() REPRESENTATION_CONTEXT('2D SPACE',''
  ) );
#9384 = PCURVE('',#7600,#9385);
#9385 = DEFINITIONAL_REPRESENTATION('',(#9386),#9390);
#9386 = LINE('',#9387,#9388);
#9387 = CARTESIAN_POINT('',(-5.65579524074,2.9));
#9388 = VECTOR('',#9389,1.);
#9389 = DIRECTION('',(-0.,-1.));
#9390 = ( GEOMETRIC_REPRESENTATION_CONTEXT(2) 
PARAMETRIC_REPRESENTATION_CONTEXT() REPRESENTATION_CONTEXT('2D SPACE',''
  ) );
#9391 = ORIENTED_EDGE('',*,*,#7546,.F.);
#9392 = ADVANCED_FACE('',(#9393),#8176,.T.);
#9393 = FACE_BOUND('',#9394,.T.);
#9394 = EDGE_LOOP('',(#9395,#9419,#9440,#9441));
#9395 = ORIENTED_EDGE('',*,*,#9396,.T.);
#9396 = EDGE_CURVE('',#9195,#9397,#9399,.T.);
#9397 = VERTEX_POINT('',#9398);
#9398 = CARTESIAN_POINT('',(60.35,-24.,16.));
#9399 = SURFACE_CURVE('',#9400,(#9405,#9412),.PCURVE_S1.);
#9400 = CIRCLE('',#9401,6.35);
#9401 = AXIS2_PLACEMENT_3D('',#9402,#9403,#9404);
#9402 = CARTESIAN_POINT('',(54.,-24.,16.));
#9403 = DIRECTION('',(0.,0.,1.));
#9404 = DIRECTION('',(0.,-1.,0.));
#9405 = PCURVE('',#8176,#9406);
#9406 = DEFINITIONAL_REPRESENTATION('',(#9407),#9411);
#9407 = LINE('',#9408,#9409);
#9408 = CARTESIAN_POINT('',(0.,8.881784197001E-16));
#9409 = VECTOR('',#9410,1.);
#9410 = DIRECTION('',(1.,0.));
#9411 = ( GEOMETRIC_REPRESENTATION_CONTEXT(2) 
PARAMETRIC_REPRESENTATION_CONTEXT() REPRESENTATION_CONTEXT('2D SPACE',''
  ) );
#9412 = PCURVE('',#9210,#9413);
#9413 = DEFINITIONAL_REPRESENTATION('',(#9414),#9418);
#9414 = CIRCLE('',#9415,6.35);
#9415 = AXIS2_PLACEMENT_2D('',#9416,#9417);
#9416 = CARTESIAN_POINT('',(54.,-24.));
#9417 = DIRECTION('',(0.,-1.));
#9418 = ( GEOMETRIC_REPRESENTATION_CONTEXT(2) 
PARAMETRIC_REPRESENTATION_CONTEXT() REPRESENTATION_CONTEXT('2D SPACE',''
  ) );
#9419 = ORIENTED_EDGE('',*,*,#9420,.T.);
#9420 = EDGE_CURVE('',#9397,#8134,#9421,.T.);
#9421 = SURFACE_CURVE('',#9422,(#9426,#9433),.PCURVE_S1.);
#9422 = LINE('',#9423,#9424);
#9423 = CARTESIAN_POINT('',(60.35,-24.,16.));
#9424 = VECTOR('',#9425,1.);
#9425 = DIRECTION('',(0.,0.,1.));
#9426 = PCURVE('',#8176,#9427);
#9427 = DEFINITIONAL_REPRESENTATION('',(#9428),#9432);
#9428 = LINE('',#9429,#9430);
#9429 = CARTESIAN_POINT('',(1.570796326795,0.));
#9430 = VECTOR('',#9431,1.);
#9431 = DIRECTION('',(0.,1.));
#9432 = ( GEOMETRIC_REPRESENTATION_CONTEXT(2) 
PARAMETRIC_REPRESENTATION_CONTEXT() REPRESENTATION_CONTEXT('2D SPACE',''
  ) );
#9433 = PCURVE('',#8149,#9434);
#9434 = DEFINITIONAL_REPRESENTATION('',(#9435),#9439);
#9435 = LINE('',#9436,#9437);
#9436 = CARTESIAN_POINT('',(6.35,0.));
#9437 = VECTOR('',#9438,1.);
#9438 = DIRECTION('',(0.,-1.));
#9439 = ( GEOMETRIC_REPRESENTATION_CONTEXT(2) 
PARAMETRIC_REPRESENTATION_CONTEXT() REPRESENTATION_CONTEXT('2D SPACE',''
  ) );
#9440 = ORIENTED_EDGE('',*,*,#8161,.F.);
#9441 = ORIENTED_EDGE('',*,*,#9244,.F.);
#9442 = ADVANCED_FACE('',(#9443),#7600,.F.);
#9443 = FACE_BOUND('',#9444,.T.);
#9444 = EDGE_LOOP('',(#9445,#9475,#9501,#9502,#9503,#9504,#9532,#9560,
    #9593,#9621,#9650,#9673));
#9445 = ORIENTED_EDGE('',*,*,#9446,.F.);
#9446 = EDGE_CURVE('',#9447,#9449,#9451,.T.);
#9447 = VERTEX_POINT('',#9448);
#9448 = CARTESIAN_POINT('',(-56.80031131676,-28.56843868323,18.9));
#9449 = VERTEX_POINT('',#9450);
#9450 = CARTESIAN_POINT('',(-56.80031131676,-28.56843868323,22.4));
#9451 = SURFACE_CURVE('',#9452,(#9456,#9463),.PCURVE_S1.);
#9452 = LINE('',#9453,#9454);
#9453 = CARTESIAN_POINT('',(-56.80031131676,-28.56843868323,18.9));
#9454 = VECTOR('',#9455,1.);
#9455 = DIRECTION('',(0.,0.,1.));
#9456 = PCURVE('',#7600,#9457);
#9457 = DEFINITIONAL_REPRESENTATION('',(#9458),#9462);
#9458 = LINE('',#9459,#9460);
#9459 = CARTESIAN_POINT('',(-6.302912409625,0.));
#9460 = VECTOR('',#9461,1.);
#9461 = DIRECTION('',(-0.,-1.));
#9462 = ( GEOMETRIC_REPRESENTATION_CONTEXT(2) 
PARAMETRIC_REPRESENTATION_CONTEXT() REPRESENTATION_CONTEXT('2D SPACE',''
  ) );
#9463 = PCURVE('',#9464,#9469);
#9464 = CYLINDRICAL_SURFACE('',#9465,2.5);
#9465 = AXIS2_PLACEMENT_3D('',#9466,#9467,#9468);
#9466 = CARTESIAN_POINT('',(-56.,-26.2,18.9));
#9467 = DIRECTION('',(0.,0.,1.));
#9468 = DIRECTION('',(0.,-1.,0.));
#9469 = DEFINITIONAL_REPRESENTATION('',(#9470),#9474);
#9470 = LINE('',#9471,#9472);
#9471 = CARTESIAN_POINT('',(-0.325860928252,0.));
#9472 = VECTOR('',#9473,1.);
#9473 = DIRECTION('',(-0.,1.));
#9474 = ( GEOMETRIC_REPRESENTATION_CONTEXT(2) 
PARAMETRIC_REPRESENTATION_CONTEXT() REPRESENTATION_CONTEXT('2D SPACE',''
  ) );
#9475 = ORIENTED_EDGE('',*,*,#9476,.T.);
#9476 = EDGE_CURVE('',#9447,#9343,#9477,.T.);
#9477 = SURFACE_CURVE('',#9478,(#9483,#9490),.PCURVE_S1.);
#9478 = CIRCLE('',#9479,1.6);
#9479 = AXIS2_PLACEMENT_3D('',#9480,#9481,#9482);
#9480 = CARTESIAN_POINT('',(-58.4,-28.6,18.9));
#9481 = DIRECTION('',(0.,0.,-1.));
#9482 = DIRECTION('',(0.999805427025,1.972582297537E-02,0.));
#9483 = PCURVE('',#7600,#9484);
#9484 = DEFINITIONAL_REPRESENTATION('',(#9485),#9489);
#9485 = LINE('',#9486,#9487);
#9486 = CARTESIAN_POINT('',(-6.302912409625,0.));
#9487 = VECTOR('',#9488,1.);
#9488 = DIRECTION('',(1.,-0.));
#9489 = ( GEOMETRIC_REPRESENTATION_CONTEXT(2) 
PARAMETRIC_REPRESENTATION_CONTEXT() REPRESENTATION_CONTEXT('2D SPACE',''
  ) );
#9490 = PCURVE('',#9359,#9491);
#9491 = DEFINITIONAL_REPRESENTATION('',(#9492),#9500);
#9492 = ( BOUNDED_CURVE() B_SPLINE_CURVE(2,(#9493,#9494,#9495,#9496,
#9497,#9498,#9499),.UNSPECIFIED.,.T.,.F.) B_SPLINE_CURVE_WITH_KNOTS((1,2
    ,2,2,2,1),(-2.094395102393,0.,2.094395102393,4.188790204786,
6.28318530718,8.377580409573),.UNSPECIFIED.) CURVE() 
GEOMETRIC_REPRESENTATION_ITEM() RATIONAL_B_SPLINE_CURVE((1.,0.5,1.,0.5,
1.,0.5,1.)) REPRESENTATION_ITEM('') );
#9493 = CARTESIAN_POINT('',(-41.36531131676,-28.56843868323));
#9494 = CARTESIAN_POINT('',(-41.31064551257,-31.3391807589));
#9495 = CARTESIAN_POINT('',(-43.73751143952,-30.00115169621));
#9496 = CARTESIAN_POINT('',(-46.16437736647,-28.66312263352));
#9497 = CARTESIAN_POINT('',(-43.79217724371,-27.23040962054));
#9498 = CARTESIAN_POINT('',(-41.41997712094,-25.79769660757));
#9499 = CARTESIAN_POINT('',(-41.36531131676,-28.56843868323));
#9500 = ( GEOMETRIC_REPRESENTATION_CONTEXT(2) 
PARAMETRIC_REPRESENTATION_CONTEXT() REPRESENTATION_CONTEXT('2D SPACE',''
  ) );
#9501 = ORIENTED_EDGE('',*,*,#9371,.T.);
#9502 = ORIENTED_EDGE('',*,*,#7579,.T.);
#9503 = ORIENTED_EDGE('',*,*,#9319,.F.);
#9504 = ORIENTED_EDGE('',*,*,#9505,.T.);
#9505 = EDGE_CURVE('',#9320,#9506,#9508,.T.);
#9506 = VERTEX_POINT('',#9507);
#9507 = CARTESIAN_POINT('',(-58.36843868323,-27.00031131676,18.9));
#9508 = SURFACE_CURVE('',#9509,(#9514,#9521),.PCURVE_S1.);
#9509 = CIRCLE('',#9510,1.6);
#9510 = AXIS2_PLACEMENT_3D('',#9511,#9512,#9513);
#9511 = CARTESIAN_POINT('',(-58.4,-28.6,18.9));
#9512 = DIRECTION('',(0.,0.,-1.));
#9513 = DIRECTION('',(0.999805427025,1.972582297537E-02,0.));
#9514 = PCURVE('',#7600,#9515);
#9515 = DEFINITIONAL_REPRESENTATION('',(#9516),#9520);
#9516 = LINE('',#9517,#9518);
#9517 = CARTESIAN_POINT('',(-6.302912409625,0.));
#9518 = VECTOR('',#9519,1.);
#9519 = DIRECTION('',(1.,-0.));
#9520 = ( GEOMETRIC_REPRESENTATION_CONTEXT(2) 
PARAMETRIC_REPRESENTATION_CONTEXT() REPRESENTATION_CONTEXT('2D SPACE',''
  ) );
#9521 = PCURVE('',#9359,#9522);
#9522 = DEFINITIONAL_REPRESENTATION('',(#9523),#9531);
#9523 = ( BOUNDED_CURVE() B_SPLINE_CURVE(2,(#9524,#9525,#9526,#9527,
#9528,#9529,#9530),.UNSPECIFIED.,.T.,.F.) B_SPLINE_CURVE_WITH_KNOTS((1,2
    ,2,2,2,1),(-2.094395102393,0.,2.094395102393,4.188790204786,
6.28318530718,8.377580409573),.UNSPECIFIED.) CURVE() 
GEOMETRIC_REPRESENTATION_ITEM() RATIONAL_B_SPLINE_CURVE((1.,0.5,1.,0.5,
1.,0.5,1.)) REPRESENTATION_ITEM('') );
#9524 = CARTESIAN_POINT('',(-41.36531131676,-28.56843868323));
#9525 = CARTESIAN_POINT('',(-41.31064551257,-31.3391807589));
#9526 = CARTESIAN_POINT('',(-43.73751143952,-30.00115169621));
#9527 = CARTESIAN_POINT('',(-46.16437736647,-28.66312263352));
#9528 = CARTESIAN_POINT('',(-43.79217724371,-27.23040962054));
#9529 = CARTESIAN_POINT('',(-41.41997712094,-25.79769660757));
#9530 = CARTESIAN_POINT('',(-41.36531131676,-28.56843868323));
#9531 = ( GEOMETRIC_REPRESENTATION_CONTEXT(2) 
PARAMETRIC_REPRESENTATION_CONTEXT() REPRESENTATION_CONTEXT('2D SPACE',''
  ) );
#9532 = ORIENTED_EDGE('',*,*,#9533,.T.);
#9533 = EDGE_CURVE('',#9506,#9534,#9536,.T.);
#9534 = VERTEX_POINT('',#9535);
#9535 = CARTESIAN_POINT('',(-58.36843868323,-27.00031131676,22.4));
#9536 = SURFACE_CURVE('',#9537,(#9541,#9548),.PCURVE_S1.);
#9537 = LINE('',#9538,#9539);
#9538 = CARTESIAN_POINT('',(-58.36843868323,-27.00031131676,18.9));
#9539 = VECTOR('',#9540,1.);
#9540 = DIRECTION('',(0.,0.,1.));
#9541 = PCURVE('',#7600,#9542);
#9542 = DEFINITIONAL_REPRESENTATION('',(#9543),#9547);
#9543 = LINE('',#9544,#9545);
#9544 = CARTESIAN_POINT('',(-1.551069224349,0.));
#9545 = VECTOR('',#9546,1.);
#9546 = DIRECTION('',(-0.,-1.));
#9547 = ( GEOMETRIC_REPRESENTATION_CONTEXT(2) 
PARAMETRIC_REPRESENTATION_CONTEXT() REPRESENTATION_CONTEXT('2D SPACE',''
  ) );
#9548 = PCURVE('',#9549,#9554);
#9549 = CYLINDRICAL_SURFACE('',#9550,2.5);
#9550 = AXIS2_PLACEMENT_3D('',#9551,#9552,#9553);
#9551 = CARTESIAN_POINT('',(-56.,-26.2,18.9));
#9552 = DIRECTION('',(0.,0.,1.));
#9553 = DIRECTION('',(0.,-1.,0.));
#9554 = DEFINITIONAL_REPRESENTATION('',(#9555),#9559);
#9555 = LINE('',#9556,#9557);
#9556 = CARTESIAN_POINT('',(-1.244935398543,0.));
#9557 = VECTOR('',#9558,1.);
#9558 = DIRECTION('',(-0.,1.));
#9559 = ( GEOMETRIC_REPRESENTATION_CONTEXT(2) 
PARAMETRIC_REPRESENTATION_CONTEXT() REPRESENTATION_CONTEXT('2D SPACE',''
  ) );
#9560 = ORIENTED_EDGE('',*,*,#9561,.F.);
#9561 = EDGE_CURVE('',#9562,#9534,#9564,.T.);
#9562 = VERTEX_POINT('',#9563);
#9563 = CARTESIAN_POINT('',(-58.54686022491,-27.00675423291,22.4));
#9564 = SURFACE_CURVE('',#9565,(#9570,#9577),.PCURVE_S1.);
#9565 = CIRCLE('',#9566,1.6);
#9566 = AXIS2_PLACEMENT_3D('',#9567,#9568,#9569);
#9567 = CARTESIAN_POINT('',(-58.4,-28.6,22.4));
#9568 = DIRECTION('',(0.,0.,-1.));
#9569 = DIRECTION('',(1.,0.,0.));
#9570 = PCURVE('',#7600,#9571);
#9571 = DEFINITIONAL_REPRESENTATION('',(#9572),#9576);
#9572 = LINE('',#9573,#9574);
#9573 = CARTESIAN_POINT('',(-12.56637061435,-3.5));
#9574 = VECTOR('',#9575,1.);
#9575 = DIRECTION('',(1.,-0.));
#9576 = ( GEOMETRIC_REPRESENTATION_CONTEXT(2) 
PARAMETRIC_REPRESENTATION_CONTEXT() REPRESENTATION_CONTEXT('2D SPACE',''
  ) );
#9577 = PCURVE('',#9578,#9583);
#9578 = PLANE('',#9579);
#9579 = AXIS2_PLACEMENT_3D('',#9580,#9581,#9582);
#9580 = CARTESIAN_POINT('',(-54.25,-24.45,22.4));
#9581 = DIRECTION('',(0.,0.,1.));
#9582 = DIRECTION('',(1.,0.,-0.));
#9583 = DEFINITIONAL_REPRESENTATION('',(#9584),#9592);
#9584 = ( BOUNDED_CURVE() B_SPLINE_CURVE(2,(#9585,#9586,#9587,#9588,
#9589,#9590,#9591),.UNSPECIFIED.,.T.,.F.) B_SPLINE_CURVE_WITH_KNOTS((1,2
    ,2,2,2,1),(-2.094395102393,0.,2.094395102393,4.188790204786,
6.28318530718,8.377580409573),.UNSPECIFIED.) CURVE() 
GEOMETRIC_REPRESENTATION_ITEM() RATIONAL_B_SPLINE_CURVE((1.,0.5,1.,0.5,
1.,0.5,1.)) REPRESENTATION_ITEM('') );
#9585 = CARTESIAN_POINT('',(-2.55,-4.15));
#9586 = CARTESIAN_POINT('',(-2.55,-6.92128129211));
#9587 = CARTESIAN_POINT('',(-4.95,-5.535640646055));
#9588 = CARTESIAN_POINT('',(-7.35,-4.15));
#9589 = CARTESIAN_POINT('',(-4.95,-2.764359353945));
#9590 = CARTESIAN_POINT('',(-2.55,-1.37871870789));
#9591 = CARTESIAN_POINT('',(-2.55,-4.15));
#9592 = ( GEOMETRIC_REPRESENTATION_CONTEXT(2) 
PARAMETRIC_REPRESENTATION_CONTEXT() REPRESENTATION_CONTEXT('2D SPACE',''
  ) );
#9593 = ORIENTED_EDGE('',*,*,#9594,.F.);
#9594 = EDGE_CURVE('',#9595,#9562,#9597,.T.);
#9595 = VERTEX_POINT('',#9596);
#9596 = CARTESIAN_POINT('',(-58.54686022491,-27.00675423291,24.5));
#9597 = SURFACE_CURVE('',#9598,(#9602,#9609),.PCURVE_S1.);
#9598 = LINE('',#9599,#9600);
#9599 = CARTESIAN_POINT('',(-58.54686022491,-27.00675423291,18.9));
#9600 = VECTOR('',#9601,1.);
#9601 = DIRECTION('',(-0.,-0.,-1.));
#9602 = PCURVE('',#7600,#9603);
#9603 = DEFINITIONAL_REPRESENTATION('',(#9604),#9608);
#9604 = LINE('',#9605,#9606);
#9605 = CARTESIAN_POINT('',(-1.662713343166,0.));
#9606 = VECTOR('',#9607,1.);
#9607 = DIRECTION('',(-0.,1.));
#9608 = ( GEOMETRIC_REPRESENTATION_CONTEXT(2) 
PARAMETRIC_REPRESENTATION_CONTEXT() REPRESENTATION_CONTEXT('2D SPACE',''
  ) );
#9609 = PCURVE('',#9610,#9615);
#9610 = CYLINDRICAL_SURFACE('',#9611,5.);
#9611 = AXIS2_PLACEMENT_3D('',#9612,#9613,#9614);
#9612 = CARTESIAN_POINT('',(-54.25,-24.45,22.4));
#9613 = DIRECTION('',(-0.,-0.,-1.));
#9614 = DIRECTION('',(1.,0.,0.));
#9615 = DEFINITIONAL_REPRESENTATION('',(#9616),#9620);
#9616 = LINE('',#9617,#9618);
#9617 = CARTESIAN_POINT('',(-3.67834860969,3.5));
#9618 = VECTOR('',#9619,1.);
#9619 = DIRECTION('',(-0.,1.));
#9620 = ( GEOMETRIC_REPRESENTATION_CONTEXT(2) 
PARAMETRIC_REPRESENTATION_CONTEXT() REPRESENTATION_CONTEXT('2D SPACE',''
  ) );
#9621 = ORIENTED_EDGE('',*,*,#9622,.T.);
#9622 = EDGE_CURVE('',#9595,#9623,#9625,.T.);
#9623 = VERTEX_POINT('',#9624);
#9624 = CARTESIAN_POINT('',(-56.80675423291,-28.74686022491,24.5));
#9625 = SURFACE_CURVE('',#9626,(#9631,#9638),.PCURVE_S1.);
#9626 = CIRCLE('',#9627,1.6);
#9627 = AXIS2_PLACEMENT_3D('',#9628,#9629,#9630);
#9628 = CARTESIAN_POINT('',(-58.4,-28.6,24.5));
#9629 = DIRECTION('',(0.,-0.,1.));
#9630 = DIRECTION('',(1.972582297537E-02,0.999805427025,0.));
#9631 = PCURVE('',#7600,#9632);
#9632 = DEFINITIONAL_REPRESENTATION('',(#9633),#9637);
#9633 = LINE('',#9634,#9635);
#9634 = CARTESIAN_POINT('',(-1.551069224349,-5.6));
#9635 = VECTOR('',#9636,1.);
#9636 = DIRECTION('',(-1.,0.));
#9637 = ( GEOMETRIC_REPRESENTATION_CONTEXT(2) 
PARAMETRIC_REPRESENTATION_CONTEXT() REPRESENTATION_CONTEXT('2D SPACE',''
  ) );
#9638 = PCURVE('',#9639,#9644);
#9639 = PLANE('',#9640);
#9640 = AXIS2_PLACEMENT_3D('',#9641,#9642,#9643);
#9641 = CARTESIAN_POINT('',(-15.435,0.,24.5));
#9642 = DIRECTION('',(0.,0.,1.));
#9643 = DIRECTION('',(1.,0.,-0.));
#9644 = DEFINITIONAL_REPRESENTATION('',(#9645),#9649);
#9645 = CIRCLE('',#9646,1.6);
#9646 = AXIS2_PLACEMENT_2D('',#9647,#9648);
#9647 = CARTESIAN_POINT('',(-42.965,-28.6));
#9648 = DIRECTION('',(1.972582297537E-02,0.999805427025));
#9649 = ( GEOMETRIC_REPRESENTATION_CONTEXT(2) 
PARAMETRIC_REPRESENTATION_CONTEXT() REPRESENTATION_CONTEXT('2D SPACE',''
  ) );
#9650 = ORIENTED_EDGE('',*,*,#9651,.T.);
#9651 = EDGE_CURVE('',#9623,#9652,#9654,.T.);
#9652 = VERTEX_POINT('',#9653);
#9653 = CARTESIAN_POINT('',(-56.80675423291,-28.74686022491,22.4));
#9654 = SURFACE_CURVE('',#9655,(#9659,#9666),.PCURVE_S1.);
#9655 = LINE('',#9656,#9657);
#9656 = CARTESIAN_POINT('',(-56.80675423291,-28.74686022491,18.9));
#9657 = VECTOR('',#9658,1.);
#9658 = DIRECTION('',(-0.,-0.,-1.));
#9659 = PCURVE('',#7600,#9660);
#9660 = DEFINITIONAL_REPRESENTATION('',(#9661),#9665);
#9661 = LINE('',#9662,#9663);
#9662 = CARTESIAN_POINT('',(-6.191268290808,0.));
#9663 = VECTOR('',#9664,1.);
#9664 = DIRECTION('',(-0.,1.));
#9665 = ( GEOMETRIC_REPRESENTATION_CONTEXT(2) 
PARAMETRIC_REPRESENTATION_CONTEXT() REPRESENTATION_CONTEXT('2D SPACE',''
  ) );
#9666 = PCURVE('',#9610,#9667);
#9667 = DEFINITIONAL_REPRESENTATION('',(#9668),#9672);
#9668 = LINE('',#9669,#9670);
#9669 = CARTESIAN_POINT('',(-4.175633024284,3.5));
#9670 = VECTOR('',#9671,1.);
#9671 = DIRECTION('',(-0.,1.));
#9672 = ( GEOMETRIC_REPRESENTATION_CONTEXT(2) 
PARAMETRIC_REPRESENTATION_CONTEXT() REPRESENTATION_CONTEXT('2D SPACE',''
  ) );
#9673 = ORIENTED_EDGE('',*,*,#9674,.F.);
#9674 = EDGE_CURVE('',#9449,#9652,#9675,.T.);
#9675 = SURFACE_CURVE('',#9676,(#9681,#9688),.PCURVE_S1.);
#9676 = CIRCLE('',#9677,1.6);
#9677 = AXIS2_PLACEMENT_3D('',#9678,#9679,#9680);
#9678 = CARTESIAN_POINT('',(-58.4,-28.6,22.4));
#9679 = DIRECTION('',(0.,0.,-1.));
#9680 = DIRECTION('',(1.,0.,0.));
#9681 = PCURVE('',#7600,#9682);
#9682 = DEFINITIONAL_REPRESENTATION('',(#9683),#9687);
#9683 = LINE('',#9684,#9685);
#9684 = CARTESIAN_POINT('',(-12.56637061435,-3.5));
#9685 = VECTOR('',#9686,1.);
#9686 = DIRECTION('',(1.,-0.));
#9687 = ( GEOMETRIC_REPRESENTATION_CONTEXT(2) 
PARAMETRIC_REPRESENTATION_CONTEXT() REPRESENTATION_CONTEXT('2D SPACE',''
  ) );
#9688 = PCURVE('',#9578,#9689);
#9689 = DEFINITIONAL_REPRESENTATION('',(#9690),#9698);
#9690 = ( BOUNDED_CURVE() B_SPLINE_CURVE(2,(#9691,#9692,#9693,#9694,
#9695,#9696,#9697),.UNSPECIFIED.,.T.,.F.) B_SPLINE_CURVE_WITH_KNOTS((1,2
    ,2,2,2,1),(-2.094395102393,0.,2.094395102393,4.188790204786,
6.28318530718,8.377580409573),.UNSPECIFIED.) CURVE() 
GEOMETRIC_REPRESENTATION_ITEM() RATIONAL_B_SPLINE_CURVE((1.,0.5,1.,0.5,
1.,0.5,1.)) REPRESENTATION_ITEM('') );
#9691 = CARTESIAN_POINT('',(-2.55,-4.15));
#9692 = CARTESIAN_POINT('',(-2.55,-6.92128129211));
#9693 = CARTESIAN_POINT('',(-4.95,-5.535640646055));
#9694 = CARTESIAN_POINT('',(-7.35,-4.15));
#9695 = CARTESIAN_POINT('',(-4.95,-2.764359353945));
#9696 = CARTESIAN_POINT('',(-2.55,-1.37871870789));
#9697 = CARTESIAN_POINT('',(-2.55,-4.15));
#9698 = ( GEOMETRIC_REPRESENTATION_CONTEXT(2) 
PARAMETRIC_REPRESENTATION_CONTEXT() REPRESENTATION_CONTEXT('2D SPACE',''
  ) );
#9699 = ADVANCED_FACE('',(#9700),#8149,.F.);
#9700 = FACE_BOUND('',#9701,.F.);
#9701 = EDGE_LOOP('',(#9702,#9725,#9726,#9727));
#9702 = ORIENTED_EDGE('',*,*,#9703,.F.);
#9703 = EDGE_CURVE('',#9397,#9704,#9706,.T.);
#9704 = VERTEX_POINT('',#9705);
#9705 = CARTESIAN_POINT('',(60.35,24.,16.));
#9706 = SURFACE_CURVE('',#9707,(#9711,#9718),.PCURVE_S1.);
#9707 = LINE('',#9708,#9709);
#9708 = CARTESIAN_POINT('',(60.35,-30.35,16.));
#9709 = VECTOR('',#9710,1.);
#9710 = DIRECTION('',(0.,1.,0.));
#9711 = PCURVE('',#8149,#9712);
#9712 = DEFINITIONAL_REPRESENTATION('',(#9713),#9717);
#9713 = LINE('',#9714,#9715);
#9714 = CARTESIAN_POINT('',(0.,0.));
#9715 = VECTOR('',#9716,1.);
#9716 = DIRECTION('',(1.,0.));
#9717 = ( GEOMETRIC_REPRESENTATION_CONTEXT(2) 
PARAMETRIC_REPRESENTATION_CONTEXT() REPRESENTATION_CONTEXT('2D SPACE',''
  ) );
#9718 = PCURVE('',#9210,#9719);
#9719 = DEFINITIONAL_REPRESENTATION('',(#9720),#9724);
#9720 = LINE('',#9721,#9722);
#9721 = CARTESIAN_POINT('',(60.35,-30.35));
#9722 = VECTOR('',#9723,1.);
#9723 = DIRECTION('',(0.,1.));
#9724 = ( GEOMETRIC_REPRESENTATION_CONTEXT(2) 
PARAMETRIC_REPRESENTATION_CONTEXT() REPRESENTATION_CONTEXT('2D SPACE',''
  ) );
#9725 = ORIENTED_EDGE('',*,*,#9420,.T.);
#9726 = ORIENTED_EDGE('',*,*,#8133,.T.);
#9727 = ORIENTED_EDGE('',*,*,#9728,.F.);
#9728 = EDGE_CURVE('',#9704,#8105,#9729,.T.);
#9729 = SURFACE_CURVE('',#9730,(#9734,#9741),.PCURVE_S1.);
#9730 = LINE('',#9731,#9732);
#9731 = CARTESIAN_POINT('',(60.35,24.,16.));
#9732 = VECTOR('',#9733,1.);
#9733 = DIRECTION('',(0.,0.,1.));
#9734 = PCURVE('',#8149,#9735);
#9735 = DEFINITIONAL_REPRESENTATION('',(#9736),#9740);
#9736 = LINE('',#9737,#9738);
#9737 = CARTESIAN_POINT('',(54.35,0.));
#9738 = VECTOR('',#9739,1.);
#9739 = DIRECTION('',(0.,-1.));
#9740 = ( GEOMETRIC_REPRESENTATION_CONTEXT(2) 
PARAMETRIC_REPRESENTATION_CONTEXT() REPRESENTATION_CONTEXT('2D SPACE',''
  ) );
#9741 = PCURVE('',#8121,#9742);
#9742 = DEFINITIONAL_REPRESENTATION('',(#9743),#9747);
#9743 = LINE('',#9744,#9745);
#9744 = CARTESIAN_POINT('',(0.,0.));
#9745 = VECTOR('',#9746,1.);
#9746 = DIRECTION('',(0.,1.));
#9747 = ( GEOMETRIC_REPRESENTATION_CONTEXT(2) 
PARAMETRIC_REPRESENTATION_CONTEXT() REPRESENTATION_CONTEXT('2D SPACE',''
  ) );
#9748 = ADVANCED_FACE('',(#9749),#8121,.T.);
#9749 = FACE_BOUND('',#9750,.T.);
#9750 = EDGE_LOOP('',(#9751,#9752,#9776,#9797));
#9751 = ORIENTED_EDGE('',*,*,#9728,.F.);
#9752 = ORIENTED_EDGE('',*,*,#9753,.T.);
#9753 = EDGE_CURVE('',#9704,#9754,#9756,.T.);
#9754 = VERTEX_POINT('',#9755);
#9755 = CARTESIAN_POINT('',(60.330284353803,24.5,16.));
#9756 = SURFACE_CURVE('',#9757,(#9762,#9769),.PCURVE_S1.);
#9757 = CIRCLE('',#9758,6.35);
#9758 = AXIS2_PLACEMENT_3D('',#9759,#9760,#9761);
#9759 = CARTESIAN_POINT('',(54.,24.,16.));
#9760 = DIRECTION('',(0.,0.,1.));
#9761 = DIRECTION('',(0.,-1.,0.));
#9762 = PCURVE('',#8121,#9763);
#9763 = DEFINITIONAL_REPRESENTATION('',(#9764),#9768);
#9764 = LINE('',#9765,#9766);
#9765 = CARTESIAN_POINT('',(-1.570796326795,8.881784197001E-16));
#9766 = VECTOR('',#9767,1.);
#9767 = DIRECTION('',(1.,0.));
#9768 = ( GEOMETRIC_REPRESENTATION_CONTEXT(2) 
PARAMETRIC_REPRESENTATION_CONTEXT() REPRESENTATION_CONTEXT('2D SPACE',''
  ) );
#9769 = PCURVE('',#9210,#9770);
#9770 = DEFINITIONAL_REPRESENTATION('',(#9771),#9775);
#9771 = CIRCLE('',#9772,6.35);
#9772 = AXIS2_PLACEMENT_2D('',#9773,#9774);
#9773 = CARTESIAN_POINT('',(54.,24.));
#9774 = DIRECTION('',(0.,-1.));
#9775 = ( GEOMETRIC_REPRESENTATION_CONTEXT(2) 
PARAMETRIC_REPRESENTATION_CONTEXT() REPRESENTATION_CONTEXT('2D SPACE',''
  ) );
#9776 = ORIENTED_EDGE('',*,*,#9777,.T.);
#9777 = EDGE_CURVE('',#9754,#8077,#9778,.T.);
#9778 = SURFACE_CURVE('',#9779,(#9783,#9790),.PCURVE_S1.);
#9779 = LINE('',#9780,#9781);
#9780 = CARTESIAN_POINT('',(60.330284353803,24.5,16.));
#9781 = VECTOR('',#9782,1.);
#9782 = DIRECTION('',(0.,0.,1.));
#9783 = PCURVE('',#8121,#9784);
#9784 = DEFINITIONAL_REPRESENTATION('',(#9785),#9789);
#9785 = LINE('',#9786,#9787);
#9786 = CARTESIAN_POINT('',(7.882175032255E-02,0.));
#9787 = VECTOR('',#9788,1.);
#9788 = DIRECTION('',(0.,1.));
#9789 = ( GEOMETRIC_REPRESENTATION_CONTEXT(2) 
PARAMETRIC_REPRESENTATION_CONTEXT() REPRESENTATION_CONTEXT('2D SPACE',''
  ) );
#9790 = PCURVE('',#8092,#9791);
#9791 = DEFINITIONAL_REPRESENTATION('',(#9792),#9796);
#9792 = LINE('',#9793,#9794);
#9793 = CARTESIAN_POINT('',(31.565284353803,-1.E-01));
#9794 = VECTOR('',#9795,1.);
#9795 = DIRECTION('',(0.,-1.));
#9796 = ( GEOMETRIC_REPRESENTATION_CONTEXT(2) 
PARAMETRIC_REPRESENTATION_CONTEXT() REPRESENTATION_CONTEXT('2D SPACE',''
  ) );
#9797 = ORIENTED_EDGE('',*,*,#8104,.F.);
#9798 = ADVANCED_FACE('',(#9799),#7656,.F.);
#9799 = FACE_BOUND('',#9800,.F.);
#9800 = EDGE_LOOP('',(#9801,#9824,#9845,#9846));
#9801 = ORIENTED_EDGE('',*,*,#9802,.F.);
#9802 = EDGE_CURVE('',#9803,#9270,#9805,.T.);
#9803 = VERTEX_POINT('',#9804);
#9804 = CARTESIAN_POINT('',(-60.35,24.,16.));
#9805 = SURFACE_CURVE('',#9806,(#9810,#9817),.PCURVE_S1.);
#9806 = LINE('',#9807,#9808);
#9807 = CARTESIAN_POINT('',(-60.35,30.35,16.));
#9808 = VECTOR('',#9809,1.);
#9809 = DIRECTION('',(0.,-1.,0.));
#9810 = PCURVE('',#7656,#9811);
#9811 = DEFINITIONAL_REPRESENTATION('',(#9812),#9816);
#9812 = LINE('',#9813,#9814);
#9813 = CARTESIAN_POINT('',(0.,0.));
#9814 = VECTOR('',#9815,1.);
#9815 = DIRECTION('',(1.,0.));
#9816 = ( GEOMETRIC_REPRESENTATION_CONTEXT(2) 
PARAMETRIC_REPRESENTATION_CONTEXT() REPRESENTATION_CONTEXT('2D SPACE',''
  ) );
#9817 = PCURVE('',#9210,#9818);
#9818 = DEFINITIONAL_REPRESENTATION('',(#9819),#9823);
#9819 = LINE('',#9820,#9821);
#9820 = CARTESIAN_POINT('',(-60.35,30.35));
#9821 = VECTOR('',#9822,1.);
#9822 = DIRECTION('',(0.,-1.));
#9823 = ( GEOMETRIC_REPRESENTATION_CONTEXT(2) 
PARAMETRIC_REPRESENTATION_CONTEXT() REPRESENTATION_CONTEXT('2D SPACE',''
  ) );
#9824 = ORIENTED_EDGE('',*,*,#9825,.T.);
#9825 = EDGE_CURVE('',#9803,#7641,#9826,.T.);
#9826 = SURFACE_CURVE('',#9827,(#9831,#9838),.PCURVE_S1.);
#9827 = LINE('',#9828,#9829);
#9828 = CARTESIAN_POINT('',(-60.35,24.,16.));
#9829 = VECTOR('',#9830,1.);
#9830 = DIRECTION('',(0.,0.,1.));
#9831 = PCURVE('',#7656,#9832);
#9832 = DEFINITIONAL_REPRESENTATION('',(#9833),#9837);
#9833 = LINE('',#9834,#9835);
#9834 = CARTESIAN_POINT('',(6.35,0.));
#9835 = VECTOR('',#9836,1.);
#9836 = DIRECTION('',(0.,-1.));
#9837 = ( GEOMETRIC_REPRESENTATION_CONTEXT(2) 
PARAMETRIC_REPRESENTATION_CONTEXT() REPRESENTATION_CONTEXT('2D SPACE',''
  ) );
#9838 = PCURVE('',#7685,#9839);
#9839 = DEFINITIONAL_REPRESENTATION('',(#9840),#9844);
#9840 = LINE('',#9841,#9842);
#9841 = CARTESIAN_POINT('',(1.570796326795,0.));
#9842 = VECTOR('',#9843,1.);
#9843 = DIRECTION('',(0.,1.));
#9844 = ( GEOMETRIC_REPRESENTATION_CONTEXT(2) 
PARAMETRIC_REPRESENTATION_CONTEXT() REPRESENTATION_CONTEXT('2D SPACE',''
  ) );
#9845 = ORIENTED_EDGE('',*,*,#7640,.T.);
#9846 = ORIENTED_EDGE('',*,*,#9297,.F.);
#9847 = ADVANCED_FACE('',(#9848),#8092,.T.);
#9848 = FACE_BOUND('',#9849,.T.);
#9849 = EDGE_LOOP('',(#9850,#9851,#9874,#9895));
#9850 = ORIENTED_EDGE('',*,*,#9777,.F.);
#9851 = ORIENTED_EDGE('',*,*,#9852,.T.);
#9852 = EDGE_CURVE('',#9754,#9853,#9855,.T.);
#9853 = VERTEX_POINT('',#9854);
#9854 = CARTESIAN_POINT('',(58.723610906923,24.5,16.));
#9855 = SURFACE_CURVE('',#9856,(#9860,#9867),.PCURVE_S1.);
#9856 = LINE('',#9857,#9858);
#9857 = CARTESIAN_POINT('',(14.3825,24.5,16.));
#9858 = VECTOR('',#9859,1.);
#9859 = DIRECTION('',(-1.,0.,0.));
#9860 = PCURVE('',#8092,#9861);
#9861 = DEFINITIONAL_REPRESENTATION('',(#9862),#9866);
#9862 = LINE('',#9863,#9864);
#9863 = CARTESIAN_POINT('',(-14.3825,-1.E-01));
#9864 = VECTOR('',#9865,1.);
#9865 = DIRECTION('',(-1.,0.));
#9866 = ( GEOMETRIC_REPRESENTATION_CONTEXT(2) 
PARAMETRIC_REPRESENTATION_CONTEXT() REPRESENTATION_CONTEXT('2D SPACE',''
  ) );
#9867 = PCURVE('',#9210,#9868);
#9868 = DEFINITIONAL_REPRESENTATION('',(#9869),#9873);
#9869 = LINE('',#9870,#9871);
#9870 = CARTESIAN_POINT('',(14.3825,24.5));
#9871 = VECTOR('',#9872,1.);
#9872 = DIRECTION('',(-1.,0.));
#9873 = ( GEOMETRIC_REPRESENTATION_CONTEXT(2) 
PARAMETRIC_REPRESENTATION_CONTEXT() REPRESENTATION_CONTEXT('2D SPACE',''
  ) );
#9874 = ORIENTED_EDGE('',*,*,#9875,.T.);
#9875 = EDGE_CURVE('',#9853,#8048,#9876,.T.);
#9876 = SURFACE_CURVE('',#9877,(#9881,#9888),.PCURVE_S1.);
#9877 = LINE('',#9878,#9879);
#9878 = CARTESIAN_POINT('',(58.723610906923,24.5,15.9));
#9879 = VECTOR('',#9880,1.);
#9880 = DIRECTION('',(0.,0.,1.));
#9881 = PCURVE('',#8092,#9882);
#9882 = DEFINITIONAL_REPRESENTATION('',(#9883),#9887);
#9883 = LINE('',#9884,#9885);
#9884 = CARTESIAN_POINT('',(29.958610906923,0.));
#9885 = VECTOR('',#9886,1.);
#9886 = DIRECTION('',(0.,-1.));
#9887 = ( GEOMETRIC_REPRESENTATION_CONTEXT(2) 
PARAMETRIC_REPRESENTATION_CONTEXT() REPRESENTATION_CONTEXT('2D SPACE',''
  ) );
#9888 = PCURVE('',#8064,#9889);
#9889 = DEFINITIONAL_REPRESENTATION('',(#9890),#9894);
#9890 = LINE('',#9891,#9892);
#9891 = CARTESIAN_POINT('',(0.105458525399,0.));
#9892 = VECTOR('',#9893,1.);
#9893 = DIRECTION('',(0.,1.));
#9894 = ( GEOMETRIC_REPRESENTATION_CONTEXT(2) 
PARAMETRIC_REPRESENTATION_CONTEXT() REPRESENTATION_CONTEXT('2D SPACE',''
  ) );
#9895 = ORIENTED_EDGE('',*,*,#8076,.F.);
#9896 = ADVANCED_FACE('',(#9897),#7685,.T.);
#9897 = FACE_BOUND('',#9898,.T.);
#9898 = EDGE_LOOP('',(#9899,#9922,#9944,#9945,#9946,#9969,#9998,#10019)
  );
#9899 = ORIENTED_EDGE('',*,*,#9900,.F.);
#9900 = EDGE_CURVE('',#9901,#7731,#9903,.T.);
#9901 = VERTEX_POINT('',#9902);
#9902 = CARTESIAN_POINT('',(-54.,30.35,16.));
#9903 = SURFACE_CURVE('',#9904,(#9908,#9915),.PCURVE_S1.);
#9904 = LINE('',#9905,#9906);
#9905 = CARTESIAN_POINT('',(-54.,30.35,16.));
#9906 = VECTOR('',#9907,1.);
#9907 = DIRECTION('',(0.,0.,1.));
#9908 = PCURVE('',#7685,#9909);
#9909 = DEFINITIONAL_REPRESENTATION('',(#9910),#9914);
#9910 = LINE('',#9911,#9912);
#9911 = CARTESIAN_POINT('',(0.,0.));
#9912 = VECTOR('',#9913,1.);
#9913 = DIRECTION('',(0.,1.));
#9914 = ( GEOMETRIC_REPRESENTATION_CONTEXT(2) 
PARAMETRIC_REPRESENTATION_CONTEXT() REPRESENTATION_CONTEXT('2D SPACE',''
  ) );
#9915 = PCURVE('',#7770,#9916);
#9916 = DEFINITIONAL_REPRESENTATION('',(#9917),#9921);
#9917 = LINE('',#9918,#9919);
#9918 = CARTESIAN_POINT('',(114.35,0.));
#9919 = VECTOR('',#9920,1.);
#9920 = DIRECTION('',(0.,-1.));
#9921 = ( GEOMETRIC_REPRESENTATION_CONTEXT(2) 
PARAMETRIC_REPRESENTATION_CONTEXT() REPRESENTATION_CONTEXT('2D SPACE',''
  ) );
#9922 = ORIENTED_EDGE('',*,*,#9923,.T.);
#9923 = EDGE_CURVE('',#9901,#9803,#9924,.T.);
#9924 = SURFACE_CURVE('',#9925,(#9930,#9937),.PCURVE_S1.);
#9925 = CIRCLE('',#9926,6.35);
#9926 = AXIS2_PLACEMENT_3D('',#9927,#9928,#9929);
#9927 = CARTESIAN_POINT('',(-54.,24.,16.));
#9928 = DIRECTION('',(0.,0.,1.));
#9929 = DIRECTION('',(0.,-1.,0.));
#9930 = PCURVE('',#7685,#9931);
#9931 = DEFINITIONAL_REPRESENTATION('',(#9932),#9936);
#9932 = LINE('',#9933,#9934);
#9933 = CARTESIAN_POINT('',(-3.14159265359,8.881784197001E-16));
#9934 = VECTOR('',#9935,1.);
#9935 = DIRECTION('',(1.,0.));
#9936 = ( GEOMETRIC_REPRESENTATION_CONTEXT(2) 
PARAMETRIC_REPRESENTATION_CONTEXT() REPRESENTATION_CONTEXT('2D SPACE',''
  ) );
#9937 = PCURVE('',#9210,#9938);
#9938 = DEFINITIONAL_REPRESENTATION('',(#9939),#9943);
#9939 = CIRCLE('',#9940,6.35);
#9940 = AXIS2_PLACEMENT_2D('',#9941,#9942);
#9941 = CARTESIAN_POINT('',(-54.,24.));
#9942 = DIRECTION('',(0.,-1.));
#9943 = ( GEOMETRIC_REPRESENTATION_CONTEXT(2) 
PARAMETRIC_REPRESENTATION_CONTEXT() REPRESENTATION_CONTEXT('2D SPACE',''
  ) );
#9944 = ORIENTED_EDGE('',*,*,#9825,.T.);
#9945 = ORIENTED_EDGE('',*,*,#7668,.F.);
#9946 = ORIENTED_EDGE('',*,*,#9947,.F.);
#9947 = EDGE_CURVE('',#9948,#7669,#9950,.T.);
#9948 = VERTEX_POINT('',#9949);
#9949 = CARTESIAN_POINT('',(-59.39586743405,27.347702889169,18.9));
#9950 = SURFACE_CURVE('',#9951,(#9955,#9962),.PCURVE_S1.);
#9951 = LINE('',#9952,#9953);
#9952 = CARTESIAN_POINT('',(-59.39586743405,27.347702889169,16.));
#9953 = VECTOR('',#9954,1.);
#9954 = DIRECTION('',(0.,0.,1.));
#9955 = PCURVE('',#7685,#9956);
#9956 = DEFINITIONAL_REPRESENTATION('',(#9957),#9961);
#9957 = LINE('',#9958,#9959);
#9958 = CARTESIAN_POINT('',(1.015497434469,0.));
#9959 = VECTOR('',#9960,1.);
#9960 = DIRECTION('',(0.,1.));
#9961 = ( GEOMETRIC_REPRESENTATION_CONTEXT(2) 
PARAMETRIC_REPRESENTATION_CONTEXT() REPRESENTATION_CONTEXT('2D SPACE',''
  ) );
#9962 = PCURVE('',#7718,#9963);
#9963 = DEFINITIONAL_REPRESENTATION('',(#9964),#9968);
#9964 = LINE('',#9965,#9966);
#9965 = CARTESIAN_POINT('',(-10.32374709047,2.9));
#9966 = VECTOR('',#9967,1.);
#9967 = DIRECTION('',(-0.,-1.));
#9968 = ( GEOMETRIC_REPRESENTATION_CONTEXT(2) 
PARAMETRIC_REPRESENTATION_CONTEXT() REPRESENTATION_CONTEXT('2D SPACE',''
  ) );
#9969 = ORIENTED_EDGE('',*,*,#9970,.F.);
#9970 = EDGE_CURVE('',#9971,#9948,#9973,.T.);
#9971 = VERTEX_POINT('',#9972);
#9972 = CARTESIAN_POINT('',(-57.10470018687,29.539254169074,18.9));
#9973 = SURFACE_CURVE('',#9974,(#9979,#9986),.PCURVE_S1.);
#9974 = CIRCLE('',#9975,6.35);
#9975 = AXIS2_PLACEMENT_3D('',#9976,#9977,#9978);
#9976 = CARTESIAN_POINT('',(-54.,24.,18.9));
#9977 = DIRECTION('',(0.,0.,1.));
#9978 = DIRECTION('',(-0.,1.,0.));
#9979 = PCURVE('',#7685,#9980);
#9980 = DEFINITIONAL_REPRESENTATION('',(#9981),#9985);
#9981 = LINE('',#9982,#9983);
#9982 = CARTESIAN_POINT('',(0.,2.9));
#9983 = VECTOR('',#9984,1.);
#9984 = DIRECTION('',(1.,0.));
#9985 = ( GEOMETRIC_REPRESENTATION_CONTEXT(2) 
PARAMETRIC_REPRESENTATION_CONTEXT() REPRESENTATION_CONTEXT('2D SPACE',''
  ) );
#9986 = PCURVE('',#9987,#9992);
#9987 = PLANE('',#9988);
#9988 = AXIS2_PLACEMENT_3D('',#9989,#9990,#9991);
#9989 = CARTESIAN_POINT('',(-15.435,0.,18.9));
#9990 = DIRECTION('',(0.,0.,1.));
#9991 = DIRECTION('',(1.,0.,-0.));
#9992 = DEFINITIONAL_REPRESENTATION('',(#9993),#9997);
#9993 = CIRCLE('',#9994,6.35);
#9994 = AXIS2_PLACEMENT_2D('',#9995,#9996);
#9995 = CARTESIAN_POINT('',(-38.565,24.));
#9996 = DIRECTION('',(0.,1.));
#9997 = ( GEOMETRIC_REPRESENTATION_CONTEXT(2) 
PARAMETRIC_REPRESENTATION_CONTEXT() REPRESENTATION_CONTEXT('2D SPACE',''
  ) );
#9998 = ORIENTED_EDGE('',*,*,#9999,.T.);
#9999 = EDGE_CURVE('',#9971,#7698,#10000,.T.);
#10000 = SURFACE_CURVE('',#10001,(#10005,#10012),.PCURVE_S1.);
#10001 = LINE('',#10002,#10003);
#10002 = CARTESIAN_POINT('',(-57.10470018687,29.539254169074,16.));
#10003 = VECTOR('',#10004,1.);
#10004 = DIRECTION('',(0.,0.,1.));
#10005 = PCURVE('',#7685,#10006);
#10006 = DEFINITIONAL_REPRESENTATION('',(#10007),#10011);
#10007 = LINE('',#10008,#10009);
#10008 = CARTESIAN_POINT('',(0.510861761672,0.));
#10009 = VECTOR('',#10010,1.);
#10010 = DIRECTION('',(0.,1.));
#10011 = ( GEOMETRIC_REPRESENTATION_CONTEXT(2) 
PARAMETRIC_REPRESENTATION_CONTEXT() REPRESENTATION_CONTEXT('2D SPACE',''
  ) );
#10012 = PCURVE('',#7718,#10013);
#10013 = DEFINITIONAL_REPRESENTATION('',(#10014),#10018);
#10014 = LINE('',#10015,#10016);
#10015 = CARTESIAN_POINT('',(-6.910575373619,2.9));
#10016 = VECTOR('',#10017,1.);
#10017 = DIRECTION('',(-0.,-1.));
#10018 = ( GEOMETRIC_REPRESENTATION_CONTEXT(2) 
PARAMETRIC_REPRESENTATION_CONTEXT() REPRESENTATION_CONTEXT('2D SPACE',''
  ) );
#10019 = ORIENTED_EDGE('',*,*,#7730,.F.);
#10020 = ADVANCED_FACE('',(#10021),#8064,.F.);
#10021 = FACE_BOUND('',#10022,.F.);
#10022 = EDGE_LOOP('',(#10023,#10046,#10068,#10069));
#10023 = ORIENTED_EDGE('',*,*,#10024,.F.);
#10024 = EDGE_CURVE('',#10025,#8020,#10027,.T.);
#10025 = VERTEX_POINT('',#10026);
#10026 = CARTESIAN_POINT('',(58.75,24.,16.));
#10027 = SURFACE_CURVE('',#10028,(#10032,#10039),.PCURVE_S1.);
#10028 = LINE('',#10029,#10030);
#10029 = CARTESIAN_POINT('',(58.75,24.,15.9));
#10030 = VECTOR('',#10031,1.);
#10031 = DIRECTION('',(0.,0.,1.));
#10032 = PCURVE('',#8064,#10033);
#10033 = DEFINITIONAL_REPRESENTATION('',(#10034),#10038);
#10034 = LINE('',#10035,#10036);
#10035 = CARTESIAN_POINT('',(0.,0.));
#10036 = VECTOR('',#10037,1.);
#10037 = DIRECTION('',(0.,1.));
#10038 = ( GEOMETRIC_REPRESENTATION_CONTEXT(2) 
PARAMETRIC_REPRESENTATION_CONTEXT() REPRESENTATION_CONTEXT('2D SPACE',''
  ) );
#10039 = PCURVE('',#8035,#10040);
#10040 = DEFINITIONAL_REPRESENTATION('',(#10041),#10045);
#10041 = LINE('',#10042,#10043);
#10042 = CARTESIAN_POINT('',(52.75,0.));
#10043 = VECTOR('',#10044,1.);
#10044 = DIRECTION('',(0.,-1.));
#10045 = ( GEOMETRIC_REPRESENTATION_CONTEXT(2) 
PARAMETRIC_REPRESENTATION_CONTEXT() REPRESENTATION_CONTEXT('2D SPACE',''
  ) );
#10046 = ORIENTED_EDGE('',*,*,#10047,.T.);
#10047 = EDGE_CURVE('',#10025,#9853,#10048,.T.);
#10048 = SURFACE_CURVE('',#10049,(#10054,#10061),.PCURVE_S1.);
#10049 = CIRCLE('',#10050,4.75);
#10050 = AXIS2_PLACEMENT_3D('',#10051,#10052,#10053);
#10051 = CARTESIAN_POINT('',(54.,24.,16.));
#10052 = DIRECTION('',(0.,0.,1.));
#10053 = DIRECTION('',(1.,0.,-0.));
#10054 = PCURVE('',#8064,#10055);
#10055 = DEFINITIONAL_REPRESENTATION('',(#10056),#10060);
#10056 = LINE('',#10057,#10058);
#10057 = CARTESIAN_POINT('',(0.,0.1));
#10058 = VECTOR('',#10059,1.);
#10059 = DIRECTION('',(1.,0.));
#10060 = ( GEOMETRIC_REPRESENTATION_CONTEXT(2) 
PARAMETRIC_REPRESENTATION_CONTEXT() REPRESENTATION_CONTEXT('2D SPACE',''
  ) );
#10061 = PCURVE('',#9210,#10062);
#10062 = DEFINITIONAL_REPRESENTATION('',(#10063),#10067);
#10063 = CIRCLE('',#10064,4.75);
#10064 = AXIS2_PLACEMENT_2D('',#10065,#10066);
#10065 = CARTESIAN_POINT('',(54.,24.));
#10066 = DIRECTION('',(1.,0.));
#10067 = ( GEOMETRIC_REPRESENTATION_CONTEXT(2) 
PARAMETRIC_REPRESENTATION_CONTEXT() REPRESENTATION_CONTEXT('2D SPACE',''
  ) );
#10068 = ORIENTED_EDGE('',*,*,#9875,.T.);
#10069 = ORIENTED_EDGE('',*,*,#8047,.F.);
#10070 = ADVANCED_FACE('',(#10071),#7718,.F.);
#10071 = FACE_BOUND('',#10072,.T.);
#10072 = EDGE_LOOP('',(#10073,#10103,#10129,#10130,#10131,#10132,#10160,
    #10188,#10221,#10249,#10278,#10301));
#10073 = ORIENTED_EDGE('',*,*,#10074,.F.);
#10074 = EDGE_CURVE('',#10075,#10077,#10079,.T.);
#10075 = VERTEX_POINT('',#10076);
#10076 = CARTESIAN_POINT('',(-58.36843868323,27.000311316761,18.9));
#10077 = VERTEX_POINT('',#10078);
#10078 = CARTESIAN_POINT('',(-58.36843868323,27.000311316761,22.4));
#10079 = SURFACE_CURVE('',#10080,(#10084,#10091),.PCURVE_S1.);
#10080 = LINE('',#10081,#10082);
#10081 = CARTESIAN_POINT('',(-58.36843868323,27.000311316761,18.9));
#10082 = VECTOR('',#10083,1.);
#10083 = DIRECTION('',(0.,0.,1.));
#10084 = PCURVE('',#7718,#10085);
#10085 = DEFINITIONAL_REPRESENTATION('',(#10086),#10090);
#10086 = LINE('',#10087,#10088);
#10087 = CARTESIAN_POINT('',(-11.01530139001,0.));
#10088 = VECTOR('',#10089,1.);
#10089 = DIRECTION('',(-0.,-1.));
#10090 = ( GEOMETRIC_REPRESENTATION_CONTEXT(2) 
PARAMETRIC_REPRESENTATION_CONTEXT() REPRESENTATION_CONTEXT('2D SPACE',''
  ) );
#10091 = PCURVE('',#10092,#10097);
#10092 = CYLINDRICAL_SURFACE('',#10093,2.5);
#10093 = AXIS2_PLACEMENT_3D('',#10094,#10095,#10096);
#10094 = CARTESIAN_POINT('',(-56.,26.2,18.9));
#10095 = DIRECTION('',(0.,0.,1.));
#10096 = DIRECTION('',(-0.,1.,0.));
#10097 = DEFINITIONAL_REPRESENTATION('',(#10098),#10102);
#10098 = LINE('',#10099,#10100);
#10099 = CARTESIAN_POINT('',(1.244935398543,0.));
#10100 = VECTOR('',#10101,1.);
#10101 = DIRECTION('',(0.,1.));
#10102 = ( GEOMETRIC_REPRESENTATION_CONTEXT(2) 
PARAMETRIC_REPRESENTATION_CONTEXT() REPRESENTATION_CONTEXT('2D SPACE',''
  ) );
#10103 = ORIENTED_EDGE('',*,*,#10104,.T.);
#10104 = EDGE_CURVE('',#10075,#9948,#10105,.T.);
#10105 = SURFACE_CURVE('',#10106,(#10111,#10118),.PCURVE_S1.);
#10106 = CIRCLE('',#10107,1.6);
#10107 = AXIS2_PLACEMENT_3D('',#10108,#10109,#10110);
#10108 = CARTESIAN_POINT('',(-58.4,28.6,18.9));
#10109 = DIRECTION('',(0.,-0.,-1.));
#10110 = DIRECTION('',(1.972582297537E-02,-0.999805427025,0.));
#10111 = PCURVE('',#7718,#10112);
#10112 = DEFINITIONAL_REPRESENTATION('',(#10113),#10117);
#10113 = LINE('',#10114,#10115);
#10114 = CARTESIAN_POINT('',(-11.01530139001,0.));
#10115 = VECTOR('',#10116,1.);
#10116 = DIRECTION('',(1.,-0.));
#10117 = ( GEOMETRIC_REPRESENTATION_CONTEXT(2) 
PARAMETRIC_REPRESENTATION_CONTEXT() REPRESENTATION_CONTEXT('2D SPACE',''
  ) );
#10118 = PCURVE('',#9987,#10119);
#10119 = DEFINITIONAL_REPRESENTATION('',(#10120),#10128);
#10120 = ( BOUNDED_CURVE() B_SPLINE_CURVE(2,(#10121,#10122,#10123,#10124
    ,#10125,#10126,#10127),.UNSPECIFIED.,.T.,.F.) 
B_SPLINE_CURVE_WITH_KNOTS((1,2,2,2,2,1),(-2.094395102393,0.,
    2.094395102393,4.188790204786,6.28318530718,8.377580409573),
.UNSPECIFIED.) CURVE() GEOMETRIC_REPRESENTATION_ITEM() 
RATIONAL_B_SPLINE_CURVE((1.,0.5,1.,0.5,1.,0.5,1.)) REPRESENTATION_ITEM(
  '') );
#10121 = CARTESIAN_POINT('',(-42.93343868323,27.000311316761));
#10122 = CARTESIAN_POINT('',(-45.7041807589,26.945645512577));
#10123 = CARTESIAN_POINT('',(-44.36615169621,29.372511439528));
#10124 = CARTESIAN_POINT('',(-43.02812263352,31.799377366479));
#10125 = CARTESIAN_POINT('',(-41.59540962054,29.427177243711));
#10126 = CARTESIAN_POINT('',(-40.16269660757,27.054977120944));
#10127 = CARTESIAN_POINT('',(-42.93343868323,27.000311316761));
#10128 = ( GEOMETRIC_REPRESENTATION_CONTEXT(2) 
PARAMETRIC_REPRESENTATION_CONTEXT() REPRESENTATION_CONTEXT('2D SPACE',''
  ) );
#10129 = ORIENTED_EDGE('',*,*,#9947,.T.);
#10130 = ORIENTED_EDGE('',*,*,#7697,.T.);
#10131 = ORIENTED_EDGE('',*,*,#9999,.F.);
#10132 = ORIENTED_EDGE('',*,*,#10133,.T.);
#10133 = EDGE_CURVE('',#9971,#10134,#10136,.T.);
#10134 = VERTEX_POINT('',#10135);
#10135 = CARTESIAN_POINT('',(-56.80031131676,28.568438683239,18.9));
#10136 = SURFACE_CURVE('',#10137,(#10142,#10149),.PCURVE_S1.);
#10137 = CIRCLE('',#10138,1.6);
#10138 = AXIS2_PLACEMENT_3D('',#10139,#10140,#10141);
#10139 = CARTESIAN_POINT('',(-58.4,28.6,18.9));
#10140 = DIRECTION('',(0.,-0.,-1.));
#10141 = DIRECTION('',(1.972582297537E-02,-0.999805427025,0.));
#10142 = PCURVE('',#7718,#10143);
#10143 = DEFINITIONAL_REPRESENTATION('',(#10144),#10148);
#10144 = LINE('',#10145,#10146);
#10145 = CARTESIAN_POINT('',(-11.01530139001,0.));
#10146 = VECTOR('',#10147,1.);
#10147 = DIRECTION('',(1.,-0.));
#10148 = ( GEOMETRIC_REPRESENTATION_CONTEXT(2) 
PARAMETRIC_REPRESENTATION_CONTEXT() REPRESENTATION_CONTEXT('2D SPACE',''
  ) );
#10149 = PCURVE('',#9987,#10150);
#10150 = DEFINITIONAL_REPRESENTATION('',(#10151),#10159);
#10151 = ( BOUNDED_CURVE() B_SPLINE_CURVE(2,(#10152,#10153,#10154,#10155
    ,#10156,#10157,#10158),.UNSPECIFIED.,.T.,.F.) 
B_SPLINE_CURVE_WITH_KNOTS((1,2,2,2,2,1),(-2.094395102393,0.,
    2.094395102393,4.188790204786,6.28318530718,8.377580409573),
.UNSPECIFIED.) CURVE() GEOMETRIC_REPRESENTATION_ITEM() 
RATIONAL_B_SPLINE_CURVE((1.,0.5,1.,0.5,1.,0.5,1.)) REPRESENTATION_ITEM(
  '') );
#10152 = CARTESIAN_POINT('',(-42.93343868323,27.000311316761));
#10153 = CARTESIAN_POINT('',(-45.7041807589,26.945645512577));
#10154 = CARTESIAN_POINT('',(-44.36615169621,29.372511439528));
#10155 = CARTESIAN_POINT('',(-43.02812263352,31.799377366479));
#10156 = CARTESIAN_POINT('',(-41.59540962054,29.427177243711));
#10157 = CARTESIAN_POINT('',(-40.16269660757,27.054977120944));
#10158 = CARTESIAN_POINT('',(-42.93343868323,27.000311316761));
#10159 = ( GEOMETRIC_REPRESENTATION_CONTEXT(2) 
PARAMETRIC_REPRESENTATION_CONTEXT() REPRESENTATION_CONTEXT('2D SPACE',''
  ) );
#10160 = ORIENTED_EDGE('',*,*,#10161,.T.);
#10161 = EDGE_CURVE('',#10134,#10162,#10164,.T.);
#10162 = VERTEX_POINT('',#10163);
#10163 = CARTESIAN_POINT('',(-56.80031131676,28.568438683239,22.4));
#10164 = SURFACE_CURVE('',#10165,(#10169,#10176),.PCURVE_S1.);
#10165 = LINE('',#10166,#10167);
#10166 = CARTESIAN_POINT('',(-56.80031131676,28.568438683239,18.9));
#10167 = VECTOR('',#10168,1.);
#10168 = DIRECTION('',(0.,0.,1.));
#10169 = PCURVE('',#7718,#10170);
#10170 = DEFINITIONAL_REPRESENTATION('',(#10171),#10175);
#10171 = LINE('',#10172,#10173);
#10172 = CARTESIAN_POINT('',(-6.263458204734,0.));
#10173 = VECTOR('',#10174,1.);
#10174 = DIRECTION('',(-0.,-1.));
#10175 = ( GEOMETRIC_REPRESENTATION_CONTEXT(2) 
PARAMETRIC_REPRESENTATION_CONTEXT() REPRESENTATION_CONTEXT('2D SPACE',''
  ) );
#10176 = PCURVE('',#10177,#10182);
#10177 = CYLINDRICAL_SURFACE('',#10178,2.5);
#10178 = AXIS2_PLACEMENT_3D('',#10179,#10180,#10181);
#10179 = CARTESIAN_POINT('',(-56.,26.2,18.9));
#10180 = DIRECTION('',(0.,0.,1.));
#10181 = DIRECTION('',(-0.,1.,0.));
#10182 = DEFINITIONAL_REPRESENTATION('',(#10183),#10187);
#10183 = LINE('',#10184,#10185);
#10184 = CARTESIAN_POINT('',(0.325860928252,0.));
#10185 = VECTOR('',#10186,1.);
#10186 = DIRECTION('',(0.,1.));
#10187 = ( GEOMETRIC_REPRESENTATION_CONTEXT(2) 
PARAMETRIC_REPRESENTATION_CONTEXT() REPRESENTATION_CONTEXT('2D SPACE',''
  ) );
#10188 = ORIENTED_EDGE('',*,*,#10189,.F.);
#10189 = EDGE_CURVE('',#10190,#10162,#10192,.T.);
#10190 = VERTEX_POINT('',#10191);
#10191 = CARTESIAN_POINT('',(-56.80675423291,28.746860224917,22.4));
#10192 = SURFACE_CURVE('',#10193,(#10198,#10205),.PCURVE_S1.);
#10193 = CIRCLE('',#10194,1.6);
#10194 = AXIS2_PLACEMENT_3D('',#10195,#10196,#10197);
#10195 = CARTESIAN_POINT('',(-58.4,28.6,22.4));
#10196 = DIRECTION('',(0.,0.,-1.));
#10197 = DIRECTION('',(1.,0.,0.));
#10198 = PCURVE('',#7718,#10199);
#10199 = DEFINITIONAL_REPRESENTATION('',(#10200),#10204);
#10200 = LINE('',#10201,#10202);
#10201 = CARTESIAN_POINT('',(-12.56637061435,-3.5));
#10202 = VECTOR('',#10203,1.);
#10203 = DIRECTION('',(1.,-0.));
#10204 = ( GEOMETRIC_REPRESENTATION_CONTEXT(2) 
PARAMETRIC_REPRESENTATION_CONTEXT() REPRESENTATION_CONTEXT('2D SPACE',''
  ) );
#10205 = PCURVE('',#10206,#10211);
#10206 = PLANE('',#10207);
#10207 = AXIS2_PLACEMENT_3D('',#10208,#10209,#10210);
#10208 = CARTESIAN_POINT('',(-54.25,24.45,22.4));
#10209 = DIRECTION('',(0.,0.,1.));
#10210 = DIRECTION('',(1.,0.,-0.));
#10211 = DEFINITIONAL_REPRESENTATION('',(#10212),#10220);
#10212 = ( BOUNDED_CURVE() B_SPLINE_CURVE(2,(#10213,#10214,#10215,#10216
    ,#10217,#10218,#10219),.UNSPECIFIED.,.T.,.F.) 
B_SPLINE_CURVE_WITH_KNOTS((1,2,2,2,2,1),(-2.094395102393,0.,
    2.094395102393,4.188790204786,6.28318530718,8.377580409573),
.UNSPECIFIED.) CURVE() GEOMETRIC_REPRESENTATION_ITEM() 
RATIONAL_B_SPLINE_CURVE((1.,0.5,1.,0.5,1.,0.5,1.)) REPRESENTATION_ITEM(
  '') );
#10213 = CARTESIAN_POINT('',(-2.55,4.15));
#10214 = CARTESIAN_POINT('',(-2.55,1.37871870789));
#10215 = CARTESIAN_POINT('',(-4.95,2.764359353945));
#10216 = CARTESIAN_POINT('',(-7.35,4.15));
#10217 = CARTESIAN_POINT('',(-4.95,5.535640646055));
#10218 = CARTESIAN_POINT('',(-2.55,6.92128129211));
#10219 = CARTESIAN_POINT('',(-2.55,4.15));
#10220 = ( GEOMETRIC_REPRESENTATION_CONTEXT(2) 
PARAMETRIC_REPRESENTATION_CONTEXT() REPRESENTATION_CONTEXT('2D SPACE',''
  ) );
#10221 = ORIENTED_EDGE('',*,*,#10222,.F.);
#10222 = EDGE_CURVE('',#10223,#10190,#10225,.T.);
#10223 = VERTEX_POINT('',#10224);
#10224 = CARTESIAN_POINT('',(-56.80675423291,28.746860224917,24.5));
#10225 = SURFACE_CURVE('',#10226,(#10230,#10237),.PCURVE_S1.);
#10226 = LINE('',#10227,#10228);
#10227 = CARTESIAN_POINT('',(-56.80675423291,28.746860224917,18.9));
#10228 = VECTOR('',#10229,1.);
#10229 = DIRECTION('',(-0.,-0.,-1.));
#10230 = PCURVE('',#7718,#10231);
#10231 = DEFINITIONAL_REPRESENTATION('',(#10232),#10236);
#10232 = LINE('',#10233,#10234);
#10233 = CARTESIAN_POINT('',(-6.375102323551,0.));
#10234 = VECTOR('',#10235,1.);
#10235 = DIRECTION('',(-0.,1.));
#10236 = ( GEOMETRIC_REPRESENTATION_CONTEXT(2) 
PARAMETRIC_REPRESENTATION_CONTEXT() REPRESENTATION_CONTEXT('2D SPACE',''
  ) );
#10237 = PCURVE('',#10238,#10243);
#10238 = CYLINDRICAL_SURFACE('',#10239,5.);
#10239 = AXIS2_PLACEMENT_3D('',#10240,#10241,#10242);
#10240 = CARTESIAN_POINT('',(-54.25,24.45,22.4));
#10241 = DIRECTION('',(-0.,-0.,-1.));
#10242 = DIRECTION('',(1.,0.,0.));
#10243 = DEFINITIONAL_REPRESENTATION('',(#10244),#10248);
#10244 = LINE('',#10245,#10246);
#10245 = CARTESIAN_POINT('',(-2.107552282895,3.5));
#10246 = VECTOR('',#10247,1.);
#10247 = DIRECTION('',(-0.,1.));
#10248 = ( GEOMETRIC_REPRESENTATION_CONTEXT(2) 
PARAMETRIC_REPRESENTATION_CONTEXT() REPRESENTATION_CONTEXT('2D SPACE',''
  ) );
#10249 = ORIENTED_EDGE('',*,*,#10250,.T.);
#10250 = EDGE_CURVE('',#10223,#10251,#10253,.T.);
#10251 = VERTEX_POINT('',#10252);
#10252 = CARTESIAN_POINT('',(-58.54686022491,27.006754232914,24.5));
#10253 = SURFACE_CURVE('',#10254,(#10259,#10266),.PCURVE_S1.);
#10254 = CIRCLE('',#10255,1.6);
#10255 = AXIS2_PLACEMENT_3D('',#10256,#10257,#10258);
#10256 = CARTESIAN_POINT('',(-58.4,28.6,24.5));
#10257 = DIRECTION('',(-0.,0.,1.));
#10258 = DIRECTION('',(0.999805427025,-1.972582297537E-02,0.));
#10259 = PCURVE('',#7718,#10260);
#10260 = DEFINITIONAL_REPRESENTATION('',(#10261),#10265);
#10261 = LINE('',#10262,#10263);
#10262 = CARTESIAN_POINT('',(-6.263458204734,-5.6));
#10263 = VECTOR('',#10264,1.);
#10264 = DIRECTION('',(-1.,0.));
#10265 = ( GEOMETRIC_REPRESENTATION_CONTEXT(2) 
PARAMETRIC_REPRESENTATION_CONTEXT() REPRESENTATION_CONTEXT('2D SPACE',''
  ) );
#10266 = PCURVE('',#10267,#10272);
#10267 = PLANE('',#10268);
#10268 = AXIS2_PLACEMENT_3D('',#10269,#10270,#10271);
#10269 = CARTESIAN_POINT('',(-15.435,0.,24.5));
#10270 = DIRECTION('',(0.,0.,1.));
#10271 = DIRECTION('',(1.,0.,-0.));
#10272 = DEFINITIONAL_REPRESENTATION('',(#10273),#10277);
#10273 = CIRCLE('',#10274,1.6);
#10274 = AXIS2_PLACEMENT_2D('',#10275,#10276);
#10275 = CARTESIAN_POINT('',(-42.965,28.6));
#10276 = DIRECTION('',(0.999805427025,-1.972582297537E-02));
#10277 = ( GEOMETRIC_REPRESENTATION_CONTEXT(2) 
PARAMETRIC_REPRESENTATION_CONTEXT() REPRESENTATION_CONTEXT('2D SPACE',''
  ) );
#10278 = ORIENTED_EDGE('',*,*,#10279,.T.);
#10279 = EDGE_CURVE('',#10251,#10280,#10282,.T.);
#10280 = VERTEX_POINT('',#10281);
#10281 = CARTESIAN_POINT('',(-58.54686022491,27.006754232914,22.4));
#10282 = SURFACE_CURVE('',#10283,(#10287,#10294),.PCURVE_S1.);
#10283 = LINE('',#10284,#10285);
#10284 = CARTESIAN_POINT('',(-58.54686022491,27.006754232914,18.9));
#10285 = VECTOR('',#10286,1.);
#10286 = DIRECTION('',(-0.,-0.,-1.));
#10287 = PCURVE('',#7718,#10288);
#10288 = DEFINITIONAL_REPRESENTATION('',(#10289),#10293);
#10289 = LINE('',#10290,#10291);
#10290 = CARTESIAN_POINT('',(-10.90365727119,0.));
#10291 = VECTOR('',#10292,1.);
#10292 = DIRECTION('',(-0.,1.));
#10293 = ( GEOMETRIC_REPRESENTATION_CONTEXT(2) 
PARAMETRIC_REPRESENTATION_CONTEXT() REPRESENTATION_CONTEXT('2D SPACE',''
  ) );
#10294 = PCURVE('',#10238,#10295);
#10295 = DEFINITIONAL_REPRESENTATION('',(#10296),#10300);
#10296 = LINE('',#10297,#10298);
#10297 = CARTESIAN_POINT('',(-2.604836697489,3.5));
#10298 = VECTOR('',#10299,1.);
#10299 = DIRECTION('',(-0.,1.));
#10300 = ( GEOMETRIC_REPRESENTATION_CONTEXT(2) 
PARAMETRIC_REPRESENTATION_CONTEXT() REPRESENTATION_CONTEXT('2D SPACE',''
  ) );
#10301 = ORIENTED_EDGE('',*,*,#10302,.F.);
#10302 = EDGE_CURVE('',#10077,#10280,#10303,.T.);
#10303 = SURFACE_CURVE('',#10304,(#10309,#10316),.PCURVE_S1.);
#10304 = CIRCLE('',#10305,1.6);
#10305 = AXIS2_PLACEMENT_3D('',#10306,#10307,#10308);
#10306 = CARTESIAN_POINT('',(-58.4,28.6,22.4));
#10307 = DIRECTION('',(0.,0.,-1.));
#10308 = DIRECTION('',(1.,0.,0.));
#10309 = PCURVE('',#7718,#10310);
#10310 = DEFINITIONAL_REPRESENTATION('',(#10311),#10315);
#10311 = LINE('',#10312,#10313);
#10312 = CARTESIAN_POINT('',(-12.56637061435,-3.5));
#10313 = VECTOR('',#10314,1.);
#10314 = DIRECTION('',(1.,-0.));
#10315 = ( GEOMETRIC_REPRESENTATION_CONTEXT(2) 
PARAMETRIC_REPRESENTATION_CONTEXT() REPRESENTATION_CONTEXT('2D SPACE',''
  ) );
#10316 = PCURVE('',#10206,#10317);
#10317 = DEFINITIONAL_REPRESENTATION('',(#10318),#10326);
#10318 = ( BOUNDED_CURVE() B_SPLINE_CURVE(2,(#10319,#10320,#10321,#10322
    ,#10323,#10324,#10325),.UNSPECIFIED.,.T.,.F.) 
B_SPLINE_CURVE_WITH_KNOTS((1,2,2,2,2,1),(-2.094395102393,0.,
    2.094395102393,4.188790204786,6.28318530718,8.377580409573),
.UNSPECIFIED.) CURVE() GEOMETRIC_REPRESENTATION_ITEM() 
RATIONAL_B_SPLINE_CURVE((1.,0.5,1.,0.5,1.,0.5,1.)) REPRESENTATION_ITEM(
  '') );
#10319 = CARTESIAN_POINT('',(-2.55,4.15));
#10320 = CARTESIAN_POINT('',(-2.55,1.37871870789));
#10321 = CARTESIAN_POINT('',(-4.95,2.764359353945));
#10322 = CARTESIAN_POINT('',(-7.35,4.15));
#10323 = CARTESIAN_POINT('',(-4.95,5.535640646055));
#10324 = CARTESIAN_POINT('',(-2.55,6.92128129211));
#10325 = CARTESIAN_POINT('',(-2.55,4.15));
#10326 = ( GEOMETRIC_REPRESENTATION_CONTEXT(2) 
PARAMETRIC_REPRESENTATION_CONTEXT() REPRESENTATION_CONTEXT('2D SPACE',''
  ) );
#10327 = ADVANCED_FACE('',(#10328),#8035,.T.);
#10328 = FACE_BOUND('',#10329,.T.);
#10329 = EDGE_LOOP('',(#10330,#10353,#10374,#10375));
#10330 = ORIENTED_EDGE('',*,*,#10331,.T.);
#10331 = EDGE_CURVE('',#10025,#10332,#10334,.T.);
#10332 = VERTEX_POINT('',#10333);
#10333 = CARTESIAN_POINT('',(58.75,-24.,16.));
#10334 = SURFACE_CURVE('',#10335,(#10339,#10346),.PCURVE_S1.);
#10335 = LINE('',#10336,#10337);
#10336 = CARTESIAN_POINT('',(58.75,-14.375,16.));
#10337 = VECTOR('',#10338,1.);
#10338 = DIRECTION('',(0.,-1.,0.));
#10339 = PCURVE('',#8035,#10340);
#10340 = DEFINITIONAL_REPRESENTATION('',(#10341),#10345);
#10341 = LINE('',#10342,#10343);
#10342 = CARTESIAN_POINT('',(14.375,-1.E-01));
#10343 = VECTOR('',#10344,1.);
#10344 = DIRECTION('',(-1.,0.));
#10345 = ( GEOMETRIC_REPRESENTATION_CONTEXT(2) 
PARAMETRIC_REPRESENTATION_CONTEXT() REPRESENTATION_CONTEXT('2D SPACE',''
  ) );
#10346 = PCURVE('',#9210,#10347);
#10347 = DEFINITIONAL_REPRESENTATION('',(#10348),#10352);
#10348 = LINE('',#10349,#10350);
#10349 = CARTESIAN_POINT('',(58.75,-14.375));
#10350 = VECTOR('',#10351,1.);
#10351 = DIRECTION('',(0.,-1.));
#10352 = ( GEOMETRIC_REPRESENTATION_CONTEXT(2) 
PARAMETRIC_REPRESENTATION_CONTEXT() REPRESENTATION_CONTEXT('2D SPACE',''
  ) );
#10353 = ORIENTED_EDGE('',*,*,#10354,.T.);
#10354 = EDGE_CURVE('',#10332,#7991,#10355,.T.);
#10355 = SURFACE_CURVE('',#10356,(#10360,#10367),.PCURVE_S1.);
#10356 = LINE('',#10357,#10358);
#10357 = CARTESIAN_POINT('',(58.75,-24.,15.9));
#10358 = VECTOR('',#10359,1.);
#10359 = DIRECTION('',(0.,0.,1.));
#10360 = PCURVE('',#8035,#10361);
#10361 = DEFINITIONAL_REPRESENTATION('',(#10362),#10366);
#10362 = LINE('',#10363,#10364);
#10363 = CARTESIAN_POINT('',(4.75,0.));
#10364 = VECTOR('',#10365,1.);
#10365 = DIRECTION('',(0.,-1.));
#10366 = ( GEOMETRIC_REPRESENTATION_CONTEXT(2) 
PARAMETRIC_REPRESENTATION_CONTEXT() REPRESENTATION_CONTEXT('2D SPACE',''
  ) );
#10367 = PCURVE('',#8007,#10368);
#10368 = DEFINITIONAL_REPRESENTATION('',(#10369),#10373);
#10369 = LINE('',#10370,#10371);
#10370 = CARTESIAN_POINT('',(1.570796326795,0.));
#10371 = VECTOR('',#10372,1.);
#10372 = DIRECTION('',(0.,1.));
#10373 = ( GEOMETRIC_REPRESENTATION_CONTEXT(2) 
PARAMETRIC_REPRESENTATION_CONTEXT() REPRESENTATION_CONTEXT('2D SPACE',''
  ) );
#10374 = ORIENTED_EDGE('',*,*,#8019,.F.);
#10375 = ORIENTED_EDGE('',*,*,#10024,.F.);
#10376 = ADVANCED_FACE('',(#10377),#8007,.F.);
#10377 = FACE_BOUND('',#10378,.F.);
#10378 = EDGE_LOOP('',(#10379,#10402,#10424,#10425));
#10379 = ORIENTED_EDGE('',*,*,#10380,.F.);
#10380 = EDGE_CURVE('',#10381,#7963,#10383,.T.);
#10381 = VERTEX_POINT('',#10382);
#10382 = CARTESIAN_POINT('',(54.,-28.75,16.));
#10383 = SURFACE_CURVE('',#10384,(#10388,#10395),.PCURVE_S1.);
#10384 = LINE('',#10385,#10386);
#10385 = CARTESIAN_POINT('',(54.,-28.75,15.9));
#10386 = VECTOR('',#10387,1.);
#10387 = DIRECTION('',(0.,0.,1.));
#10388 = PCURVE('',#8007,#10389);
#10389 = DEFINITIONAL_REPRESENTATION('',(#10390),#10394);
#10390 = LINE('',#10391,#10392);
#10391 = CARTESIAN_POINT('',(0.,0.));
#10392 = VECTOR('',#10393,1.);
#10393 = DIRECTION('',(0.,1.));
#10394 = ( GEOMETRIC_REPRESENTATION_CONTEXT(2) 
PARAMETRIC_REPRESENTATION_CONTEXT() REPRESENTATION_CONTEXT('2D SPACE',''
  ) );
#10395 = PCURVE('',#7978,#10396);
#10396 = DEFINITIONAL_REPRESENTATION('',(#10397),#10401);
#10397 = LINE('',#10398,#10399);
#10398 = CARTESIAN_POINT('',(112.75,0.));
#10399 = VECTOR('',#10400,1.);
#10400 = DIRECTION('',(0.,-1.));
#10401 = ( GEOMETRIC_REPRESENTATION_CONTEXT(2) 
PARAMETRIC_REPRESENTATION_CONTEXT() REPRESENTATION_CONTEXT('2D SPACE',''
  ) );
#10402 = ORIENTED_EDGE('',*,*,#10403,.T.);
#10403 = EDGE_CURVE('',#10381,#10332,#10404,.T.);
#10404 = SURFACE_CURVE('',#10405,(#10410,#10417),.PCURVE_S1.);
#10405 = CIRCLE('',#10406,4.75);
#10406 = AXIS2_PLACEMENT_3D('',#10407,#10408,#10409);
#10407 = CARTESIAN_POINT('',(54.,-24.,16.));
#10408 = DIRECTION('',(0.,0.,1.));
#10409 = DIRECTION('',(0.,-1.,0.));
#10410 = PCURVE('',#8007,#10411);
#10411 = DEFINITIONAL_REPRESENTATION('',(#10412),#10416);
#10412 = LINE('',#10413,#10414);
#10413 = CARTESIAN_POINT('',(0.,0.1));
#10414 = VECTOR('',#10415,1.);
#10415 = DIRECTION('',(1.,0.));
#10416 = ( GEOMETRIC_REPRESENTATION_CONTEXT(2) 
PARAMETRIC_REPRESENTATION_CONTEXT() REPRESENTATION_CONTEXT('2D SPACE',''
  ) );
#10417 = PCURVE('',#9210,#10418);
#10418 = DEFINITIONAL_REPRESENTATION('',(#10419),#10423);
#10419 = CIRCLE('',#10420,4.75);
#10420 = AXIS2_PLACEMENT_2D('',#10421,#10422);
#10421 = CARTESIAN_POINT('',(54.,-24.));
#10422 = DIRECTION('',(0.,-1.));
#10423 = ( GEOMETRIC_REPRESENTATION_CONTEXT(2) 
PARAMETRIC_REPRESENTATION_CONTEXT() REPRESENTATION_CONTEXT('2D SPACE',''
  ) );
#10424 = ORIENTED_EDGE('',*,*,#10354,.T.);
#10425 = ORIENTED_EDGE('',*,*,#7990,.F.);
#10426 = ADVANCED_FACE('',(#10427),#7770,.F.);
#10427 = FACE_BOUND('',#10428,.F.);
#10428 = EDGE_LOOP('',(#10429,#10452,#10473,#10474));
#10429 = ORIENTED_EDGE('',*,*,#10430,.F.);
#10430 = EDGE_CURVE('',#10431,#9901,#10433,.T.);
#10431 = VERTEX_POINT('',#10432);
#10432 = CARTESIAN_POINT('',(28.765,30.35,16.));
#10433 = SURFACE_CURVE('',#10434,(#10438,#10445),.PCURVE_S1.);
#10434 = LINE('',#10435,#10436);
#10435 = CARTESIAN_POINT('',(60.35,30.35,16.));
#10436 = VECTOR('',#10437,1.);
#10437 = DIRECTION('',(-1.,0.,0.));
#10438 = PCURVE('',#7770,#10439);
#10439 = DEFINITIONAL_REPRESENTATION('',(#10440),#10444);
#10440 = LINE('',#10441,#10442);
#10441 = CARTESIAN_POINT('',(0.,-0.));
#10442 = VECTOR('',#10443,1.);
#10443 = DIRECTION('',(1.,0.));
#10444 = ( GEOMETRIC_REPRESENTATION_CONTEXT(2) 
PARAMETRIC_REPRESENTATION_CONTEXT() REPRESENTATION_CONTEXT('2D SPACE',''
  ) );
#10445 = PCURVE('',#9210,#10446);
#10446 = DEFINITIONAL_REPRESENTATION('',(#10447),#10451);
#10447 = LINE('',#10448,#10449);
#10448 = CARTESIAN_POINT('',(60.35,30.35));
#10449 = VECTOR('',#10450,1.);
#10450 = DIRECTION('',(-1.,0.));
#10451 = ( GEOMETRIC_REPRESENTATION_CONTEXT(2) 
PARAMETRIC_REPRESENTATION_CONTEXT() REPRESENTATION_CONTEXT('2D SPACE',''
  ) );
#10452 = ORIENTED_EDGE('',*,*,#10453,.T.);
#10453 = EDGE_CURVE('',#10431,#7755,#10454,.T.);
#10454 = SURFACE_CURVE('',#10455,(#10459,#10466),.PCURVE_S1.);
#10455 = LINE('',#10456,#10457);
#10456 = CARTESIAN_POINT('',(28.765,30.35,15.95));
#10457 = VECTOR('',#10458,1.);
#10458 = DIRECTION('',(0.,0.,1.));
#10459 = PCURVE('',#7770,#10460);
#10460 = DEFINITIONAL_REPRESENTATION('',(#10461),#10465);
#10461 = LINE('',#10462,#10463);
#10462 = CARTESIAN_POINT('',(31.585,5.E-02));
#10463 = VECTOR('',#10464,1.);
#10464 = DIRECTION('',(0.,-1.));
#10465 = ( GEOMETRIC_REPRESENTATION_CONTEXT(2) 
PARAMETRIC_REPRESENTATION_CONTEXT() REPRESENTATION_CONTEXT('2D SPACE',''
  ) );
#10466 = PCURVE('',#7798,#10467);
#10467 = DEFINITIONAL_REPRESENTATION('',(#10468),#10472);
#10468 = LINE('',#10469,#10470);
#10469 = CARTESIAN_POINT('',(2.15,-5.E-02));
#10470 = VECTOR('',#10471,1.);
#10471 = DIRECTION('',(0.,-1.));
#10472 = ( GEOMETRIC_REPRESENTATION_CONTEXT(2) 
PARAMETRIC_REPRESENTATION_CONTEXT() REPRESENTATION_CONTEXT('2D SPACE',''
  ) );
#10473 = ORIENTED_EDGE('',*,*,#7754,.T.);
#10474 = ORIENTED_EDGE('',*,*,#9900,.F.);
#10475 = ADVANCED_FACE('',(#10476),#7978,.T.);
#10476 = FACE_BOUND('',#10477,.T.);
#10477 = EDGE_LOOP('',(#10478,#10479,#10502,#10530,#10558,#10581,#10609,
    #10630));
#10478 = ORIENTED_EDGE('',*,*,#10380,.F.);
#10479 = ORIENTED_EDGE('',*,*,#10480,.T.);
#10480 = EDGE_CURVE('',#10381,#10481,#10483,.T.);
#10481 = VERTEX_POINT('',#10482);
#10482 = CARTESIAN_POINT('',(-54.,-28.75,16.));
#10483 = SURFACE_CURVE('',#10484,(#10488,#10495),.PCURVE_S1.);
#10484 = LINE('',#10485,#10486);
#10485 = CARTESIAN_POINT('',(-29.375,-28.75,16.));
#10486 = VECTOR('',#10487,1.);
#10487 = DIRECTION('',(-1.,0.,0.));
#10488 = PCURVE('',#7978,#10489);
#10489 = DEFINITIONAL_REPRESENTATION('',(#10490),#10494);
#10490 = LINE('',#10491,#10492);
#10491 = CARTESIAN_POINT('',(29.375,-1.E-01));
#10492 = VECTOR('',#10493,1.);
#10493 = DIRECTION('',(-1.,0.));
#10494 = ( GEOMETRIC_REPRESENTATION_CONTEXT(2) 
PARAMETRIC_REPRESENTATION_CONTEXT() REPRESENTATION_CONTEXT('2D SPACE',''
  ) );
#10495 = PCURVE('',#9210,#10496);
#10496 = DEFINITIONAL_REPRESENTATION('',(#10497),#10501);
#10497 = LINE('',#10498,#10499);
#10498 = CARTESIAN_POINT('',(-29.375,-28.75));
#10499 = VECTOR('',#10500,1.);
#10500 = DIRECTION('',(-1.,0.));
#10501 = ( GEOMETRIC_REPRESENTATION_CONTEXT(2) 
PARAMETRIC_REPRESENTATION_CONTEXT() REPRESENTATION_CONTEXT('2D SPACE',''
  ) );
#10502 = ORIENTED_EDGE('',*,*,#10503,.T.);
#10503 = EDGE_CURVE('',#10481,#10504,#10506,.T.);
#10504 = VERTEX_POINT('',#10505);
#10505 = CARTESIAN_POINT('',(-54.,-28.75,19.));
#10506 = SURFACE_CURVE('',#10507,(#10511,#10518),.PCURVE_S1.);
#10507 = LINE('',#10508,#10509);
#10508 = CARTESIAN_POINT('',(-54.,-28.75,15.9));
#10509 = VECTOR('',#10510,1.);
#10510 = DIRECTION('',(0.,0.,1.));
#10511 = PCURVE('',#7978,#10512);
#10512 = DEFINITIONAL_REPRESENTATION('',(#10513),#10517);
#10513 = LINE('',#10514,#10515);
#10514 = CARTESIAN_POINT('',(4.75,0.));
#10515 = VECTOR('',#10516,1.);
#10516 = DIRECTION('',(0.,-1.));
#10517 = ( GEOMETRIC_REPRESENTATION_CONTEXT(2) 
PARAMETRIC_REPRESENTATION_CONTEXT() REPRESENTATION_CONTEXT('2D SPACE',''
  ) );
#10518 = PCURVE('',#10519,#10524);
#10519 = CYLINDRICAL_SURFACE('',#10520,4.75);
#10520 = AXIS2_PLACEMENT_3D('',#10521,#10522,#10523);
#10521 = CARTESIAN_POINT('',(-54.,-24.,15.9));
#10522 = DIRECTION('',(0.,0.,1.));
#10523 = DIRECTION('',(0.,-1.,0.));
#10524 = DEFINITIONAL_REPRESENTATION('',(#10525),#10529);
#10525 = LINE('',#10526,#10527);
#10526 = CARTESIAN_POINT('',(-0.,0.));
#10527 = VECTOR('',#10528,1.);
#10528 = DIRECTION('',(-0.,1.));
#10529 = ( GEOMETRIC_REPRESENTATION_CONTEXT(2) 
PARAMETRIC_REPRESENTATION_CONTEXT() REPRESENTATION_CONTEXT('2D SPACE',''
  ) );
#10530 = ORIENTED_EDGE('',*,*,#10531,.F.);
#10531 = EDGE_CURVE('',#10532,#10504,#10534,.T.);
#10532 = VERTEX_POINT('',#10533);
#10533 = CARTESIAN_POINT('',(25.937046767793,-28.75,19.));
#10534 = SURFACE_CURVE('',#10535,(#10539,#10546),.PCURVE_S1.);
#10535 = LINE('',#10536,#10537);
#10536 = CARTESIAN_POINT('',(-29.375,-28.75,19.));
#10537 = VECTOR('',#10538,1.);
#10538 = DIRECTION('',(-1.,0.,0.));
#10539 = PCURVE('',#7978,#10540);
#10540 = DEFINITIONAL_REPRESENTATION('',(#10541),#10545);
#10541 = LINE('',#10542,#10543);
#10542 = CARTESIAN_POINT('',(29.375,-3.1));
#10543 = VECTOR('',#10544,1.);
#10544 = DIRECTION('',(-1.,0.));
#10545 = ( GEOMETRIC_REPRESENTATION_CONTEXT(2) 
PARAMETRIC_REPRESENTATION_CONTEXT() REPRESENTATION_CONTEXT('2D SPACE',''
  ) );
#10546 = PCURVE('',#10547,#10552);
#10547 = PLANE('',#10548);
#10548 = AXIS2_PLACEMENT_3D('',#10549,#10550,#10551);
#10549 = CARTESIAN_POINT('',(2.324884206986E-15,0.,19.));
#10550 = DIRECTION('',(0.,0.,1.));
#10551 = DIRECTION('',(1.,0.,-0.));
#10552 = DEFINITIONAL_REPRESENTATION('',(#10553),#10557);
#10553 = LINE('',#10554,#10555);
#10554 = CARTESIAN_POINT('',(-29.375,-28.75));
#10555 = VECTOR('',#10556,1.);
#10556 = DIRECTION('',(-1.,0.));
#10557 = ( GEOMETRIC_REPRESENTATION_CONTEXT(2) 
PARAMETRIC_REPRESENTATION_CONTEXT() REPRESENTATION_CONTEXT('2D SPACE',''
  ) );
#10558 = ORIENTED_EDGE('',*,*,#10559,.T.);
#10559 = EDGE_CURVE('',#10532,#10560,#10562,.T.);
#10560 = VERTEX_POINT('',#10561);
#10561 = CARTESIAN_POINT('',(25.937046767793,-28.75,18.9));
#10562 = SURFACE_CURVE('',#10563,(#10567,#10574),.PCURVE_S1.);
#10563 = LINE('',#10564,#10565);
#10564 = CARTESIAN_POINT('',(25.937046767793,-28.75,18.9));
#10565 = VECTOR('',#10566,1.);
#10566 = DIRECTION('',(-0.,-0.,-1.));
#10567 = PCURVE('',#7978,#10568);
#10568 = DEFINITIONAL_REPRESENTATION('',(#10569),#10573);
#10569 = LINE('',#10570,#10571);
#10570 = CARTESIAN_POINT('',(84.687046767793,-3.));
#10571 = VECTOR('',#10572,1.);
#10572 = DIRECTION('',(0.,1.));
#10573 = ( GEOMETRIC_REPRESENTATION_CONTEXT(2) 
PARAMETRIC_REPRESENTATION_CONTEXT() REPRESENTATION_CONTEXT('2D SPACE',''
  ) );
#10574 = PCURVE('',#7950,#10575);
#10575 = DEFINITIONAL_REPRESENTATION('',(#10576),#10580);
#10576 = LINE('',#10577,#10578);
#10577 = CARTESIAN_POINT('',(-3.235480528697,0.));
#10578 = VECTOR('',#10579,1.);
#10579 = DIRECTION('',(-0.,1.));
#10580 = ( GEOMETRIC_REPRESENTATION_CONTEXT(2) 
PARAMETRIC_REPRESENTATION_CONTEXT() REPRESENTATION_CONTEXT('2D SPACE',''
  ) );
#10581 = ORIENTED_EDGE('',*,*,#10582,.T.);
#10582 = EDGE_CURVE('',#10560,#10583,#10585,.T.);
#10583 = VERTEX_POINT('',#10584);
#10584 = CARTESIAN_POINT('',(29.122953232207,-28.75,18.9));
#10585 = SURFACE_CURVE('',#10586,(#10590,#10597),.PCURVE_S1.);
#10586 = LINE('',#10587,#10588);
#10587 = CARTESIAN_POINT('',(-37.0925,-28.75,18.9));
#10588 = VECTOR('',#10589,1.);
#10589 = DIRECTION('',(1.,0.,0.));
#10590 = PCURVE('',#7978,#10591);
#10591 = DEFINITIONAL_REPRESENTATION('',(#10592),#10596);
#10592 = LINE('',#10593,#10594);
#10593 = CARTESIAN_POINT('',(21.6575,-3.));
#10594 = VECTOR('',#10595,1.);
#10595 = DIRECTION('',(1.,0.));
#10596 = ( GEOMETRIC_REPRESENTATION_CONTEXT(2) 
PARAMETRIC_REPRESENTATION_CONTEXT() REPRESENTATION_CONTEXT('2D SPACE',''
  ) );
#10597 = PCURVE('',#10598,#10603);
#10598 = PLANE('',#10599);
#10599 = AXIS2_PLACEMENT_3D('',#10600,#10601,#10602);
#10600 = CARTESIAN_POINT('',(-15.435,0.,18.9));
#10601 = DIRECTION('',(0.,0.,1.));
#10602 = DIRECTION('',(1.,0.,-0.));
#10603 = DEFINITIONAL_REPRESENTATION('',(#10604),#10608);
#10604 = LINE('',#10605,#10606);
#10605 = CARTESIAN_POINT('',(-21.6575,-28.75));
#10606 = VECTOR('',#10607,1.);
#10607 = DIRECTION('',(1.,0.));
#10608 = ( GEOMETRIC_REPRESENTATION_CONTEXT(2) 
PARAMETRIC_REPRESENTATION_CONTEXT() REPRESENTATION_CONTEXT('2D SPACE',''
  ) );
#10609 = ORIENTED_EDGE('',*,*,#10610,.F.);
#10610 = EDGE_CURVE('',#7930,#10583,#10611,.T.);
#10611 = SURFACE_CURVE('',#10612,(#10616,#10623),.PCURVE_S1.);
#10612 = LINE('',#10613,#10614);
#10613 = CARTESIAN_POINT('',(29.122953232207,-28.75,18.9));
#10614 = VECTOR('',#10615,1.);
#10615 = DIRECTION('',(-0.,-0.,-1.));
#10616 = PCURVE('',#7978,#10617);
#10617 = DEFINITIONAL_REPRESENTATION('',(#10618),#10622);
#10618 = LINE('',#10619,#10620);
#10619 = CARTESIAN_POINT('',(87.872953232207,-3.));
#10620 = VECTOR('',#10621,1.);
#10621 = DIRECTION('',(0.,1.));
#10622 = ( GEOMETRIC_REPRESENTATION_CONTEXT(2) 
PARAMETRIC_REPRESENTATION_CONTEXT() REPRESENTATION_CONTEXT('2D SPACE',''
  ) );
#10623 = PCURVE('',#7950,#10624);
#10624 = DEFINITIONAL_REPRESENTATION('',(#10625),#10629);
#10625 = LINE('',#10626,#10627);
#10626 = CARTESIAN_POINT('',(-6.189297432072,0.));
#10627 = VECTOR('',#10628,1.);
#10628 = DIRECTION('',(-0.,1.));
#10629 = ( GEOMETRIC_REPRESENTATION_CONTEXT(2) 
PARAMETRIC_REPRESENTATION_CONTEXT() REPRESENTATION_CONTEXT('2D SPACE',''
  ) );
#10630 = ORIENTED_EDGE('',*,*,#7962,.F.);
#10631 = ADVANCED_FACE('',(#10632),#7798,.T.);
#10632 = FACE_BOUND('',#10633,.T.);
#10633 = EDGE_LOOP('',(#10634,#10664,#10685,#10686,#10687,#10710));
#10634 = ORIENTED_EDGE('',*,*,#10635,.F.);
#10635 = EDGE_CURVE('',#10636,#10638,#10640,.T.);
#10636 = VERTEX_POINT('',#10637);
#10637 = CARTESIAN_POINT('',(28.765,28.75,16.));
#10638 = VERTEX_POINT('',#10639);
#10639 = CARTESIAN_POINT('',(28.765,28.75,18.9));
#10640 = SURFACE_CURVE('',#10641,(#10645,#10652),.PCURVE_S1.);
#10641 = LINE('',#10642,#10643);
#10642 = CARTESIAN_POINT('',(28.765,28.75,15.9));
#10643 = VECTOR('',#10644,1.);
#10644 = DIRECTION('',(0.,0.,1.));
#10645 = PCURVE('',#7798,#10646);
#10646 = DEFINITIONAL_REPRESENTATION('',(#10647),#10651);
#10647 = LINE('',#10648,#10649);
#10648 = CARTESIAN_POINT('',(3.75,0.));
#10649 = VECTOR('',#10650,1.);
#10650 = DIRECTION('',(0.,-1.));
#10651 = ( GEOMETRIC_REPRESENTATION_CONTEXT(2) 
PARAMETRIC_REPRESENTATION_CONTEXT() REPRESENTATION_CONTEXT('2D SPACE',''
  ) );
#10652 = PCURVE('',#10653,#10658);
#10653 = PLANE('',#10654);
#10654 = AXIS2_PLACEMENT_3D('',#10655,#10656,#10657);
#10655 = CARTESIAN_POINT('',(58.75,28.75,15.9));
#10656 = DIRECTION('',(0.,-1.,0.));
#10657 = DIRECTION('',(-1.,0.,0.));
#10658 = DEFINITIONAL_REPRESENTATION('',(#10659),#10663);
#10659 = LINE('',#10660,#10661);
#10660 = CARTESIAN_POINT('',(29.985,0.));
#10661 = VECTOR('',#10662,1.);
#10662 = DIRECTION('',(0.,-1.));
#10663 = ( GEOMETRIC_REPRESENTATION_CONTEXT(2) 
PARAMETRIC_REPRESENTATION_CONTEXT() REPRESENTATION_CONTEXT('2D SPACE',''
  ) );
#10664 = ORIENTED_EDGE('',*,*,#10665,.T.);
#10665 = EDGE_CURVE('',#10636,#10431,#10666,.T.);
#10666 = SURFACE_CURVE('',#10667,(#10671,#10678),.PCURVE_S1.);
#10667 = LINE('',#10668,#10669);
#10668 = CARTESIAN_POINT('',(28.765,16.25,16.));
#10669 = VECTOR('',#10670,1.);
#10670 = DIRECTION('',(-0.,1.,0.));
#10671 = PCURVE('',#7798,#10672);
#10672 = DEFINITIONAL_REPRESENTATION('',(#10673),#10677);
#10673 = LINE('',#10674,#10675);
#10674 = CARTESIAN_POINT('',(16.25,-1.E-01));
#10675 = VECTOR('',#10676,1.);
#10676 = DIRECTION('',(-1.,-0.));
#10677 = ( GEOMETRIC_REPRESENTATION_CONTEXT(2) 
PARAMETRIC_REPRESENTATION_CONTEXT() REPRESENTATION_CONTEXT('2D SPACE',''
  ) );
#10678 = PCURVE('',#9210,#10679);
#10679 = DEFINITIONAL_REPRESENTATION('',(#10680),#10684);
#10680 = LINE('',#10681,#10682);
#10681 = CARTESIAN_POINT('',(28.765,16.25));
#10682 = VECTOR('',#10683,1.);
#10683 = DIRECTION('',(0.,1.));
#10684 = ( GEOMETRIC_REPRESENTATION_CONTEXT(2) 
PARAMETRIC_REPRESENTATION_CONTEXT() REPRESENTATION_CONTEXT('2D SPACE',''
  ) );
#10685 = ORIENTED_EDGE('',*,*,#10453,.T.);
#10686 = ORIENTED_EDGE('',*,*,#7782,.F.);
#10687 = ORIENTED_EDGE('',*,*,#10688,.T.);
#10688 = EDGE_CURVE('',#7783,#10689,#10691,.T.);
#10689 = VERTEX_POINT('',#10690);
#10690 = CARTESIAN_POINT('',(28.765,29.617238909991,18.9));
#10691 = SURFACE_CURVE('',#10692,(#10696,#10703),.PCURVE_S1.);
#10692 = LINE('',#10693,#10694);
#10693 = CARTESIAN_POINT('',(28.765,29.617238909991,18.9));
#10694 = VECTOR('',#10695,1.);
#10695 = DIRECTION('',(-0.,-0.,-1.));
#10696 = PCURVE('',#7798,#10697);
#10697 = DEFINITIONAL_REPRESENTATION('',(#10698),#10702);
#10698 = LINE('',#10699,#10700);
#10699 = CARTESIAN_POINT('',(2.882761090009,-3.));
#10700 = VECTOR('',#10701,1.);
#10701 = DIRECTION('',(0.,1.));
#10702 = ( GEOMETRIC_REPRESENTATION_CONTEXT(2) 
PARAMETRIC_REPRESENTATION_CONTEXT() REPRESENTATION_CONTEXT('2D SPACE',''
  ) );
#10703 = PCURVE('',#7831,#10704);
#10704 = DEFINITIONAL_REPRESENTATION('',(#10705),#10709);
#10705 = LINE('',#10706,#10707);
#10706 = CARTESIAN_POINT('',(-6.97219657926,0.));
#10707 = VECTOR('',#10708,1.);
#10708 = DIRECTION('',(-0.,1.));
#10709 = ( GEOMETRIC_REPRESENTATION_CONTEXT(2) 
PARAMETRIC_REPRESENTATION_CONTEXT() REPRESENTATION_CONTEXT('2D SPACE',''
  ) );
#10710 = ORIENTED_EDGE('',*,*,#10711,.T.);
#10711 = EDGE_CURVE('',#10689,#10638,#10712,.T.);
#10712 = SURFACE_CURVE('',#10713,(#10717,#10724),.PCURVE_S1.);
#10713 = LINE('',#10714,#10715);
#10714 = CARTESIAN_POINT('',(28.765,16.25,18.9));
#10715 = VECTOR('',#10716,1.);
#10716 = DIRECTION('',(0.,-1.,0.));
#10717 = PCURVE('',#7798,#10718);
#10718 = DEFINITIONAL_REPRESENTATION('',(#10719),#10723);
#10719 = LINE('',#10720,#10721);
#10720 = CARTESIAN_POINT('',(16.25,-3.));
#10721 = VECTOR('',#10722,1.);
#10722 = DIRECTION('',(1.,0.));
#10723 = ( GEOMETRIC_REPRESENTATION_CONTEXT(2) 
PARAMETRIC_REPRESENTATION_CONTEXT() REPRESENTATION_CONTEXT('2D SPACE',''
  ) );
#10724 = PCURVE('',#10725,#10730);
#10725 = PLANE('',#10726);
#10726 = AXIS2_PLACEMENT_3D('',#10727,#10728,#10729);
#10727 = CARTESIAN_POINT('',(-15.435,0.,18.9));
#10728 = DIRECTION('',(0.,0.,1.));
#10729 = DIRECTION('',(1.,0.,-0.));
#10730 = DEFINITIONAL_REPRESENTATION('',(#10731),#10735);
#10731 = LINE('',#10732,#10733);
#10732 = CARTESIAN_POINT('',(44.2,16.25));
#10733 = VECTOR('',#10734,1.);
#10734 = DIRECTION('',(0.,-1.));
#10735 = ( GEOMETRIC_REPRESENTATION_CONTEXT(2) 
PARAMETRIC_REPRESENTATION_CONTEXT() REPRESENTATION_CONTEXT('2D SPACE',''
  ) );
#10736 = ADVANCED_FACE('',(#10737),#7950,.F.);
#10737 = FACE_BOUND('',#10738,.T.);
#10738 = EDGE_LOOP('',(#10739,#10769,#10798,#10819,#10820,#10821,#10847,
    #10848));
#10739 = ORIENTED_EDGE('',*,*,#10740,.T.);
#10740 = EDGE_CURVE('',#10741,#10743,#10745,.T.);
#10741 = VERTEX_POINT('',#10742);
#10742 = CARTESIAN_POINT('',(25.930311316761,-28.56843868323,19.));
#10743 = VERTEX_POINT('',#10744);
#10744 = CARTESIAN_POINT('',(25.930311316761,-28.56843868323,24.5));
#10745 = SURFACE_CURVE('',#10746,(#10750,#10757),.PCURVE_S1.);
#10746 = LINE('',#10747,#10748);
#10747 = CARTESIAN_POINT('',(25.930311316761,-28.56843868323,18.9));
#10748 = VECTOR('',#10749,1.);
#10749 = DIRECTION('',(0.,0.,1.));
#10750 = PCURVE('',#7950,#10751);
#10751 = DEFINITIONAL_REPRESENTATION('',(#10752),#10756);
#10752 = LINE('',#10753,#10754);
#10753 = CARTESIAN_POINT('',(-3.121865551144,0.));
#10754 = VECTOR('',#10755,1.);
#10755 = DIRECTION('',(-0.,-1.));
#10756 = ( GEOMETRIC_REPRESENTATION_CONTEXT(2) 
PARAMETRIC_REPRESENTATION_CONTEXT() REPRESENTATION_CONTEXT('2D SPACE',''
  ) );
#10757 = PCURVE('',#10758,#10763);
#10758 = CYLINDRICAL_SURFACE('',#10759,2.5);
#10759 = AXIS2_PLACEMENT_3D('',#10760,#10761,#10762);
#10760 = CARTESIAN_POINT('',(25.13,-26.2,18.9));
#10761 = DIRECTION('',(0.,0.,1.));
#10762 = DIRECTION('',(0.,-1.,0.));
#10763 = DEFINITIONAL_REPRESENTATION('',(#10764),#10768);
#10764 = LINE('',#10765,#10766);
#10765 = CARTESIAN_POINT('',(0.325860928252,0.));
#10766 = VECTOR('',#10767,1.);
#10767 = DIRECTION('',(0.,1.));
#10768 = ( GEOMETRIC_REPRESENTATION_CONTEXT(2) 
PARAMETRIC_REPRESENTATION_CONTEXT() REPRESENTATION_CONTEXT('2D SPACE',''
  ) );
#10769 = ORIENTED_EDGE('',*,*,#10770,.T.);
#10770 = EDGE_CURVE('',#10743,#10771,#10773,.T.);
#10771 = VERTEX_POINT('',#10772);
#10772 = CARTESIAN_POINT('',(27.498438683239,-27.00031131676,24.5));
#10773 = SURFACE_CURVE('',#10774,(#10779,#10786),.PCURVE_S1.);
#10774 = CIRCLE('',#10775,1.6);
#10775 = AXIS2_PLACEMENT_3D('',#10776,#10777,#10778);
#10776 = CARTESIAN_POINT('',(27.53,-28.6,24.5));
#10777 = DIRECTION('',(0.,0.,1.));
#10778 = DIRECTION('',(-0.999805427025,1.972582297537E-02,0.));
#10779 = PCURVE('',#7950,#10780);
#10780 = DEFINITIONAL_REPRESENTATION('',(#10781),#10785);
#10781 = LINE('',#10782,#10783);
#10782 = CARTESIAN_POINT('',(-3.121865551144,-5.6));
#10783 = VECTOR('',#10784,1.);
#10784 = DIRECTION('',(-1.,0.));
#10785 = ( GEOMETRIC_REPRESENTATION_CONTEXT(2) 
PARAMETRIC_REPRESENTATION_CONTEXT() REPRESENTATION_CONTEXT('2D SPACE',''
  ) );
#10786 = PCURVE('',#10787,#10792);
#10787 = PLANE('',#10788);
#10788 = AXIS2_PLACEMENT_3D('',#10789,#10790,#10791);
#10789 = CARTESIAN_POINT('',(-15.435,0.,24.5));
#10790 = DIRECTION('',(0.,0.,1.));
#10791 = DIRECTION('',(1.,0.,-0.));
#10792 = DEFINITIONAL_REPRESENTATION('',(#10793),#10797);
#10793 = CIRCLE('',#10794,1.6);
#10794 = AXIS2_PLACEMENT_2D('',#10795,#10796);
#10795 = CARTESIAN_POINT('',(42.965,-28.6));
#10796 = DIRECTION('',(-0.999805427025,1.972582297537E-02));
#10797 = ( GEOMETRIC_REPRESENTATION_CONTEXT(2) 
PARAMETRIC_REPRESENTATION_CONTEXT() REPRESENTATION_CONTEXT('2D SPACE',''
  ) );
#10798 = ORIENTED_EDGE('',*,*,#10799,.F.);
#10799 = EDGE_CURVE('',#7901,#10771,#10800,.T.);
#10800 = SURFACE_CURVE('',#10801,(#10805,#10812),.PCURVE_S1.);
#10801 = LINE('',#10802,#10803);
#10802 = CARTESIAN_POINT('',(27.498438683239,-27.00031131676,18.9));
#10803 = VECTOR('',#10804,1.);
#10804 = DIRECTION('',(0.,0.,1.));
#10805 = PCURVE('',#7950,#10806);
#10806 = DEFINITIONAL_REPRESENTATION('',(#10807),#10811);
#10807 = LINE('',#10808,#10809);
#10808 = CARTESIAN_POINT('',(-7.87370873642,0.));
#10809 = VECTOR('',#10810,1.);
#10810 = DIRECTION('',(-0.,-1.));
#10811 = ( GEOMETRIC_REPRESENTATION_CONTEXT(2) 
PARAMETRIC_REPRESENTATION_CONTEXT() REPRESENTATION_CONTEXT('2D SPACE',''
  ) );
#10812 = PCURVE('',#7917,#10813);
#10813 = DEFINITIONAL_REPRESENTATION('',(#10814),#10818);
#10814 = LINE('',#10815,#10816);
#10815 = CARTESIAN_POINT('',(1.244935398543,0.));
#10816 = VECTOR('',#10817,1.);
#10817 = DIRECTION('',(0.,1.));
#10818 = ( GEOMETRIC_REPRESENTATION_CONTEXT(2) 
PARAMETRIC_REPRESENTATION_CONTEXT() REPRESENTATION_CONTEXT('2D SPACE',''
  ) );
#10819 = ORIENTED_EDGE('',*,*,#7929,.T.);
#10820 = ORIENTED_EDGE('',*,*,#10610,.T.);
#10821 = ORIENTED_EDGE('',*,*,#10822,.T.);
#10822 = EDGE_CURVE('',#10583,#10560,#10823,.T.);
#10823 = SURFACE_CURVE('',#10824,(#10829,#10836),.PCURVE_S1.);
#10824 = CIRCLE('',#10825,1.6);
#10825 = AXIS2_PLACEMENT_3D('',#10826,#10827,#10828);
#10826 = CARTESIAN_POINT('',(27.53,-28.6,18.9));
#10827 = DIRECTION('',(0.,0.,-1.));
#10828 = DIRECTION('',(-1.972582297537E-02,0.999805427025,0.));
#10829 = PCURVE('',#7950,#10830);
#10830 = DEFINITIONAL_REPRESENTATION('',(#10831),#10835);
#10831 = LINE('',#10832,#10833);
#10832 = CARTESIAN_POINT('',(-7.87370873642,0.));
#10833 = VECTOR('',#10834,1.);
#10834 = DIRECTION('',(1.,-0.));
#10835 = ( GEOMETRIC_REPRESENTATION_CONTEXT(2) 
PARAMETRIC_REPRESENTATION_CONTEXT() REPRESENTATION_CONTEXT('2D SPACE',''
  ) );
#10836 = PCURVE('',#10598,#10837);
#10837 = DEFINITIONAL_REPRESENTATION('',(#10838),#10846);
#10838 = ( BOUNDED_CURVE() B_SPLINE_CURVE(2,(#10839,#10840,#10841,#10842
    ,#10843,#10844,#10845),.UNSPECIFIED.,.T.,.F.) 
B_SPLINE_CURVE_WITH_KNOTS((1,2,2,2,2,1),(-2.094395102393,0.,
    2.094395102393,4.188790204786,6.28318530718,8.377580409573),
.UNSPECIFIED.) CURVE() GEOMETRIC_REPRESENTATION_ITEM() 
RATIONAL_B_SPLINE_CURVE((1.,0.5,1.,0.5,1.,0.5,1.)) REPRESENTATION_ITEM(
  '') );
#10839 = CARTESIAN_POINT('',(42.933438683239,-27.00031131676));
#10840 = CARTESIAN_POINT('',(45.704180758903,-26.94564551257));
#10841 = CARTESIAN_POINT('',(44.366151696212,-29.37251143952));
#10842 = CARTESIAN_POINT('',(43.028122633521,-31.79937736647));
#10843 = CARTESIAN_POINT('',(41.595409620548,-29.42717724371));
#10844 = CARTESIAN_POINT('',(40.162696607576,-27.05497712094));
#10845 = CARTESIAN_POINT('',(42.933438683239,-27.00031131676));
#10846 = ( GEOMETRIC_REPRESENTATION_CONTEXT(2) 
PARAMETRIC_REPRESENTATION_CONTEXT() REPRESENTATION_CONTEXT('2D SPACE',''
  ) );
#10847 = ORIENTED_EDGE('',*,*,#10559,.F.);
#10848 = ORIENTED_EDGE('',*,*,#10849,.T.);
#10849 = EDGE_CURVE('',#10532,#10741,#10850,.T.);
#10850 = SURFACE_CURVE('',#10851,(#10856,#10863),.PCURVE_S1.);
#10851 = CIRCLE('',#10852,1.6);
#10852 = AXIS2_PLACEMENT_3D('',#10853,#10854,#10855);
#10853 = CARTESIAN_POINT('',(27.53,-28.6,19.));
#10854 = DIRECTION('',(0.,0.,-1.));
#10855 = DIRECTION('',(1.,0.,0.));
#10856 = PCURVE('',#7950,#10857);
#10857 = DEFINITIONAL_REPRESENTATION('',(#10858),#10862);
#10858 = LINE('',#10859,#10860);
#10859 = CARTESIAN_POINT('',(-12.56637061435,-0.1));
#10860 = VECTOR('',#10861,1.);
#10861 = DIRECTION('',(1.,-0.));
#10862 = ( GEOMETRIC_REPRESENTATION_CONTEXT(2) 
PARAMETRIC_REPRESENTATION_CONTEXT() REPRESENTATION_CONTEXT('2D SPACE',''
  ) );
#10863 = PCURVE('',#10547,#10864);
#10864 = DEFINITIONAL_REPRESENTATION('',(#10865),#10873);
#10865 = ( BOUNDED_CURVE() B_SPLINE_CURVE(2,(#10866,#10867,#10868,#10869
    ,#10870,#10871,#10872),.UNSPECIFIED.,.T.,.F.) 
B_SPLINE_CURVE_WITH_KNOTS((1,2,2,2,2,1),(-2.094395102393,0.,
    2.094395102393,4.188790204786,6.28318530718,8.377580409573),
.UNSPECIFIED.) CURVE() GEOMETRIC_REPRESENTATION_ITEM() 
RATIONAL_B_SPLINE_CURVE((1.,0.5,1.,0.5,1.,0.5,1.)) REPRESENTATION_ITEM(
  '') );
#10866 = CARTESIAN_POINT('',(29.13,-28.6));
#10867 = CARTESIAN_POINT('',(29.13,-31.37128129211));
#10868 = CARTESIAN_POINT('',(26.73,-29.98564064605));
#10869 = CARTESIAN_POINT('',(24.33,-28.6));
#10870 = CARTESIAN_POINT('',(26.73,-27.21435935394));
#10871 = CARTESIAN_POINT('',(29.13,-25.82871870789));
#10872 = CARTESIAN_POINT('',(29.13,-28.6));
#10873 = ( GEOMETRIC_REPRESENTATION_CONTEXT(2) 
PARAMETRIC_REPRESENTATION_CONTEXT() REPRESENTATION_CONTEXT('2D SPACE',''
  ) );
#10874 = ADVANCED_FACE('',(#10875),#7831,.F.);
#10875 = FACE_BOUND('',#10876,.T.);
#10876 = EDGE_LOOP('',(#10877,#10902,#10928,#10929,#10930,#10953,#10977,
    #11005));
#10877 = ORIENTED_EDGE('',*,*,#10878,.T.);
#10878 = EDGE_CURVE('',#10879,#10881,#10883,.T.);
#10879 = VERTEX_POINT('',#10880);
#10880 = CARTESIAN_POINT('',(25.937046767793,28.75,19.));
#10881 = VERTEX_POINT('',#10882);
#10882 = CARTESIAN_POINT('',(25.937046767793,28.75,18.9));
#10883 = SURFACE_CURVE('',#10884,(#10888,#10895),.PCURVE_S1.);
#10884 = LINE('',#10885,#10886);
#10885 = CARTESIAN_POINT('',(25.937046767793,28.75,18.9));
#10886 = VECTOR('',#10887,1.);
#10887 = DIRECTION('',(-0.,-0.,-1.));
#10888 = PCURVE('',#7831,#10889);
#10889 = DEFINITIONAL_REPRESENTATION('',(#10890),#10894);
#10890 = LINE('',#10891,#10892);
#10891 = CARTESIAN_POINT('',(-9.330890085662,0.));
#10892 = VECTOR('',#10893,1.);
#10893 = DIRECTION('',(-0.,1.));
#10894 = ( GEOMETRIC_REPRESENTATION_CONTEXT(2) 
PARAMETRIC_REPRESENTATION_CONTEXT() REPRESENTATION_CONTEXT('2D SPACE',''
  ) );
#10895 = PCURVE('',#10653,#10896);
#10896 = DEFINITIONAL_REPRESENTATION('',(#10897),#10901);
#10897 = LINE('',#10898,#10899);
#10898 = CARTESIAN_POINT('',(32.812953232207,-3.));
#10899 = VECTOR('',#10900,1.);
#10900 = DIRECTION('',(0.,1.));
#10901 = ( GEOMETRIC_REPRESENTATION_CONTEXT(2) 
PARAMETRIC_REPRESENTATION_CONTEXT() REPRESENTATION_CONTEXT('2D SPACE',''
  ) );
#10902 = ORIENTED_EDGE('',*,*,#10903,.T.);
#10903 = EDGE_CURVE('',#10881,#10689,#10904,.T.);
#10904 = SURFACE_CURVE('',#10905,(#10910,#10917),.PCURVE_S1.);
#10905 = CIRCLE('',#10906,1.6);
#10906 = AXIS2_PLACEMENT_3D('',#10907,#10908,#10909);
#10907 = CARTESIAN_POINT('',(27.53,28.6,18.9));
#10908 = DIRECTION('',(-0.,0.,-1.));
#10909 = DIRECTION('',(-0.999805427025,-1.972582297537E-02,0.));
#10910 = PCURVE('',#7831,#10911);
#10911 = DEFINITIONAL_REPRESENTATION('',(#10912),#10916);
#10912 = LINE('',#10913,#10914);
#10913 = CARTESIAN_POINT('',(-9.444505063215,0.));
#10914 = VECTOR('',#10915,1.);
#10915 = DIRECTION('',(1.,-0.));
#10916 = ( GEOMETRIC_REPRESENTATION_CONTEXT(2) 
PARAMETRIC_REPRESENTATION_CONTEXT() REPRESENTATION_CONTEXT('2D SPACE',''
  ) );
#10917 = PCURVE('',#10725,#10918);
#10918 = DEFINITIONAL_REPRESENTATION('',(#10919),#10927);
#10919 = ( BOUNDED_CURVE() B_SPLINE_CURVE(2,(#10920,#10921,#10922,#10923
    ,#10924,#10925,#10926),.UNSPECIFIED.,.T.,.F.) 
B_SPLINE_CURVE_WITH_KNOTS((1,2,2,2,2,1),(-2.094395102393,0.,
    2.094395102393,4.188790204786,6.28318530718,8.377580409573),
.UNSPECIFIED.) CURVE() GEOMETRIC_REPRESENTATION_ITEM() 
RATIONAL_B_SPLINE_CURVE((1.,0.5,1.,0.5,1.,0.5,1.)) REPRESENTATION_ITEM(
  '') );
#10920 = CARTESIAN_POINT('',(41.365311316761,28.568438683239));
#10921 = CARTESIAN_POINT('',(41.310645512577,31.339180758903));
#10922 = CARTESIAN_POINT('',(43.737511439528,30.001151696212));
#10923 = CARTESIAN_POINT('',(46.164377366479,28.663122633521));
#10924 = CARTESIAN_POINT('',(43.792177243711,27.230409620548));
#10925 = CARTESIAN_POINT('',(41.419977120944,25.797696607576));
#10926 = CARTESIAN_POINT('',(41.365311316761,28.568438683239));
#10927 = ( GEOMETRIC_REPRESENTATION_CONTEXT(2) 
PARAMETRIC_REPRESENTATION_CONTEXT() REPRESENTATION_CONTEXT('2D SPACE',''
  ) );
#10928 = ORIENTED_EDGE('',*,*,#10688,.F.);
#10929 = ORIENTED_EDGE('',*,*,#7810,.T.);
#10930 = ORIENTED_EDGE('',*,*,#10931,.T.);
#10931 = EDGE_CURVE('',#7811,#10932,#10934,.T.);
#10932 = VERTEX_POINT('',#10933);
#10933 = CARTESIAN_POINT('',(27.498438683239,27.000311316761,24.5));
#10934 = SURFACE_CURVE('',#10935,(#10939,#10946),.PCURVE_S1.);
#10935 = LINE('',#10936,#10937);
#10936 = CARTESIAN_POINT('',(27.498438683239,27.000311316761,18.9));
#10937 = VECTOR('',#10938,1.);
#10938 = DIRECTION('',(0.,0.,1.));
#10939 = PCURVE('',#7831,#10940);
#10940 = DEFINITIONAL_REPRESENTATION('',(#10941),#10945);
#10941 = LINE('',#10942,#10943);
#10942 = CARTESIAN_POINT('',(-4.692661877939,0.));
#10943 = VECTOR('',#10944,1.);
#10944 = DIRECTION('',(-0.,-1.));
#10945 = ( GEOMETRIC_REPRESENTATION_CONTEXT(2) 
PARAMETRIC_REPRESENTATION_CONTEXT() REPRESENTATION_CONTEXT('2D SPACE',''
  ) );
#10946 = PCURVE('',#7860,#10947);
#10947 = DEFINITIONAL_REPRESENTATION('',(#10948),#10952);
#10948 = LINE('',#10949,#10950);
#10949 = CARTESIAN_POINT('',(0.325860928252,0.));
#10950 = VECTOR('',#10951,1.);
#10951 = DIRECTION('',(0.,1.));
#10952 = ( GEOMETRIC_REPRESENTATION_CONTEXT(2) 
PARAMETRIC_REPRESENTATION_CONTEXT() REPRESENTATION_CONTEXT('2D SPACE',''
  ) );
#10953 = ORIENTED_EDGE('',*,*,#10954,.T.);
#10954 = EDGE_CURVE('',#10932,#10955,#10957,.T.);
#10955 = VERTEX_POINT('',#10956);
#10956 = CARTESIAN_POINT('',(25.930311316761,28.568438683239,24.5));
#10957 = SURFACE_CURVE('',#10958,(#10963,#10970),.PCURVE_S1.);
#10958 = CIRCLE('',#10959,1.6);
#10959 = AXIS2_PLACEMENT_3D('',#10960,#10961,#10962);
#10960 = CARTESIAN_POINT('',(27.53,28.6,24.5));
#10961 = DIRECTION('',(0.,0.,1.));
#10962 = DIRECTION('',(-1.972582297537E-02,-0.999805427025,0.));
#10963 = PCURVE('',#7831,#10964);
#10964 = DEFINITIONAL_REPRESENTATION('',(#10965),#10969);
#10965 = LINE('',#10966,#10967);
#10966 = CARTESIAN_POINT('',(-4.692661877939,-5.6));
#10967 = VECTOR('',#10968,1.);
#10968 = DIRECTION('',(-1.,0.));
#10969 = ( GEOMETRIC_REPRESENTATION_CONTEXT(2) 
PARAMETRIC_REPRESENTATION_CONTEXT() REPRESENTATION_CONTEXT('2D SPACE',''
  ) );
#10970 = PCURVE('',#10787,#10971);
#10971 = DEFINITIONAL_REPRESENTATION('',(#10972),#10976);
#10972 = CIRCLE('',#10973,1.6);
#10973 = AXIS2_PLACEMENT_2D('',#10974,#10975);
#10974 = CARTESIAN_POINT('',(42.965,28.6));
#10975 = DIRECTION('',(-1.972582297537E-02,-0.999805427025));
#10976 = ( GEOMETRIC_REPRESENTATION_CONTEXT(2) 
PARAMETRIC_REPRESENTATION_CONTEXT() REPRESENTATION_CONTEXT('2D SPACE',''
  ) );
#10977 = ORIENTED_EDGE('',*,*,#10978,.F.);
#10978 = EDGE_CURVE('',#10979,#10955,#10981,.T.);
#10979 = VERTEX_POINT('',#10980);
#10980 = CARTESIAN_POINT('',(25.930311316761,28.568438683239,19.));
#10981 = SURFACE_CURVE('',#10982,(#10986,#10993),.PCURVE_S1.);
#10982 = LINE('',#10983,#10984);
#10983 = CARTESIAN_POINT('',(25.930311316761,28.568438683239,18.9));
#10984 = VECTOR('',#10985,1.);
#10985 = DIRECTION('',(0.,0.,1.));
#10986 = PCURVE('',#7831,#10987);
#10987 = DEFINITIONAL_REPRESENTATION('',(#10988),#10992);
#10988 = LINE('',#10989,#10990);
#10989 = CARTESIAN_POINT('',(-9.444505063215,0.));
#10990 = VECTOR('',#10991,1.);
#10991 = DIRECTION('',(-0.,-1.));
#10992 = ( GEOMETRIC_REPRESENTATION_CONTEXT(2) 
PARAMETRIC_REPRESENTATION_CONTEXT() REPRESENTATION_CONTEXT('2D SPACE',''
  ) );
#10993 = PCURVE('',#10994,#10999);
#10994 = CYLINDRICAL_SURFACE('',#10995,2.5);
#10995 = AXIS2_PLACEMENT_3D('',#10996,#10997,#10998);
#10996 = CARTESIAN_POINT('',(25.13,26.2,18.9));
#10997 = DIRECTION('',(0.,0.,1.));
#10998 = DIRECTION('',(1.,0.,-0.));
#10999 = DEFINITIONAL_REPRESENTATION('',(#11000),#11004);
#11000 = LINE('',#11001,#11002);
#11001 = CARTESIAN_POINT('',(1.244935398543,0.));
#11002 = VECTOR('',#11003,1.);
#11003 = DIRECTION('',(0.,1.));
#11004 = ( GEOMETRIC_REPRESENTATION_CONTEXT(2) 
PARAMETRIC_REPRESENTATION_CONTEXT() REPRESENTATION_CONTEXT('2D SPACE',''
  ) );
#11005 = ORIENTED_EDGE('',*,*,#11006,.T.);
#11006 = EDGE_CURVE('',#10979,#10879,#11007,.T.);
#11007 = SURFACE_CURVE('',#11008,(#11013,#11020),.PCURVE_S1.);
#11008 = CIRCLE('',#11009,1.6);
#11009 = AXIS2_PLACEMENT_3D('',#11010,#11011,#11012);
#11010 = CARTESIAN_POINT('',(27.53,28.6,19.));
#11011 = DIRECTION('',(0.,0.,-1.));
#11012 = DIRECTION('',(1.,0.,0.));
#11013 = PCURVE('',#7831,#11014);
#11014 = DEFINITIONAL_REPRESENTATION('',(#11015),#11019);
#11015 = LINE('',#11016,#11017);
#11016 = CARTESIAN_POINT('',(-12.56637061435,-0.1));
#11017 = VECTOR('',#11018,1.);
#11018 = DIRECTION('',(1.,-0.));
#11019 = ( GEOMETRIC_REPRESENTATION_CONTEXT(2) 
PARAMETRIC_REPRESENTATION_CONTEXT() REPRESENTATION_CONTEXT('2D SPACE',''
  ) );
#11020 = PCURVE('',#11021,#11026);
#11021 = PLANE('',#11022);
#11022 = AXIS2_PLACEMENT_3D('',#11023,#11024,#11025);
#11023 = CARTESIAN_POINT('',(2.324884206986E-15,0.,19.));
#11024 = DIRECTION('',(0.,0.,1.));
#11025 = DIRECTION('',(1.,0.,-0.));
#11026 = DEFINITIONAL_REPRESENTATION('',(#11027),#11035);
#11027 = ( BOUNDED_CURVE() B_SPLINE_CURVE(2,(#11028,#11029,#11030,#11031
    ,#11032,#11033,#11034),.UNSPECIFIED.,.T.,.F.) 
B_SPLINE_CURVE_WITH_KNOTS((1,2,2,2,2,1),(-2.094395102393,0.,
    2.094395102393,4.188790204786,6.28318530718,8.377580409573),
.UNSPECIFIED.) CURVE() GEOMETRIC_REPRESENTATION_ITEM() 
RATIONAL_B_SPLINE_CURVE((1.,0.5,1.,0.5,1.,0.5,1.)) REPRESENTATION_ITEM(
  '') );
#11028 = CARTESIAN_POINT('',(29.13,28.6));
#11029 = CARTESIAN_POINT('',(29.13,25.82871870789));
#11030 = CARTESIAN_POINT('',(26.73,27.214359353945));
#11031 = CARTESIAN_POINT('',(24.33,28.6));
#11032 = CARTESIAN_POINT('',(26.73,29.985640646055));
#11033 = CARTESIAN_POINT('',(29.13,31.37128129211));
#11034 = CARTESIAN_POINT('',(29.13,28.6));
#11035 = ( GEOMETRIC_REPRESENTATION_CONTEXT(2) 
PARAMETRIC_REPRESENTATION_CONTEXT() REPRESENTATION_CONTEXT('2D SPACE',''
  ) );
#11036 = ADVANCED_FACE('',(#11037),#7917,.F.);
#11037 = FACE_BOUND('',#11038,.F.);
#11038 = EDGE_LOOP('',(#11039,#11040,#11041,#11064));
#11039 = ORIENTED_EDGE('',*,*,#10799,.F.);
#11040 = ORIENTED_EDGE('',*,*,#7900,.T.);
#11041 = ORIENTED_EDGE('',*,*,#11042,.T.);
#11042 = EDGE_CURVE('',#7873,#11043,#11045,.T.);
#11043 = VERTEX_POINT('',#11044);
#11044 = CARTESIAN_POINT('',(27.63,-26.2,24.5));
#11045 = SURFACE_CURVE('',#11046,(#11050,#11057),.PCURVE_S1.);
#11046 = LINE('',#11047,#11048);
#11047 = CARTESIAN_POINT('',(27.63,-26.2,18.9));
#11048 = VECTOR('',#11049,1.);
#11049 = DIRECTION('',(0.,0.,1.));
#11050 = PCURVE('',#7917,#11051);
#11051 = DEFINITIONAL_REPRESENTATION('',(#11052),#11056);
#11052 = LINE('',#11053,#11054);
#11053 = CARTESIAN_POINT('',(1.570796326795,0.));
#11054 = VECTOR('',#11055,1.);
#11055 = DIRECTION('',(0.,1.));
#11056 = ( GEOMETRIC_REPRESENTATION_CONTEXT(2) 
PARAMETRIC_REPRESENTATION_CONTEXT() REPRESENTATION_CONTEXT('2D SPACE',''
  ) );
#11057 = PCURVE('',#7888,#11058);
#11058 = DEFINITIONAL_REPRESENTATION('',(#11059),#11063);
#11059 = LINE('',#11060,#11061);
#11060 = CARTESIAN_POINT('',(2.5,0.));
#11061 = VECTOR('',#11062,1.);
#11062 = DIRECTION('',(0.,-1.));
#11063 = ( GEOMETRIC_REPRESENTATION_CONTEXT(2) 
PARAMETRIC_REPRESENTATION_CONTEXT() REPRESENTATION_CONTEXT('2D SPACE',''
  ) );
#11064 = ORIENTED_EDGE('',*,*,#11065,.F.);
#11065 = EDGE_CURVE('',#10771,#11043,#11066,.T.);
#11066 = SURFACE_CURVE('',#11067,(#11072,#11079),.PCURVE_S1.);
#11067 = CIRCLE('',#11068,2.5);
#11068 = AXIS2_PLACEMENT_3D('',#11069,#11070,#11071);
#11069 = CARTESIAN_POINT('',(25.13,-26.2,24.5));
#11070 = DIRECTION('',(0.,0.,1.));
#11071 = DIRECTION('',(0.,-1.,0.));
#11072 = PCURVE('',#7917,#11073);
#11073 = DEFINITIONAL_REPRESENTATION('',(#11074),#11078);
#11074 = LINE('',#11075,#11076);
#11075 = CARTESIAN_POINT('',(0.,5.6));
#11076 = VECTOR('',#11077,1.);
#11077 = DIRECTION('',(1.,0.));
#11078 = ( GEOMETRIC_REPRESENTATION_CONTEXT(2) 
PARAMETRIC_REPRESENTATION_CONTEXT() REPRESENTATION_CONTEXT('2D SPACE',''
  ) );
#11079 = PCURVE('',#10787,#11080);
#11080 = DEFINITIONAL_REPRESENTATION('',(#11081),#11085);
#11081 = CIRCLE('',#11082,2.5);
#11082 = AXIS2_PLACEMENT_2D('',#11083,#11084);
#11083 = CARTESIAN_POINT('',(40.565,-26.2));
#11084 = DIRECTION('',(0.,-1.));
#11085 = ( GEOMETRIC_REPRESENTATION_CONTEXT(2) 
PARAMETRIC_REPRESENTATION_CONTEXT() REPRESENTATION_CONTEXT('2D SPACE',''
  ) );
#11086 = ADVANCED_FACE('',(#11087),#7860,.F.);
#11087 = FACE_BOUND('',#11088,.F.);
#11088 = EDGE_LOOP('',(#11089,#11112,#11113,#11114));
#11089 = ORIENTED_EDGE('',*,*,#11090,.F.);
#11090 = EDGE_CURVE('',#7844,#11091,#11093,.T.);
#11091 = VERTEX_POINT('',#11092);
#11092 = CARTESIAN_POINT('',(27.63,26.2,24.5));
#11093 = SURFACE_CURVE('',#11094,(#11098,#11105),.PCURVE_S1.);
#11094 = LINE('',#11095,#11096);
#11095 = CARTESIAN_POINT('',(27.63,26.2,18.9));
#11096 = VECTOR('',#11097,1.);
#11097 = DIRECTION('',(0.,0.,1.));
#11098 = PCURVE('',#7860,#11099);
#11099 = DEFINITIONAL_REPRESENTATION('',(#11100),#11104);
#11100 = LINE('',#11101,#11102);
#11101 = CARTESIAN_POINT('',(0.,0.));
#11102 = VECTOR('',#11103,1.);
#11103 = DIRECTION('',(0.,1.));
#11104 = ( GEOMETRIC_REPRESENTATION_CONTEXT(2) 
PARAMETRIC_REPRESENTATION_CONTEXT() REPRESENTATION_CONTEXT('2D SPACE',''
  ) );
#11105 = PCURVE('',#7888,#11106);
#11106 = DEFINITIONAL_REPRESENTATION('',(#11107),#11111);
#11107 = LINE('',#11108,#11109);
#11108 = CARTESIAN_POINT('',(54.9,0.));
#11109 = VECTOR('',#11110,1.);
#11110 = DIRECTION('',(0.,-1.));
#11111 = ( GEOMETRIC_REPRESENTATION_CONTEXT(2) 
PARAMETRIC_REPRESENTATION_CONTEXT() REPRESENTATION_CONTEXT('2D SPACE',''
  ) );
#11112 = ORIENTED_EDGE('',*,*,#7843,.T.);
#11113 = ORIENTED_EDGE('',*,*,#10931,.T.);
#11114 = ORIENTED_EDGE('',*,*,#11115,.F.);
#11115 = EDGE_CURVE('',#11091,#10932,#11116,.T.);
#11116 = SURFACE_CURVE('',#11117,(#11122,#11129),.PCURVE_S1.);
#11117 = CIRCLE('',#11118,2.5);
#11118 = AXIS2_PLACEMENT_3D('',#11119,#11120,#11121);
#11119 = CARTESIAN_POINT('',(25.13,26.2,24.5));
#11120 = DIRECTION('',(0.,0.,1.));
#11121 = DIRECTION('',(0.,-1.,0.));
#11122 = PCURVE('',#7860,#11123);
#11123 = DEFINITIONAL_REPRESENTATION('',(#11124),#11128);
#11124 = LINE('',#11125,#11126);
#11125 = CARTESIAN_POINT('',(-1.570796326795,5.6));
#11126 = VECTOR('',#11127,1.);
#11127 = DIRECTION('',(1.,0.));
#11128 = ( GEOMETRIC_REPRESENTATION_CONTEXT(2) 
PARAMETRIC_REPRESENTATION_CONTEXT() REPRESENTATION_CONTEXT('2D SPACE',''
  ) );
#11129 = PCURVE('',#10787,#11130);
#11130 = DEFINITIONAL_REPRESENTATION('',(#11131),#11135);
#11131 = CIRCLE('',#11132,2.5);
#11132 = AXIS2_PLACEMENT_2D('',#11133,#11134);
#11133 = CARTESIAN_POINT('',(40.565,26.2));
#11134 = DIRECTION('',(0.,-1.));
#11135 = ( GEOMETRIC_REPRESENTATION_CONTEXT(2) 
PARAMETRIC_REPRESENTATION_CONTEXT() REPRESENTATION_CONTEXT('2D SPACE',''
  ) );
#11136 = ADVANCED_FACE('',(#11137),#7888,.T.);
#11137 = FACE_BOUND('',#11138,.T.);
#11138 = EDGE_LOOP('',(#11139,#11140,#11141,#11162));
#11139 = ORIENTED_EDGE('',*,*,#7872,.T.);
#11140 = ORIENTED_EDGE('',*,*,#11042,.T.);
#11141 = ORIENTED_EDGE('',*,*,#11142,.T.);
#11142 = EDGE_CURVE('',#11043,#11091,#11143,.T.);
#11143 = SURFACE_CURVE('',#11144,(#11148,#11155),.PCURVE_S1.);
#11144 = LINE('',#11145,#11146);
#11145 = CARTESIAN_POINT('',(27.63,-28.7,24.5));
#11146 = VECTOR('',#11147,1.);
#11147 = DIRECTION('',(0.,1.,0.));
#11148 = PCURVE('',#7888,#11149);
#11149 = DEFINITIONAL_REPRESENTATION('',(#11150),#11154);
#11150 = LINE('',#11151,#11152);
#11151 = CARTESIAN_POINT('',(0.,-5.6));
#11152 = VECTOR('',#11153,1.);
#11153 = DIRECTION('',(1.,0.));
#11154 = ( GEOMETRIC_REPRESENTATION_CONTEXT(2) 
PARAMETRIC_REPRESENTATION_CONTEXT() REPRESENTATION_CONTEXT('2D SPACE',''
  ) );
#11155 = PCURVE('',#10787,#11156);
#11156 = DEFINITIONAL_REPRESENTATION('',(#11157),#11161);
#11157 = LINE('',#11158,#11159);
#11158 = CARTESIAN_POINT('',(43.065,-28.7));
#11159 = VECTOR('',#11160,1.);
#11160 = DIRECTION('',(0.,1.));
#11161 = ( GEOMETRIC_REPRESENTATION_CONTEXT(2) 
PARAMETRIC_REPRESENTATION_CONTEXT() REPRESENTATION_CONTEXT('2D SPACE',''
  ) );
#11162 = ORIENTED_EDGE('',*,*,#11090,.F.);
#11163 = ADVANCED_FACE('',(#11164),#8211,.F.);
#11164 = FACE_BOUND('',#11165,.T.);
#11165 = EDGE_LOOP('',(#11166,#11167,#11190,#11217));
#11166 = ORIENTED_EDGE('',*,*,#8190,.T.);
#11167 = ORIENTED_EDGE('',*,*,#11168,.T.);
#11168 = EDGE_CURVE('',#8191,#11169,#11171,.T.);
#11169 = VERTEX_POINT('',#11170);
#11170 = CARTESIAN_POINT('',(48.265,1.625,25.8));
#11171 = SEAM_CURVE('',#11172,(#11176,#11183),.PCURVE_S1.);
#11172 = LINE('',#11173,#11174);
#11173 = CARTESIAN_POINT('',(48.265,1.625,18.9));
#11174 = VECTOR('',#11175,1.);
#11175 = DIRECTION('',(0.,0.,1.));
#11176 = PCURVE('',#8211,#11177);
#11177 = DEFINITIONAL_REPRESENTATION('',(#11178),#11182);
#11178 = LINE('',#11179,#11180);
#11179 = CARTESIAN_POINT('',(-6.28318530718,0.));
#11180 = VECTOR('',#11181,1.);
#11181 = DIRECTION('',(-0.,-1.));
#11182 = ( GEOMETRIC_REPRESENTATION_CONTEXT(2) 
PARAMETRIC_REPRESENTATION_CONTEXT() REPRESENTATION_CONTEXT('2D SPACE',''
  ) );
#11183 = PCURVE('',#8211,#11184);
#11184 = DEFINITIONAL_REPRESENTATION('',(#11185),#11189);
#11185 = LINE('',#11186,#11187);
#11186 = CARTESIAN_POINT('',(-0.,0.));
#11187 = VECTOR('',#11188,1.);
#11188 = DIRECTION('',(-0.,-1.));
#11189 = ( GEOMETRIC_REPRESENTATION_CONTEXT(2) 
PARAMETRIC_REPRESENTATION_CONTEXT() REPRESENTATION_CONTEXT('2D SPACE',''
  ) );
#11190 = ORIENTED_EDGE('',*,*,#11191,.T.);
#11191 = EDGE_CURVE('',#11169,#11169,#11192,.T.);
#11192 = SURFACE_CURVE('',#11193,(#11198,#11205),.PCURVE_S1.);
#11193 = CIRCLE('',#11194,3.);
#11194 = AXIS2_PLACEMENT_3D('',#11195,#11196,#11197);
#11195 = CARTESIAN_POINT('',(45.265,1.625,25.8));
#11196 = DIRECTION('',(0.,0.,1.));
#11197 = DIRECTION('',(1.,0.,0.));
#11198 = PCURVE('',#8211,#11199);
#11199 = DEFINITIONAL_REPRESENTATION('',(#11200),#11204);
#11200 = LINE('',#11201,#11202);
#11201 = CARTESIAN_POINT('',(-0.,-6.9));
#11202 = VECTOR('',#11203,1.);
#11203 = DIRECTION('',(-1.,0.));
#11204 = ( GEOMETRIC_REPRESENTATION_CONTEXT(2) 
PARAMETRIC_REPRESENTATION_CONTEXT() REPRESENTATION_CONTEXT('2D SPACE',''
  ) );
#11205 = PCURVE('',#11206,#11211);
#11206 = PLANE('',#11207);
#11207 = AXIS2_PLACEMENT_3D('',#11208,#11209,#11210);
#11208 = CARTESIAN_POINT('',(45.265,1.625,25.8));
#11209 = DIRECTION('',(0.,0.,1.));
#11210 = DIRECTION('',(1.,0.,-0.));
#11211 = DEFINITIONAL_REPRESENTATION('',(#11212),#11216);
#11212 = CIRCLE('',#11213,3.);
#11213 = AXIS2_PLACEMENT_2D('',#11214,#11215);
#11214 = CARTESIAN_POINT('',(0.,0.));
#11215 = DIRECTION('',(1.,0.));
#11216 = ( GEOMETRIC_REPRESENTATION_CONTEXT(2) 
PARAMETRIC_REPRESENTATION_CONTEXT() REPRESENTATION_CONTEXT('2D SPACE',''
  ) );
#11217 = ORIENTED_EDGE('',*,*,#11168,.F.);
#11218 = ADVANCED_FACE('',(#11219),#8294,.T.);
#11219 = FACE_BOUND('',#11220,.F.);
#11220 = EDGE_LOOP('',(#11221,#11222,#11223,#11245));
#11221 = ORIENTED_EDGE('',*,*,#8826,.T.);
#11222 = ORIENTED_EDGE('',*,*,#8278,.T.);
#11223 = ORIENTED_EDGE('',*,*,#11224,.F.);
#11224 = EDGE_CURVE('',#8854,#8279,#11225,.T.);
#11225 = SURFACE_CURVE('',#11226,(#11231,#11238),.PCURVE_S1.);
#11226 = CIRCLE('',#11227,2.);
#11227 = AXIS2_PLACEMENT_3D('',#11228,#11229,#11230);
#11228 = CARTESIAN_POINT('',(61.9,24.,25.));
#11229 = DIRECTION('',(0.,-1.,-0.));
#11230 = DIRECTION('',(1.,0.,-0.));
#11231 = PCURVE('',#8294,#11232);
#11232 = DEFINITIONAL_REPRESENTATION('',(#11233),#11237);
#11233 = LINE('',#11234,#11235);
#11234 = CARTESIAN_POINT('',(-0.,48.));
#11235 = VECTOR('',#11236,1.);
#11236 = DIRECTION('',(-1.,0.));
#11237 = ( GEOMETRIC_REPRESENTATION_CONTEXT(2) 
PARAMETRIC_REPRESENTATION_CONTEXT() REPRESENTATION_CONTEXT('2D SPACE',''
  ) );
#11238 = PCURVE('',#8323,#11239);
#11239 = DEFINITIONAL_REPRESENTATION('',(#11240),#11244);
#11240 = LINE('',#11241,#11242);
#11241 = CARTESIAN_POINT('',(0.,0.));
#11242 = VECTOR('',#11243,1.);
#11243 = DIRECTION('',(0.,1.));
#11244 = ( GEOMETRIC_REPRESENTATION_CONTEXT(2) 
PARAMETRIC_REPRESENTATION_CONTEXT() REPRESENTATION_CONTEXT('2D SPACE',''
  ) );
#11245 = ORIENTED_EDGE('',*,*,#8853,.F.);
#11246 = ADVANCED_FACE('',(#11247),#8380,.T.);
#11247 = FACE_BOUND('',#11248,.T.);
#11248 = EDGE_LOOP('',(#11249,#11271,#11272,#11273));
#11249 = ORIENTED_EDGE('',*,*,#11250,.F.);
#11250 = EDGE_CURVE('',#8986,#8336,#11251,.T.);
#11251 = SURFACE_CURVE('',#11252,(#11257,#11264),.PCURVE_S1.);
#11252 = CIRCLE('',#11253,2.);
#11253 = AXIS2_PLACEMENT_3D('',#11254,#11255,#11256);
#11254 = CARTESIAN_POINT('',(-54.,31.9,25.));
#11255 = DIRECTION('',(1.,0.,-0.));
#11256 = DIRECTION('',(0.,1.,0.));
#11257 = PCURVE('',#8380,#11258);
#11258 = DEFINITIONAL_REPRESENTATION('',(#11259),#11263);
#11259 = LINE('',#11260,#11261);
#11260 = CARTESIAN_POINT('',(0.,0.));
#11261 = VECTOR('',#11262,1.);
#11262 = DIRECTION('',(0.,1.));
#11263 = ( GEOMETRIC_REPRESENTATION_CONTEXT(2) 
PARAMETRIC_REPRESENTATION_CONTEXT() REPRESENTATION_CONTEXT('2D SPACE',''
  ) );
#11264 = PCURVE('',#8351,#11265);
#11265 = DEFINITIONAL_REPRESENTATION('',(#11266),#11270);
#11266 = LINE('',#11267,#11268);
#11267 = CARTESIAN_POINT('',(-0.,108.));
#11268 = VECTOR('',#11269,1.);
#11269 = DIRECTION('',(-1.,0.));
#11270 = ( GEOMETRIC_REPRESENTATION_CONTEXT(2) 
PARAMETRIC_REPRESENTATION_CONTEXT() REPRESENTATION_CONTEXT('2D SPACE',''
  ) );
#11271 = ORIENTED_EDGE('',*,*,#9036,.T.);
#11272 = ORIENTED_EDGE('',*,*,#8955,.T.);
#11273 = ORIENTED_EDGE('',*,*,#8363,.F.);
#11274 = ADVANCED_FACE('',(#11275),#8323,.T.);
#11275 = FACE_BOUND('',#11276,.T.);
#11276 = EDGE_LOOP('',(#11277,#11278,#11302,#11324));
#11277 = ORIENTED_EDGE('',*,*,#11224,.F.);
#11278 = ORIENTED_EDGE('',*,*,#11279,.T.);
#11279 = EDGE_CURVE('',#8854,#11280,#11282,.T.);
#11280 = VERTEX_POINT('',#11281);
#11281 = CARTESIAN_POINT('',(54.,33.9,25.));
#11282 = SURFACE_CURVE('',#11283,(#11288,#11295),.PCURVE_S1.);
#11283 = CIRCLE('',#11284,9.9);
#11284 = AXIS2_PLACEMENT_3D('',#11285,#11286,#11287);
#11285 = CARTESIAN_POINT('',(54.,24.,25.));
#11286 = DIRECTION('',(0.,0.,1.));
#11287 = DIRECTION('',(1.,0.,-0.));
#11288 = PCURVE('',#8323,#11289);
#11289 = DEFINITIONAL_REPRESENTATION('',(#11290),#11294);
#11290 = LINE('',#11291,#11292);
#11291 = CARTESIAN_POINT('',(0.,0.));
#11292 = VECTOR('',#11293,1.);
#11293 = DIRECTION('',(1.,0.));
#11294 = ( GEOMETRIC_REPRESENTATION_CONTEXT(2) 
PARAMETRIC_REPRESENTATION_CONTEXT() REPRESENTATION_CONTEXT('2D SPACE',''
  ) );
#11295 = PCURVE('',#8892,#11296);
#11296 = DEFINITIONAL_REPRESENTATION('',(#11297),#11301);
#11297 = LINE('',#11298,#11299);
#11298 = CARTESIAN_POINT('',(0.,6.));
#11299 = VECTOR('',#11300,1.);
#11300 = DIRECTION('',(1.,0.));
#11301 = ( GEOMETRIC_REPRESENTATION_CONTEXT(2) 
PARAMETRIC_REPRESENTATION_CONTEXT() REPRESENTATION_CONTEXT('2D SPACE',''
  ) );
#11302 = ORIENTED_EDGE('',*,*,#11303,.T.);
#11303 = EDGE_CURVE('',#11280,#8307,#11304,.T.);
#11304 = SURFACE_CURVE('',#11305,(#11310,#11317),.PCURVE_S1.);
#11305 = CIRCLE('',#11306,2.);
#11306 = AXIS2_PLACEMENT_3D('',#11307,#11308,#11309);
#11307 = CARTESIAN_POINT('',(54.,31.9,25.));
#11308 = DIRECTION('',(1.,-6.123233995737E-17,0.));
#11309 = DIRECTION('',(6.123233995737E-17,1.,0.));
#11310 = PCURVE('',#8323,#11311);
#11311 = DEFINITIONAL_REPRESENTATION('',(#11312),#11316);
#11312 = LINE('',#11313,#11314);
#11313 = CARTESIAN_POINT('',(1.570796326795,0.));
#11314 = VECTOR('',#11315,1.);
#11315 = DIRECTION('',(0.,1.));
#11316 = ( GEOMETRIC_REPRESENTATION_CONTEXT(2) 
PARAMETRIC_REPRESENTATION_CONTEXT() REPRESENTATION_CONTEXT('2D SPACE',''
  ) );
#11317 = PCURVE('',#8351,#11318);
#11318 = DEFINITIONAL_REPRESENTATION('',(#11319),#11323);
#11319 = LINE('',#11320,#11321);
#11320 = CARTESIAN_POINT('',(-0.,0.));
#11321 = VECTOR('',#11322,1.);
#11322 = DIRECTION('',(-1.,0.));
#11323 = ( GEOMETRIC_REPRESENTATION_CONTEXT(2) 
PARAMETRIC_REPRESENTATION_CONTEXT() REPRESENTATION_CONTEXT('2D SPACE',''
  ) );
#11324 = ORIENTED_EDGE('',*,*,#8306,.F.);
#11325 = ADVANCED_FACE('',(#11326),#8351,.T.);
#11326 = FACE_BOUND('',#11327,.F.);
#11327 = EDGE_LOOP('',(#11328,#11329,#11330,#11331));
#11328 = ORIENTED_EDGE('',*,*,#11303,.T.);
#11329 = ORIENTED_EDGE('',*,*,#8335,.T.);
#11330 = ORIENTED_EDGE('',*,*,#11250,.F.);
#11331 = ORIENTED_EDGE('',*,*,#11332,.F.);
#11332 = EDGE_CURVE('',#11280,#8986,#11333,.T.);
#11333 = SURFACE_CURVE('',#11334,(#11338,#11345),.PCURVE_S1.);
#11334 = LINE('',#11335,#11336);
#11335 = CARTESIAN_POINT('',(54.,33.9,25.));
#11336 = VECTOR('',#11337,1.);
#11337 = DIRECTION('',(-1.,0.,0.));
#11338 = PCURVE('',#8351,#11339);
#11339 = DEFINITIONAL_REPRESENTATION('',(#11340),#11344);
#11340 = LINE('',#11341,#11342);
#11341 = CARTESIAN_POINT('',(-0.,0.));
#11342 = VECTOR('',#11343,1.);
#11343 = DIRECTION('',(-0.,1.));
#11344 = ( GEOMETRIC_REPRESENTATION_CONTEXT(2) 
PARAMETRIC_REPRESENTATION_CONTEXT() REPRESENTATION_CONTEXT('2D SPACE',''
  ) );
#11345 = PCURVE('',#9001,#11346);
#11346 = DEFINITIONAL_REPRESENTATION('',(#11347),#11351);
#11347 = LINE('',#11348,#11349);
#11348 = CARTESIAN_POINT('',(9.9,-6.));
#11349 = VECTOR('',#11350,1.);
#11350 = DIRECTION('',(1.,0.));
#11351 = ( GEOMETRIC_REPRESENTATION_CONTEXT(2) 
PARAMETRIC_REPRESENTATION_CONTEXT() REPRESENTATION_CONTEXT('2D SPACE',''
  ) );
#11352 = ADVANCED_FACE('',(#11353),#8437,.F.);
#11353 = FACE_BOUND('',#11354,.T.);
#11354 = EDGE_LOOP('',(#11355,#11384,#11405,#11406));
#11355 = ORIENTED_EDGE('',*,*,#11356,.F.);
#11356 = EDGE_CURVE('',#11357,#11357,#11359,.T.);
#11357 = VERTEX_POINT('',#11358);
#11358 = CARTESIAN_POINT('',(-13.935,0.,26.7));
#11359 = SURFACE_CURVE('',#11360,(#11365,#11372),.PCURVE_S1.);
#11360 = CIRCLE('',#11361,1.5);
#11361 = AXIS2_PLACEMENT_3D('',#11362,#11363,#11364);
#11362 = CARTESIAN_POINT('',(-15.435,0.,26.7));
#11363 = DIRECTION('',(0.,0.,1.));
#11364 = DIRECTION('',(1.,0.,0.));
#11365 = PCURVE('',#8437,#11366);
#11366 = DEFINITIONAL_REPRESENTATION('',(#11367),#11371);
#11367 = LINE('',#11368,#11369);
#11368 = CARTESIAN_POINT('',(-0.,0.));
#11369 = VECTOR('',#11370,1.);
#11370 = DIRECTION('',(-1.,0.));
#11371 = ( GEOMETRIC_REPRESENTATION_CONTEXT(2) 
PARAMETRIC_REPRESENTATION_CONTEXT() REPRESENTATION_CONTEXT('2D SPACE',''
  ) );
#11372 = PCURVE('',#11373,#11378);
#11373 = PLANE('',#11374);
#11374 = AXIS2_PLACEMENT_3D('',#11375,#11376,#11377);
#11375 = CARTESIAN_POINT('',(-15.435,1.096976766101E-16,26.7));
#11376 = DIRECTION('',(0.,0.,1.));
#11377 = DIRECTION('',(1.,0.,-0.));
#11378 = DEFINITIONAL_REPRESENTATION('',(#11379),#11383);
#11379 = CIRCLE('',#11380,1.5);
#11380 = AXIS2_PLACEMENT_2D('',#11381,#11382);
#11381 = CARTESIAN_POINT('',(-1.7763568394E-15,-1.096976766101E-16));
#11382 = DIRECTION('',(1.,0.));
#11383 = ( GEOMETRIC_REPRESENTATION_CONTEXT(2) 
PARAMETRIC_REPRESENTATION_CONTEXT() REPRESENTATION_CONTEXT('2D SPACE',''
  ) );
#11384 = ORIENTED_EDGE('',*,*,#11385,.T.);
#11385 = EDGE_CURVE('',#11357,#8417,#11386,.T.);
#11386 = SEAM_CURVE('',#11387,(#11391,#11398),.PCURVE_S1.);
#11387 = LINE('',#11388,#11389);
#11388 = CARTESIAN_POINT('',(-13.935,0.,26.7));
#11389 = VECTOR('',#11390,1.);
#11390 = DIRECTION('',(0.,0.,1.));
#11391 = PCURVE('',#8437,#11392);
#11392 = DEFINITIONAL_REPRESENTATION('',(#11393),#11397);
#11393 = LINE('',#11394,#11395);
#11394 = CARTESIAN_POINT('',(-6.28318530718,0.));
#11395 = VECTOR('',#11396,1.);
#11396 = DIRECTION('',(-0.,-1.));
#11397 = ( GEOMETRIC_REPRESENTATION_CONTEXT(2) 
PARAMETRIC_REPRESENTATION_CONTEXT() REPRESENTATION_CONTEXT('2D SPACE',''
  ) );
#11398 = PCURVE('',#8437,#11399);
#11399 = DEFINITIONAL_REPRESENTATION('',(#11400),#11404);
#11400 = LINE('',#11401,#11402);
#11401 = CARTESIAN_POINT('',(-0.,0.));
#11402 = VECTOR('',#11403,1.);
#11403 = DIRECTION('',(-0.,-1.));
#11404 = ( GEOMETRIC_REPRESENTATION_CONTEXT(2) 
PARAMETRIC_REPRESENTATION_CONTEXT() REPRESENTATION_CONTEXT('2D SPACE',''
  ) );
#11405 = ORIENTED_EDGE('',*,*,#8416,.F.);
#11406 = ORIENTED_EDGE('',*,*,#11385,.F.);
#11407 = ADVANCED_FACE('',(#11408),#8469,.T.);
#11408 = FACE_BOUND('',#11409,.T.);
#11409 = EDGE_LOOP('',(#11410,#11411,#11434,#11462));
#11410 = ORIENTED_EDGE('',*,*,#8451,.F.);
#11411 = ORIENTED_EDGE('',*,*,#11412,.T.);
#11412 = EDGE_CURVE('',#8452,#11413,#11415,.T.);
#11413 = VERTEX_POINT('',#11414);
#11414 = CARTESIAN_POINT('',(-13.4848401164,2.785116950583,26.7));
#11415 = SURFACE_CURVE('',#11416,(#11420,#11427),.PCURVE_S1.);
#11416 = LINE('',#11417,#11418);
#11417 = CARTESIAN_POINT('',(-13.4848401164,2.785116950583,26.7));
#11418 = VECTOR('',#11419,1.);
#11419 = DIRECTION('',(-0.,-0.,-1.));
#11420 = PCURVE('',#8469,#11421);
#11421 = DEFINITIONAL_REPRESENTATION('',(#11422),#11426);
#11422 = LINE('',#11423,#11424);
#11423 = CARTESIAN_POINT('',(3.4,0.));
#11424 = VECTOR('',#11425,1.);
#11425 = DIRECTION('',(0.,-1.));
#11426 = ( GEOMETRIC_REPRESENTATION_CONTEXT(2) 
PARAMETRIC_REPRESENTATION_CONTEXT() REPRESENTATION_CONTEXT('2D SPACE',''
  ) );
#11427 = PCURVE('',#8561,#11428);
#11428 = DEFINITIONAL_REPRESENTATION('',(#11429),#11433);
#11429 = LINE('',#11430,#11431);
#11430 = CARTESIAN_POINT('',(-7.243116395776,0.));
#11431 = VECTOR('',#11432,1.);
#11432 = DIRECTION('',(-0.,1.));
#11433 = ( GEOMETRIC_REPRESENTATION_CONTEXT(2) 
PARAMETRIC_REPRESENTATION_CONTEXT() REPRESENTATION_CONTEXT('2D SPACE',''
  ) );
#11434 = ORIENTED_EDGE('',*,*,#11435,.T.);
#11435 = EDGE_CURVE('',#11413,#11436,#11438,.T.);
#11436 = VERTEX_POINT('',#11437);
#11437 = CARTESIAN_POINT('',(-12.3376872437,4.423421039161,26.7));
#11438 = SURFACE_CURVE('',#11439,(#11443,#11450),.PCURVE_S1.);
#11439 = LINE('',#11440,#11441);
#11440 = CARTESIAN_POINT('',(-15.435,1.7763568394E-15,26.7));
#11441 = VECTOR('',#11442,1.);
#11442 = DIRECTION('',(0.573576436351,0.819152044289,0.));
#11443 = PCURVE('',#8469,#11444);
#11444 = DEFINITIONAL_REPRESENTATION('',(#11445),#11449);
#11445 = LINE('',#11446,#11447);
#11446 = CARTESIAN_POINT('',(0.,0.));
#11447 = VECTOR('',#11448,1.);
#11448 = DIRECTION('',(1.,0.));
#11449 = ( GEOMETRIC_REPRESENTATION_CONTEXT(2) 
PARAMETRIC_REPRESENTATION_CONTEXT() REPRESENTATION_CONTEXT('2D SPACE',''
  ) );
#11450 = PCURVE('',#11451,#11456);
#11451 = PLANE('',#11452);
#11452 = AXIS2_PLACEMENT_3D('',#11453,#11454,#11455);
#11453 = CARTESIAN_POINT('',(-15.435,3.279323032744E-17,26.7));
#11454 = DIRECTION('',(0.,0.,1.));
#11455 = DIRECTION('',(1.,0.,-0.));
#11456 = DEFINITIONAL_REPRESENTATION('',(#11457),#11461);
#11457 = LINE('',#11458,#11459);
#11458 = CARTESIAN_POINT('',(-3.552713678801E-15,1.743563609073E-15));
#11459 = VECTOR('',#11460,1.);
#11460 = DIRECTION('',(0.573576436351,0.819152044289));
#11461 = ( GEOMETRIC_REPRESENTATION_CONTEXT(2) 
PARAMETRIC_REPRESENTATION_CONTEXT() REPRESENTATION_CONTEXT('2D SPACE',''
  ) );
#11462 = ORIENTED_EDGE('',*,*,#11463,.F.);
#11463 = EDGE_CURVE('',#8454,#11436,#11464,.T.);
#11464 = SURFACE_CURVE('',#11465,(#11469,#11476),.PCURVE_S1.);
#11465 = LINE('',#11466,#11467);
#11466 = CARTESIAN_POINT('',(-12.3376872437,4.423421039161,26.7));
#11467 = VECTOR('',#11468,1.);
#11468 = DIRECTION('',(-0.,-0.,-1.));
#11469 = PCURVE('',#8469,#11470);
#11470 = DEFINITIONAL_REPRESENTATION('',(#11471),#11475);
#11471 = LINE('',#11472,#11473);
#11472 = CARTESIAN_POINT('',(5.4,0.));
#11473 = VECTOR('',#11474,1.);
#11474 = DIRECTION('',(0.,-1.));
#11475 = ( GEOMETRIC_REPRESENTATION_CONTEXT(2) 
PARAMETRIC_REPRESENTATION_CONTEXT() REPRESENTATION_CONTEXT('2D SPACE',''
  ) );
#11476 = PCURVE('',#8502,#11477);
#11477 = DEFINITIONAL_REPRESENTATION('',(#11478),#11482);
#11478 = LINE('',#11479,#11480);
#11479 = CARTESIAN_POINT('',(-7.243116395776,0.));
#11480 = VECTOR('',#11481,1.);
#11481 = DIRECTION('',(-0.,1.));
#11482 = ( GEOMETRIC_REPRESENTATION_CONTEXT(2) 
PARAMETRIC_REPRESENTATION_CONTEXT() REPRESENTATION_CONTEXT('2D SPACE',''
  ) );
#11483 = ADVANCED_FACE('',(#11484),#8561,.T.);
#11484 = FACE_BOUND('',#11485,.F.);
#11485 = EDGE_LOOP('',(#11486,#11487,#11488,#11512));
#11486 = ORIENTED_EDGE('',*,*,#8542,.F.);
#11487 = ORIENTED_EDGE('',*,*,#11412,.T.);
#11488 = ORIENTED_EDGE('',*,*,#11489,.F.);
#11489 = EDGE_CURVE('',#11490,#11413,#11492,.T.);
#11490 = VERTEX_POINT('',#11491);
#11491 = CARTESIAN_POINT('',(-13.4848401164,-2.785116950583,26.7));
#11492 = SURFACE_CURVE('',#11493,(#11498,#11505),.PCURVE_S1.);
#11493 = CIRCLE('',#11494,3.4);
#11494 = AXIS2_PLACEMENT_3D('',#11495,#11496,#11497);
#11495 = CARTESIAN_POINT('',(-15.435,-1.233581138472E-16,26.7));
#11496 = DIRECTION('',(0.,0.,1.));
#11497 = DIRECTION('',(0.573576436351,-0.819152044289,0.));
#11498 = PCURVE('',#8561,#11499);
#11499 = DEFINITIONAL_REPRESENTATION('',(#11500),#11504);
#11500 = LINE('',#11501,#11502);
#11501 = CARTESIAN_POINT('',(-5.323254218583,0.));
#11502 = VECTOR('',#11503,1.);
#11503 = DIRECTION('',(-1.,0.));
#11504 = ( GEOMETRIC_REPRESENTATION_CONTEXT(2) 
PARAMETRIC_REPRESENTATION_CONTEXT() REPRESENTATION_CONTEXT('2D SPACE',''
  ) );
#11505 = PCURVE('',#11451,#11506);
#11506 = DEFINITIONAL_REPRESENTATION('',(#11507),#11511);
#11507 = CIRCLE('',#11508,3.4);
#11508 = AXIS2_PLACEMENT_2D('',#11509,#11510);
#11509 = CARTESIAN_POINT('',(2.30926389122E-14,-1.561513441747E-16));
#11510 = DIRECTION('',(0.573576436351,-0.819152044289));
#11511 = ( GEOMETRIC_REPRESENTATION_CONTEXT(2) 
PARAMETRIC_REPRESENTATION_CONTEXT() REPRESENTATION_CONTEXT('2D SPACE',''
  ) );
#11512 = ORIENTED_EDGE('',*,*,#11513,.F.);
#11513 = EDGE_CURVE('',#8515,#11490,#11514,.T.);
#11514 = SURFACE_CURVE('',#11515,(#11519,#11526),.PCURVE_S1.);
#11515 = LINE('',#11516,#11517);
#11516 = CARTESIAN_POINT('',(-13.4848401164,-2.785116950583,26.7));
#11517 = VECTOR('',#11518,1.);
#11518 = DIRECTION('',(-0.,-0.,-1.));
#11519 = PCURVE('',#8561,#11520);
#11520 = DEFINITIONAL_REPRESENTATION('',(#11521),#11525);
#11521 = LINE('',#11522,#11523);
#11522 = CARTESIAN_POINT('',(-5.323254218583,0.));
#11523 = VECTOR('',#11524,1.);
#11524 = DIRECTION('',(-0.,1.));
#11525 = ( GEOMETRIC_REPRESENTATION_CONTEXT(2) 
PARAMETRIC_REPRESENTATION_CONTEXT() REPRESENTATION_CONTEXT('2D SPACE',''
  ) );
#11526 = PCURVE('',#8530,#11527);
#11527 = DEFINITIONAL_REPRESENTATION('',(#11528),#11532);
#11528 = LINE('',#11529,#11530);
#11529 = CARTESIAN_POINT('',(3.4,0.));
#11530 = VECTOR('',#11531,1.);
#11531 = DIRECTION('',(0.,-1.));
#11532 = ( GEOMETRIC_REPRESENTATION_CONTEXT(2) 
PARAMETRIC_REPRESENTATION_CONTEXT() REPRESENTATION_CONTEXT('2D SPACE',''
  ) );
#11533 = ADVANCED_FACE('',(#11534),#8530,.F.);
#11534 = FACE_BOUND('',#11535,.F.);
#11535 = EDGE_LOOP('',(#11536,#11537,#11538,#11561));
#11536 = ORIENTED_EDGE('',*,*,#8514,.F.);
#11537 = ORIENTED_EDGE('',*,*,#11513,.T.);
#11538 = ORIENTED_EDGE('',*,*,#11539,.T.);
#11539 = EDGE_CURVE('',#11490,#11540,#11542,.T.);
#11540 = VERTEX_POINT('',#11541);
#11541 = CARTESIAN_POINT('',(-12.3376872437,-4.423421039161,26.7));
#11542 = SURFACE_CURVE('',#11543,(#11547,#11554),.PCURVE_S1.);
#11543 = LINE('',#11544,#11545);
#11544 = CARTESIAN_POINT('',(-15.435,0.,26.7));
#11545 = VECTOR('',#11546,1.);
#11546 = DIRECTION('',(0.573576436351,-0.819152044289,0.));
#11547 = PCURVE('',#8530,#11548);
#11548 = DEFINITIONAL_REPRESENTATION('',(#11549),#11553);
#11549 = LINE('',#11550,#11551);
#11550 = CARTESIAN_POINT('',(0.,0.));
#11551 = VECTOR('',#11552,1.);
#11552 = DIRECTION('',(1.,0.));
#11553 = ( GEOMETRIC_REPRESENTATION_CONTEXT(2) 
PARAMETRIC_REPRESENTATION_CONTEXT() REPRESENTATION_CONTEXT('2D SPACE',''
  ) );
#11554 = PCURVE('',#11451,#11555);
#11555 = DEFINITIONAL_REPRESENTATION('',(#11556),#11560);
#11556 = LINE('',#11557,#11558);
#11557 = CARTESIAN_POINT('',(-1.7763568394E-15,-3.279323032744E-17));
#11558 = VECTOR('',#11559,1.);
#11559 = DIRECTION('',(0.573576436351,-0.819152044289));
#11560 = ( GEOMETRIC_REPRESENTATION_CONTEXT(2) 
PARAMETRIC_REPRESENTATION_CONTEXT() REPRESENTATION_CONTEXT('2D SPACE',''
  ) );
#11561 = ORIENTED_EDGE('',*,*,#11562,.F.);
#11562 = EDGE_CURVE('',#8482,#11540,#11563,.T.);
#11563 = SURFACE_CURVE('',#11564,(#11568,#11575),.PCURVE_S1.);
#11564 = LINE('',#11565,#11566);
#11565 = CARTESIAN_POINT('',(-12.3376872437,-4.423421039161,26.7));
#11566 = VECTOR('',#11567,1.);
#11567 = DIRECTION('',(-0.,-0.,-1.));
#11568 = PCURVE('',#8530,#11569);
#11569 = DEFINITIONAL_REPRESENTATION('',(#11570),#11574);
#11570 = LINE('',#11571,#11572);
#11571 = CARTESIAN_POINT('',(5.4,0.));
#11572 = VECTOR('',#11573,1.);
#11573 = DIRECTION('',(0.,-1.));
#11574 = ( GEOMETRIC_REPRESENTATION_CONTEXT(2) 
PARAMETRIC_REPRESENTATION_CONTEXT() REPRESENTATION_CONTEXT('2D SPACE',''
  ) );
#11575 = PCURVE('',#8502,#11576);
#11576 = DEFINITIONAL_REPRESENTATION('',(#11577),#11581);
#11577 = LINE('',#11578,#11579);
#11578 = CARTESIAN_POINT('',(-5.323254218583,0.));
#11579 = VECTOR('',#11580,1.);
#11580 = DIRECTION('',(-0.,1.));
#11581 = ( GEOMETRIC_REPRESENTATION_CONTEXT(2) 
PARAMETRIC_REPRESENTATION_CONTEXT() REPRESENTATION_CONTEXT('2D SPACE',''
  ) );
#11582 = ADVANCED_FACE('',(#11583),#8502,.F.);
#11583 = FACE_BOUND('',#11584,.T.);
#11584 = EDGE_LOOP('',(#11585,#11607,#11608,#11609));
#11585 = ORIENTED_EDGE('',*,*,#11586,.F.);
#11586 = EDGE_CURVE('',#11540,#11436,#11587,.T.);
#11587 = SURFACE_CURVE('',#11588,(#11593,#11600),.PCURVE_S1.);
#11588 = CIRCLE('',#11589,5.4);
#11589 = AXIS2_PLACEMENT_3D('',#11590,#11591,#11592);
#11590 = CARTESIAN_POINT('',(-15.435,0.,26.7));
#11591 = DIRECTION('',(0.,0.,1.));
#11592 = DIRECTION('',(0.573576436351,-0.819152044289,0.));
#11593 = PCURVE('',#8502,#11594);
#11594 = DEFINITIONAL_REPRESENTATION('',(#11595),#11599);
#11595 = LINE('',#11596,#11597);
#11596 = CARTESIAN_POINT('',(-5.323254218583,0.));
#11597 = VECTOR('',#11598,1.);
#11598 = DIRECTION('',(-1.,0.));
#11599 = ( GEOMETRIC_REPRESENTATION_CONTEXT(2) 
PARAMETRIC_REPRESENTATION_CONTEXT() REPRESENTATION_CONTEXT('2D SPACE',''
  ) );
#11600 = PCURVE('',#11451,#11601);
#11601 = DEFINITIONAL_REPRESENTATION('',(#11602),#11606);
#11602 = CIRCLE('',#11603,5.4);
#11603 = AXIS2_PLACEMENT_2D('',#11604,#11605);
#11604 = CARTESIAN_POINT('',(-1.7763568394E-15,-3.279323032744E-17));
#11605 = DIRECTION('',(0.573576436351,-0.819152044289));
#11606 = ( GEOMETRIC_REPRESENTATION_CONTEXT(2) 
PARAMETRIC_REPRESENTATION_CONTEXT() REPRESENTATION_CONTEXT('2D SPACE',''
  ) );
#11607 = ORIENTED_EDGE('',*,*,#11562,.F.);
#11608 = ORIENTED_EDGE('',*,*,#8481,.F.);
#11609 = ORIENTED_EDGE('',*,*,#11463,.T.);
#11610 = ADVANCED_FACE('',(#11611),#8593,.T.);
#11611 = FACE_BOUND('',#11612,.T.);
#11612 = EDGE_LOOP('',(#11613,#11614,#11637,#11665));
#11613 = ORIENTED_EDGE('',*,*,#8575,.F.);
#11614 = ORIENTED_EDGE('',*,*,#11615,.T.);
#11615 = EDGE_CURVE('',#8576,#11616,#11618,.T.);
#11616 = VERTEX_POINT('',#11617);
#11617 = CARTESIAN_POINT('',(-11.190534371,6.061725127739,26.7));
#11618 = SURFACE_CURVE('',#11619,(#11623,#11630),.PCURVE_S1.);
#11619 = LINE('',#11620,#11621);
#11620 = CARTESIAN_POINT('',(-11.190534371,6.061725127739,26.7));
#11621 = VECTOR('',#11622,1.);
#11622 = DIRECTION('',(-0.,-0.,-1.));
#11623 = PCURVE('',#8593,#11624);
#11624 = DEFINITIONAL_REPRESENTATION('',(#11625),#11629);
#11625 = LINE('',#11626,#11627);
#11626 = CARTESIAN_POINT('',(7.4,0.));
#11627 = VECTOR('',#11628,1.);
#11628 = DIRECTION('',(0.,-1.));
#11629 = ( GEOMETRIC_REPRESENTATION_CONTEXT(2) 
PARAMETRIC_REPRESENTATION_CONTEXT() REPRESENTATION_CONTEXT('2D SPACE',''
  ) );
#11630 = PCURVE('',#8685,#11631);
#11631 = DEFINITIONAL_REPRESENTATION('',(#11632),#11636);
#11632 = LINE('',#11633,#11634);
#11633 = CARTESIAN_POINT('',(-7.243116395776,0.));
#11634 = VECTOR('',#11635,1.);
#11635 = DIRECTION('',(-0.,1.));
#11636 = ( GEOMETRIC_REPRESENTATION_CONTEXT(2) 
PARAMETRIC_REPRESENTATION_CONTEXT() REPRESENTATION_CONTEXT('2D SPACE',''
  ) );
#11637 = ORIENTED_EDGE('',*,*,#11638,.T.);
#11638 = EDGE_CURVE('',#11616,#11639,#11641,.T.);
#11639 = VERTEX_POINT('',#11640);
#11640 = CARTESIAN_POINT('',(-10.0433814983,7.700029216317,26.7));
#11641 = SURFACE_CURVE('',#11642,(#11646,#11653),.PCURVE_S1.);
#11642 = LINE('',#11643,#11644);
#11643 = CARTESIAN_POINT('',(-15.435,1.7763568394E-15,26.7));
#11644 = VECTOR('',#11645,1.);
#11645 = DIRECTION('',(0.573576436351,0.819152044289,0.));
#11646 = PCURVE('',#8593,#11647);
#11647 = DEFINITIONAL_REPRESENTATION('',(#11648),#11652);
#11648 = LINE('',#11649,#11650);
#11649 = CARTESIAN_POINT('',(0.,0.));
#11650 = VECTOR('',#11651,1.);
#11651 = DIRECTION('',(1.,0.));
#11652 = ( GEOMETRIC_REPRESENTATION_CONTEXT(2) 
PARAMETRIC_REPRESENTATION_CONTEXT() REPRESENTATION_CONTEXT('2D SPACE',''
  ) );
#11653 = PCURVE('',#11654,#11659);
#11654 = PLANE('',#11655);
#11655 = AXIS2_PLACEMENT_3D('',#11656,#11657,#11658);
#11656 = CARTESIAN_POINT('',(-15.435,1.98166754369E-16,26.7));
#11657 = DIRECTION('',(0.,0.,1.));
#11658 = DIRECTION('',(1.,0.,-0.));
#11659 = DEFINITIONAL_REPRESENTATION('',(#11660),#11664);
#11660 = LINE('',#11661,#11662);
#11661 = CARTESIAN_POINT('',(1.7763568394E-15,1.578190085031E-15));
#11662 = VECTOR('',#11663,1.);
#11663 = DIRECTION('',(0.573576436351,0.819152044289));
#11664 = ( GEOMETRIC_REPRESENTATION_CONTEXT(2) 
PARAMETRIC_REPRESENTATION_CONTEXT() REPRESENTATION_CONTEXT('2D SPACE',''
  ) );
#11665 = ORIENTED_EDGE('',*,*,#11666,.F.);
#11666 = EDGE_CURVE('',#8578,#11639,#11667,.T.);
#11667 = SURFACE_CURVE('',#11668,(#11672,#11679),.PCURVE_S1.);
#11668 = LINE('',#11669,#11670);
#11669 = CARTESIAN_POINT('',(-10.0433814983,7.700029216317,26.7));
#11670 = VECTOR('',#11671,1.);
#11671 = DIRECTION('',(-0.,-0.,-1.));
#11672 = PCURVE('',#8593,#11673);
#11673 = DEFINITIONAL_REPRESENTATION('',(#11674),#11678);
#11674 = LINE('',#11675,#11676);
#11675 = CARTESIAN_POINT('',(9.4,0.));
#11676 = VECTOR('',#11677,1.);
#11677 = DIRECTION('',(0.,-1.));
#11678 = ( GEOMETRIC_REPRESENTATION_CONTEXT(2) 
PARAMETRIC_REPRESENTATION_CONTEXT() REPRESENTATION_CONTEXT('2D SPACE',''
  ) );
#11679 = PCURVE('',#8626,#11680);
#11680 = DEFINITIONAL_REPRESENTATION('',(#11681),#11685);
#11681 = LINE('',#11682,#11683);
#11682 = CARTESIAN_POINT('',(-7.243116395776,0.));
#11683 = VECTOR('',#11684,1.);
#11684 = DIRECTION('',(-0.,1.));
#11685 = ( GEOMETRIC_REPRESENTATION_CONTEXT(2) 
PARAMETRIC_REPRESENTATION_CONTEXT() REPRESENTATION_CONTEXT('2D SPACE',''
  ) );
#11686 = ADVANCED_FACE('',(#11687),#8685,.T.);
#11687 = FACE_BOUND('',#11688,.F.);
#11688 = EDGE_LOOP('',(#11689,#11690,#11691,#11715));
#11689 = ORIENTED_EDGE('',*,*,#8666,.F.);
#11690 = ORIENTED_EDGE('',*,*,#11615,.T.);
#11691 = ORIENTED_EDGE('',*,*,#11692,.F.);
#11692 = EDGE_CURVE('',#11693,#11616,#11695,.T.);
#11693 = VERTEX_POINT('',#11694);
#11694 = CARTESIAN_POINT('',(-11.190534371,-6.061725127739,26.7));
#11695 = SURFACE_CURVE('',#11696,(#11701,#11708),.PCURVE_S1.);
#11696 = CIRCLE('',#11697,7.4);
#11697 = AXIS2_PLACEMENT_3D('',#11698,#11699,#11700);
#11698 = CARTESIAN_POINT('',(-15.435,5.669223955533E-16,26.7));
#11699 = DIRECTION('',(0.,0.,1.));
#11700 = DIRECTION('',(0.573576436351,-0.819152044289,0.));
#11701 = PCURVE('',#8685,#11702);
#11702 = DEFINITIONAL_REPRESENTATION('',(#11703),#11707);
#11703 = LINE('',#11704,#11705);
#11704 = CARTESIAN_POINT('',(-5.323254218583,0.));
#11705 = VECTOR('',#11706,1.);
#11706 = DIRECTION('',(-1.,0.));
#11707 = ( GEOMETRIC_REPRESENTATION_CONTEXT(2) 
PARAMETRIC_REPRESENTATION_CONTEXT() REPRESENTATION_CONTEXT('2D SPACE',''
  ) );
#11708 = PCURVE('',#11654,#11709);
#11709 = DEFINITIONAL_REPRESENTATION('',(#11710),#11714);
#11710 = CIRCLE('',#11711,7.4);
#11711 = AXIS2_PLACEMENT_2D('',#11712,#11713);
#11712 = CARTESIAN_POINT('',(4.796163466381E-14,3.687556411842E-16));
#11713 = DIRECTION('',(0.573576436351,-0.819152044289));
#11714 = ( GEOMETRIC_REPRESENTATION_CONTEXT(2) 
PARAMETRIC_REPRESENTATION_CONTEXT() REPRESENTATION_CONTEXT('2D SPACE',''
  ) );
#11715 = ORIENTED_EDGE('',*,*,#11716,.F.);
#11716 = EDGE_CURVE('',#8639,#11693,#11717,.T.);
#11717 = SURFACE_CURVE('',#11718,(#11722,#11729),.PCURVE_S1.);
#11718 = LINE('',#11719,#11720);
#11719 = CARTESIAN_POINT('',(-11.190534371,-6.061725127739,26.7));
#11720 = VECTOR('',#11721,1.);
#11721 = DIRECTION('',(-0.,-0.,-1.));
#11722 = PCURVE('',#8685,#11723);
#11723 = DEFINITIONAL_REPRESENTATION('',(#11724),#11728);
#11724 = LINE('',#11725,#11726);
#11725 = CARTESIAN_POINT('',(-5.323254218583,0.));
#11726 = VECTOR('',#11727,1.);
#11727 = DIRECTION('',(-0.,1.));
#11728 = ( GEOMETRIC_REPRESENTATION_CONTEXT(2) 
PARAMETRIC_REPRESENTATION_CONTEXT() REPRESENTATION_CONTEXT('2D SPACE',''
  ) );
#11729 = PCURVE('',#8654,#11730);
#11730 = DEFINITIONAL_REPRESENTATION('',(#11731),#11735);
#11731 = LINE('',#11732,#11733);
#11732 = CARTESIAN_POINT('',(7.4,0.));
#11733 = VECTOR('',#11734,1.);
#11734 = DIRECTION('',(0.,-1.));
#11735 = ( GEOMETRIC_REPRESENTATION_CONTEXT(2) 
PARAMETRIC_REPRESENTATION_CONTEXT() REPRESENTATION_CONTEXT('2D SPACE',''
  ) );
#11736 = ADVANCED_FACE('',(#11737),#8654,.F.);
#11737 = FACE_BOUND('',#11738,.F.);
#11738 = EDGE_LOOP('',(#11739,#11740,#11741,#11764));
#11739 = ORIENTED_EDGE('',*,*,#8638,.F.);
#11740 = ORIENTED_EDGE('',*,*,#11716,.T.);
#11741 = ORIENTED_EDGE('',*,*,#11742,.T.);
#11742 = EDGE_CURVE('',#11693,#11743,#11745,.T.);
#11743 = VERTEX_POINT('',#11744);
#11744 = CARTESIAN_POINT('',(-10.0433814983,-7.700029216317,26.7));
#11745 = SURFACE_CURVE('',#11746,(#11750,#11757),.PCURVE_S1.);
#11746 = LINE('',#11747,#11748);
#11747 = CARTESIAN_POINT('',(-15.435,0.,26.7));
#11748 = VECTOR('',#11749,1.);
#11749 = DIRECTION('',(0.573576436351,-0.819152044289,0.));
#11750 = PCURVE('',#8654,#11751);
#11751 = DEFINITIONAL_REPRESENTATION('',(#11752),#11756);
#11752 = LINE('',#11753,#11754);
#11753 = CARTESIAN_POINT('',(0.,0.));
#11754 = VECTOR('',#11755,1.);
#11755 = DIRECTION('',(1.,0.));
#11756 = ( GEOMETRIC_REPRESENTATION_CONTEXT(2) 
PARAMETRIC_REPRESENTATION_CONTEXT() REPRESENTATION_CONTEXT('2D SPACE',''
  ) );
#11757 = PCURVE('',#11654,#11758);
#11758 = DEFINITIONAL_REPRESENTATION('',(#11759),#11763);
#11759 = LINE('',#11760,#11761);
#11760 = CARTESIAN_POINT('',(3.552713678801E-15,-1.98166754369E-16));
#11761 = VECTOR('',#11762,1.);
#11762 = DIRECTION('',(0.573576436351,-0.819152044289));
#11763 = ( GEOMETRIC_REPRESENTATION_CONTEXT(2) 
PARAMETRIC_REPRESENTATION_CONTEXT() REPRESENTATION_CONTEXT('2D SPACE',''
  ) );
#11764 = ORIENTED_EDGE('',*,*,#11765,.F.);
#11765 = EDGE_CURVE('',#8606,#11743,#11766,.T.);
#11766 = SURFACE_CURVE('',#11767,(#11771,#11778),.PCURVE_S1.);
#11767 = LINE('',#11768,#11769);
#11768 = CARTESIAN_POINT('',(-10.0433814983,-7.700029216317,26.7));
#11769 = VECTOR('',#11770,1.);
#11770 = DIRECTION('',(-0.,-0.,-1.));
#11771 = PCURVE('',#8654,#11772);
#11772 = DEFINITIONAL_REPRESENTATION('',(#11773),#11777);
#11773 = LINE('',#11774,#11775);
#11774 = CARTESIAN_POINT('',(9.4,0.));
#11775 = VECTOR('',#11776,1.);
#11776 = DIRECTION('',(0.,-1.));
#11777 = ( GEOMETRIC_REPRESENTATION_CONTEXT(2) 
PARAMETRIC_REPRESENTATION_CONTEXT() REPRESENTATION_CONTEXT('2D SPACE',''
  ) );
#11778 = PCURVE('',#8626,#11779);
#11779 = DEFINITIONAL_REPRESENTATION('',(#11780),#11784);
#11780 = LINE('',#11781,#11782);
#11781 = CARTESIAN_POINT('',(-5.323254218583,0.));
#11782 = VECTOR('',#11783,1.);
#11783 = DIRECTION('',(-0.,1.));
#11784 = ( GEOMETRIC_REPRESENTATION_CONTEXT(2) 
PARAMETRIC_REPRESENTATION_CONTEXT() REPRESENTATION_CONTEXT('2D SPACE',''
  ) );
#11785 = ADVANCED_FACE('',(#11786),#8626,.F.);
#11786 = FACE_BOUND('',#11787,.T.);
#11787 = EDGE_LOOP('',(#11788,#11810,#11811,#11812));
#11788 = ORIENTED_EDGE('',*,*,#11789,.F.);
#11789 = EDGE_CURVE('',#11743,#11639,#11790,.T.);
#11790 = SURFACE_CURVE('',#11791,(#11796,#11803),.PCURVE_S1.);
#11791 = CIRCLE('',#11792,9.4);
#11792 = AXIS2_PLACEMENT_3D('',#11793,#11794,#11795);
#11793 = CARTESIAN_POINT('',(-15.435,0.,26.7));
#11794 = DIRECTION('',(0.,0.,1.));
#11795 = DIRECTION('',(0.573576436351,-0.819152044289,0.));
#11796 = PCURVE('',#8626,#11797);
#11797 = DEFINITIONAL_REPRESENTATION('',(#11798),#11802);
#11798 = LINE('',#11799,#11800);
#11799 = CARTESIAN_POINT('',(-5.323254218583,0.));
#11800 = VECTOR('',#11801,1.);
#11801 = DIRECTION('',(-1.,0.));
#11802 = ( GEOMETRIC_REPRESENTATION_CONTEXT(2) 
PARAMETRIC_REPRESENTATION_CONTEXT() REPRESENTATION_CONTEXT('2D SPACE',''
  ) );
#11803 = PCURVE('',#11654,#11804);
#11804 = DEFINITIONAL_REPRESENTATION('',(#11805),#11809);
#11805 = CIRCLE('',#11806,9.4);
#11806 = AXIS2_PLACEMENT_2D('',#11807,#11808);
#11807 = CARTESIAN_POINT('',(3.552713678801E-15,-1.98166754369E-16));
#11808 = DIRECTION('',(0.573576436351,-0.819152044289));
#11809 = ( GEOMETRIC_REPRESENTATION_CONTEXT(2) 
PARAMETRIC_REPRESENTATION_CONTEXT() REPRESENTATION_CONTEXT('2D SPACE',''
  ) );
#11810 = ORIENTED_EDGE('',*,*,#11765,.F.);
#11811 = ORIENTED_EDGE('',*,*,#8605,.F.);
#11812 = ORIENTED_EDGE('',*,*,#11666,.T.);
#11813 = ADVANCED_FACE('',(#11814),#8717,.T.);
#11814 = FACE_BOUND('',#11815,.T.);
#11815 = EDGE_LOOP('',(#11816,#11817,#11840,#11868));
#11816 = ORIENTED_EDGE('',*,*,#8699,.F.);
#11817 = ORIENTED_EDGE('',*,*,#11818,.T.);
#11818 = EDGE_CURVE('',#8700,#11819,#11821,.T.);
#11819 = VERTEX_POINT('',#11820);
#11820 = CARTESIAN_POINT('',(-8.896228625598,9.338333304894,26.7));
#11821 = SURFACE_CURVE('',#11822,(#11826,#11833),.PCURVE_S1.);
#11822 = LINE('',#11823,#11824);
#11823 = CARTESIAN_POINT('',(-8.896228625598,9.338333304895,26.7));
#11824 = VECTOR('',#11825,1.);
#11825 = DIRECTION('',(-0.,-0.,-1.));
#11826 = PCURVE('',#8717,#11827);
#11827 = DEFINITIONAL_REPRESENTATION('',(#11828),#11832);
#11828 = LINE('',#11829,#11830);
#11829 = CARTESIAN_POINT('',(11.4,0.));
#11830 = VECTOR('',#11831,1.);
#11831 = DIRECTION('',(0.,-1.));
#11832 = ( GEOMETRIC_REPRESENTATION_CONTEXT(2) 
PARAMETRIC_REPRESENTATION_CONTEXT() REPRESENTATION_CONTEXT('2D SPACE',''
  ) );
#11833 = PCURVE('',#8809,#11834);
#11834 = DEFINITIONAL_REPRESENTATION('',(#11835),#11839);
#11835 = LINE('',#11836,#11837);
#11836 = CARTESIAN_POINT('',(-7.243116395776,0.));
#11837 = VECTOR('',#11838,1.);
#11838 = DIRECTION('',(-0.,1.));
#11839 = ( GEOMETRIC_REPRESENTATION_CONTEXT(2) 
PARAMETRIC_REPRESENTATION_CONTEXT() REPRESENTATION_CONTEXT('2D SPACE',''
  ) );
#11840 = ORIENTED_EDGE('',*,*,#11841,.T.);
#11841 = EDGE_CURVE('',#11819,#11842,#11844,.T.);
#11842 = VERTEX_POINT('',#11843);
#11843 = CARTESIAN_POINT('',(-7.749075752896,10.976637393473,26.7));
#11844 = SURFACE_CURVE('',#11845,(#11849,#11856),.PCURVE_S1.);
#11845 = LINE('',#11846,#11847);
#11846 = CARTESIAN_POINT('',(-15.435,1.7763568394E-15,26.7));
#11847 = VECTOR('',#11848,1.);
#11848 = DIRECTION('',(0.573576436351,0.819152044289,0.));
#11849 = PCURVE('',#8717,#11850);
#11850 = DEFINITIONAL_REPRESENTATION('',(#11851),#11855);
#11851 = LINE('',#11852,#11853);
#11852 = CARTESIAN_POINT('',(0.,0.));
#11853 = VECTOR('',#11854,1.);
#11854 = DIRECTION('',(1.,0.));
#11855 = ( GEOMETRIC_REPRESENTATION_CONTEXT(2) 
PARAMETRIC_REPRESENTATION_CONTEXT() REPRESENTATION_CONTEXT('2D SPACE',''
  ) );
#11856 = PCURVE('',#11857,#11862);
#11857 = PLANE('',#11858);
#11858 = AXIS2_PLACEMENT_3D('',#11859,#11860,#11861);
#11859 = CARTESIAN_POINT('',(-15.435,-5.470089036192E-16,26.7));
#11860 = DIRECTION('',(0.,0.,1.));
#11861 = DIRECTION('',(1.,0.,-0.));
#11862 = DEFINITIONAL_REPRESENTATION('',(#11863),#11867);
#11863 = LINE('',#11864,#11865);
#11864 = CARTESIAN_POINT('',(-1.7763568394E-15,2.323365743019E-15));
#11865 = VECTOR('',#11866,1.);
#11866 = DIRECTION('',(0.573576436351,0.819152044289));
#11867 = ( GEOMETRIC_REPRESENTATION_CONTEXT(2) 
PARAMETRIC_REPRESENTATION_CONTEXT() REPRESENTATION_CONTEXT('2D SPACE',''
  ) );
#11868 = ORIENTED_EDGE('',*,*,#11869,.F.);
#11869 = EDGE_CURVE('',#8702,#11842,#11870,.T.);
#11870 = SURFACE_CURVE('',#11871,(#11875,#11882),.PCURVE_S1.);
#11871 = LINE('',#11872,#11873);
#11872 = CARTESIAN_POINT('',(-7.749075752896,10.976637393472,26.7));
#11873 = VECTOR('',#11874,1.);
#11874 = DIRECTION('',(-0.,-0.,-1.));
#11875 = PCURVE('',#8717,#11876);
#11876 = DEFINITIONAL_REPRESENTATION('',(#11877),#11881);
#11877 = LINE('',#11878,#11879);
#11878 = CARTESIAN_POINT('',(13.4,0.));
#11879 = VECTOR('',#11880,1.);
#11880 = DIRECTION('',(0.,-1.));
#11881 = ( GEOMETRIC_REPRESENTATION_CONTEXT(2) 
PARAMETRIC_REPRESENTATION_CONTEXT() REPRESENTATION_CONTEXT('2D SPACE',''
  ) );
#11882 = PCURVE('',#8750,#11883);
#11883 = DEFINITIONAL_REPRESENTATION('',(#11884),#11888);
#11884 = LINE('',#11885,#11886);
#11885 = CARTESIAN_POINT('',(-7.243116395776,0.));
#11886 = VECTOR('',#11887,1.);
#11887 = DIRECTION('',(-0.,1.));
#11888 = ( GEOMETRIC_REPRESENTATION_CONTEXT(2) 
PARAMETRIC_REPRESENTATION_CONTEXT() REPRESENTATION_CONTEXT('2D SPACE',''
  ) );
#11889 = ADVANCED_FACE('',(#11890),#8809,.T.);
#11890 = FACE_BOUND('',#11891,.F.);
#11891 = EDGE_LOOP('',(#11892,#11893,#11894,#11918));
#11892 = ORIENTED_EDGE('',*,*,#8790,.F.);
#11893 = ORIENTED_EDGE('',*,*,#11818,.T.);
#11894 = ORIENTED_EDGE('',*,*,#11895,.F.);
#11895 = EDGE_CURVE('',#11896,#11819,#11898,.T.);
#11896 = VERTEX_POINT('',#11897);
#11897 = CARTESIAN_POINT('',(-8.896228625598,-9.338333304895,26.7));
#11898 = SURFACE_CURVE('',#11899,(#11904,#11911),.PCURVE_S1.);
#11899 = CIRCLE('',#11900,11.4);
#11900 = AXIS2_PLACEMENT_3D('',#11901,#11902,#11903);
#11901 = CARTESIAN_POINT('',(-15.435,0.,26.7));
#11902 = DIRECTION('',(0.,0.,1.));
#11903 = DIRECTION('',(0.573576436351,-0.819152044289,0.));
#11904 = PCURVE('',#8809,#11905);
#11905 = DEFINITIONAL_REPRESENTATION('',(#11906),#11910);
#11906 = LINE('',#11907,#11908);
#11907 = CARTESIAN_POINT('',(-5.323254218583,0.));
#11908 = VECTOR('',#11909,1.);
#11909 = DIRECTION('',(-1.,0.));
#11910 = ( GEOMETRIC_REPRESENTATION_CONTEXT(2) 
PARAMETRIC_REPRESENTATION_CONTEXT() REPRESENTATION_CONTEXT('2D SPACE',''
  ) );
#11911 = PCURVE('',#11857,#11912);
#11912 = DEFINITIONAL_REPRESENTATION('',(#11913),#11917);
#11913 = CIRCLE('',#11914,11.4);
#11914 = AXIS2_PLACEMENT_2D('',#11915,#11916);
#11915 = CARTESIAN_POINT('',(6.394884621841E-14,5.470089036192E-16));
#11916 = DIRECTION('',(0.573576436351,-0.819152044289));
#11917 = ( GEOMETRIC_REPRESENTATION_CONTEXT(2) 
PARAMETRIC_REPRESENTATION_CONTEXT() REPRESENTATION_CONTEXT('2D SPACE',''
  ) );
#11918 = ORIENTED_EDGE('',*,*,#11919,.F.);
#11919 = EDGE_CURVE('',#8763,#11896,#11920,.T.);
#11920 = SURFACE_CURVE('',#11921,(#11925,#11932),.PCURVE_S1.);
#11921 = LINE('',#11922,#11923);
#11922 = CARTESIAN_POINT('',(-8.896228625598,-9.338333304895,26.7));
#11923 = VECTOR('',#11924,1.);
#11924 = DIRECTION('',(-0.,-0.,-1.));
#11925 = PCURVE('',#8809,#11926);
#11926 = DEFINITIONAL_REPRESENTATION('',(#11927),#11931);
#11927 = LINE('',#11928,#11929);
#11928 = CARTESIAN_POINT('',(-5.323254218583,0.));
#11929 = VECTOR('',#11930,1.);
#11930 = DIRECTION('',(-0.,1.));
#11931 = ( GEOMETRIC_REPRESENTATION_CONTEXT(2) 
PARAMETRIC_REPRESENTATION_CONTEXT() REPRESENTATION_CONTEXT('2D SPACE',''
  ) );
#11932 = PCURVE('',#8778,#11933);
#11933 = DEFINITIONAL_REPRESENTATION('',(#11934),#11938);
#11934 = LINE('',#11935,#11936);
#11935 = CARTESIAN_POINT('',(11.4,0.));
#11936 = VECTOR('',#11937,1.);
#11937 = DIRECTION('',(0.,-1.));
#11938 = ( GEOMETRIC_REPRESENTATION_CONTEXT(2) 
PARAMETRIC_REPRESENTATION_CONTEXT() REPRESENTATION_CONTEXT('2D SPACE',''
  ) );
#11939 = ADVANCED_FACE('',(#11940),#8778,.F.);
#11940 = FACE_BOUND('',#11941,.F.);
#11941 = EDGE_LOOP('',(#11942,#11943,#11944,#11967));
#11942 = ORIENTED_EDGE('',*,*,#8762,.F.);
#11943 = ORIENTED_EDGE('',*,*,#11919,.T.);
#11944 = ORIENTED_EDGE('',*,*,#11945,.T.);
#11945 = EDGE_CURVE('',#11896,#11946,#11948,.T.);
#11946 = VERTEX_POINT('',#11947);
#11947 = CARTESIAN_POINT('',(-7.749075752896,-10.97663739347,26.7));
#11948 = SURFACE_CURVE('',#11949,(#11953,#11960),.PCURVE_S1.);
#11949 = LINE('',#11950,#11951);
#11950 = CARTESIAN_POINT('',(-15.435,0.,26.7));
#11951 = VECTOR('',#11952,1.);
#11952 = DIRECTION('',(0.573576436351,-0.819152044289,0.));
#11953 = PCURVE('',#8778,#11954);
#11954 = DEFINITIONAL_REPRESENTATION('',(#11955),#11959);
#11955 = LINE('',#11956,#11957);
#11956 = CARTESIAN_POINT('',(0.,0.));
#11957 = VECTOR('',#11958,1.);
#11958 = DIRECTION('',(1.,0.));
#11959 = ( GEOMETRIC_REPRESENTATION_CONTEXT(2) 
PARAMETRIC_REPRESENTATION_CONTEXT() REPRESENTATION_CONTEXT('2D SPACE',''
  ) );
#11960 = PCURVE('',#11857,#11961);
#11961 = DEFINITIONAL_REPRESENTATION('',(#11962),#11966);
#11962 = LINE('',#11963,#11964);
#11963 = CARTESIAN_POINT('',(0.,5.470089036192E-16));
#11964 = VECTOR('',#11965,1.);
#11965 = DIRECTION('',(0.573576436351,-0.819152044289));
#11966 = ( GEOMETRIC_REPRESENTATION_CONTEXT(2) 
PARAMETRIC_REPRESENTATION_CONTEXT() REPRESENTATION_CONTEXT('2D SPACE',''
  ) );
#11967 = ORIENTED_EDGE('',*,*,#11968,.F.);
#11968 = EDGE_CURVE('',#8730,#11946,#11969,.T.);
#11969 = SURFACE_CURVE('',#11970,(#11974,#11981),.PCURVE_S1.);
#11970 = LINE('',#11971,#11972);
#11971 = CARTESIAN_POINT('',(-7.749075752896,-10.97663739347,26.7));
#11972 = VECTOR('',#11973,1.);
#11973 = DIRECTION('',(-0.,-0.,-1.));
#11974 = PCURVE('',#8778,#11975);
#11975 = DEFINITIONAL_REPRESENTATION('',(#11976),#11980);
#11976 = LINE('',#11977,#11978);
#11977 = CARTESIAN_POINT('',(13.4,0.));
#11978 = VECTOR('',#11979,1.);
#11979 = DIRECTION('',(0.,-1.));
#11980 = ( GEOMETRIC_REPRESENTATION_CONTEXT(2) 
PARAMETRIC_REPRESENTATION_CONTEXT() REPRESENTATION_CONTEXT('2D SPACE',''
  ) );
#11981 = PCURVE('',#8750,#11982);
#11982 = DEFINITIONAL_REPRESENTATION('',(#11983),#11987);
#11983 = LINE('',#11984,#11985);
#11984 = CARTESIAN_POINT('',(-5.323254218583,0.));
#11985 = VECTOR('',#11986,1.);
#11986 = DIRECTION('',(-0.,1.));
#11987 = ( GEOMETRIC_REPRESENTATION_CONTEXT(2) 
PARAMETRIC_REPRESENTATION_CONTEXT() REPRESENTATION_CONTEXT('2D SPACE',''
  ) );
#11988 = ADVANCED_FACE('',(#11989),#8750,.F.);
#11989 = FACE_BOUND('',#11990,.T.);
#11990 = EDGE_LOOP('',(#11991,#12013,#12014,#12015));
#11991 = ORIENTED_EDGE('',*,*,#11992,.F.);
#11992 = EDGE_CURVE('',#11946,#11842,#11993,.T.);
#11993 = SURFACE_CURVE('',#11994,(#11999,#12006),.PCURVE_S1.);
#11994 = CIRCLE('',#11995,13.4);
#11995 = AXIS2_PLACEMENT_3D('',#11996,#11997,#11998);
#11996 = CARTESIAN_POINT('',(-15.435,0.,26.7));
#11997 = DIRECTION('',(0.,0.,1.));
#11998 = DIRECTION('',(0.573576436351,-0.819152044289,0.));
#11999 = PCURVE('',#8750,#12000);
#12000 = DEFINITIONAL_REPRESENTATION('',(#12001),#12005);
#12001 = LINE('',#12002,#12003);
#12002 = CARTESIAN_POINT('',(-5.323254218583,0.));
#12003 = VECTOR('',#12004,1.);
#12004 = DIRECTION('',(-1.,0.));
#12005 = ( GEOMETRIC_REPRESENTATION_CONTEXT(2) 
PARAMETRIC_REPRESENTATION_CONTEXT() REPRESENTATION_CONTEXT('2D SPACE',''
  ) );
#12006 = PCURVE('',#11857,#12007);
#12007 = DEFINITIONAL_REPRESENTATION('',(#12008),#12012);
#12008 = CIRCLE('',#12009,13.4);
#12009 = AXIS2_PLACEMENT_2D('',#12010,#12011);
#12010 = CARTESIAN_POINT('',(0.,5.470089036192E-16));
#12011 = DIRECTION('',(0.573576436351,-0.819152044289));
#12012 = ( GEOMETRIC_REPRESENTATION_CONTEXT(2) 
PARAMETRIC_REPRESENTATION_CONTEXT() REPRESENTATION_CONTEXT('2D SPACE',''
  ) );
#12013 = ORIENTED_EDGE('',*,*,#11968,.F.);
#12014 = ORIENTED_EDGE('',*,*,#8729,.F.);
#12015 = ORIENTED_EDGE('',*,*,#11869,.T.);
#12016 = ADVANCED_FACE('',(#12017),#8892,.T.);
#12017 = FACE_BOUND('',#12018,.T.);
#12018 = EDGE_LOOP('',(#12019,#12020,#12021,#12042));
#12019 = ORIENTED_EDGE('',*,*,#8876,.F.);
#12020 = ORIENTED_EDGE('',*,*,#9116,.T.);
#12021 = ORIENTED_EDGE('',*,*,#12022,.T.);
#12022 = EDGE_CURVE('',#9117,#11280,#12023,.T.);
#12023 = SURFACE_CURVE('',#12024,(#12028,#12035),.PCURVE_S1.);
#12024 = LINE('',#12025,#12026);
#12025 = CARTESIAN_POINT('',(54.,33.9,19.));
#12026 = VECTOR('',#12027,1.);
#12027 = DIRECTION('',(0.,0.,1.));
#12028 = PCURVE('',#8892,#12029);
#12029 = DEFINITIONAL_REPRESENTATION('',(#12030),#12034);
#12030 = LINE('',#12031,#12032);
#12031 = CARTESIAN_POINT('',(1.570796326795,0.));
#12032 = VECTOR('',#12033,1.);
#12033 = DIRECTION('',(0.,1.));
#12034 = ( GEOMETRIC_REPRESENTATION_CONTEXT(2) 
PARAMETRIC_REPRESENTATION_CONTEXT() REPRESENTATION_CONTEXT('2D SPACE',''
  ) );
#12035 = PCURVE('',#9001,#12036);
#12036 = DEFINITIONAL_REPRESENTATION('',(#12037),#12041);
#12037 = LINE('',#12038,#12039);
#12038 = CARTESIAN_POINT('',(9.9,0.));
#12039 = VECTOR('',#12040,1.);
#12040 = DIRECTION('',(0.,-1.));
#12041 = ( GEOMETRIC_REPRESENTATION_CONTEXT(2) 
PARAMETRIC_REPRESENTATION_CONTEXT() REPRESENTATION_CONTEXT('2D SPACE',''
  ) );
#12042 = ORIENTED_EDGE('',*,*,#11279,.F.);
#12043 = ADVANCED_FACE('',(#12044),#9001,.F.);
#12044 = FACE_BOUND('',#12045,.F.);
#12045 = EDGE_LOOP('',(#12046,#12047,#12048,#12049));
#12046 = ORIENTED_EDGE('',*,*,#12022,.T.);
#12047 = ORIENTED_EDGE('',*,*,#11332,.T.);
#12048 = ORIENTED_EDGE('',*,*,#8983,.F.);
#12049 = ORIENTED_EDGE('',*,*,#9166,.F.);
#12050 = ADVANCED_FACE('',(#12051),#9210,.F.);
#12051 = FACE_BOUND('',#12052,.F.);
#12052 = EDGE_LOOP('',(#12053,#12054,#12055,#12056,#12057,#12058,#12059,
    #12060,#12061,#12062,#12063,#12087,#12115,#12144,#12165,#12166,
    #12167,#12168));
#12053 = ORIENTED_EDGE('',*,*,#9269,.F.);
#12054 = ORIENTED_EDGE('',*,*,#9192,.T.);
#12055 = ORIENTED_EDGE('',*,*,#9396,.T.);
#12056 = ORIENTED_EDGE('',*,*,#9703,.T.);
#12057 = ORIENTED_EDGE('',*,*,#9753,.T.);
#12058 = ORIENTED_EDGE('',*,*,#9852,.T.);
#12059 = ORIENTED_EDGE('',*,*,#10047,.F.);
#12060 = ORIENTED_EDGE('',*,*,#10331,.T.);
#12061 = ORIENTED_EDGE('',*,*,#10403,.F.);
#12062 = ORIENTED_EDGE('',*,*,#10480,.T.);
#12063 = ORIENTED_EDGE('',*,*,#12064,.F.);
#12064 = EDGE_CURVE('',#12065,#10481,#12067,.T.);
#12065 = VERTEX_POINT('',#12066);
#12066 = CARTESIAN_POINT('',(-58.75,-24.,16.));
#12067 = SURFACE_CURVE('',#12068,(#12073,#12080),.PCURVE_S1.);
#12068 = CIRCLE('',#12069,4.75);
#12069 = AXIS2_PLACEMENT_3D('',#12070,#12071,#12072);
#12070 = CARTESIAN_POINT('',(-54.,-24.,16.));
#12071 = DIRECTION('',(0.,0.,1.));
#12072 = DIRECTION('',(0.,-1.,0.));
#12073 = PCURVE('',#9210,#12074);
#12074 = DEFINITIONAL_REPRESENTATION('',(#12075),#12079);
#12075 = CIRCLE('',#12076,4.75);
#12076 = AXIS2_PLACEMENT_2D('',#12077,#12078);
#12077 = CARTESIAN_POINT('',(-54.,-24.));
#12078 = DIRECTION('',(0.,-1.));
#12079 = ( GEOMETRIC_REPRESENTATION_CONTEXT(2) 
PARAMETRIC_REPRESENTATION_CONTEXT() REPRESENTATION_CONTEXT('2D SPACE',''
  ) );
#12080 = PCURVE('',#10519,#12081);
#12081 = DEFINITIONAL_REPRESENTATION('',(#12082),#12086);
#12082 = LINE('',#12083,#12084);
#12083 = CARTESIAN_POINT('',(-6.28318530718,0.1));
#12084 = VECTOR('',#12085,1.);
#12085 = DIRECTION('',(1.,-0.));
#12086 = ( GEOMETRIC_REPRESENTATION_CONTEXT(2) 
PARAMETRIC_REPRESENTATION_CONTEXT() REPRESENTATION_CONTEXT('2D SPACE',''
  ) );
#12087 = ORIENTED_EDGE('',*,*,#12088,.T.);
#12088 = EDGE_CURVE('',#12065,#12089,#12091,.T.);
#12089 = VERTEX_POINT('',#12090);
#12090 = CARTESIAN_POINT('',(-58.75,24.,16.));
#12091 = SURFACE_CURVE('',#12092,(#12096,#12103),.PCURVE_S1.);
#12092 = LINE('',#12093,#12094);
#12093 = CARTESIAN_POINT('',(-58.75,14.375,16.));
#12094 = VECTOR('',#12095,1.);
#12095 = DIRECTION('',(-0.,1.,0.));
#12096 = PCURVE('',#9210,#12097);
#12097 = DEFINITIONAL_REPRESENTATION('',(#12098),#12102);
#12098 = LINE('',#12099,#12100);
#12099 = CARTESIAN_POINT('',(-58.75,14.375));
#12100 = VECTOR('',#12101,1.);
#12101 = DIRECTION('',(0.,1.));
#12102 = ( GEOMETRIC_REPRESENTATION_CONTEXT(2) 
PARAMETRIC_REPRESENTATION_CONTEXT() REPRESENTATION_CONTEXT('2D SPACE',''
  ) );
#12103 = PCURVE('',#12104,#12109);
#12104 = PLANE('',#12105);
#12105 = AXIS2_PLACEMENT_3D('',#12106,#12107,#12108);
#12106 = CARTESIAN_POINT('',(-58.75,28.75,15.9));
#12107 = DIRECTION('',(1.,0.,-0.));
#12108 = DIRECTION('',(0.,-1.,0.));
#12109 = DEFINITIONAL_REPRESENTATION('',(#12110),#12114);
#12110 = LINE('',#12111,#12112);
#12111 = CARTESIAN_POINT('',(14.375,-1.E-01));
#12112 = VECTOR('',#12113,1.);
#12113 = DIRECTION('',(-1.,-0.));
#12114 = ( GEOMETRIC_REPRESENTATION_CONTEXT(2) 
PARAMETRIC_REPRESENTATION_CONTEXT() REPRESENTATION_CONTEXT('2D SPACE',''
  ) );
#12115 = ORIENTED_EDGE('',*,*,#12116,.F.);
#12116 = EDGE_CURVE('',#12117,#12089,#12119,.T.);
#12117 = VERTEX_POINT('',#12118);
#12118 = CARTESIAN_POINT('',(-54.,28.75,16.));
#12119 = SURFACE_CURVE('',#12120,(#12125,#12132),.PCURVE_S1.);
#12120 = CIRCLE('',#12121,4.75);
#12121 = AXIS2_PLACEMENT_3D('',#12122,#12123,#12124);
#12122 = CARTESIAN_POINT('',(-54.,24.,16.));
#12123 = DIRECTION('',(0.,0.,1.));
#12124 = DIRECTION('',(-0.,1.,0.));
#12125 = PCURVE('',#9210,#12126);
#12126 = DEFINITIONAL_REPRESENTATION('',(#12127),#12131);
#12127 = CIRCLE('',#12128,4.75);
#12128 = AXIS2_PLACEMENT_2D('',#12129,#12130);
#12129 = CARTESIAN_POINT('',(-54.,24.));
#12130 = DIRECTION('',(0.,1.));
#12131 = ( GEOMETRIC_REPRESENTATION_CONTEXT(2) 
PARAMETRIC_REPRESENTATION_CONTEXT() REPRESENTATION_CONTEXT('2D SPACE',''
  ) );
#12132 = PCURVE('',#12133,#12138);
#12133 = CYLINDRICAL_SURFACE('',#12134,4.75);
#12134 = AXIS2_PLACEMENT_3D('',#12135,#12136,#12137);
#12135 = CARTESIAN_POINT('',(-54.,24.,15.9));
#12136 = DIRECTION('',(0.,0.,1.));
#12137 = DIRECTION('',(-0.,1.,0.));
#12138 = DEFINITIONAL_REPRESENTATION('',(#12139),#12143);
#12139 = LINE('',#12140,#12141);
#12140 = CARTESIAN_POINT('',(0.,0.1));
#12141 = VECTOR('',#12142,1.);
#12142 = DIRECTION('',(1.,0.));
#12143 = ( GEOMETRIC_REPRESENTATION_CONTEXT(2) 
PARAMETRIC_REPRESENTATION_CONTEXT() REPRESENTATION_CONTEXT('2D SPACE',''
  ) );
#12144 = ORIENTED_EDGE('',*,*,#12145,.T.);
#12145 = EDGE_CURVE('',#12117,#10636,#12146,.T.);
#12146 = SURFACE_CURVE('',#12147,(#12151,#12158),.PCURVE_S1.);
#12147 = LINE('',#12148,#12149);
#12148 = CARTESIAN_POINT('',(29.375,28.75,16.));
#12149 = VECTOR('',#12150,1.);
#12150 = DIRECTION('',(1.,0.,-0.));
#12151 = PCURVE('',#9210,#12152);
#12152 = DEFINITIONAL_REPRESENTATION('',(#12153),#12157);
#12153 = LINE('',#12154,#12155);
#12154 = CARTESIAN_POINT('',(29.375,28.75));
#12155 = VECTOR('',#12156,1.);
#12156 = DIRECTION('',(1.,0.));
#12157 = ( GEOMETRIC_REPRESENTATION_CONTEXT(2) 
PARAMETRIC_REPRESENTATION_CONTEXT() REPRESENTATION_CONTEXT('2D SPACE',''
  ) );
#12158 = PCURVE('',#10653,#12159);
#12159 = DEFINITIONAL_REPRESENTATION('',(#12160),#12164);
#12160 = LINE('',#12161,#12162);
#12161 = CARTESIAN_POINT('',(29.375,-1.E-01));
#12162 = VECTOR('',#12163,1.);
#12163 = DIRECTION('',(-1.,0.));
#12164 = ( GEOMETRIC_REPRESENTATION_CONTEXT(2) 
PARAMETRIC_REPRESENTATION_CONTEXT() REPRESENTATION_CONTEXT('2D SPACE',''
  ) );
#12165 = ORIENTED_EDGE('',*,*,#10665,.T.);
#12166 = ORIENTED_EDGE('',*,*,#10430,.T.);
#12167 = ORIENTED_EDGE('',*,*,#9923,.T.);
#12168 = ORIENTED_EDGE('',*,*,#9802,.T.);
#12169 = ADVANCED_FACE('',(#12170),#9359,.T.);
#12170 = FACE_BOUND('',#12171,.T.);
#12171 = EDGE_LOOP('',(#12172,#12200,#12228,#12252,#12280,#12306,#12307,
    #12308));
#12172 = ORIENTED_EDGE('',*,*,#12173,.F.);
#12173 = EDGE_CURVE('',#12174,#9447,#12176,.T.);
#12174 = VERTEX_POINT('',#12175);
#12175 = CARTESIAN_POINT('',(-56.,-28.7,18.9));
#12176 = SURFACE_CURVE('',#12177,(#12182,#12193),.PCURVE_S1.);
#12177 = CIRCLE('',#12178,2.5);
#12178 = AXIS2_PLACEMENT_3D('',#12179,#12180,#12181);
#12179 = CARTESIAN_POINT('',(-56.,-26.2,18.9));
#12180 = DIRECTION('',(-0.,-0.,-1.));
#12181 = DIRECTION('',(0.,-1.,0.));
#12182 = PCURVE('',#9359,#12183);
#12183 = DEFINITIONAL_REPRESENTATION('',(#12184),#12192);
#12184 = ( BOUNDED_CURVE() B_SPLINE_CURVE(2,(#12185,#12186,#12187,#12188
    ,#12189,#12190,#12191),.UNSPECIFIED.,.T.,.F.) 
B_SPLINE_CURVE_WITH_KNOTS((1,2,2,2,2,1),(-2.094395102393,0.,
    2.094395102393,4.188790204786,6.28318530718,8.377580409573),
.UNSPECIFIED.) CURVE() GEOMETRIC_REPRESENTATION_ITEM() 
RATIONAL_B_SPLINE_CURVE((1.,0.5,1.,0.5,1.,0.5,1.)) REPRESENTATION_ITEM(
  '') );
#12185 = CARTESIAN_POINT('',(-40.565,-28.7));
#12186 = CARTESIAN_POINT('',(-44.89512701892,-28.7));
#12187 = CARTESIAN_POINT('',(-42.73006350946,-24.95));
#12188 = CARTESIAN_POINT('',(-40.565,-21.2));
#12189 = CARTESIAN_POINT('',(-38.39993649053,-24.95));
#12190 = CARTESIAN_POINT('',(-36.23487298107,-28.7));
#12191 = CARTESIAN_POINT('',(-40.565,-28.7));
#12192 = ( GEOMETRIC_REPRESENTATION_CONTEXT(2) 
PARAMETRIC_REPRESENTATION_CONTEXT() REPRESENTATION_CONTEXT('2D SPACE',''
  ) );
#12193 = PCURVE('',#9464,#12194);
#12194 = DEFINITIONAL_REPRESENTATION('',(#12195),#12199);
#12195 = LINE('',#12196,#12197);
#12196 = CARTESIAN_POINT('',(-0.,0.));
#12197 = VECTOR('',#12198,1.);
#12198 = DIRECTION('',(-1.,0.));
#12199 = ( GEOMETRIC_REPRESENTATION_CONTEXT(2) 
PARAMETRIC_REPRESENTATION_CONTEXT() REPRESENTATION_CONTEXT('2D SPACE',''
  ) );
#12200 = ORIENTED_EDGE('',*,*,#12201,.T.);
#12201 = EDGE_CURVE('',#12174,#12202,#12204,.T.);
#12202 = VERTEX_POINT('',#12203);
#12203 = CARTESIAN_POINT('',(-54.68738635424,-28.7,18.9));
#12204 = SURFACE_CURVE('',#12205,(#12209,#12216),.PCURVE_S1.);
#12205 = LINE('',#12206,#12207);
#12206 = CARTESIAN_POINT('',(-58.5,-28.7,18.9));
#12207 = VECTOR('',#12208,1.);
#12208 = DIRECTION('',(1.,0.,0.));
#12209 = PCURVE('',#9359,#12210);
#12210 = DEFINITIONAL_REPRESENTATION('',(#12211),#12215);
#12211 = LINE('',#12212,#12213);
#12212 = CARTESIAN_POINT('',(-43.065,-28.7));
#12213 = VECTOR('',#12214,1.);
#12214 = DIRECTION('',(1.,0.));
#12215 = ( GEOMETRIC_REPRESENTATION_CONTEXT(2) 
PARAMETRIC_REPRESENTATION_CONTEXT() REPRESENTATION_CONTEXT('2D SPACE',''
  ) );
#12216 = PCURVE('',#12217,#12222);
#12217 = PLANE('',#12218);
#12218 = AXIS2_PLACEMENT_3D('',#12219,#12220,#12221);
#12219 = CARTESIAN_POINT('',(-58.5,-28.7,18.9));
#12220 = DIRECTION('',(0.,1.,0.));
#12221 = DIRECTION('',(1.,0.,0.));
#12222 = DEFINITIONAL_REPRESENTATION('',(#12223),#12227);
#12223 = LINE('',#12224,#12225);
#12224 = CARTESIAN_POINT('',(0.,0.));
#12225 = VECTOR('',#12226,1.);
#12226 = DIRECTION('',(1.,0.));
#12227 = ( GEOMETRIC_REPRESENTATION_CONTEXT(2) 
PARAMETRIC_REPRESENTATION_CONTEXT() REPRESENTATION_CONTEXT('2D SPACE',''
  ) );
#12228 = ORIENTED_EDGE('',*,*,#12229,.F.);
#12229 = EDGE_CURVE('',#12230,#12202,#12232,.T.);
#12230 = VERTEX_POINT('',#12231);
#12231 = CARTESIAN_POINT('',(-58.5,-25.52069063257,18.9));
#12232 = SURFACE_CURVE('',#12233,(#12238,#12245),.PCURVE_S1.);
#12233 = CIRCLE('',#12234,4.75);
#12234 = AXIS2_PLACEMENT_3D('',#12235,#12236,#12237);
#12235 = CARTESIAN_POINT('',(-54.,-24.,18.9));
#12236 = DIRECTION('',(0.,0.,1.));
#12237 = DIRECTION('',(0.,-1.,0.));
#12238 = PCURVE('',#9359,#12239);
#12239 = DEFINITIONAL_REPRESENTATION('',(#12240),#12244);
#12240 = CIRCLE('',#12241,4.75);
#12241 = AXIS2_PLACEMENT_2D('',#12242,#12243);
#12242 = CARTESIAN_POINT('',(-38.565,-24.));
#12243 = DIRECTION('',(0.,-1.));
#12244 = ( GEOMETRIC_REPRESENTATION_CONTEXT(2) 
PARAMETRIC_REPRESENTATION_CONTEXT() REPRESENTATION_CONTEXT('2D SPACE',''
  ) );
#12245 = PCURVE('',#10519,#12246);
#12246 = DEFINITIONAL_REPRESENTATION('',(#12247),#12251);
#12247 = LINE('',#12248,#12249);
#12248 = CARTESIAN_POINT('',(-6.28318530718,3.));
#12249 = VECTOR('',#12250,1.);
#12250 = DIRECTION('',(1.,-0.));
#12251 = ( GEOMETRIC_REPRESENTATION_CONTEXT(2) 
PARAMETRIC_REPRESENTATION_CONTEXT() REPRESENTATION_CONTEXT('2D SPACE',''
  ) );
#12252 = ORIENTED_EDGE('',*,*,#12253,.T.);
#12253 = EDGE_CURVE('',#12230,#12254,#12256,.T.);
#12254 = VERTEX_POINT('',#12255);
#12255 = CARTESIAN_POINT('',(-58.5,-26.2,18.9));
#12256 = SURFACE_CURVE('',#12257,(#12261,#12268),.PCURVE_S1.);
#12257 = LINE('',#12258,#12259);
#12258 = CARTESIAN_POINT('',(-58.5,28.7,18.9));
#12259 = VECTOR('',#12260,1.);
#12260 = DIRECTION('',(0.,-1.,0.));
#12261 = PCURVE('',#9359,#12262);
#12262 = DEFINITIONAL_REPRESENTATION('',(#12263),#12267);
#12263 = LINE('',#12264,#12265);
#12264 = CARTESIAN_POINT('',(-43.065,28.7));
#12265 = VECTOR('',#12266,1.);
#12266 = DIRECTION('',(0.,-1.));
#12267 = ( GEOMETRIC_REPRESENTATION_CONTEXT(2) 
PARAMETRIC_REPRESENTATION_CONTEXT() REPRESENTATION_CONTEXT('2D SPACE',''
  ) );
#12268 = PCURVE('',#12269,#12274);
#12269 = PLANE('',#12270);
#12270 = AXIS2_PLACEMENT_3D('',#12271,#12272,#12273);
#12271 = CARTESIAN_POINT('',(-58.5,28.7,18.9));
#12272 = DIRECTION('',(1.,0.,-0.));
#12273 = DIRECTION('',(0.,-1.,0.));
#12274 = DEFINITIONAL_REPRESENTATION('',(#12275),#12279);
#12275 = LINE('',#12276,#12277);
#12276 = CARTESIAN_POINT('',(0.,0.));
#12277 = VECTOR('',#12278,1.);
#12278 = DIRECTION('',(1.,0.));
#12279 = ( GEOMETRIC_REPRESENTATION_CONTEXT(2) 
PARAMETRIC_REPRESENTATION_CONTEXT() REPRESENTATION_CONTEXT('2D SPACE',''
  ) );
#12280 = ORIENTED_EDGE('',*,*,#12281,.F.);
#12281 = EDGE_CURVE('',#9506,#12254,#12282,.T.);
#12282 = SURFACE_CURVE('',#12283,(#12288,#12299),.PCURVE_S1.);
#12283 = CIRCLE('',#12284,2.5);
#12284 = AXIS2_PLACEMENT_3D('',#12285,#12286,#12287);
#12285 = CARTESIAN_POINT('',(-56.,-26.2,18.9));
#12286 = DIRECTION('',(-0.,-0.,-1.));
#12287 = DIRECTION('',(0.,-1.,0.));
#12288 = PCURVE('',#9359,#12289);
#12289 = DEFINITIONAL_REPRESENTATION('',(#12290),#12298);
#12290 = ( BOUNDED_CURVE() B_SPLINE_CURVE(2,(#12291,#12292,#12293,#12294
    ,#12295,#12296,#12297),.UNSPECIFIED.,.T.,.F.) 
B_SPLINE_CURVE_WITH_KNOTS((1,2,2,2,2,1),(-2.094395102393,0.,
    2.094395102393,4.188790204786,6.28318530718,8.377580409573),
.UNSPECIFIED.) CURVE() GEOMETRIC_REPRESENTATION_ITEM() 
RATIONAL_B_SPLINE_CURVE((1.,0.5,1.,0.5,1.,0.5,1.)) REPRESENTATION_ITEM(
  '') );
#12291 = CARTESIAN_POINT('',(-40.565,-28.7));
#12292 = CARTESIAN_POINT('',(-44.89512701892,-28.7));
#12293 = CARTESIAN_POINT('',(-42.73006350946,-24.95));
#12294 = CARTESIAN_POINT('',(-40.565,-21.2));
#12295 = CARTESIAN_POINT('',(-38.39993649053,-24.95));
#12296 = CARTESIAN_POINT('',(-36.23487298107,-28.7));
#12297 = CARTESIAN_POINT('',(-40.565,-28.7));
#12298 = ( GEOMETRIC_REPRESENTATION_CONTEXT(2) 
PARAMETRIC_REPRESENTATION_CONTEXT() REPRESENTATION_CONTEXT('2D SPACE',''
  ) );
#12299 = PCURVE('',#9549,#12300);
#12300 = DEFINITIONAL_REPRESENTATION('',(#12301),#12305);
#12301 = LINE('',#12302,#12303);
#12302 = CARTESIAN_POINT('',(-0.,0.));
#12303 = VECTOR('',#12304,1.);
#12304 = DIRECTION('',(-1.,0.));
#12305 = ( GEOMETRIC_REPRESENTATION_CONTEXT(2) 
PARAMETRIC_REPRESENTATION_CONTEXT() REPRESENTATION_CONTEXT('2D SPACE',''
  ) );
#12306 = ORIENTED_EDGE('',*,*,#9505,.F.);
#12307 = ORIENTED_EDGE('',*,*,#9342,.T.);
#12308 = ORIENTED_EDGE('',*,*,#9476,.F.);
#12309 = ADVANCED_FACE('',(#12310),#9464,.F.);
#12310 = FACE_BOUND('',#12311,.T.);
#12311 = EDGE_LOOP('',(#12312,#12335,#12336,#12337));
#12312 = ORIENTED_EDGE('',*,*,#12313,.F.);
#12313 = EDGE_CURVE('',#12174,#12314,#12316,.T.);
#12314 = VERTEX_POINT('',#12315);
#12315 = CARTESIAN_POINT('',(-56.,-28.7,22.4));
#12316 = SURFACE_CURVE('',#12317,(#12321,#12328),.PCURVE_S1.);
#12317 = LINE('',#12318,#12319);
#12318 = CARTESIAN_POINT('',(-56.,-28.7,18.9));
#12319 = VECTOR('',#12320,1.);
#12320 = DIRECTION('',(0.,0.,1.));
#12321 = PCURVE('',#9464,#12322);
#12322 = DEFINITIONAL_REPRESENTATION('',(#12323),#12327);
#12323 = LINE('',#12324,#12325);
#12324 = CARTESIAN_POINT('',(-0.,0.));
#12325 = VECTOR('',#12326,1.);
#12326 = DIRECTION('',(-0.,1.));
#12327 = ( GEOMETRIC_REPRESENTATION_CONTEXT(2) 
PARAMETRIC_REPRESENTATION_CONTEXT() REPRESENTATION_CONTEXT('2D SPACE',''
  ) );
#12328 = PCURVE('',#12217,#12329);
#12329 = DEFINITIONAL_REPRESENTATION('',(#12330),#12334);
#12330 = LINE('',#12331,#12332);
#12331 = CARTESIAN_POINT('',(2.5,0.));
#12332 = VECTOR('',#12333,1.);
#12333 = DIRECTION('',(0.,-1.));
#12334 = ( GEOMETRIC_REPRESENTATION_CONTEXT(2) 
PARAMETRIC_REPRESENTATION_CONTEXT() REPRESENTATION_CONTEXT('2D SPACE',''
  ) );
#12335 = ORIENTED_EDGE('',*,*,#12173,.T.);
#12336 = ORIENTED_EDGE('',*,*,#9446,.T.);
#12337 = ORIENTED_EDGE('',*,*,#12338,.T.);
#12338 = EDGE_CURVE('',#9449,#12314,#12339,.T.);
#12339 = SURFACE_CURVE('',#12340,(#12345,#12352),.PCURVE_S1.);
#12340 = CIRCLE('',#12341,2.5);
#12341 = AXIS2_PLACEMENT_3D('',#12342,#12343,#12344);
#12342 = CARTESIAN_POINT('',(-56.,-26.2,22.4));
#12343 = DIRECTION('',(0.,0.,1.));
#12344 = DIRECTION('',(0.,-1.,0.));
#12345 = PCURVE('',#9464,#12346);
#12346 = DEFINITIONAL_REPRESENTATION('',(#12347),#12351);
#12347 = LINE('',#12348,#12349);
#12348 = CARTESIAN_POINT('',(-6.28318530718,3.5));
#12349 = VECTOR('',#12350,1.);
#12350 = DIRECTION('',(1.,-0.));
#12351 = ( GEOMETRIC_REPRESENTATION_CONTEXT(2) 
PARAMETRIC_REPRESENTATION_CONTEXT() REPRESENTATION_CONTEXT('2D SPACE',''
  ) );
#12352 = PCURVE('',#9578,#12353);
#12353 = DEFINITIONAL_REPRESENTATION('',(#12354),#12358);
#12354 = CIRCLE('',#12355,2.5);
#12355 = AXIS2_PLACEMENT_2D('',#12356,#12357);
#12356 = CARTESIAN_POINT('',(-1.75,-1.75));
#12357 = DIRECTION('',(0.,-1.));
#12358 = ( GEOMETRIC_REPRESENTATION_CONTEXT(2) 
PARAMETRIC_REPRESENTATION_CONTEXT() REPRESENTATION_CONTEXT('2D SPACE',''
  ) );
#12359 = ADVANCED_FACE('',(#12360,#12488),#9578,.F.);
#12360 = FACE_BOUND('',#12361,.F.);
#12361 = EDGE_LOOP('',(#12362,#12385,#12418,#12441,#12463,#12464,#12486,
    #12487));
#12362 = ORIENTED_EDGE('',*,*,#12363,.T.);
#12363 = EDGE_CURVE('',#12314,#12364,#12366,.T.);
#12364 = VERTEX_POINT('',#12365);
#12365 = CARTESIAN_POINT('',(-51.61608656178,-28.7,22.4));
#12366 = SURFACE_CURVE('',#12367,(#12371,#12378),.PCURVE_S1.);
#12367 = LINE('',#12368,#12369);
#12368 = CARTESIAN_POINT('',(-56.375,-28.7,22.4));
#12369 = VECTOR('',#12370,1.);
#12370 = DIRECTION('',(1.,0.,0.));
#12371 = PCURVE('',#9578,#12372);
#12372 = DEFINITIONAL_REPRESENTATION('',(#12373),#12377);
#12373 = LINE('',#12374,#12375);
#12374 = CARTESIAN_POINT('',(-2.125,-4.25));
#12375 = VECTOR('',#12376,1.);
#12376 = DIRECTION('',(1.,0.));
#12377 = ( GEOMETRIC_REPRESENTATION_CONTEXT(2) 
PARAMETRIC_REPRESENTATION_CONTEXT() REPRESENTATION_CONTEXT('2D SPACE',''
  ) );
#12378 = PCURVE('',#12217,#12379);
#12379 = DEFINITIONAL_REPRESENTATION('',(#12380),#12384);
#12380 = LINE('',#12381,#12382);
#12381 = CARTESIAN_POINT('',(2.125,-3.5));
#12382 = VECTOR('',#12383,1.);
#12383 = DIRECTION('',(1.,0.));
#12384 = ( GEOMETRIC_REPRESENTATION_CONTEXT(2) 
PARAMETRIC_REPRESENTATION_CONTEXT() REPRESENTATION_CONTEXT('2D SPACE',''
  ) );
#12385 = ORIENTED_EDGE('',*,*,#12386,.F.);
#12386 = EDGE_CURVE('',#12387,#12364,#12389,.T.);
#12387 = VERTEX_POINT('',#12388);
#12388 = CARTESIAN_POINT('',(-58.5,-21.81608656178,22.4));
#12389 = SURFACE_CURVE('',#12390,(#12395,#12406),.PCURVE_S1.);
#12390 = CIRCLE('',#12391,5.);
#12391 = AXIS2_PLACEMENT_3D('',#12392,#12393,#12394);
#12392 = CARTESIAN_POINT('',(-54.25,-24.45,22.4));
#12393 = DIRECTION('',(0.,0.,-1.));
#12394 = DIRECTION('',(-0.85,0.526782687643,0.));
#12395 = PCURVE('',#9578,#12396);
#12396 = DEFINITIONAL_REPRESENTATION('',(#12397),#12405);
#12397 = ( BOUNDED_CURVE() B_SPLINE_CURVE(2,(#12398,#12399,#12400,#12401
    ,#12402,#12403,#12404),.UNSPECIFIED.,.T.,.F.) 
B_SPLINE_CURVE_WITH_KNOTS((1,2,2,2,2,1),(-2.094395102393,0.,
    2.094395102393,4.188790204786,6.28318530718,8.377580409573),
.UNSPECIFIED.) CURVE() GEOMETRIC_REPRESENTATION_ITEM() 
RATIONAL_B_SPLINE_CURVE((1.,0.5,1.,0.5,1.,0.5,1.)) REPRESENTATION_ITEM(
  '') );
#12398 = CARTESIAN_POINT('',(-4.25,2.633913438213));
#12399 = CARTESIAN_POINT('',(0.312071897724,9.995129370381));
#12400 = CARTESIAN_POINT('',(4.406035948862,2.363651246977));
#12401 = CARTESIAN_POINT('',(8.5,-5.267826876426));
#12402 = CARTESIAN_POINT('',(-0.156035948862,-4.99756468519));
#12403 = CARTESIAN_POINT('',(-8.812071897724,-4.727302493955));
#12404 = CARTESIAN_POINT('',(-4.25,2.633913438213));
#12405 = ( GEOMETRIC_REPRESENTATION_CONTEXT(2) 
PARAMETRIC_REPRESENTATION_CONTEXT() REPRESENTATION_CONTEXT('2D SPACE',''
  ) );
#12406 = PCURVE('',#12407,#12412);
#12407 = CYLINDRICAL_SURFACE('',#12408,5.);
#12408 = AXIS2_PLACEMENT_3D('',#12409,#12410,#12411);
#12409 = CARTESIAN_POINT('',(-54.25,-24.45,22.4));
#12410 = DIRECTION('',(-0.,-0.,-1.));
#12411 = DIRECTION('',(1.,0.,0.));
#12412 = DEFINITIONAL_REPRESENTATION('',(#12413),#12417);
#12413 = LINE('',#12414,#12415);
#12414 = CARTESIAN_POINT('',(-8.869966927789,0.));
#12415 = VECTOR('',#12416,1.);
#12416 = DIRECTION('',(1.,-0.));
#12417 = ( GEOMETRIC_REPRESENTATION_CONTEXT(2) 
PARAMETRIC_REPRESENTATION_CONTEXT() REPRESENTATION_CONTEXT('2D SPACE',''
  ) );
#12418 = ORIENTED_EDGE('',*,*,#12419,.T.);
#12419 = EDGE_CURVE('',#12387,#12420,#12422,.T.);
#12420 = VERTEX_POINT('',#12421);
#12421 = CARTESIAN_POINT('',(-58.5,-26.2,22.4));
#12422 = SURFACE_CURVE('',#12423,(#12427,#12434),.PCURVE_S1.);
#12423 = LINE('',#12424,#12425);
#12424 = CARTESIAN_POINT('',(-58.5,2.125,22.4));
#12425 = VECTOR('',#12426,1.);
#12426 = DIRECTION('',(0.,-1.,0.));
#12427 = PCURVE('',#9578,#12428);
#12428 = DEFINITIONAL_REPRESENTATION('',(#12429),#12433);
#12429 = LINE('',#12430,#12431);
#12430 = CARTESIAN_POINT('',(-4.25,26.575));
#12431 = VECTOR('',#12432,1.);
#12432 = DIRECTION('',(0.,-1.));
#12433 = ( GEOMETRIC_REPRESENTATION_CONTEXT(2) 
PARAMETRIC_REPRESENTATION_CONTEXT() REPRESENTATION_CONTEXT('2D SPACE',''
  ) );
#12434 = PCURVE('',#12269,#12435);
#12435 = DEFINITIONAL_REPRESENTATION('',(#12436),#12440);
#12436 = LINE('',#12437,#12438);
#12437 = CARTESIAN_POINT('',(26.575,-3.5));
#12438 = VECTOR('',#12439,1.);
#12439 = DIRECTION('',(1.,0.));
#12440 = ( GEOMETRIC_REPRESENTATION_CONTEXT(2) 
PARAMETRIC_REPRESENTATION_CONTEXT() REPRESENTATION_CONTEXT('2D SPACE',''
  ) );
#12441 = ORIENTED_EDGE('',*,*,#12442,.T.);
#12442 = EDGE_CURVE('',#12420,#9534,#12443,.T.);
#12443 = SURFACE_CURVE('',#12444,(#12449,#12456),.PCURVE_S1.);
#12444 = CIRCLE('',#12445,2.5);
#12445 = AXIS2_PLACEMENT_3D('',#12446,#12447,#12448);
#12446 = CARTESIAN_POINT('',(-56.,-26.2,22.4));
#12447 = DIRECTION('',(0.,0.,1.));
#12448 = DIRECTION('',(0.,-1.,0.));
#12449 = PCURVE('',#9578,#12450);
#12450 = DEFINITIONAL_REPRESENTATION('',(#12451),#12455);
#12451 = CIRCLE('',#12452,2.5);
#12452 = AXIS2_PLACEMENT_2D('',#12453,#12454);
#12453 = CARTESIAN_POINT('',(-1.75,-1.75));
#12454 = DIRECTION('',(0.,-1.));
#12455 = ( GEOMETRIC_REPRESENTATION_CONTEXT(2) 
PARAMETRIC_REPRESENTATION_CONTEXT() REPRESENTATION_CONTEXT('2D SPACE',''
  ) );
#12456 = PCURVE('',#9549,#12457);
#12457 = DEFINITIONAL_REPRESENTATION('',(#12458),#12462);
#12458 = LINE('',#12459,#12460);
#12459 = CARTESIAN_POINT('',(-6.28318530718,3.5));
#12460 = VECTOR('',#12461,1.);
#12461 = DIRECTION('',(1.,-0.));
#12462 = ( GEOMETRIC_REPRESENTATION_CONTEXT(2) 
PARAMETRIC_REPRESENTATION_CONTEXT() REPRESENTATION_CONTEXT('2D SPACE',''
  ) );
#12463 = ORIENTED_EDGE('',*,*,#9561,.F.);
#12464 = ORIENTED_EDGE('',*,*,#12465,.T.);
#12465 = EDGE_CURVE('',#9562,#9652,#12466,.T.);
#12466 = SURFACE_CURVE('',#12467,(#12472,#12479),.PCURVE_S1.);
#12467 = CIRCLE('',#12468,5.);
#12468 = AXIS2_PLACEMENT_3D('',#12469,#12470,#12471);
#12469 = CARTESIAN_POINT('',(-54.25,-24.45,22.4));
#12470 = DIRECTION('',(0.,0.,1.));
#12471 = DIRECTION('',(1.,0.,0.));
#12472 = PCURVE('',#9578,#12473);
#12473 = DEFINITIONAL_REPRESENTATION('',(#12474),#12478);
#12474 = CIRCLE('',#12475,5.);
#12475 = AXIS2_PLACEMENT_2D('',#12476,#12477);
#12476 = CARTESIAN_POINT('',(-7.105427357601E-15,-3.552713678801E-15));
#12477 = DIRECTION('',(1.,0.));
#12478 = ( GEOMETRIC_REPRESENTATION_CONTEXT(2) 
PARAMETRIC_REPRESENTATION_CONTEXT() REPRESENTATION_CONTEXT('2D SPACE',''
  ) );
#12479 = PCURVE('',#9610,#12480);
#12480 = DEFINITIONAL_REPRESENTATION('',(#12481),#12485);
#12481 = LINE('',#12482,#12483);
#12482 = CARTESIAN_POINT('',(-0.,0.));
#12483 = VECTOR('',#12484,1.);
#12484 = DIRECTION('',(-1.,0.));
#12485 = ( GEOMETRIC_REPRESENTATION_CONTEXT(2) 
PARAMETRIC_REPRESENTATION_CONTEXT() REPRESENTATION_CONTEXT('2D SPACE',''
  ) );
#12486 = ORIENTED_EDGE('',*,*,#9674,.F.);
#12487 = ORIENTED_EDGE('',*,*,#12338,.T.);
#12488 = FACE_BOUND('',#12489,.F.);
#12489 = EDGE_LOOP('',(#12490));
#12490 = ORIENTED_EDGE('',*,*,#12491,.T.);
#12491 = EDGE_CURVE('',#12492,#12492,#12494,.T.);
#12492 = VERTEX_POINT('',#12493);
#12493 = CARTESIAN_POINT('',(-53.,-24.45,22.4));
#12494 = SURFACE_CURVE('',#12495,(#12500,#12511),.PCURVE_S1.);
#12495 = CIRCLE('',#12496,1.25);
#12496 = AXIS2_PLACEMENT_3D('',#12497,#12498,#12499);
#12497 = CARTESIAN_POINT('',(-54.25,-24.45,22.4));
#12498 = DIRECTION('',(0.,0.,-1.));
#12499 = DIRECTION('',(1.,0.,0.));
#12500 = PCURVE('',#9578,#12501);
#12501 = DEFINITIONAL_REPRESENTATION('',(#12502),#12510);
#12502 = ( BOUNDED_CURVE() B_SPLINE_CURVE(2,(#12503,#12504,#12505,#12506
    ,#12507,#12508,#12509),.UNSPECIFIED.,.T.,.F.) 
B_SPLINE_CURVE_WITH_KNOTS((1,2,2,2,2,1),(-2.094395102393,0.,
    2.094395102393,4.188790204786,6.28318530718,8.377580409573),
.UNSPECIFIED.) CURVE() GEOMETRIC_REPRESENTATION_ITEM() 
RATIONAL_B_SPLINE_CURVE((1.,0.5,1.,0.5,1.,0.5,1.)) REPRESENTATION_ITEM(
  '') );
#12503 = CARTESIAN_POINT('',(1.25,-3.552713678801E-15));
#12504 = CARTESIAN_POINT('',(1.25,-2.165063509461));
#12505 = CARTESIAN_POINT('',(-0.625,-1.082531754731));
#12506 = CARTESIAN_POINT('',(-2.5,-3.858875378587E-15));
#12507 = CARTESIAN_POINT('',(-0.625,1.082531754731));
#12508 = CARTESIAN_POINT('',(1.25,2.165063509461));
#12509 = CARTESIAN_POINT('',(1.25,-3.552713678801E-15));
#12510 = ( GEOMETRIC_REPRESENTATION_CONTEXT(2) 
PARAMETRIC_REPRESENTATION_CONTEXT() REPRESENTATION_CONTEXT('2D SPACE',''
  ) );
#12511 = PCURVE('',#12512,#12517);
#12512 = CYLINDRICAL_SURFACE('',#12513,1.25);
#12513 = AXIS2_PLACEMENT_3D('',#12514,#12515,#12516);
#12514 = CARTESIAN_POINT('',(-54.25,-24.45,22.39));
#12515 = DIRECTION('',(-0.,-0.,-1.));
#12516 = DIRECTION('',(1.,0.,0.));
#12517 = DEFINITIONAL_REPRESENTATION('',(#12518),#12522);
#12518 = LINE('',#12519,#12520);
#12519 = CARTESIAN_POINT('',(-6.28318530718,-1.E-02));
#12520 = VECTOR('',#12521,1.);
#12521 = DIRECTION('',(1.,-0.));
#12522 = ( GEOMETRIC_REPRESENTATION_CONTEXT(2) 
PARAMETRIC_REPRESENTATION_CONTEXT() REPRESENTATION_CONTEXT('2D SPACE',''
  ) );
#12523 = ADVANCED_FACE('',(#12524),#9610,.T.);
#12524 = FACE_BOUND('',#12525,.F.);
#12525 = EDGE_LOOP('',(#12526,#12527,#12528,#12550));
#12526 = ORIENTED_EDGE('',*,*,#12465,.F.);
#12527 = ORIENTED_EDGE('',*,*,#9594,.F.);
#12528 = ORIENTED_EDGE('',*,*,#12529,.T.);
#12529 = EDGE_CURVE('',#9595,#9623,#12530,.T.);
#12530 = SURFACE_CURVE('',#12531,(#12536,#12543),.PCURVE_S1.);
#12531 = CIRCLE('',#12532,5.);
#12532 = AXIS2_PLACEMENT_3D('',#12533,#12534,#12535);
#12533 = CARTESIAN_POINT('',(-54.25,-24.45,24.5));
#12534 = DIRECTION('',(0.,0.,1.));
#12535 = DIRECTION('',(1.,0.,0.));
#12536 = PCURVE('',#9610,#12537);
#12537 = DEFINITIONAL_REPRESENTATION('',(#12538),#12542);
#12538 = LINE('',#12539,#12540);
#12539 = CARTESIAN_POINT('',(-0.,-2.1));
#12540 = VECTOR('',#12541,1.);
#12541 = DIRECTION('',(-1.,0.));
#12542 = ( GEOMETRIC_REPRESENTATION_CONTEXT(2) 
PARAMETRIC_REPRESENTATION_CONTEXT() REPRESENTATION_CONTEXT('2D SPACE',''
  ) );
#12543 = PCURVE('',#9639,#12544);
#12544 = DEFINITIONAL_REPRESENTATION('',(#12545),#12549);
#12545 = CIRCLE('',#12546,5.);
#12546 = AXIS2_PLACEMENT_2D('',#12547,#12548);
#12547 = CARTESIAN_POINT('',(-38.815,-24.45));
#12548 = DIRECTION('',(1.,0.));
#12549 = ( GEOMETRIC_REPRESENTATION_CONTEXT(2) 
PARAMETRIC_REPRESENTATION_CONTEXT() REPRESENTATION_CONTEXT('2D SPACE',''
  ) );
#12550 = ORIENTED_EDGE('',*,*,#9651,.T.);
#12551 = ADVANCED_FACE('',(#12552),#9639,.F.);
#12552 = FACE_BOUND('',#12553,.F.);
#12553 = EDGE_LOOP('',(#12554,#12555));
#12554 = ORIENTED_EDGE('',*,*,#9622,.T.);
#12555 = ORIENTED_EDGE('',*,*,#12529,.F.);
#12556 = ADVANCED_FACE('',(#12557),#9549,.F.);
#12557 = FACE_BOUND('',#12558,.T.);
#12558 = EDGE_LOOP('',(#12559,#12560,#12561,#12582));
#12559 = ORIENTED_EDGE('',*,*,#9533,.F.);
#12560 = ORIENTED_EDGE('',*,*,#12281,.T.);
#12561 = ORIENTED_EDGE('',*,*,#12562,.T.);
#12562 = EDGE_CURVE('',#12254,#12420,#12563,.T.);
#12563 = SURFACE_CURVE('',#12564,(#12568,#12575),.PCURVE_S1.);
#12564 = LINE('',#12565,#12566);
#12565 = CARTESIAN_POINT('',(-58.5,-26.2,18.9));
#12566 = VECTOR('',#12567,1.);
#12567 = DIRECTION('',(0.,0.,1.));
#12568 = PCURVE('',#9549,#12569);
#12569 = DEFINITIONAL_REPRESENTATION('',(#12570),#12574);
#12570 = LINE('',#12571,#12572);
#12571 = CARTESIAN_POINT('',(-1.570796326795,0.));
#12572 = VECTOR('',#12573,1.);
#12573 = DIRECTION('',(-0.,1.));
#12574 = ( GEOMETRIC_REPRESENTATION_CONTEXT(2) 
PARAMETRIC_REPRESENTATION_CONTEXT() REPRESENTATION_CONTEXT('2D SPACE',''
  ) );
#12575 = PCURVE('',#12269,#12576);
#12576 = DEFINITIONAL_REPRESENTATION('',(#12577),#12581);
#12577 = LINE('',#12578,#12579);
#12578 = CARTESIAN_POINT('',(54.9,0.));
#12579 = VECTOR('',#12580,1.);
#12580 = DIRECTION('',(0.,-1.));
#12581 = ( GEOMETRIC_REPRESENTATION_CONTEXT(2) 
PARAMETRIC_REPRESENTATION_CONTEXT() REPRESENTATION_CONTEXT('2D SPACE',''
  ) );
#12582 = ORIENTED_EDGE('',*,*,#12442,.T.);
#12583 = ADVANCED_FACE('',(#12584),#9987,.T.);
#12584 = FACE_BOUND('',#12585,.T.);
#12585 = EDGE_LOOP('',(#12586,#12611,#12635,#12663,#12685,#12686,#12687,
    #12688));
#12586 = ORIENTED_EDGE('',*,*,#12587,.T.);
#12587 = EDGE_CURVE('',#12588,#12590,#12592,.T.);
#12588 = VERTEX_POINT('',#12589);
#12589 = CARTESIAN_POINT('',(-58.5,26.2,18.9));
#12590 = VERTEX_POINT('',#12591);
#12591 = CARTESIAN_POINT('',(-58.5,25.520690632575,18.9));
#12592 = SURFACE_CURVE('',#12593,(#12597,#12604),.PCURVE_S1.);
#12593 = LINE('',#12594,#12595);
#12594 = CARTESIAN_POINT('',(-58.5,28.7,18.9));
#12595 = VECTOR('',#12596,1.);
#12596 = DIRECTION('',(0.,-1.,0.));
#12597 = PCURVE('',#9987,#12598);
#12598 = DEFINITIONAL_REPRESENTATION('',(#12599),#12603);
#12599 = LINE('',#12600,#12601);
#12600 = CARTESIAN_POINT('',(-43.065,28.7));
#12601 = VECTOR('',#12602,1.);
#12602 = DIRECTION('',(0.,-1.));
#12603 = ( GEOMETRIC_REPRESENTATION_CONTEXT(2) 
PARAMETRIC_REPRESENTATION_CONTEXT() REPRESENTATION_CONTEXT('2D SPACE',''
  ) );
#12604 = PCURVE('',#12269,#12605);
#12605 = DEFINITIONAL_REPRESENTATION('',(#12606),#12610);
#12606 = LINE('',#12607,#12608);
#12607 = CARTESIAN_POINT('',(0.,0.));
#12608 = VECTOR('',#12609,1.);
#12609 = DIRECTION('',(1.,0.));
#12610 = ( GEOMETRIC_REPRESENTATION_CONTEXT(2) 
PARAMETRIC_REPRESENTATION_CONTEXT() REPRESENTATION_CONTEXT('2D SPACE',''
  ) );
#12611 = ORIENTED_EDGE('',*,*,#12612,.F.);
#12612 = EDGE_CURVE('',#12613,#12590,#12615,.T.);
#12613 = VERTEX_POINT('',#12614);
#12614 = CARTESIAN_POINT('',(-54.68738635424,28.7,18.9));
#12615 = SURFACE_CURVE('',#12616,(#12621,#12628),.PCURVE_S1.);
#12616 = CIRCLE('',#12617,4.75);
#12617 = AXIS2_PLACEMENT_3D('',#12618,#12619,#12620);
#12618 = CARTESIAN_POINT('',(-54.,24.,18.9));
#12619 = DIRECTION('',(0.,0.,1.));
#12620 = DIRECTION('',(-0.,1.,0.));
#12621 = PCURVE('',#9987,#12622);
#12622 = DEFINITIONAL_REPRESENTATION('',(#12623),#12627);
#12623 = CIRCLE('',#12624,4.75);
#12624 = AXIS2_PLACEMENT_2D('',#12625,#12626);
#12625 = CARTESIAN_POINT('',(-38.565,24.));
#12626 = DIRECTION('',(0.,1.));
#12627 = ( GEOMETRIC_REPRESENTATION_CONTEXT(2) 
PARAMETRIC_REPRESENTATION_CONTEXT() REPRESENTATION_CONTEXT('2D SPACE',''
  ) );
#12628 = PCURVE('',#12133,#12629);
#12629 = DEFINITIONAL_REPRESENTATION('',(#12630),#12634);
#12630 = LINE('',#12631,#12632);
#12631 = CARTESIAN_POINT('',(0.,3.));
#12632 = VECTOR('',#12633,1.);
#12633 = DIRECTION('',(1.,0.));
#12634 = ( GEOMETRIC_REPRESENTATION_CONTEXT(2) 
PARAMETRIC_REPRESENTATION_CONTEXT() REPRESENTATION_CONTEXT('2D SPACE',''
  ) );
#12635 = ORIENTED_EDGE('',*,*,#12636,.T.);
#12636 = EDGE_CURVE('',#12613,#12637,#12639,.T.);
#12637 = VERTEX_POINT('',#12638);
#12638 = CARTESIAN_POINT('',(-56.,28.7,18.9));
#12639 = SURFACE_CURVE('',#12640,(#12644,#12651),.PCURVE_S1.);
#12640 = LINE('',#12641,#12642);
#12641 = CARTESIAN_POINT('',(27.63,28.7,18.9));
#12642 = VECTOR('',#12643,1.);
#12643 = DIRECTION('',(-1.,0.,0.));
#12644 = PCURVE('',#9987,#12645);
#12645 = DEFINITIONAL_REPRESENTATION('',(#12646),#12650);
#12646 = LINE('',#12647,#12648);
#12647 = CARTESIAN_POINT('',(43.065,28.7));
#12648 = VECTOR('',#12649,1.);
#12649 = DIRECTION('',(-1.,0.));
#12650 = ( GEOMETRIC_REPRESENTATION_CONTEXT(2) 
PARAMETRIC_REPRESENTATION_CONTEXT() REPRESENTATION_CONTEXT('2D SPACE',''
  ) );
#12651 = PCURVE('',#12652,#12657);
#12652 = PLANE('',#12653);
#12653 = AXIS2_PLACEMENT_3D('',#12654,#12655,#12656);
#12654 = CARTESIAN_POINT('',(27.63,28.7,18.9));
#12655 = DIRECTION('',(0.,-1.,0.));
#12656 = DIRECTION('',(-1.,0.,0.));
#12657 = DEFINITIONAL_REPRESENTATION('',(#12658),#12662);
#12658 = LINE('',#12659,#12660);
#12659 = CARTESIAN_POINT('',(0.,-0.));
#12660 = VECTOR('',#12661,1.);
#12661 = DIRECTION('',(1.,0.));
#12662 = ( GEOMETRIC_REPRESENTATION_CONTEXT(2) 
PARAMETRIC_REPRESENTATION_CONTEXT() REPRESENTATION_CONTEXT('2D SPACE',''
  ) );
#12663 = ORIENTED_EDGE('',*,*,#12664,.T.);
#12664 = EDGE_CURVE('',#12637,#10134,#12665,.T.);
#12665 = SURFACE_CURVE('',#12666,(#12671,#12678),.PCURVE_S1.);
#12666 = CIRCLE('',#12667,2.5);
#12667 = AXIS2_PLACEMENT_3D('',#12668,#12669,#12670);
#12668 = CARTESIAN_POINT('',(-56.,26.2,18.9));
#12669 = DIRECTION('',(0.,0.,1.));
#12670 = DIRECTION('',(0.,-1.,0.));
#12671 = PCURVE('',#9987,#12672);
#12672 = DEFINITIONAL_REPRESENTATION('',(#12673),#12677);
#12673 = CIRCLE('',#12674,2.5);
#12674 = AXIS2_PLACEMENT_2D('',#12675,#12676);
#12675 = CARTESIAN_POINT('',(-40.565,26.2));
#12676 = DIRECTION('',(0.,-1.));
#12677 = ( GEOMETRIC_REPRESENTATION_CONTEXT(2) 
PARAMETRIC_REPRESENTATION_CONTEXT() REPRESENTATION_CONTEXT('2D SPACE',''
  ) );
#12678 = PCURVE('',#10177,#12679);
#12679 = DEFINITIONAL_REPRESENTATION('',(#12680),#12684);
#12680 = LINE('',#12681,#12682);
#12681 = CARTESIAN_POINT('',(-3.14159265359,0.));
#12682 = VECTOR('',#12683,1.);
#12683 = DIRECTION('',(1.,0.));
#12684 = ( GEOMETRIC_REPRESENTATION_CONTEXT(2) 
PARAMETRIC_REPRESENTATION_CONTEXT() REPRESENTATION_CONTEXT('2D SPACE',''
  ) );
#12685 = ORIENTED_EDGE('',*,*,#10133,.F.);
#12686 = ORIENTED_EDGE('',*,*,#9970,.T.);
#12687 = ORIENTED_EDGE('',*,*,#10104,.F.);
#12688 = ORIENTED_EDGE('',*,*,#12689,.T.);
#12689 = EDGE_CURVE('',#10075,#12588,#12690,.T.);
#12690 = SURFACE_CURVE('',#12691,(#12696,#12703),.PCURVE_S1.);
#12691 = CIRCLE('',#12692,2.5);
#12692 = AXIS2_PLACEMENT_3D('',#12693,#12694,#12695);
#12693 = CARTESIAN_POINT('',(-56.,26.2,18.9));
#12694 = DIRECTION('',(0.,0.,1.));
#12695 = DIRECTION('',(0.,-1.,0.));
#12696 = PCURVE('',#9987,#12697);
#12697 = DEFINITIONAL_REPRESENTATION('',(#12698),#12702);
#12698 = CIRCLE('',#12699,2.5);
#12699 = AXIS2_PLACEMENT_2D('',#12700,#12701);
#12700 = CARTESIAN_POINT('',(-40.565,26.2));
#12701 = DIRECTION('',(0.,-1.));
#12702 = ( GEOMETRIC_REPRESENTATION_CONTEXT(2) 
PARAMETRIC_REPRESENTATION_CONTEXT() REPRESENTATION_CONTEXT('2D SPACE',''
  ) );
#12703 = PCURVE('',#10092,#12704);
#12704 = DEFINITIONAL_REPRESENTATION('',(#12705),#12709);
#12705 = LINE('',#12706,#12707);
#12706 = CARTESIAN_POINT('',(-3.14159265359,0.));
#12707 = VECTOR('',#12708,1.);
#12708 = DIRECTION('',(1.,0.));
#12709 = ( GEOMETRIC_REPRESENTATION_CONTEXT(2) 
PARAMETRIC_REPRESENTATION_CONTEXT() REPRESENTATION_CONTEXT('2D SPACE',''
  ) );
#12710 = ADVANCED_FACE('',(#12711),#10092,.F.);
#12711 = FACE_BOUND('',#12712,.F.);
#12712 = EDGE_LOOP('',(#12713,#12714,#12715,#12738));
#12713 = ORIENTED_EDGE('',*,*,#10074,.F.);
#12714 = ORIENTED_EDGE('',*,*,#12689,.T.);
#12715 = ORIENTED_EDGE('',*,*,#12716,.T.);
#12716 = EDGE_CURVE('',#12588,#12717,#12719,.T.);
#12717 = VERTEX_POINT('',#12718);
#12718 = CARTESIAN_POINT('',(-58.5,26.2,22.4));
#12719 = SURFACE_CURVE('',#12720,(#12724,#12731),.PCURVE_S1.);
#12720 = LINE('',#12721,#12722);
#12721 = CARTESIAN_POINT('',(-58.5,26.2,18.9));
#12722 = VECTOR('',#12723,1.);
#12723 = DIRECTION('',(0.,0.,1.));
#12724 = PCURVE('',#10092,#12725);
#12725 = DEFINITIONAL_REPRESENTATION('',(#12726),#12730);
#12726 = LINE('',#12727,#12728);
#12727 = CARTESIAN_POINT('',(1.570796326795,0.));
#12728 = VECTOR('',#12729,1.);
#12729 = DIRECTION('',(0.,1.));
#12730 = ( GEOMETRIC_REPRESENTATION_CONTEXT(2) 
PARAMETRIC_REPRESENTATION_CONTEXT() REPRESENTATION_CONTEXT('2D SPACE',''
  ) );
#12731 = PCURVE('',#12269,#12732);
#12732 = DEFINITIONAL_REPRESENTATION('',(#12733),#12737);
#12733 = LINE('',#12734,#12735);
#12734 = CARTESIAN_POINT('',(2.5,0.));
#12735 = VECTOR('',#12736,1.);
#12736 = DIRECTION('',(0.,-1.));
#12737 = ( GEOMETRIC_REPRESENTATION_CONTEXT(2) 
PARAMETRIC_REPRESENTATION_CONTEXT() REPRESENTATION_CONTEXT('2D SPACE',''
  ) );
#12738 = ORIENTED_EDGE('',*,*,#12739,.F.);
#12739 = EDGE_CURVE('',#10077,#12717,#12740,.T.);
#12740 = SURFACE_CURVE('',#12741,(#12746,#12753),.PCURVE_S1.);
#12741 = CIRCLE('',#12742,2.5);
#12742 = AXIS2_PLACEMENT_3D('',#12743,#12744,#12745);
#12743 = CARTESIAN_POINT('',(-56.,26.2,22.4));
#12744 = DIRECTION('',(0.,0.,1.));
#12745 = DIRECTION('',(-0.,1.,0.));
#12746 = PCURVE('',#10092,#12747);
#12747 = DEFINITIONAL_REPRESENTATION('',(#12748),#12752);
#12748 = LINE('',#12749,#12750);
#12749 = CARTESIAN_POINT('',(0.,3.5));
#12750 = VECTOR('',#12751,1.);
#12751 = DIRECTION('',(1.,0.));
#12752 = ( GEOMETRIC_REPRESENTATION_CONTEXT(2) 
PARAMETRIC_REPRESENTATION_CONTEXT() REPRESENTATION_CONTEXT('2D SPACE',''
  ) );
#12753 = PCURVE('',#10206,#12754);
#12754 = DEFINITIONAL_REPRESENTATION('',(#12755),#12759);
#12755 = CIRCLE('',#12756,2.5);
#12756 = AXIS2_PLACEMENT_2D('',#12757,#12758);
#12757 = CARTESIAN_POINT('',(-1.75,1.75));
#12758 = DIRECTION('',(0.,1.));
#12759 = ( GEOMETRIC_REPRESENTATION_CONTEXT(2) 
PARAMETRIC_REPRESENTATION_CONTEXT() REPRESENTATION_CONTEXT('2D SPACE',''
  ) );
#12760 = ADVANCED_FACE('',(#12761,#12889),#10206,.F.);
#12761 = FACE_BOUND('',#12762,.F.);
#12762 = EDGE_LOOP('',(#12763,#12786,#12819,#12842,#12864,#12865,#12887,
    #12888));
#12763 = ORIENTED_EDGE('',*,*,#12764,.T.);
#12764 = EDGE_CURVE('',#12717,#12765,#12767,.T.);
#12765 = VERTEX_POINT('',#12766);
#12766 = CARTESIAN_POINT('',(-58.5,21.816086561787,22.4));
#12767 = SURFACE_CURVE('',#12768,(#12772,#12779),.PCURVE_S1.);
#12768 = LINE('',#12769,#12770);
#12769 = CARTESIAN_POINT('',(-58.5,26.575,22.4));
#12770 = VECTOR('',#12771,1.);
#12771 = DIRECTION('',(0.,-1.,0.));
#12772 = PCURVE('',#10206,#12773);
#12773 = DEFINITIONAL_REPRESENTATION('',(#12774),#12778);
#12774 = LINE('',#12775,#12776);
#12775 = CARTESIAN_POINT('',(-4.25,2.125));
#12776 = VECTOR('',#12777,1.);
#12777 = DIRECTION('',(0.,-1.));
#12778 = ( GEOMETRIC_REPRESENTATION_CONTEXT(2) 
PARAMETRIC_REPRESENTATION_CONTEXT() REPRESENTATION_CONTEXT('2D SPACE',''
  ) );
#12779 = PCURVE('',#12269,#12780);
#12780 = DEFINITIONAL_REPRESENTATION('',(#12781),#12785);
#12781 = LINE('',#12782,#12783);
#12782 = CARTESIAN_POINT('',(2.125,-3.5));
#12783 = VECTOR('',#12784,1.);
#12784 = DIRECTION('',(1.,0.));
#12785 = ( GEOMETRIC_REPRESENTATION_CONTEXT(2) 
PARAMETRIC_REPRESENTATION_CONTEXT() REPRESENTATION_CONTEXT('2D SPACE',''
  ) );
#12786 = ORIENTED_EDGE('',*,*,#12787,.F.);
#12787 = EDGE_CURVE('',#12788,#12765,#12790,.T.);
#12788 = VERTEX_POINT('',#12789);
#12789 = CARTESIAN_POINT('',(-51.61608656178,28.7,22.4));
#12790 = SURFACE_CURVE('',#12791,(#12796,#12807),.PCURVE_S1.);
#12791 = CIRCLE('',#12792,5.);
#12792 = AXIS2_PLACEMENT_3D('',#12793,#12794,#12795);
#12793 = CARTESIAN_POINT('',(-54.25,24.45,22.4));
#12794 = DIRECTION('',(0.,0.,-1.));
#12795 = DIRECTION('',(0.526782687643,0.85,0.));
#12796 = PCURVE('',#10206,#12797);
#12797 = DEFINITIONAL_REPRESENTATION('',(#12798),#12806);
#12798 = ( BOUNDED_CURVE() B_SPLINE_CURVE(2,(#12799,#12800,#12801,#12802
    ,#12803,#12804,#12805),.UNSPECIFIED.,.T.,.F.) 
B_SPLINE_CURVE_WITH_KNOTS((1,2,2,2,2,1),(-2.094395102393,0.,
    2.094395102393,4.188790204786,6.28318530718,8.377580409573),
.UNSPECIFIED.) CURVE() GEOMETRIC_REPRESENTATION_ITEM() 
RATIONAL_B_SPLINE_CURVE((1.,0.5,1.,0.5,1.,0.5,1.)) REPRESENTATION_ITEM(
  '') );
#12799 = CARTESIAN_POINT('',(2.633913438213,4.25));
#12800 = CARTESIAN_POINT('',(9.995129370381,-0.312071897724));
#12801 = CARTESIAN_POINT('',(2.363651246977,-4.406035948862));
#12802 = CARTESIAN_POINT('',(-5.267826876426,-8.5));
#12803 = CARTESIAN_POINT('',(-4.99756468519,0.156035948862));
#12804 = CARTESIAN_POINT('',(-4.727302493955,8.812071897724));
#12805 = CARTESIAN_POINT('',(2.633913438213,4.25));
#12806 = ( GEOMETRIC_REPRESENTATION_CONTEXT(2) 
PARAMETRIC_REPRESENTATION_CONTEXT() REPRESENTATION_CONTEXT('2D SPACE',''
  ) );
#12807 = PCURVE('',#12808,#12813);
#12808 = CYLINDRICAL_SURFACE('',#12809,5.);
#12809 = AXIS2_PLACEMENT_3D('',#12810,#12811,#12812);
#12810 = CARTESIAN_POINT('',(-54.25,24.45,22.4));
#12811 = DIRECTION('',(-0.,-0.,-1.));
#12812 = DIRECTION('',(1.,0.,0.));
#12813 = DEFINITIONAL_REPRESENTATION('',(#12814),#12818);
#12814 = LINE('',#12815,#12816);
#12815 = CARTESIAN_POINT('',(-7.299170600994,0.));
#12816 = VECTOR('',#12817,1.);
#12817 = DIRECTION('',(1.,-0.));
#12818 = ( GEOMETRIC_REPRESENTATION_CONTEXT(2) 
PARAMETRIC_REPRESENTATION_CONTEXT() REPRESENTATION_CONTEXT('2D SPACE',''
  ) );
#12819 = ORIENTED_EDGE('',*,*,#12820,.T.);
#12820 = EDGE_CURVE('',#12788,#12821,#12823,.T.);
#12821 = VERTEX_POINT('',#12822);
#12822 = CARTESIAN_POINT('',(-56.,28.7,22.4));
#12823 = SURFACE_CURVE('',#12824,(#12828,#12835),.PCURVE_S1.);
#12824 = LINE('',#12825,#12826);
#12825 = CARTESIAN_POINT('',(-13.31,28.7,22.4));
#12826 = VECTOR('',#12827,1.);
#12827 = DIRECTION('',(-1.,0.,0.));
#12828 = PCURVE('',#10206,#12829);
#12829 = DEFINITIONAL_REPRESENTATION('',(#12830),#12834);
#12830 = LINE('',#12831,#12832);
#12831 = CARTESIAN_POINT('',(40.94,4.25));
#12832 = VECTOR('',#12833,1.);
#12833 = DIRECTION('',(-1.,0.));
#12834 = ( GEOMETRIC_REPRESENTATION_CONTEXT(2) 
PARAMETRIC_REPRESENTATION_CONTEXT() REPRESENTATION_CONTEXT('2D SPACE',''
  ) );
#12835 = PCURVE('',#12652,#12836);
#12836 = DEFINITIONAL_REPRESENTATION('',(#12837),#12841);
#12837 = LINE('',#12838,#12839);
#12838 = CARTESIAN_POINT('',(40.94,-3.5));
#12839 = VECTOR('',#12840,1.);
#12840 = DIRECTION('',(1.,0.));
#12841 = ( GEOMETRIC_REPRESENTATION_CONTEXT(2) 
PARAMETRIC_REPRESENTATION_CONTEXT() REPRESENTATION_CONTEXT('2D SPACE',''
  ) );
#12842 = ORIENTED_EDGE('',*,*,#12843,.T.);
#12843 = EDGE_CURVE('',#12821,#10162,#12844,.T.);
#12844 = SURFACE_CURVE('',#12845,(#12850,#12857),.PCURVE_S1.);
#12845 = CIRCLE('',#12846,2.5);
#12846 = AXIS2_PLACEMENT_3D('',#12847,#12848,#12849);
#12847 = CARTESIAN_POINT('',(-56.,26.2,22.4));
#12848 = DIRECTION('',(0.,0.,1.));
#12849 = DIRECTION('',(-0.,1.,0.));
#12850 = PCURVE('',#10206,#12851);
#12851 = DEFINITIONAL_REPRESENTATION('',(#12852),#12856);
#12852 = CIRCLE('',#12853,2.5);
#12853 = AXIS2_PLACEMENT_2D('',#12854,#12855);
#12854 = CARTESIAN_POINT('',(-1.75,1.75));
#12855 = DIRECTION('',(0.,1.));
#12856 = ( GEOMETRIC_REPRESENTATION_CONTEXT(2) 
PARAMETRIC_REPRESENTATION_CONTEXT() REPRESENTATION_CONTEXT('2D SPACE',''
  ) );
#12857 = PCURVE('',#10177,#12858);
#12858 = DEFINITIONAL_REPRESENTATION('',(#12859),#12863);
#12859 = LINE('',#12860,#12861);
#12860 = CARTESIAN_POINT('',(0.,3.5));
#12861 = VECTOR('',#12862,1.);
#12862 = DIRECTION('',(1.,0.));
#12863 = ( GEOMETRIC_REPRESENTATION_CONTEXT(2) 
PARAMETRIC_REPRESENTATION_CONTEXT() REPRESENTATION_CONTEXT('2D SPACE',''
  ) );
#12864 = ORIENTED_EDGE('',*,*,#10189,.F.);
#12865 = ORIENTED_EDGE('',*,*,#12866,.T.);
#12866 = EDGE_CURVE('',#10190,#10280,#12867,.T.);
#12867 = SURFACE_CURVE('',#12868,(#12873,#12880),.PCURVE_S1.);
#12868 = CIRCLE('',#12869,5.);
#12869 = AXIS2_PLACEMENT_3D('',#12870,#12871,#12872);
#12870 = CARTESIAN_POINT('',(-54.25,24.45,22.4));
#12871 = DIRECTION('',(0.,0.,1.));
#12872 = DIRECTION('',(1.,0.,0.));
#12873 = PCURVE('',#10206,#12874);
#12874 = DEFINITIONAL_REPRESENTATION('',(#12875),#12879);
#12875 = CIRCLE('',#12876,5.);
#12876 = AXIS2_PLACEMENT_2D('',#12877,#12878);
#12877 = CARTESIAN_POINT('',(-7.105427357601E-15,3.552713678801E-15));
#12878 = DIRECTION('',(1.,0.));
#12879 = ( GEOMETRIC_REPRESENTATION_CONTEXT(2) 
PARAMETRIC_REPRESENTATION_CONTEXT() REPRESENTATION_CONTEXT('2D SPACE',''
  ) );
#12880 = PCURVE('',#10238,#12881);
#12881 = DEFINITIONAL_REPRESENTATION('',(#12882),#12886);
#12882 = LINE('',#12883,#12884);
#12883 = CARTESIAN_POINT('',(-0.,0.));
#12884 = VECTOR('',#12885,1.);
#12885 = DIRECTION('',(-1.,0.));
#12886 = ( GEOMETRIC_REPRESENTATION_CONTEXT(2) 
PARAMETRIC_REPRESENTATION_CONTEXT() REPRESENTATION_CONTEXT('2D SPACE',''
  ) );
#12887 = ORIENTED_EDGE('',*,*,#10302,.F.);
#12888 = ORIENTED_EDGE('',*,*,#12739,.T.);
#12889 = FACE_BOUND('',#12890,.F.);
#12890 = EDGE_LOOP('',(#12891));
#12891 = ORIENTED_EDGE('',*,*,#12892,.T.);
#12892 = EDGE_CURVE('',#12893,#12893,#12895,.T.);
#12893 = VERTEX_POINT('',#12894);
#12894 = CARTESIAN_POINT('',(-53.,24.45,22.4));
#12895 = SURFACE_CURVE('',#12896,(#12901,#12912),.PCURVE_S1.);
#12896 = CIRCLE('',#12897,1.25);
#12897 = AXIS2_PLACEMENT_3D('',#12898,#12899,#12900);
#12898 = CARTESIAN_POINT('',(-54.25,24.45,22.4));
#12899 = DIRECTION('',(0.,0.,-1.));
#12900 = DIRECTION('',(1.,0.,0.));
#12901 = PCURVE('',#10206,#12902);
#12902 = DEFINITIONAL_REPRESENTATION('',(#12903),#12911);
#12903 = ( BOUNDED_CURVE() B_SPLINE_CURVE(2,(#12904,#12905,#12906,#12907
    ,#12908,#12909,#12910),.UNSPECIFIED.,.T.,.F.) 
B_SPLINE_CURVE_WITH_KNOTS((1,2,2,2,2,1),(-2.094395102393,0.,
    2.094395102393,4.188790204786,6.28318530718,8.377580409573),
.UNSPECIFIED.) CURVE() GEOMETRIC_REPRESENTATION_ITEM() 
RATIONAL_B_SPLINE_CURVE((1.,0.5,1.,0.5,1.,0.5,1.)) REPRESENTATION_ITEM(
  '') );
#12904 = CARTESIAN_POINT('',(1.25,3.552713678801E-15));
#12905 = CARTESIAN_POINT('',(1.25,-2.165063509461));
#12906 = CARTESIAN_POINT('',(-0.625,-1.082531754731));
#12907 = CARTESIAN_POINT('',(-2.5,3.246551979014E-15));
#12908 = CARTESIAN_POINT('',(-0.625,1.082531754731));
#12909 = CARTESIAN_POINT('',(1.25,2.165063509461));
#12910 = CARTESIAN_POINT('',(1.25,3.552713678801E-15));
#12911 = ( GEOMETRIC_REPRESENTATION_CONTEXT(2) 
PARAMETRIC_REPRESENTATION_CONTEXT() REPRESENTATION_CONTEXT('2D SPACE',''
  ) );
#12912 = PCURVE('',#12913,#12918);
#12913 = CYLINDRICAL_SURFACE('',#12914,1.25);
#12914 = AXIS2_PLACEMENT_3D('',#12915,#12916,#12917);
#12915 = CARTESIAN_POINT('',(-54.25,24.45,22.39));
#12916 = DIRECTION('',(-0.,-0.,-1.));
#12917 = DIRECTION('',(1.,0.,0.));
#12918 = DEFINITIONAL_REPRESENTATION('',(#12919),#12923);
#12919 = LINE('',#12920,#12921);
#12920 = CARTESIAN_POINT('',(-6.28318530718,-1.E-02));
#12921 = VECTOR('',#12922,1.);
#12922 = DIRECTION('',(1.,-0.));
#12923 = ( GEOMETRIC_REPRESENTATION_CONTEXT(2) 
PARAMETRIC_REPRESENTATION_CONTEXT() REPRESENTATION_CONTEXT('2D SPACE',''
  ) );
#12924 = ADVANCED_FACE('',(#12925),#10238,.T.);
#12925 = FACE_BOUND('',#12926,.F.);
#12926 = EDGE_LOOP('',(#12927,#12928,#12929,#12951));
#12927 = ORIENTED_EDGE('',*,*,#12866,.F.);
#12928 = ORIENTED_EDGE('',*,*,#10222,.F.);
#12929 = ORIENTED_EDGE('',*,*,#12930,.T.);
#12930 = EDGE_CURVE('',#10223,#10251,#12931,.T.);
#12931 = SURFACE_CURVE('',#12932,(#12937,#12944),.PCURVE_S1.);
#12932 = CIRCLE('',#12933,5.);
#12933 = AXIS2_PLACEMENT_3D('',#12934,#12935,#12936);
#12934 = CARTESIAN_POINT('',(-54.25,24.45,24.5));
#12935 = DIRECTION('',(0.,0.,1.));
#12936 = DIRECTION('',(1.,0.,0.));
#12937 = PCURVE('',#10238,#12938);
#12938 = DEFINITIONAL_REPRESENTATION('',(#12939),#12943);
#12939 = LINE('',#12940,#12941);
#12940 = CARTESIAN_POINT('',(-0.,-2.1));
#12941 = VECTOR('',#12942,1.);
#12942 = DIRECTION('',(-1.,0.));
#12943 = ( GEOMETRIC_REPRESENTATION_CONTEXT(2) 
PARAMETRIC_REPRESENTATION_CONTEXT() REPRESENTATION_CONTEXT('2D SPACE',''
  ) );
#12944 = PCURVE('',#10267,#12945);
#12945 = DEFINITIONAL_REPRESENTATION('',(#12946),#12950);
#12946 = CIRCLE('',#12947,5.);
#12947 = AXIS2_PLACEMENT_2D('',#12948,#12949);
#12948 = CARTESIAN_POINT('',(-38.815,24.45));
#12949 = DIRECTION('',(1.,0.));
#12950 = ( GEOMETRIC_REPRESENTATION_CONTEXT(2) 
PARAMETRIC_REPRESENTATION_CONTEXT() REPRESENTATION_CONTEXT('2D SPACE',''
  ) );
#12951 = ORIENTED_EDGE('',*,*,#10279,.T.);
#12952 = ADVANCED_FACE('',(#12953),#10267,.F.);
#12953 = FACE_BOUND('',#12954,.F.);
#12954 = EDGE_LOOP('',(#12955,#12956));
#12955 = ORIENTED_EDGE('',*,*,#10250,.T.);
#12956 = ORIENTED_EDGE('',*,*,#12930,.F.);
#12957 = ADVANCED_FACE('',(#12958),#10177,.F.);
#12958 = FACE_BOUND('',#12959,.F.);
#12959 = EDGE_LOOP('',(#12960,#12981,#12982,#12983));
#12960 = ORIENTED_EDGE('',*,*,#12961,.F.);
#12961 = EDGE_CURVE('',#12637,#12821,#12962,.T.);
#12962 = SURFACE_CURVE('',#12963,(#12967,#12974),.PCURVE_S1.);
#12963 = LINE('',#12964,#12965);
#12964 = CARTESIAN_POINT('',(-56.,28.7,18.9));
#12965 = VECTOR('',#12966,1.);
#12966 = DIRECTION('',(0.,0.,1.));
#12967 = PCURVE('',#10177,#12968);
#12968 = DEFINITIONAL_REPRESENTATION('',(#12969),#12973);
#12969 = LINE('',#12970,#12971);
#12970 = CARTESIAN_POINT('',(0.,0.));
#12971 = VECTOR('',#12972,1.);
#12972 = DIRECTION('',(0.,1.));
#12973 = ( GEOMETRIC_REPRESENTATION_CONTEXT(2) 
PARAMETRIC_REPRESENTATION_CONTEXT() REPRESENTATION_CONTEXT('2D SPACE',''
  ) );
#12974 = PCURVE('',#12652,#12975);
#12975 = DEFINITIONAL_REPRESENTATION('',(#12976),#12980);
#12976 = LINE('',#12977,#12978);
#12977 = CARTESIAN_POINT('',(83.63,0.));
#12978 = VECTOR('',#12979,1.);
#12979 = DIRECTION('',(0.,-1.));
#12980 = ( GEOMETRIC_REPRESENTATION_CONTEXT(2) 
PARAMETRIC_REPRESENTATION_CONTEXT() REPRESENTATION_CONTEXT('2D SPACE',''
  ) );
#12981 = ORIENTED_EDGE('',*,*,#12664,.T.);
#12982 = ORIENTED_EDGE('',*,*,#10161,.T.);
#12983 = ORIENTED_EDGE('',*,*,#12843,.F.);
#12984 = ADVANCED_FACE('',(#12985),#10598,.T.);
#12985 = FACE_BOUND('',#12986,.T.);
#12986 = EDGE_LOOP('',(#12987,#12988));
#12987 = ORIENTED_EDGE('',*,*,#10582,.F.);
#12988 = ORIENTED_EDGE('',*,*,#10822,.F.);
#12989 = ADVANCED_FACE('',(#12990),#10547,.F.);
#12990 = FACE_BOUND('',#12991,.F.);
#12991 = EDGE_LOOP('',(#12992,#12993,#12994,#13018,#13041));
#12992 = ORIENTED_EDGE('',*,*,#10531,.F.);
#12993 = ORIENTED_EDGE('',*,*,#10849,.T.);
#12994 = ORIENTED_EDGE('',*,*,#12995,.F.);
#12995 = EDGE_CURVE('',#12996,#10741,#12998,.T.);
#12996 = VERTEX_POINT('',#12997);
#12997 = CARTESIAN_POINT('',(25.13,-28.7,19.));
#12998 = SURFACE_CURVE('',#12999,(#13004,#13011),.PCURVE_S1.);
#12999 = CIRCLE('',#13000,2.5);
#13000 = AXIS2_PLACEMENT_3D('',#13001,#13002,#13003);
#13001 = CARTESIAN_POINT('',(25.13,-26.2,19.));
#13002 = DIRECTION('',(0.,0.,1.));
#13003 = DIRECTION('',(0.,-1.,0.));
#13004 = PCURVE('',#10547,#13005);
#13005 = DEFINITIONAL_REPRESENTATION('',(#13006),#13010);
#13006 = CIRCLE('',#13007,2.5);
#13007 = AXIS2_PLACEMENT_2D('',#13008,#13009);
#13008 = CARTESIAN_POINT('',(25.13,-26.2));
#13009 = DIRECTION('',(0.,-1.));
#13010 = ( GEOMETRIC_REPRESENTATION_CONTEXT(2) 
PARAMETRIC_REPRESENTATION_CONTEXT() REPRESENTATION_CONTEXT('2D SPACE',''
  ) );
#13011 = PCURVE('',#10758,#13012);
#13012 = DEFINITIONAL_REPRESENTATION('',(#13013),#13017);
#13013 = LINE('',#13014,#13015);
#13014 = CARTESIAN_POINT('',(0.,0.1));
#13015 = VECTOR('',#13016,1.);
#13016 = DIRECTION('',(1.,0.));
#13017 = ( GEOMETRIC_REPRESENTATION_CONTEXT(2) 
PARAMETRIC_REPRESENTATION_CONTEXT() REPRESENTATION_CONTEXT('2D SPACE',''
  ) );
#13018 = ORIENTED_EDGE('',*,*,#13019,.T.);
#13019 = EDGE_CURVE('',#12996,#13020,#13022,.T.);
#13020 = VERTEX_POINT('',#13021);
#13021 = CARTESIAN_POINT('',(-54.68738635424,-28.7,19.));
#13022 = SURFACE_CURVE('',#13023,(#13027,#13034),.PCURVE_S1.);
#13023 = LINE('',#13024,#13025);
#13024 = CARTESIAN_POINT('',(-29.25,-28.7,19.));
#13025 = VECTOR('',#13026,1.);
#13026 = DIRECTION('',(-1.,0.,0.));
#13027 = PCURVE('',#10547,#13028);
#13028 = DEFINITIONAL_REPRESENTATION('',(#13029),#13033);
#13029 = LINE('',#13030,#13031);
#13030 = CARTESIAN_POINT('',(-29.25,-28.7));
#13031 = VECTOR('',#13032,1.);
#13032 = DIRECTION('',(-1.,0.));
#13033 = ( GEOMETRIC_REPRESENTATION_CONTEXT(2) 
PARAMETRIC_REPRESENTATION_CONTEXT() REPRESENTATION_CONTEXT('2D SPACE',''
  ) );
#13034 = PCURVE('',#12217,#13035);
#13035 = DEFINITIONAL_REPRESENTATION('',(#13036),#13040);
#13036 = LINE('',#13037,#13038);
#13037 = CARTESIAN_POINT('',(29.25,-0.1));
#13038 = VECTOR('',#13039,1.);
#13039 = DIRECTION('',(-1.,0.));
#13040 = ( GEOMETRIC_REPRESENTATION_CONTEXT(2) 
PARAMETRIC_REPRESENTATION_CONTEXT() REPRESENTATION_CONTEXT('2D SPACE',''
  ) );
#13041 = ORIENTED_EDGE('',*,*,#13042,.T.);
#13042 = EDGE_CURVE('',#13020,#10504,#13043,.T.);
#13043 = SURFACE_CURVE('',#13044,(#13049,#13056),.PCURVE_S1.);
#13044 = CIRCLE('',#13045,4.75);
#13045 = AXIS2_PLACEMENT_3D('',#13046,#13047,#13048);
#13046 = CARTESIAN_POINT('',(-54.,-24.,19.));
#13047 = DIRECTION('',(0.,0.,1.));
#13048 = DIRECTION('',(0.,-1.,0.));
#13049 = PCURVE('',#10547,#13050);
#13050 = DEFINITIONAL_REPRESENTATION('',(#13051),#13055);
#13051 = CIRCLE('',#13052,4.75);
#13052 = AXIS2_PLACEMENT_2D('',#13053,#13054);
#13053 = CARTESIAN_POINT('',(-54.,-24.));
#13054 = DIRECTION('',(0.,-1.));
#13055 = ( GEOMETRIC_REPRESENTATION_CONTEXT(2) 
PARAMETRIC_REPRESENTATION_CONTEXT() REPRESENTATION_CONTEXT('2D SPACE',''
  ) );
#13056 = PCURVE('',#10519,#13057);
#13057 = DEFINITIONAL_REPRESENTATION('',(#13058),#13062);
#13058 = LINE('',#13059,#13060);
#13059 = CARTESIAN_POINT('',(-6.28318530718,3.1));
#13060 = VECTOR('',#13061,1.);
#13061 = DIRECTION('',(1.,-0.));
#13062 = ( GEOMETRIC_REPRESENTATION_CONTEXT(2) 
PARAMETRIC_REPRESENTATION_CONTEXT() REPRESENTATION_CONTEXT('2D SPACE',''
  ) );
#13063 = ADVANCED_FACE('',(#13064),#10519,.F.);
#13064 = FACE_BOUND('',#13065,.T.);
#13065 = EDGE_LOOP('',(#13066,#13067,#13068,#13091,#13120,#13141,#13142,
    #13163));
#13066 = ORIENTED_EDGE('',*,*,#10503,.F.);
#13067 = ORIENTED_EDGE('',*,*,#12064,.F.);
#13068 = ORIENTED_EDGE('',*,*,#13069,.T.);
#13069 = EDGE_CURVE('',#12065,#13070,#13072,.T.);
#13070 = VERTEX_POINT('',#13071);
#13071 = CARTESIAN_POINT('',(-58.75,-24.,19.));
#13072 = SURFACE_CURVE('',#13073,(#13077,#13084),.PCURVE_S1.);
#13073 = LINE('',#13074,#13075);
#13074 = CARTESIAN_POINT('',(-58.75,-24.,15.9));
#13075 = VECTOR('',#13076,1.);
#13076 = DIRECTION('',(0.,0.,1.));
#13077 = PCURVE('',#10519,#13078);
#13078 = DEFINITIONAL_REPRESENTATION('',(#13079),#13083);
#13079 = LINE('',#13080,#13081);
#13080 = CARTESIAN_POINT('',(-1.570796326795,0.));
#13081 = VECTOR('',#13082,1.);
#13082 = DIRECTION('',(-0.,1.));
#13083 = ( GEOMETRIC_REPRESENTATION_CONTEXT(2) 
PARAMETRIC_REPRESENTATION_CONTEXT() REPRESENTATION_CONTEXT('2D SPACE',''
  ) );
#13084 = PCURVE('',#12104,#13085);
#13085 = DEFINITIONAL_REPRESENTATION('',(#13086),#13090);
#13086 = LINE('',#13087,#13088);
#13087 = CARTESIAN_POINT('',(52.75,0.));
#13088 = VECTOR('',#13089,1.);
#13089 = DIRECTION('',(0.,-1.));
#13090 = ( GEOMETRIC_REPRESENTATION_CONTEXT(2) 
PARAMETRIC_REPRESENTATION_CONTEXT() REPRESENTATION_CONTEXT('2D SPACE',''
  ) );
#13091 = ORIENTED_EDGE('',*,*,#13092,.T.);
#13092 = EDGE_CURVE('',#13070,#13093,#13095,.T.);
#13093 = VERTEX_POINT('',#13094);
#13094 = CARTESIAN_POINT('',(-58.5,-25.52069063257,19.));
#13095 = SURFACE_CURVE('',#13096,(#13101,#13108),.PCURVE_S1.);
#13096 = CIRCLE('',#13097,4.75);
#13097 = AXIS2_PLACEMENT_3D('',#13098,#13099,#13100);
#13098 = CARTESIAN_POINT('',(-54.,-24.,19.));
#13099 = DIRECTION('',(0.,0.,1.));
#13100 = DIRECTION('',(0.,-1.,0.));
#13101 = PCURVE('',#10519,#13102);
#13102 = DEFINITIONAL_REPRESENTATION('',(#13103),#13107);
#13103 = LINE('',#13104,#13105);
#13104 = CARTESIAN_POINT('',(-6.28318530718,3.1));
#13105 = VECTOR('',#13106,1.);
#13106 = DIRECTION('',(1.,-0.));
#13107 = ( GEOMETRIC_REPRESENTATION_CONTEXT(2) 
PARAMETRIC_REPRESENTATION_CONTEXT() REPRESENTATION_CONTEXT('2D SPACE',''
  ) );
#13108 = PCURVE('',#13109,#13114);
#13109 = PLANE('',#13110);
#13110 = AXIS2_PLACEMENT_3D('',#13111,#13112,#13113);
#13111 = CARTESIAN_POINT('',(2.324884206986E-15,0.,19.));
#13112 = DIRECTION('',(0.,0.,1.));
#13113 = DIRECTION('',(1.,0.,-0.));
#13114 = DEFINITIONAL_REPRESENTATION('',(#13115),#13119);
#13115 = CIRCLE('',#13116,4.75);
#13116 = AXIS2_PLACEMENT_2D('',#13117,#13118);
#13117 = CARTESIAN_POINT('',(-54.,-24.));
#13118 = DIRECTION('',(0.,-1.));
#13119 = ( GEOMETRIC_REPRESENTATION_CONTEXT(2) 
PARAMETRIC_REPRESENTATION_CONTEXT() REPRESENTATION_CONTEXT('2D SPACE',''
  ) );
#13120 = ORIENTED_EDGE('',*,*,#13121,.F.);
#13121 = EDGE_CURVE('',#12230,#13093,#13122,.T.);
#13122 = SURFACE_CURVE('',#13123,(#13127,#13134),.PCURVE_S1.);
#13123 = LINE('',#13124,#13125);
#13124 = CARTESIAN_POINT('',(-58.5,-25.52069063257,15.9));
#13125 = VECTOR('',#13126,1.);
#13126 = DIRECTION('',(0.,0.,1.));
#13127 = PCURVE('',#10519,#13128);
#13128 = DEFINITIONAL_REPRESENTATION('',(#13129),#13133);
#13129 = LINE('',#13130,#13131);
#13130 = CARTESIAN_POINT('',(-1.244913369574,0.));
#13131 = VECTOR('',#13132,1.);
#13132 = DIRECTION('',(-0.,1.));
#13133 = ( GEOMETRIC_REPRESENTATION_CONTEXT(2) 
PARAMETRIC_REPRESENTATION_CONTEXT() REPRESENTATION_CONTEXT('2D SPACE',''
  ) );
#13134 = PCURVE('',#12269,#13135);
#13135 = DEFINITIONAL_REPRESENTATION('',(#13136),#13140);
#13136 = LINE('',#13137,#13138);
#13137 = CARTESIAN_POINT('',(54.220690632575,3.));
#13138 = VECTOR('',#13139,1.);
#13139 = DIRECTION('',(0.,-1.));
#13140 = ( GEOMETRIC_REPRESENTATION_CONTEXT(2) 
PARAMETRIC_REPRESENTATION_CONTEXT() REPRESENTATION_CONTEXT('2D SPACE',''
  ) );
#13141 = ORIENTED_EDGE('',*,*,#12229,.T.);
#13142 = ORIENTED_EDGE('',*,*,#13143,.T.);
#13143 = EDGE_CURVE('',#12202,#13020,#13144,.T.);
#13144 = SURFACE_CURVE('',#13145,(#13149,#13156),.PCURVE_S1.);
#13145 = LINE('',#13146,#13147);
#13146 = CARTESIAN_POINT('',(-54.68738635424,-28.7,15.9));
#13147 = VECTOR('',#13148,1.);
#13148 = DIRECTION('',(0.,0.,1.));
#13149 = PCURVE('',#10519,#13150);
#13150 = DEFINITIONAL_REPRESENTATION('',(#13151),#13155);
#13151 = LINE('',#13152,#13153);
#13152 = CARTESIAN_POINT('',(-0.145222828949,0.));
#13153 = VECTOR('',#13154,1.);
#13154 = DIRECTION('',(-0.,1.));
#13155 = ( GEOMETRIC_REPRESENTATION_CONTEXT(2) 
PARAMETRIC_REPRESENTATION_CONTEXT() REPRESENTATION_CONTEXT('2D SPACE',''
  ) );
#13156 = PCURVE('',#12217,#13157);
#13157 = DEFINITIONAL_REPRESENTATION('',(#13158),#13162);
#13158 = LINE('',#13159,#13160);
#13159 = CARTESIAN_POINT('',(3.812613645757,3.));
#13160 = VECTOR('',#13161,1.);
#13161 = DIRECTION('',(0.,-1.));
#13162 = ( GEOMETRIC_REPRESENTATION_CONTEXT(2) 
PARAMETRIC_REPRESENTATION_CONTEXT() REPRESENTATION_CONTEXT('2D SPACE',''
  ) );
#13163 = ORIENTED_EDGE('',*,*,#13042,.T.);
#13164 = ADVANCED_FACE('',(#13165),#10653,.T.);
#13165 = FACE_BOUND('',#13166,.T.);
#13166 = EDGE_LOOP('',(#13167,#13190,#13191,#13192,#13213,#13214));
#13167 = ORIENTED_EDGE('',*,*,#13168,.F.);
#13168 = EDGE_CURVE('',#12117,#13169,#13171,.T.);
#13169 = VERTEX_POINT('',#13170);
#13170 = CARTESIAN_POINT('',(-54.,28.75,19.));
#13171 = SURFACE_CURVE('',#13172,(#13176,#13183),.PCURVE_S1.);
#13172 = LINE('',#13173,#13174);
#13173 = CARTESIAN_POINT('',(-54.,28.75,15.9));
#13174 = VECTOR('',#13175,1.);
#13175 = DIRECTION('',(0.,0.,1.));
#13176 = PCURVE('',#10653,#13177);
#13177 = DEFINITIONAL_REPRESENTATION('',(#13178),#13182);
#13178 = LINE('',#13179,#13180);
#13179 = CARTESIAN_POINT('',(112.75,0.));
#13180 = VECTOR('',#13181,1.);
#13181 = DIRECTION('',(0.,-1.));
#13182 = ( GEOMETRIC_REPRESENTATION_CONTEXT(2) 
PARAMETRIC_REPRESENTATION_CONTEXT() REPRESENTATION_CONTEXT('2D SPACE',''
  ) );
#13183 = PCURVE('',#12133,#13184);
#13184 = DEFINITIONAL_REPRESENTATION('',(#13185),#13189);
#13185 = LINE('',#13186,#13187);
#13186 = CARTESIAN_POINT('',(0.,0.));
#13187 = VECTOR('',#13188,1.);
#13188 = DIRECTION('',(0.,1.));
#13189 = ( GEOMETRIC_REPRESENTATION_CONTEXT(2) 
PARAMETRIC_REPRESENTATION_CONTEXT() REPRESENTATION_CONTEXT('2D SPACE',''
  ) );
#13190 = ORIENTED_EDGE('',*,*,#12145,.T.);
#13191 = ORIENTED_EDGE('',*,*,#10635,.T.);
#13192 = ORIENTED_EDGE('',*,*,#13193,.T.);
#13193 = EDGE_CURVE('',#10638,#10881,#13194,.T.);
#13194 = SURFACE_CURVE('',#13195,(#13199,#13206),.PCURVE_S1.);
#13195 = LINE('',#13196,#13197);
#13196 = CARTESIAN_POINT('',(21.6575,28.75,18.9));
#13197 = VECTOR('',#13198,1.);
#13198 = DIRECTION('',(-1.,0.,0.));
#13199 = PCURVE('',#10653,#13200);
#13200 = DEFINITIONAL_REPRESENTATION('',(#13201),#13205);
#13201 = LINE('',#13202,#13203);
#13202 = CARTESIAN_POINT('',(37.0925,-3.));
#13203 = VECTOR('',#13204,1.);
#13204 = DIRECTION('',(1.,0.));
#13205 = ( GEOMETRIC_REPRESENTATION_CONTEXT(2) 
PARAMETRIC_REPRESENTATION_CONTEXT() REPRESENTATION_CONTEXT('2D SPACE',''
  ) );
#13206 = PCURVE('',#10725,#13207);
#13207 = DEFINITIONAL_REPRESENTATION('',(#13208),#13212);
#13208 = LINE('',#13209,#13210);
#13209 = CARTESIAN_POINT('',(37.0925,28.75));
#13210 = VECTOR('',#13211,1.);
#13211 = DIRECTION('',(-1.,0.));
#13212 = ( GEOMETRIC_REPRESENTATION_CONTEXT(2) 
PARAMETRIC_REPRESENTATION_CONTEXT() REPRESENTATION_CONTEXT('2D SPACE',''
  ) );
#13213 = ORIENTED_EDGE('',*,*,#10878,.F.);
#13214 = ORIENTED_EDGE('',*,*,#13215,.F.);
#13215 = EDGE_CURVE('',#13169,#10879,#13216,.T.);
#13216 = SURFACE_CURVE('',#13217,(#13221,#13228),.PCURVE_S1.);
#13217 = LINE('',#13218,#13219);
#13218 = CARTESIAN_POINT('',(29.375,28.75,19.));
#13219 = VECTOR('',#13220,1.);
#13220 = DIRECTION('',(1.,0.,-0.));
#13221 = PCURVE('',#10653,#13222);
#13222 = DEFINITIONAL_REPRESENTATION('',(#13223),#13227);
#13223 = LINE('',#13224,#13225);
#13224 = CARTESIAN_POINT('',(29.375,-3.1));
#13225 = VECTOR('',#13226,1.);
#13226 = DIRECTION('',(-1.,0.));
#13227 = ( GEOMETRIC_REPRESENTATION_CONTEXT(2) 
PARAMETRIC_REPRESENTATION_CONTEXT() REPRESENTATION_CONTEXT('2D SPACE',''
  ) );
#13228 = PCURVE('',#11021,#13229);
#13229 = DEFINITIONAL_REPRESENTATION('',(#13230),#13234);
#13230 = LINE('',#13231,#13232);
#13231 = CARTESIAN_POINT('',(29.375,28.75));
#13232 = VECTOR('',#13233,1.);
#13233 = DIRECTION('',(1.,0.));
#13234 = ( GEOMETRIC_REPRESENTATION_CONTEXT(2) 
PARAMETRIC_REPRESENTATION_CONTEXT() REPRESENTATION_CONTEXT('2D SPACE',''
  ) );
#13235 = ADVANCED_FACE('',(#13236),#10725,.T.);
#13236 = FACE_BOUND('',#13237,.T.);
#13237 = EDGE_LOOP('',(#13238,#13239,#13240));
#13238 = ORIENTED_EDGE('',*,*,#10903,.F.);
#13239 = ORIENTED_EDGE('',*,*,#13193,.F.);
#13240 = ORIENTED_EDGE('',*,*,#10711,.F.);
#13241 = ADVANCED_FACE('',(#13242),#10758,.F.);
#13242 = FACE_BOUND('',#13243,.F.);
#13243 = EDGE_LOOP('',(#13244,#13267,#13268,#13269));
#13244 = ORIENTED_EDGE('',*,*,#13245,.F.);
#13245 = EDGE_CURVE('',#12996,#13246,#13248,.T.);
#13246 = VERTEX_POINT('',#13247);
#13247 = CARTESIAN_POINT('',(25.13,-28.7,24.5));
#13248 = SURFACE_CURVE('',#13249,(#13253,#13260),.PCURVE_S1.);
#13249 = LINE('',#13250,#13251);
#13250 = CARTESIAN_POINT('',(25.13,-28.7,18.9));
#13251 = VECTOR('',#13252,1.);
#13252 = DIRECTION('',(0.,0.,1.));
#13253 = PCURVE('',#10758,#13254);
#13254 = DEFINITIONAL_REPRESENTATION('',(#13255),#13259);
#13255 = LINE('',#13256,#13257);
#13256 = CARTESIAN_POINT('',(0.,0.));
#13257 = VECTOR('',#13258,1.);
#13258 = DIRECTION('',(0.,1.));
#13259 = ( GEOMETRIC_REPRESENTATION_CONTEXT(2) 
PARAMETRIC_REPRESENTATION_CONTEXT() REPRESENTATION_CONTEXT('2D SPACE',''
  ) );
#13260 = PCURVE('',#12217,#13261);
#13261 = DEFINITIONAL_REPRESENTATION('',(#13262),#13266);
#13262 = LINE('',#13263,#13264);
#13263 = CARTESIAN_POINT('',(83.63,0.));
#13264 = VECTOR('',#13265,1.);
#13265 = DIRECTION('',(0.,-1.));
#13266 = ( GEOMETRIC_REPRESENTATION_CONTEXT(2) 
PARAMETRIC_REPRESENTATION_CONTEXT() REPRESENTATION_CONTEXT('2D SPACE',''
  ) );
#13267 = ORIENTED_EDGE('',*,*,#12995,.T.);
#13268 = ORIENTED_EDGE('',*,*,#10740,.T.);
#13269 = ORIENTED_EDGE('',*,*,#13270,.F.);
#13270 = EDGE_CURVE('',#13246,#10743,#13271,.T.);
#13271 = SURFACE_CURVE('',#13272,(#13277,#13284),.PCURVE_S1.);
#13272 = CIRCLE('',#13273,2.5);
#13273 = AXIS2_PLACEMENT_3D('',#13274,#13275,#13276);
#13274 = CARTESIAN_POINT('',(25.13,-26.2,24.5));
#13275 = DIRECTION('',(0.,0.,1.));
#13276 = DIRECTION('',(0.,-1.,0.));
#13277 = PCURVE('',#10758,#13278);
#13278 = DEFINITIONAL_REPRESENTATION('',(#13279),#13283);
#13279 = LINE('',#13280,#13281);
#13280 = CARTESIAN_POINT('',(0.,5.6));
#13281 = VECTOR('',#13282,1.);
#13282 = DIRECTION('',(1.,0.));
#13283 = ( GEOMETRIC_REPRESENTATION_CONTEXT(2) 
PARAMETRIC_REPRESENTATION_CONTEXT() REPRESENTATION_CONTEXT('2D SPACE',''
  ) );
#13284 = PCURVE('',#10787,#13285);
#13285 = DEFINITIONAL_REPRESENTATION('',(#13286),#13290);
#13286 = CIRCLE('',#13287,2.5);
#13287 = AXIS2_PLACEMENT_2D('',#13288,#13289);
#13288 = CARTESIAN_POINT('',(40.565,-26.2));
#13289 = DIRECTION('',(0.,-1.));
#13290 = ( GEOMETRIC_REPRESENTATION_CONTEXT(2) 
PARAMETRIC_REPRESENTATION_CONTEXT() REPRESENTATION_CONTEXT('2D SPACE',''
  ) );
#13291 = ADVANCED_FACE('',(#13292),#10787,.F.);
#13292 = FACE_BOUND('',#13293,.F.);
#13293 = EDGE_LOOP('',(#13294,#13320,#13343,#13372,#13393,#13394,#13395,
    #13396,#13397,#13398,#13399,#13423,#13446,#13475,#13498,#13522));
#13294 = ORIENTED_EDGE('',*,*,#13295,.F.);
#13295 = EDGE_CURVE('',#13296,#13298,#13300,.T.);
#13296 = VERTEX_POINT('',#13297);
#13297 = CARTESIAN_POINT('',(-51.61608656178,-28.7,24.5));
#13298 = VERTEX_POINT('',#13299);
#13299 = CARTESIAN_POINT('',(-58.5,-21.81608656178,24.5));
#13300 = SURFACE_CURVE('',#13301,(#13306,#13313),.PCURVE_S1.);
#13301 = CIRCLE('',#13302,5.);
#13302 = AXIS2_PLACEMENT_3D('',#13303,#13304,#13305);
#13303 = CARTESIAN_POINT('',(-54.25,-24.45,24.5));
#13304 = DIRECTION('',(-0.,0.,1.));
#13305 = DIRECTION('',(0.526782687643,-0.85,0.));
#13306 = PCURVE('',#10787,#13307);
#13307 = DEFINITIONAL_REPRESENTATION('',(#13308),#13312);
#13308 = CIRCLE('',#13309,5.);
#13309 = AXIS2_PLACEMENT_2D('',#13310,#13311);
#13310 = CARTESIAN_POINT('',(-38.815,-24.45));
#13311 = DIRECTION('',(0.526782687643,-0.85));
#13312 = ( GEOMETRIC_REPRESENTATION_CONTEXT(2) 
PARAMETRIC_REPRESENTATION_CONTEXT() REPRESENTATION_CONTEXT('2D SPACE',''
  ) );
#13313 = PCURVE('',#12407,#13314);
#13314 = DEFINITIONAL_REPRESENTATION('',(#13315),#13319);
#13315 = LINE('',#13316,#13317);
#13316 = CARTESIAN_POINT('',(-5.267200013365,-2.1));
#13317 = VECTOR('',#13318,1.);
#13318 = DIRECTION('',(-1.,0.));
#13319 = ( GEOMETRIC_REPRESENTATION_CONTEXT(2) 
PARAMETRIC_REPRESENTATION_CONTEXT() REPRESENTATION_CONTEXT('2D SPACE',''
  ) );
#13320 = ORIENTED_EDGE('',*,*,#13321,.T.);
#13321 = EDGE_CURVE('',#13296,#13322,#13324,.T.);
#13322 = VERTEX_POINT('',#13323);
#13323 = CARTESIAN_POINT('',(1.256086561787,-28.7,24.5));
#13324 = SURFACE_CURVE('',#13325,(#13329,#13336),.PCURVE_S1.);
#13325 = LINE('',#13326,#13327);
#13326 = CARTESIAN_POINT('',(-58.5,-28.7,24.5));
#13327 = VECTOR('',#13328,1.);
#13328 = DIRECTION('',(1.,0.,0.));
#13329 = PCURVE('',#10787,#13330);
#13330 = DEFINITIONAL_REPRESENTATION('',(#13331),#13335);
#13331 = LINE('',#13332,#13333);
#13332 = CARTESIAN_POINT('',(-43.065,-28.7));
#13333 = VECTOR('',#13334,1.);
#13334 = DIRECTION('',(1.,0.));
#13335 = ( GEOMETRIC_REPRESENTATION_CONTEXT(2) 
PARAMETRIC_REPRESENTATION_CONTEXT() REPRESENTATION_CONTEXT('2D SPACE',''
  ) );
#13336 = PCURVE('',#12217,#13337);
#13337 = DEFINITIONAL_REPRESENTATION('',(#13338),#13342);
#13338 = LINE('',#13339,#13340);
#13339 = CARTESIAN_POINT('',(0.,-5.6));
#13340 = VECTOR('',#13341,1.);
#13341 = DIRECTION('',(1.,0.));
#13342 = ( GEOMETRIC_REPRESENTATION_CONTEXT(2) 
PARAMETRIC_REPRESENTATION_CONTEXT() REPRESENTATION_CONTEXT('2D SPACE',''
  ) );
#13343 = ORIENTED_EDGE('',*,*,#13344,.F.);
#13344 = EDGE_CURVE('',#13345,#13322,#13347,.T.);
#13345 = VERTEX_POINT('',#13346);
#13346 = CARTESIAN_POINT('',(6.523913438213,-28.7,24.5));
#13347 = SURFACE_CURVE('',#13348,(#13353,#13360),.PCURVE_S1.);
#13348 = CIRCLE('',#13349,5.);
#13349 = AXIS2_PLACEMENT_3D('',#13350,#13351,#13352);
#13350 = CARTESIAN_POINT('',(3.89,-24.45,24.5));
#13351 = DIRECTION('',(-0.,0.,1.));
#13352 = DIRECTION('',(0.526782687643,-0.85,0.));
#13353 = PCURVE('',#10787,#13354);
#13354 = DEFINITIONAL_REPRESENTATION('',(#13355),#13359);
#13355 = CIRCLE('',#13356,5.);
#13356 = AXIS2_PLACEMENT_2D('',#13357,#13358);
#13357 = CARTESIAN_POINT('',(19.325,-24.45));
#13358 = DIRECTION('',(0.526782687643,-0.85));
#13359 = ( GEOMETRIC_REPRESENTATION_CONTEXT(2) 
PARAMETRIC_REPRESENTATION_CONTEXT() REPRESENTATION_CONTEXT('2D SPACE',''
  ) );
#13360 = PCURVE('',#13361,#13366);
#13361 = CYLINDRICAL_SURFACE('',#13362,5.);
#13362 = AXIS2_PLACEMENT_3D('',#13363,#13364,#13365);
#13363 = CARTESIAN_POINT('',(3.89,-24.45,22.4));
#13364 = DIRECTION('',(-0.,-0.,-1.));
#13365 = DIRECTION('',(1.,0.,0.));
#13366 = DEFINITIONAL_REPRESENTATION('',(#13367),#13371);
#13367 = LINE('',#13368,#13369);
#13368 = CARTESIAN_POINT('',(-5.267200013365,-2.1));
#13369 = VECTOR('',#13370,1.);
#13370 = DIRECTION('',(-1.,0.));
#13371 = ( GEOMETRIC_REPRESENTATION_CONTEXT(2) 
PARAMETRIC_REPRESENTATION_CONTEXT() REPRESENTATION_CONTEXT('2D SPACE',''
  ) );
#13372 = ORIENTED_EDGE('',*,*,#13373,.T.);
#13373 = EDGE_CURVE('',#13345,#13246,#13374,.T.);
#13374 = SURFACE_CURVE('',#13375,(#13379,#13386),.PCURVE_S1.);
#13375 = LINE('',#13376,#13377);
#13376 = CARTESIAN_POINT('',(-58.5,-28.7,24.5));
#13377 = VECTOR('',#13378,1.);
#13378 = DIRECTION('',(1.,0.,0.));
#13379 = PCURVE('',#10787,#13380);
#13380 = DEFINITIONAL_REPRESENTATION('',(#13381),#13385);
#13381 = LINE('',#13382,#13383);
#13382 = CARTESIAN_POINT('',(-43.065,-28.7));
#13383 = VECTOR('',#13384,1.);
#13384 = DIRECTION('',(1.,0.));
#13385 = ( GEOMETRIC_REPRESENTATION_CONTEXT(2) 
PARAMETRIC_REPRESENTATION_CONTEXT() REPRESENTATION_CONTEXT('2D SPACE',''
  ) );
#13386 = PCURVE('',#12217,#13387);
#13387 = DEFINITIONAL_REPRESENTATION('',(#13388),#13392);
#13388 = LINE('',#13389,#13390);
#13389 = CARTESIAN_POINT('',(0.,-5.6));
#13390 = VECTOR('',#13391,1.);
#13391 = DIRECTION('',(1.,0.));
#13392 = ( GEOMETRIC_REPRESENTATION_CONTEXT(2) 
PARAMETRIC_REPRESENTATION_CONTEXT() REPRESENTATION_CONTEXT('2D SPACE',''
  ) );
#13393 = ORIENTED_EDGE('',*,*,#13270,.T.);
#13394 = ORIENTED_EDGE('',*,*,#10770,.T.);
#13395 = ORIENTED_EDGE('',*,*,#11065,.T.);
#13396 = ORIENTED_EDGE('',*,*,#11142,.T.);
#13397 = ORIENTED_EDGE('',*,*,#11115,.T.);
#13398 = ORIENTED_EDGE('',*,*,#10954,.T.);
#13399 = ORIENTED_EDGE('',*,*,#13400,.T.);
#13400 = EDGE_CURVE('',#10955,#13401,#13403,.T.);
#13401 = VERTEX_POINT('',#13402);
#13402 = CARTESIAN_POINT('',(25.13,28.7,24.5));
#13403 = SURFACE_CURVE('',#13404,(#13409,#13416),.PCURVE_S1.);
#13404 = CIRCLE('',#13405,2.5);
#13405 = AXIS2_PLACEMENT_3D('',#13406,#13407,#13408);
#13406 = CARTESIAN_POINT('',(25.13,26.2,24.5));
#13407 = DIRECTION('',(0.,0.,1.));
#13408 = DIRECTION('',(0.,-1.,0.));
#13409 = PCURVE('',#10787,#13410);
#13410 = DEFINITIONAL_REPRESENTATION('',(#13411),#13415);
#13411 = CIRCLE('',#13412,2.5);
#13412 = AXIS2_PLACEMENT_2D('',#13413,#13414);
#13413 = CARTESIAN_POINT('',(40.565,26.2));
#13414 = DIRECTION('',(0.,-1.));
#13415 = ( GEOMETRIC_REPRESENTATION_CONTEXT(2) 
PARAMETRIC_REPRESENTATION_CONTEXT() REPRESENTATION_CONTEXT('2D SPACE',''
  ) );
#13416 = PCURVE('',#10994,#13417);
#13417 = DEFINITIONAL_REPRESENTATION('',(#13418),#13422);
#13418 = LINE('',#13419,#13420);
#13419 = CARTESIAN_POINT('',(-1.570796326795,5.6));
#13420 = VECTOR('',#13421,1.);
#13421 = DIRECTION('',(1.,0.));
#13422 = ( GEOMETRIC_REPRESENTATION_CONTEXT(2) 
PARAMETRIC_REPRESENTATION_CONTEXT() REPRESENTATION_CONTEXT('2D SPACE',''
  ) );
#13423 = ORIENTED_EDGE('',*,*,#13424,.T.);
#13424 = EDGE_CURVE('',#13401,#13425,#13427,.T.);
#13425 = VERTEX_POINT('',#13426);
#13426 = CARTESIAN_POINT('',(6.523913438213,28.7,24.5));
#13427 = SURFACE_CURVE('',#13428,(#13432,#13439),.PCURVE_S1.);
#13428 = LINE('',#13429,#13430);
#13429 = CARTESIAN_POINT('',(27.63,28.7,24.5));
#13430 = VECTOR('',#13431,1.);
#13431 = DIRECTION('',(-1.,0.,0.));
#13432 = PCURVE('',#10787,#13433);
#13433 = DEFINITIONAL_REPRESENTATION('',(#13434),#13438);
#13434 = LINE('',#13435,#13436);
#13435 = CARTESIAN_POINT('',(43.065,28.7));
#13436 = VECTOR('',#13437,1.);
#13437 = DIRECTION('',(-1.,0.));
#13438 = ( GEOMETRIC_REPRESENTATION_CONTEXT(2) 
PARAMETRIC_REPRESENTATION_CONTEXT() REPRESENTATION_CONTEXT('2D SPACE',''
  ) );
#13439 = PCURVE('',#12652,#13440);
#13440 = DEFINITIONAL_REPRESENTATION('',(#13441),#13445);
#13441 = LINE('',#13442,#13443);
#13442 = CARTESIAN_POINT('',(0.,-5.6));
#13443 = VECTOR('',#13444,1.);
#13444 = DIRECTION('',(1.,0.));
#13445 = ( GEOMETRIC_REPRESENTATION_CONTEXT(2) 
PARAMETRIC_REPRESENTATION_CONTEXT() REPRESENTATION_CONTEXT('2D SPACE',''
  ) );
#13446 = ORIENTED_EDGE('',*,*,#13447,.F.);
#13447 = EDGE_CURVE('',#13448,#13425,#13450,.T.);
#13448 = VERTEX_POINT('',#13449);
#13449 = CARTESIAN_POINT('',(1.256086561787,28.7,24.5));
#13450 = SURFACE_CURVE('',#13451,(#13456,#13463),.PCURVE_S1.);
#13451 = CIRCLE('',#13452,5.);
#13452 = AXIS2_PLACEMENT_3D('',#13453,#13454,#13455);
#13453 = CARTESIAN_POINT('',(3.89,24.45,24.5));
#13454 = DIRECTION('',(0.,0.,1.));
#13455 = DIRECTION('',(-0.526782687643,0.85,0.));
#13456 = PCURVE('',#10787,#13457);
#13457 = DEFINITIONAL_REPRESENTATION('',(#13458),#13462);
#13458 = CIRCLE('',#13459,5.);
#13459 = AXIS2_PLACEMENT_2D('',#13460,#13461);
#13460 = CARTESIAN_POINT('',(19.325,24.45));
#13461 = DIRECTION('',(-0.526782687643,0.85));
#13462 = ( GEOMETRIC_REPRESENTATION_CONTEXT(2) 
PARAMETRIC_REPRESENTATION_CONTEXT() REPRESENTATION_CONTEXT('2D SPACE',''
  ) );
#13463 = PCURVE('',#13464,#13469);
#13464 = CYLINDRICAL_SURFACE('',#13465,5.);
#13465 = AXIS2_PLACEMENT_3D('',#13466,#13467,#13468);
#13466 = CARTESIAN_POINT('',(3.89,24.45,22.4));
#13467 = DIRECTION('',(-0.,-0.,-1.));
#13468 = DIRECTION('',(1.,0.,0.));
#13469 = DEFINITIONAL_REPRESENTATION('',(#13470),#13474);
#13470 = LINE('',#13471,#13472);
#13471 = CARTESIAN_POINT('',(-2.125607359775,-2.1));
#13472 = VECTOR('',#13473,1.);
#13473 = DIRECTION('',(-1.,0.));
#13474 = ( GEOMETRIC_REPRESENTATION_CONTEXT(2) 
PARAMETRIC_REPRESENTATION_CONTEXT() REPRESENTATION_CONTEXT('2D SPACE',''
  ) );
#13475 = ORIENTED_EDGE('',*,*,#13476,.T.);
#13476 = EDGE_CURVE('',#13448,#13477,#13479,.T.);
#13477 = VERTEX_POINT('',#13478);
#13478 = CARTESIAN_POINT('',(-51.61608656178,28.7,24.5));
#13479 = SURFACE_CURVE('',#13480,(#13484,#13491),.PCURVE_S1.);
#13480 = LINE('',#13481,#13482);
#13481 = CARTESIAN_POINT('',(27.63,28.7,24.5));
#13482 = VECTOR('',#13483,1.);
#13483 = DIRECTION('',(-1.,0.,0.));
#13484 = PCURVE('',#10787,#13485);
#13485 = DEFINITIONAL_REPRESENTATION('',(#13486),#13490);
#13486 = LINE('',#13487,#13488);
#13487 = CARTESIAN_POINT('',(43.065,28.7));
#13488 = VECTOR('',#13489,1.);
#13489 = DIRECTION('',(-1.,0.));
#13490 = ( GEOMETRIC_REPRESENTATION_CONTEXT(2) 
PARAMETRIC_REPRESENTATION_CONTEXT() REPRESENTATION_CONTEXT('2D SPACE',''
  ) );
#13491 = PCURVE('',#12652,#13492);
#13492 = DEFINITIONAL_REPRESENTATION('',(#13493),#13497);
#13493 = LINE('',#13494,#13495);
#13494 = CARTESIAN_POINT('',(0.,-5.6));
#13495 = VECTOR('',#13496,1.);
#13496 = DIRECTION('',(1.,0.));
#13497 = ( GEOMETRIC_REPRESENTATION_CONTEXT(2) 
PARAMETRIC_REPRESENTATION_CONTEXT() REPRESENTATION_CONTEXT('2D SPACE',''
  ) );
#13498 = ORIENTED_EDGE('',*,*,#13499,.F.);
#13499 = EDGE_CURVE('',#13500,#13477,#13502,.T.);
#13500 = VERTEX_POINT('',#13501);
#13501 = CARTESIAN_POINT('',(-58.5,21.816086561787,24.5));
#13502 = SURFACE_CURVE('',#13503,(#13508,#13515),.PCURVE_S1.);
#13503 = CIRCLE('',#13504,5.);
#13504 = AXIS2_PLACEMENT_3D('',#13505,#13506,#13507);
#13505 = CARTESIAN_POINT('',(-54.25,24.45,24.5));
#13506 = DIRECTION('',(0.,0.,1.));
#13507 = DIRECTION('',(-0.85,-0.526782687643,0.));
#13508 = PCURVE('',#10787,#13509);
#13509 = DEFINITIONAL_REPRESENTATION('',(#13510),#13514);
#13510 = CIRCLE('',#13511,5.);
#13511 = AXIS2_PLACEMENT_2D('',#13512,#13513);
#13512 = CARTESIAN_POINT('',(-38.815,24.45));
#13513 = DIRECTION('',(-0.85,-0.526782687643));
#13514 = ( GEOMETRIC_REPRESENTATION_CONTEXT(2) 
PARAMETRIC_REPRESENTATION_CONTEXT() REPRESENTATION_CONTEXT('2D SPACE',''
  ) );
#13515 = PCURVE('',#12808,#13516);
#13516 = DEFINITIONAL_REPRESENTATION('',(#13517),#13521);
#13517 = LINE('',#13518,#13519);
#13518 = CARTESIAN_POINT('',(-3.69640368657,-2.1));
#13519 = VECTOR('',#13520,1.);
#13520 = DIRECTION('',(-1.,0.));
#13521 = ( GEOMETRIC_REPRESENTATION_CONTEXT(2) 
PARAMETRIC_REPRESENTATION_CONTEXT() REPRESENTATION_CONTEXT('2D SPACE',''
  ) );
#13522 = ORIENTED_EDGE('',*,*,#13523,.T.);
#13523 = EDGE_CURVE('',#13500,#13298,#13524,.T.);
#13524 = SURFACE_CURVE('',#13525,(#13529,#13536),.PCURVE_S1.);
#13525 = LINE('',#13526,#13527);
#13526 = CARTESIAN_POINT('',(-58.5,28.7,24.5));
#13527 = VECTOR('',#13528,1.);
#13528 = DIRECTION('',(0.,-1.,0.));
#13529 = PCURVE('',#10787,#13530);
#13530 = DEFINITIONAL_REPRESENTATION('',(#13531),#13535);
#13531 = LINE('',#13532,#13533);
#13532 = CARTESIAN_POINT('',(-43.065,28.7));
#13533 = VECTOR('',#13534,1.);
#13534 = DIRECTION('',(0.,-1.));
#13535 = ( GEOMETRIC_REPRESENTATION_CONTEXT(2) 
PARAMETRIC_REPRESENTATION_CONTEXT() REPRESENTATION_CONTEXT('2D SPACE',''
  ) );
#13536 = PCURVE('',#12269,#13537);
#13537 = DEFINITIONAL_REPRESENTATION('',(#13538),#13542);
#13538 = LINE('',#13539,#13540);
#13539 = CARTESIAN_POINT('',(0.,-5.6));
#13540 = VECTOR('',#13541,1.);
#13541 = DIRECTION('',(1.,0.));
#13542 = ( GEOMETRIC_REPRESENTATION_CONTEXT(2) 
PARAMETRIC_REPRESENTATION_CONTEXT() REPRESENTATION_CONTEXT('2D SPACE',''
  ) );
#13543 = ADVANCED_FACE('',(#13544),#11021,.F.);
#13544 = FACE_BOUND('',#13545,.F.);
#13545 = EDGE_LOOP('',(#13546,#13547,#13548,#13572,#13595));
#13546 = ORIENTED_EDGE('',*,*,#11006,.T.);
#13547 = ORIENTED_EDGE('',*,*,#13215,.F.);
#13548 = ORIENTED_EDGE('',*,*,#13549,.T.);
#13549 = EDGE_CURVE('',#13169,#13550,#13552,.T.);
#13550 = VERTEX_POINT('',#13551);
#13551 = CARTESIAN_POINT('',(-54.68738635424,28.7,19.));
#13552 = SURFACE_CURVE('',#13553,(#13558,#13565),.PCURVE_S1.);
#13553 = CIRCLE('',#13554,4.75);
#13554 = AXIS2_PLACEMENT_3D('',#13555,#13556,#13557);
#13555 = CARTESIAN_POINT('',(-54.,24.,19.));
#13556 = DIRECTION('',(0.,0.,1.));
#13557 = DIRECTION('',(-0.,1.,0.));
#13558 = PCURVE('',#11021,#13559);
#13559 = DEFINITIONAL_REPRESENTATION('',(#13560),#13564);
#13560 = CIRCLE('',#13561,4.75);
#13561 = AXIS2_PLACEMENT_2D('',#13562,#13563);
#13562 = CARTESIAN_POINT('',(-54.,24.));
#13563 = DIRECTION('',(0.,1.));
#13564 = ( GEOMETRIC_REPRESENTATION_CONTEXT(2) 
PARAMETRIC_REPRESENTATION_CONTEXT() REPRESENTATION_CONTEXT('2D SPACE',''
  ) );
#13565 = PCURVE('',#12133,#13566);
#13566 = DEFINITIONAL_REPRESENTATION('',(#13567),#13571);
#13567 = LINE('',#13568,#13569);
#13568 = CARTESIAN_POINT('',(0.,3.1));
#13569 = VECTOR('',#13570,1.);
#13570 = DIRECTION('',(1.,0.));
#13571 = ( GEOMETRIC_REPRESENTATION_CONTEXT(2) 
PARAMETRIC_REPRESENTATION_CONTEXT() REPRESENTATION_CONTEXT('2D SPACE',''
  ) );
#13572 = ORIENTED_EDGE('',*,*,#13573,.T.);
#13573 = EDGE_CURVE('',#13550,#13574,#13576,.T.);
#13574 = VERTEX_POINT('',#13575);
#13575 = CARTESIAN_POINT('',(25.13,28.7,19.));
#13576 = SURFACE_CURVE('',#13577,(#13581,#13588),.PCURVE_S1.);
#13577 = LINE('',#13578,#13579);
#13578 = CARTESIAN_POINT('',(13.815,28.7,19.));
#13579 = VECTOR('',#13580,1.);
#13580 = DIRECTION('',(1.,0.,-0.));
#13581 = PCURVE('',#11021,#13582);
#13582 = DEFINITIONAL_REPRESENTATION('',(#13583),#13587);
#13583 = LINE('',#13584,#13585);
#13584 = CARTESIAN_POINT('',(13.815,28.7));
#13585 = VECTOR('',#13586,1.);
#13586 = DIRECTION('',(1.,0.));
#13587 = ( GEOMETRIC_REPRESENTATION_CONTEXT(2) 
PARAMETRIC_REPRESENTATION_CONTEXT() REPRESENTATION_CONTEXT('2D SPACE',''
  ) );
#13588 = PCURVE('',#12652,#13589);
#13589 = DEFINITIONAL_REPRESENTATION('',(#13590),#13594);
#13590 = LINE('',#13591,#13592);
#13591 = CARTESIAN_POINT('',(13.815,-0.1));
#13592 = VECTOR('',#13593,1.);
#13593 = DIRECTION('',(-1.,0.));
#13594 = ( GEOMETRIC_REPRESENTATION_CONTEXT(2) 
PARAMETRIC_REPRESENTATION_CONTEXT() REPRESENTATION_CONTEXT('2D SPACE',''
  ) );
#13595 = ORIENTED_EDGE('',*,*,#13596,.F.);
#13596 = EDGE_CURVE('',#10979,#13574,#13597,.T.);
#13597 = SURFACE_CURVE('',#13598,(#13603,#13610),.PCURVE_S1.);
#13598 = CIRCLE('',#13599,2.5);
#13599 = AXIS2_PLACEMENT_3D('',#13600,#13601,#13602);
#13600 = CARTESIAN_POINT('',(25.13,26.2,19.));
#13601 = DIRECTION('',(0.,0.,1.));
#13602 = DIRECTION('',(1.,0.,-0.));
#13603 = PCURVE('',#11021,#13604);
#13604 = DEFINITIONAL_REPRESENTATION('',(#13605),#13609);
#13605 = CIRCLE('',#13606,2.5);
#13606 = AXIS2_PLACEMENT_2D('',#13607,#13608);
#13607 = CARTESIAN_POINT('',(25.13,26.2));
#13608 = DIRECTION('',(1.,0.));
#13609 = ( GEOMETRIC_REPRESENTATION_CONTEXT(2) 
PARAMETRIC_REPRESENTATION_CONTEXT() REPRESENTATION_CONTEXT('2D SPACE',''
  ) );
#13610 = PCURVE('',#10994,#13611);
#13611 = DEFINITIONAL_REPRESENTATION('',(#13612),#13616);
#13612 = LINE('',#13613,#13614);
#13613 = CARTESIAN_POINT('',(0.,0.1));
#13614 = VECTOR('',#13615,1.);
#13615 = DIRECTION('',(1.,0.));
#13616 = ( GEOMETRIC_REPRESENTATION_CONTEXT(2) 
PARAMETRIC_REPRESENTATION_CONTEXT() REPRESENTATION_CONTEXT('2D SPACE',''
  ) );
#13617 = ADVANCED_FACE('',(#13618),#10994,.F.);
#13618 = FACE_BOUND('',#13619,.F.);
#13619 = EDGE_LOOP('',(#13620,#13621,#13622,#13643));
#13620 = ORIENTED_EDGE('',*,*,#10978,.F.);
#13621 = ORIENTED_EDGE('',*,*,#13596,.T.);
#13622 = ORIENTED_EDGE('',*,*,#13623,.T.);
#13623 = EDGE_CURVE('',#13574,#13401,#13624,.T.);
#13624 = SURFACE_CURVE('',#13625,(#13629,#13636),.PCURVE_S1.);
#13625 = LINE('',#13626,#13627);
#13626 = CARTESIAN_POINT('',(25.13,28.7,18.9));
#13627 = VECTOR('',#13628,1.);
#13628 = DIRECTION('',(0.,0.,1.));
#13629 = PCURVE('',#10994,#13630);
#13630 = DEFINITIONAL_REPRESENTATION('',(#13631),#13635);
#13631 = LINE('',#13632,#13633);
#13632 = CARTESIAN_POINT('',(1.570796326795,0.));
#13633 = VECTOR('',#13634,1.);
#13634 = DIRECTION('',(0.,1.));
#13635 = ( GEOMETRIC_REPRESENTATION_CONTEXT(2) 
PARAMETRIC_REPRESENTATION_CONTEXT() REPRESENTATION_CONTEXT('2D SPACE',''
  ) );
#13636 = PCURVE('',#12652,#13637);
#13637 = DEFINITIONAL_REPRESENTATION('',(#13638),#13642);
#13638 = LINE('',#13639,#13640);
#13639 = CARTESIAN_POINT('',(2.5,0.));
#13640 = VECTOR('',#13641,1.);
#13641 = DIRECTION('',(0.,-1.));
#13642 = ( GEOMETRIC_REPRESENTATION_CONTEXT(2) 
PARAMETRIC_REPRESENTATION_CONTEXT() REPRESENTATION_CONTEXT('2D SPACE',''
  ) );
#13643 = ORIENTED_EDGE('',*,*,#13400,.F.);
#13644 = ADVANCED_FACE('',(#13645),#11206,.F.);
#13645 = FACE_BOUND('',#13646,.F.);
#13646 = EDGE_LOOP('',(#13647));
#13647 = ORIENTED_EDGE('',*,*,#11191,.T.);
#13648 = ADVANCED_FACE('',(#13649),#11373,.T.);
#13649 = FACE_BOUND('',#13650,.T.);
#13650 = EDGE_LOOP('',(#13651));
#13651 = ORIENTED_EDGE('',*,*,#11356,.T.);
#13652 = ADVANCED_FACE('',(#13653),#11451,.T.);
#13653 = FACE_BOUND('',#13654,.T.);
#13654 = EDGE_LOOP('',(#13655,#13656,#13657,#13658));
#13655 = ORIENTED_EDGE('',*,*,#11586,.T.);
#13656 = ORIENTED_EDGE('',*,*,#11435,.F.);
#13657 = ORIENTED_EDGE('',*,*,#11489,.F.);
#13658 = ORIENTED_EDGE('',*,*,#11539,.T.);
#13659 = ADVANCED_FACE('',(#13660),#11654,.T.);
#13660 = FACE_BOUND('',#13661,.T.);
#13661 = EDGE_LOOP('',(#13662,#13663,#13664,#13665));
#13662 = ORIENTED_EDGE('',*,*,#11789,.T.);
#13663 = ORIENTED_EDGE('',*,*,#11638,.F.);
#13664 = ORIENTED_EDGE('',*,*,#11692,.F.);
#13665 = ORIENTED_EDGE('',*,*,#11742,.T.);
#13666 = ADVANCED_FACE('',(#13667),#11857,.T.);
#13667 = FACE_BOUND('',#13668,.T.);
#13668 = EDGE_LOOP('',(#13669,#13670,#13671,#13672));
#13669 = ORIENTED_EDGE('',*,*,#11992,.T.);
#13670 = ORIENTED_EDGE('',*,*,#11841,.F.);
#13671 = ORIENTED_EDGE('',*,*,#11895,.F.);
#13672 = ORIENTED_EDGE('',*,*,#11945,.T.);
#13673 = ADVANCED_FACE('',(#13674),#12133,.F.);
#13674 = FACE_BOUND('',#13675,.F.);
#13675 = EDGE_LOOP('',(#13676,#13677,#13678,#13701,#13725,#13746,#13747,
    #13768));
#13676 = ORIENTED_EDGE('',*,*,#13168,.F.);
#13677 = ORIENTED_EDGE('',*,*,#12116,.T.);
#13678 = ORIENTED_EDGE('',*,*,#13679,.T.);
#13679 = EDGE_CURVE('',#12089,#13680,#13682,.T.);
#13680 = VERTEX_POINT('',#13681);
#13681 = CARTESIAN_POINT('',(-58.75,24.,19.));
#13682 = SURFACE_CURVE('',#13683,(#13687,#13694),.PCURVE_S1.);
#13683 = LINE('',#13684,#13685);
#13684 = CARTESIAN_POINT('',(-58.75,24.,15.9));
#13685 = VECTOR('',#13686,1.);
#13686 = DIRECTION('',(0.,0.,1.));
#13687 = PCURVE('',#12133,#13688);
#13688 = DEFINITIONAL_REPRESENTATION('',(#13689),#13693);
#13689 = LINE('',#13690,#13691);
#13690 = CARTESIAN_POINT('',(1.570796326795,0.));
#13691 = VECTOR('',#13692,1.);
#13692 = DIRECTION('',(0.,1.));
#13693 = ( GEOMETRIC_REPRESENTATION_CONTEXT(2) 
PARAMETRIC_REPRESENTATION_CONTEXT() REPRESENTATION_CONTEXT('2D SPACE',''
  ) );
#13694 = PCURVE('',#12104,#13695);
#13695 = DEFINITIONAL_REPRESENTATION('',(#13696),#13700);
#13696 = LINE('',#13697,#13698);
#13697 = CARTESIAN_POINT('',(4.75,0.));
#13698 = VECTOR('',#13699,1.);
#13699 = DIRECTION('',(0.,-1.));
#13700 = ( GEOMETRIC_REPRESENTATION_CONTEXT(2) 
PARAMETRIC_REPRESENTATION_CONTEXT() REPRESENTATION_CONTEXT('2D SPACE',''
  ) );
#13701 = ORIENTED_EDGE('',*,*,#13702,.F.);
#13702 = EDGE_CURVE('',#13703,#13680,#13705,.T.);
#13703 = VERTEX_POINT('',#13704);
#13704 = CARTESIAN_POINT('',(-58.5,25.520690632575,19.));
#13705 = SURFACE_CURVE('',#13706,(#13711,#13718),.PCURVE_S1.);
#13706 = CIRCLE('',#13707,4.75);
#13707 = AXIS2_PLACEMENT_3D('',#13708,#13709,#13710);
#13708 = CARTESIAN_POINT('',(-54.,24.,19.));
#13709 = DIRECTION('',(0.,0.,1.));
#13710 = DIRECTION('',(-0.,1.,0.));
#13711 = PCURVE('',#12133,#13712);
#13712 = DEFINITIONAL_REPRESENTATION('',(#13713),#13717);
#13713 = LINE('',#13714,#13715);
#13714 = CARTESIAN_POINT('',(0.,3.1));
#13715 = VECTOR('',#13716,1.);
#13716 = DIRECTION('',(1.,0.));
#13717 = ( GEOMETRIC_REPRESENTATION_CONTEXT(2) 
PARAMETRIC_REPRESENTATION_CONTEXT() REPRESENTATION_CONTEXT('2D SPACE',''
  ) );
#13718 = PCURVE('',#13109,#13719);
#13719 = DEFINITIONAL_REPRESENTATION('',(#13720),#13724);
#13720 = CIRCLE('',#13721,4.75);
#13721 = AXIS2_PLACEMENT_2D('',#13722,#13723);
#13722 = CARTESIAN_POINT('',(-54.,24.));
#13723 = DIRECTION('',(0.,1.));
#13724 = ( GEOMETRIC_REPRESENTATION_CONTEXT(2) 
PARAMETRIC_REPRESENTATION_CONTEXT() REPRESENTATION_CONTEXT('2D SPACE',''
  ) );
#13725 = ORIENTED_EDGE('',*,*,#13726,.F.);
#13726 = EDGE_CURVE('',#12590,#13703,#13727,.T.);
#13727 = SURFACE_CURVE('',#13728,(#13732,#13739),.PCURVE_S1.);
#13728 = LINE('',#13729,#13730);
#13729 = CARTESIAN_POINT('',(-58.5,25.520690632575,15.9));
#13730 = VECTOR('',#13731,1.);
#13731 = DIRECTION('',(0.,0.,1.));
#13732 = PCURVE('',#12133,#13733);
#13733 = DEFINITIONAL_REPRESENTATION('',(#13734),#13738);
#13734 = LINE('',#13735,#13736);
#13735 = CARTESIAN_POINT('',(1.244913369574,0.));
#13736 = VECTOR('',#13737,1.);
#13737 = DIRECTION('',(0.,1.));
#13738 = ( GEOMETRIC_REPRESENTATION_CONTEXT(2) 
PARAMETRIC_REPRESENTATION_CONTEXT() REPRESENTATION_CONTEXT('2D SPACE',''
  ) );
#13739 = PCURVE('',#12269,#13740);
#13740 = DEFINITIONAL_REPRESENTATION('',(#13741),#13745);
#13741 = LINE('',#13742,#13743);
#13742 = CARTESIAN_POINT('',(3.179309367425,3.));
#13743 = VECTOR('',#13744,1.);
#13744 = DIRECTION('',(0.,-1.));
#13745 = ( GEOMETRIC_REPRESENTATION_CONTEXT(2) 
PARAMETRIC_REPRESENTATION_CONTEXT() REPRESENTATION_CONTEXT('2D SPACE',''
  ) );
#13746 = ORIENTED_EDGE('',*,*,#12612,.F.);
#13747 = ORIENTED_EDGE('',*,*,#13748,.T.);
#13748 = EDGE_CURVE('',#12613,#13550,#13749,.T.);
#13749 = SURFACE_CURVE('',#13750,(#13754,#13761),.PCURVE_S1.);
#13750 = LINE('',#13751,#13752);
#13751 = CARTESIAN_POINT('',(-54.68738635424,28.7,15.9));
#13752 = VECTOR('',#13753,1.);
#13753 = DIRECTION('',(0.,0.,1.));
#13754 = PCURVE('',#12133,#13755);
#13755 = DEFINITIONAL_REPRESENTATION('',(#13756),#13760);
#13756 = LINE('',#13757,#13758);
#13757 = CARTESIAN_POINT('',(0.145222828949,0.));
#13758 = VECTOR('',#13759,1.);
#13759 = DIRECTION('',(0.,1.));
#13760 = ( GEOMETRIC_REPRESENTATION_CONTEXT(2) 
PARAMETRIC_REPRESENTATION_CONTEXT() REPRESENTATION_CONTEXT('2D SPACE',''
  ) );
#13761 = PCURVE('',#12652,#13762);
#13762 = DEFINITIONAL_REPRESENTATION('',(#13763),#13767);
#13763 = LINE('',#13764,#13765);
#13764 = CARTESIAN_POINT('',(82.317386354243,3.));
#13765 = VECTOR('',#13766,1.);
#13766 = DIRECTION('',(0.,-1.));
#13767 = ( GEOMETRIC_REPRESENTATION_CONTEXT(2) 
PARAMETRIC_REPRESENTATION_CONTEXT() REPRESENTATION_CONTEXT('2D SPACE',''
  ) );
#13768 = ORIENTED_EDGE('',*,*,#13549,.F.);
#13769 = ADVANCED_FACE('',(#13770),#12104,.T.);
#13770 = FACE_BOUND('',#13771,.T.);
#13771 = EDGE_LOOP('',(#13772,#13773,#13774,#13795));
#13772 = ORIENTED_EDGE('',*,*,#12088,.T.);
#13773 = ORIENTED_EDGE('',*,*,#13679,.T.);
#13774 = ORIENTED_EDGE('',*,*,#13775,.F.);
#13775 = EDGE_CURVE('',#13070,#13680,#13776,.T.);
#13776 = SURFACE_CURVE('',#13777,(#13781,#13788),.PCURVE_S1.);
#13777 = LINE('',#13778,#13779);
#13778 = CARTESIAN_POINT('',(-58.75,14.375,19.));
#13779 = VECTOR('',#13780,1.);
#13780 = DIRECTION('',(-0.,1.,0.));
#13781 = PCURVE('',#12104,#13782);
#13782 = DEFINITIONAL_REPRESENTATION('',(#13783),#13787);
#13783 = LINE('',#13784,#13785);
#13784 = CARTESIAN_POINT('',(14.375,-3.1));
#13785 = VECTOR('',#13786,1.);
#13786 = DIRECTION('',(-1.,-0.));
#13787 = ( GEOMETRIC_REPRESENTATION_CONTEXT(2) 
PARAMETRIC_REPRESENTATION_CONTEXT() REPRESENTATION_CONTEXT('2D SPACE',''
  ) );
#13788 = PCURVE('',#13109,#13789);
#13789 = DEFINITIONAL_REPRESENTATION('',(#13790),#13794);
#13790 = LINE('',#13791,#13792);
#13791 = CARTESIAN_POINT('',(-58.75,14.375));
#13792 = VECTOR('',#13793,1.);
#13793 = DIRECTION('',(0.,1.));
#13794 = ( GEOMETRIC_REPRESENTATION_CONTEXT(2) 
PARAMETRIC_REPRESENTATION_CONTEXT() REPRESENTATION_CONTEXT('2D SPACE',''
  ) );
#13795 = ORIENTED_EDGE('',*,*,#13069,.F.);
#13796 = ADVANCED_FACE('',(#13797),#12269,.T.);
#13797 = FACE_BOUND('',#13798,.T.);
#13798 = EDGE_LOOP('',(#13799,#13800,#13801,#13802,#13823,#13824,#13845,
    #13846,#13847,#13848,#13849,#13870));
#13799 = ORIENTED_EDGE('',*,*,#12587,.F.);
#13800 = ORIENTED_EDGE('',*,*,#12716,.T.);
#13801 = ORIENTED_EDGE('',*,*,#12764,.T.);
#13802 = ORIENTED_EDGE('',*,*,#13803,.F.);
#13803 = EDGE_CURVE('',#13500,#12765,#13804,.T.);
#13804 = SURFACE_CURVE('',#13805,(#13809,#13816),.PCURVE_S1.);
#13805 = LINE('',#13806,#13807);
#13806 = CARTESIAN_POINT('',(-58.5,21.816086561787,22.4));
#13807 = VECTOR('',#13808,1.);
#13808 = DIRECTION('',(-0.,-0.,-1.));
#13809 = PCURVE('',#12269,#13810);
#13810 = DEFINITIONAL_REPRESENTATION('',(#13811),#13815);
#13811 = LINE('',#13812,#13813);
#13812 = CARTESIAN_POINT('',(6.883913438213,-3.5));
#13813 = VECTOR('',#13814,1.);
#13814 = DIRECTION('',(0.,1.));
#13815 = ( GEOMETRIC_REPRESENTATION_CONTEXT(2) 
PARAMETRIC_REPRESENTATION_CONTEXT() REPRESENTATION_CONTEXT('2D SPACE',''
  ) );
#13816 = PCURVE('',#12808,#13817);
#13817 = DEFINITIONAL_REPRESENTATION('',(#13818),#13822);
#13818 = LINE('',#13819,#13820);
#13819 = CARTESIAN_POINT('',(-3.69640368657,0.));
#13820 = VECTOR('',#13821,1.);
#13821 = DIRECTION('',(-0.,1.));
#13822 = ( GEOMETRIC_REPRESENTATION_CONTEXT(2) 
PARAMETRIC_REPRESENTATION_CONTEXT() REPRESENTATION_CONTEXT('2D SPACE',''
  ) );
#13823 = ORIENTED_EDGE('',*,*,#13523,.T.);
#13824 = ORIENTED_EDGE('',*,*,#13825,.T.);
#13825 = EDGE_CURVE('',#13298,#12387,#13826,.T.);
#13826 = SURFACE_CURVE('',#13827,(#13831,#13838),.PCURVE_S1.);
#13827 = LINE('',#13828,#13829);
#13828 = CARTESIAN_POINT('',(-58.5,-21.81608656178,22.4));
#13829 = VECTOR('',#13830,1.);
#13830 = DIRECTION('',(-0.,-0.,-1.));
#13831 = PCURVE('',#12269,#13832);
#13832 = DEFINITIONAL_REPRESENTATION('',(#13833),#13837);
#13833 = LINE('',#13834,#13835);
#13834 = CARTESIAN_POINT('',(50.516086561787,-3.5));
#13835 = VECTOR('',#13836,1.);
#13836 = DIRECTION('',(0.,1.));
#13837 = ( GEOMETRIC_REPRESENTATION_CONTEXT(2) 
PARAMETRIC_REPRESENTATION_CONTEXT() REPRESENTATION_CONTEXT('2D SPACE',''
  ) );
#13838 = PCURVE('',#12407,#13839);
#13839 = DEFINITIONAL_REPRESENTATION('',(#13840),#13844);
#13840 = LINE('',#13841,#13842);
#13841 = CARTESIAN_POINT('',(-8.869966927789,0.));
#13842 = VECTOR('',#13843,1.);
#13843 = DIRECTION('',(-0.,1.));
#13844 = ( GEOMETRIC_REPRESENTATION_CONTEXT(2) 
PARAMETRIC_REPRESENTATION_CONTEXT() REPRESENTATION_CONTEXT('2D SPACE',''
  ) );
#13845 = ORIENTED_EDGE('',*,*,#12419,.T.);
#13846 = ORIENTED_EDGE('',*,*,#12562,.F.);
#13847 = ORIENTED_EDGE('',*,*,#12253,.F.);
#13848 = ORIENTED_EDGE('',*,*,#13121,.T.);
#13849 = ORIENTED_EDGE('',*,*,#13850,.T.);
#13850 = EDGE_CURVE('',#13093,#13703,#13851,.T.);
#13851 = SURFACE_CURVE('',#13852,(#13856,#13863),.PCURVE_S1.);
#13852 = LINE('',#13853,#13854);
#13853 = CARTESIAN_POINT('',(-58.5,14.35,19.));
#13854 = VECTOR('',#13855,1.);
#13855 = DIRECTION('',(-0.,1.,0.));
#13856 = PCURVE('',#12269,#13857);
#13857 = DEFINITIONAL_REPRESENTATION('',(#13858),#13862);
#13858 = LINE('',#13859,#13860);
#13859 = CARTESIAN_POINT('',(14.35,-0.1));
#13860 = VECTOR('',#13861,1.);
#13861 = DIRECTION('',(-1.,-0.));
#13862 = ( GEOMETRIC_REPRESENTATION_CONTEXT(2) 
PARAMETRIC_REPRESENTATION_CONTEXT() REPRESENTATION_CONTEXT('2D SPACE',''
  ) );
#13863 = PCURVE('',#13109,#13864);
#13864 = DEFINITIONAL_REPRESENTATION('',(#13865),#13869);
#13865 = LINE('',#13866,#13867);
#13866 = CARTESIAN_POINT('',(-58.5,14.35));
#13867 = VECTOR('',#13868,1.);
#13868 = DIRECTION('',(0.,1.));
#13869 = ( GEOMETRIC_REPRESENTATION_CONTEXT(2) 
PARAMETRIC_REPRESENTATION_CONTEXT() REPRESENTATION_CONTEXT('2D SPACE',''
  ) );
#13870 = ORIENTED_EDGE('',*,*,#13726,.F.);
#13871 = ADVANCED_FACE('',(#13872),#12217,.T.);
#13872 = FACE_BOUND('',#13873,.T.);
#13873 = EDGE_LOOP('',(#13874,#13875,#13876,#13877,#13898,#13899,#13922,
    #13950,#13971,#13972,#13973,#13974));
#13874 = ORIENTED_EDGE('',*,*,#12201,.F.);
#13875 = ORIENTED_EDGE('',*,*,#12313,.T.);
#13876 = ORIENTED_EDGE('',*,*,#12363,.T.);
#13877 = ORIENTED_EDGE('',*,*,#13878,.F.);
#13878 = EDGE_CURVE('',#13296,#12364,#13879,.T.);
#13879 = SURFACE_CURVE('',#13880,(#13884,#13891),.PCURVE_S1.);
#13880 = LINE('',#13881,#13882);
#13881 = CARTESIAN_POINT('',(-51.61608656178,-28.7,22.4));
#13882 = VECTOR('',#13883,1.);
#13883 = DIRECTION('',(-0.,-0.,-1.));
#13884 = PCURVE('',#12217,#13885);
#13885 = DEFINITIONAL_REPRESENTATION('',(#13886),#13890);
#13886 = LINE('',#13887,#13888);
#13887 = CARTESIAN_POINT('',(6.883913438213,-3.5));
#13888 = VECTOR('',#13889,1.);
#13889 = DIRECTION('',(0.,1.));
#13890 = ( GEOMETRIC_REPRESENTATION_CONTEXT(2) 
PARAMETRIC_REPRESENTATION_CONTEXT() REPRESENTATION_CONTEXT('2D SPACE',''
  ) );
#13891 = PCURVE('',#12407,#13892);
#13892 = DEFINITIONAL_REPRESENTATION('',(#13893),#13897);
#13893 = LINE('',#13894,#13895);
#13894 = CARTESIAN_POINT('',(-5.267200013365,0.));
#13895 = VECTOR('',#13896,1.);
#13896 = DIRECTION('',(-0.,1.));
#13897 = ( GEOMETRIC_REPRESENTATION_CONTEXT(2) 
PARAMETRIC_REPRESENTATION_CONTEXT() REPRESENTATION_CONTEXT('2D SPACE',''
  ) );
#13898 = ORIENTED_EDGE('',*,*,#13321,.T.);
#13899 = ORIENTED_EDGE('',*,*,#13900,.T.);
#13900 = EDGE_CURVE('',#13322,#13901,#13903,.T.);
#13901 = VERTEX_POINT('',#13902);
#13902 = CARTESIAN_POINT('',(1.256086561787,-28.7,22.4));
#13903 = SURFACE_CURVE('',#13904,(#13908,#13915),.PCURVE_S1.);
#13904 = LINE('',#13905,#13906);
#13905 = CARTESIAN_POINT('',(1.256086561787,-28.7,22.4));
#13906 = VECTOR('',#13907,1.);
#13907 = DIRECTION('',(-0.,-0.,-1.));
#13908 = PCURVE('',#12217,#13909);
#13909 = DEFINITIONAL_REPRESENTATION('',(#13910),#13914);
#13910 = LINE('',#13911,#13912);
#13911 = CARTESIAN_POINT('',(59.756086561787,-3.5));
#13912 = VECTOR('',#13913,1.);
#13913 = DIRECTION('',(0.,1.));
#13914 = ( GEOMETRIC_REPRESENTATION_CONTEXT(2) 
PARAMETRIC_REPRESENTATION_CONTEXT() REPRESENTATION_CONTEXT('2D SPACE',''
  ) );
#13915 = PCURVE('',#13361,#13916);
#13916 = DEFINITIONAL_REPRESENTATION('',(#13917),#13921);
#13917 = LINE('',#13918,#13919);
#13918 = CARTESIAN_POINT('',(-10.44076325458,0.));
#13919 = VECTOR('',#13920,1.);
#13920 = DIRECTION('',(-0.,1.));
#13921 = ( GEOMETRIC_REPRESENTATION_CONTEXT(2) 
PARAMETRIC_REPRESENTATION_CONTEXT() REPRESENTATION_CONTEXT('2D SPACE',''
  ) );
#13922 = ORIENTED_EDGE('',*,*,#13923,.T.);
#13923 = EDGE_CURVE('',#13901,#13924,#13926,.T.);
#13924 = VERTEX_POINT('',#13925);
#13925 = CARTESIAN_POINT('',(6.523913438213,-28.7,22.4));
#13926 = SURFACE_CURVE('',#13927,(#13931,#13938),.PCURVE_S1.);
#13927 = LINE('',#13928,#13929);
#13928 = CARTESIAN_POINT('',(-27.305,-28.7,22.4));
#13929 = VECTOR('',#13930,1.);
#13930 = DIRECTION('',(1.,0.,0.));
#13931 = PCURVE('',#12217,#13932);
#13932 = DEFINITIONAL_REPRESENTATION('',(#13933),#13937);
#13933 = LINE('',#13934,#13935);
#13934 = CARTESIAN_POINT('',(31.195,-3.5));
#13935 = VECTOR('',#13936,1.);
#13936 = DIRECTION('',(1.,0.));
#13937 = ( GEOMETRIC_REPRESENTATION_CONTEXT(2) 
PARAMETRIC_REPRESENTATION_CONTEXT() REPRESENTATION_CONTEXT('2D SPACE',''
  ) );
#13938 = PCURVE('',#13939,#13944);
#13939 = PLANE('',#13940);
#13940 = AXIS2_PLACEMENT_3D('',#13941,#13942,#13943);
#13941 = CARTESIAN_POINT('',(3.89,-24.45,22.4));
#13942 = DIRECTION('',(0.,0.,1.));
#13943 = DIRECTION('',(1.,0.,-0.));
#13944 = DEFINITIONAL_REPRESENTATION('',(#13945),#13949);
#13945 = LINE('',#13946,#13947);
#13946 = CARTESIAN_POINT('',(-31.195,-4.25));
#13947 = VECTOR('',#13948,1.);
#13948 = DIRECTION('',(1.,0.));
#13949 = ( GEOMETRIC_REPRESENTATION_CONTEXT(2) 
PARAMETRIC_REPRESENTATION_CONTEXT() REPRESENTATION_CONTEXT('2D SPACE',''
  ) );
#13950 = ORIENTED_EDGE('',*,*,#13951,.F.);
#13951 = EDGE_CURVE('',#13345,#13924,#13952,.T.);
#13952 = SURFACE_CURVE('',#13953,(#13957,#13964),.PCURVE_S1.);
#13953 = LINE('',#13954,#13955);
#13954 = CARTESIAN_POINT('',(6.523913438213,-28.7,22.4));
#13955 = VECTOR('',#13956,1.);
#13956 = DIRECTION('',(-0.,-0.,-1.));
#13957 = PCURVE('',#12217,#13958);
#13958 = DEFINITIONAL_REPRESENTATION('',(#13959),#13963);
#13959 = LINE('',#13960,#13961);
#13960 = CARTESIAN_POINT('',(65.023913438213,-3.5));
#13961 = VECTOR('',#13962,1.);
#13962 = DIRECTION('',(0.,1.));
#13963 = ( GEOMETRIC_REPRESENTATION_CONTEXT(2) 
PARAMETRIC_REPRESENTATION_CONTEXT() REPRESENTATION_CONTEXT('2D SPACE',''
  ) );
#13964 = PCURVE('',#13361,#13965);
#13965 = DEFINITIONAL_REPRESENTATION('',(#13966),#13970);
#13966 = LINE('',#13967,#13968);
#13967 = CARTESIAN_POINT('',(-5.267200013365,0.));
#13968 = VECTOR('',#13969,1.);
#13969 = DIRECTION('',(-0.,1.));
#13970 = ( GEOMETRIC_REPRESENTATION_CONTEXT(2) 
PARAMETRIC_REPRESENTATION_CONTEXT() REPRESENTATION_CONTEXT('2D SPACE',''
  ) );
#13971 = ORIENTED_EDGE('',*,*,#13373,.T.);
#13972 = ORIENTED_EDGE('',*,*,#13245,.F.);
#13973 = ORIENTED_EDGE('',*,*,#13019,.T.);
#13974 = ORIENTED_EDGE('',*,*,#13143,.F.);
#13975 = ADVANCED_FACE('',(#13976),#12407,.T.);
#13976 = FACE_BOUND('',#13977,.F.);
#13977 = EDGE_LOOP('',(#13978,#13979,#13980,#13981));
#13978 = ORIENTED_EDGE('',*,*,#13295,.T.);
#13979 = ORIENTED_EDGE('',*,*,#13825,.T.);
#13980 = ORIENTED_EDGE('',*,*,#12386,.T.);
#13981 = ORIENTED_EDGE('',*,*,#13878,.F.);
#13982 = ADVANCED_FACE('',(#13983),#12512,.F.);
#13983 = FACE_BOUND('',#13984,.T.);
#13984 = EDGE_LOOP('',(#13985,#13986,#14009,#14036));
#13985 = ORIENTED_EDGE('',*,*,#12491,.T.);
#13986 = ORIENTED_EDGE('',*,*,#13987,.T.);
#13987 = EDGE_CURVE('',#12492,#13988,#13990,.T.);
#13988 = VERTEX_POINT('',#13989);
#13989 = CARTESIAN_POINT('',(-53.,-24.45,26.4));
#13990 = SEAM_CURVE('',#13991,(#13995,#14002),.PCURVE_S1.);
#13991 = LINE('',#13992,#13993);
#13992 = CARTESIAN_POINT('',(-53.,-24.45,22.39));
#13993 = VECTOR('',#13994,1.);
#13994 = DIRECTION('',(0.,0.,1.));
#13995 = PCURVE('',#12512,#13996);
#13996 = DEFINITIONAL_REPRESENTATION('',(#13997),#14001);
#13997 = LINE('',#13998,#13999);
#13998 = CARTESIAN_POINT('',(-6.28318530718,0.));
#13999 = VECTOR('',#14000,1.);
#14000 = DIRECTION('',(-0.,-1.));
#14001 = ( GEOMETRIC_REPRESENTATION_CONTEXT(2) 
PARAMETRIC_REPRESENTATION_CONTEXT() REPRESENTATION_CONTEXT('2D SPACE',''
  ) );
#14002 = PCURVE('',#12512,#14003);
#14003 = DEFINITIONAL_REPRESENTATION('',(#14004),#14008);
#14004 = LINE('',#14005,#14006);
#14005 = CARTESIAN_POINT('',(-0.,0.));
#14006 = VECTOR('',#14007,1.);
#14007 = DIRECTION('',(-0.,-1.));
#14008 = ( GEOMETRIC_REPRESENTATION_CONTEXT(2) 
PARAMETRIC_REPRESENTATION_CONTEXT() REPRESENTATION_CONTEXT('2D SPACE',''
  ) );
#14009 = ORIENTED_EDGE('',*,*,#14010,.T.);
#14010 = EDGE_CURVE('',#13988,#13988,#14011,.T.);
#14011 = SURFACE_CURVE('',#14012,(#14017,#14024),.PCURVE_S1.);
#14012 = CIRCLE('',#14013,1.25);
#14013 = AXIS2_PLACEMENT_3D('',#14014,#14015,#14016);
#14014 = CARTESIAN_POINT('',(-54.25,-24.45,26.4));
#14015 = DIRECTION('',(0.,0.,1.));
#14016 = DIRECTION('',(1.,0.,0.));
#14017 = PCURVE('',#12512,#14018);
#14018 = DEFINITIONAL_REPRESENTATION('',(#14019),#14023);
#14019 = LINE('',#14020,#14021);
#14020 = CARTESIAN_POINT('',(-0.,-4.01));
#14021 = VECTOR('',#14022,1.);
#14022 = DIRECTION('',(-1.,0.));
#14023 = ( GEOMETRIC_REPRESENTATION_CONTEXT(2) 
PARAMETRIC_REPRESENTATION_CONTEXT() REPRESENTATION_CONTEXT('2D SPACE',''
  ) );
#14024 = PCURVE('',#14025,#14030);
#14025 = PLANE('',#14026);
#14026 = AXIS2_PLACEMENT_3D('',#14027,#14028,#14029);
#14027 = CARTESIAN_POINT('',(-54.25,-24.45,26.4));
#14028 = DIRECTION('',(0.,0.,1.));
#14029 = DIRECTION('',(1.,0.,-0.));
#14030 = DEFINITIONAL_REPRESENTATION('',(#14031),#14035);
#14031 = CIRCLE('',#14032,1.25);
#14032 = AXIS2_PLACEMENT_2D('',#14033,#14034);
#14033 = CARTESIAN_POINT('',(0.,-3.552713678801E-15));
#14034 = DIRECTION('',(1.,0.));
#14035 = ( GEOMETRIC_REPRESENTATION_CONTEXT(2) 
PARAMETRIC_REPRESENTATION_CONTEXT() REPRESENTATION_CONTEXT('2D SPACE',''
  ) );
#14036 = ORIENTED_EDGE('',*,*,#13987,.F.);
#14037 = ADVANCED_FACE('',(#14038),#12652,.T.);
#14038 = FACE_BOUND('',#14039,.T.);
#14039 = EDGE_LOOP('',(#14040,#14041,#14042,#14043,#14044,#14045,#14068,
    #14096,#14117,#14118,#14139,#14140));
#14040 = ORIENTED_EDGE('',*,*,#12636,.F.);
#14041 = ORIENTED_EDGE('',*,*,#13748,.T.);
#14042 = ORIENTED_EDGE('',*,*,#13573,.T.);
#14043 = ORIENTED_EDGE('',*,*,#13623,.T.);
#14044 = ORIENTED_EDGE('',*,*,#13424,.T.);
#14045 = ORIENTED_EDGE('',*,*,#14046,.T.);
#14046 = EDGE_CURVE('',#13425,#14047,#14049,.T.);
#14047 = VERTEX_POINT('',#14048);
#14048 = CARTESIAN_POINT('',(6.523913438213,28.7,22.4));
#14049 = SURFACE_CURVE('',#14050,(#14054,#14061),.PCURVE_S1.);
#14050 = LINE('',#14051,#14052);
#14051 = CARTESIAN_POINT('',(6.523913438213,28.7,22.4));
#14052 = VECTOR('',#14053,1.);
#14053 = DIRECTION('',(-0.,-0.,-1.));
#14054 = PCURVE('',#12652,#14055);
#14055 = DEFINITIONAL_REPRESENTATION('',(#14056),#14060);
#14056 = LINE('',#14057,#14058);
#14057 = CARTESIAN_POINT('',(21.106086561787,-3.5));
#14058 = VECTOR('',#14059,1.);
#14059 = DIRECTION('',(0.,1.));
#14060 = ( GEOMETRIC_REPRESENTATION_CONTEXT(2) 
PARAMETRIC_REPRESENTATION_CONTEXT() REPRESENTATION_CONTEXT('2D SPACE',''
  ) );
#14061 = PCURVE('',#13464,#14062);
#14062 = DEFINITIONAL_REPRESENTATION('',(#14063),#14067);
#14063 = LINE('',#14064,#14065);
#14064 = CARTESIAN_POINT('',(-7.299170600994,0.));
#14065 = VECTOR('',#14066,1.);
#14066 = DIRECTION('',(-0.,1.));
#14067 = ( GEOMETRIC_REPRESENTATION_CONTEXT(2) 
PARAMETRIC_REPRESENTATION_CONTEXT() REPRESENTATION_CONTEXT('2D SPACE',''
  ) );
#14068 = ORIENTED_EDGE('',*,*,#14069,.T.);
#14069 = EDGE_CURVE('',#14047,#14070,#14072,.T.);
#14070 = VERTEX_POINT('',#14071);
#14071 = CARTESIAN_POINT('',(1.256086561787,28.7,22.4));
#14072 = SURFACE_CURVE('',#14073,(#14077,#14084),.PCURVE_S1.);
#14073 = LINE('',#14074,#14075);
#14074 = CARTESIAN_POINT('',(15.76,28.7,22.4));
#14075 = VECTOR('',#14076,1.);
#14076 = DIRECTION('',(-1.,0.,0.));
#14077 = PCURVE('',#12652,#14078);
#14078 = DEFINITIONAL_REPRESENTATION('',(#14079),#14083);
#14079 = LINE('',#14080,#14081);
#14080 = CARTESIAN_POINT('',(11.87,-3.5));
#14081 = VECTOR('',#14082,1.);
#14082 = DIRECTION('',(1.,0.));
#14083 = ( GEOMETRIC_REPRESENTATION_CONTEXT(2) 
PARAMETRIC_REPRESENTATION_CONTEXT() REPRESENTATION_CONTEXT('2D SPACE',''
  ) );
#14084 = PCURVE('',#14085,#14090);
#14085 = PLANE('',#14086);
#14086 = AXIS2_PLACEMENT_3D('',#14087,#14088,#14089);
#14087 = CARTESIAN_POINT('',(3.89,24.45,22.4));
#14088 = DIRECTION('',(0.,0.,1.));
#14089 = DIRECTION('',(1.,0.,-0.));
#14090 = DEFINITIONAL_REPRESENTATION('',(#14091),#14095);
#14091 = LINE('',#14092,#14093);
#14092 = CARTESIAN_POINT('',(11.87,4.25));
#14093 = VECTOR('',#14094,1.);
#14094 = DIRECTION('',(-1.,0.));
#14095 = ( GEOMETRIC_REPRESENTATION_CONTEXT(2) 
PARAMETRIC_REPRESENTATION_CONTEXT() REPRESENTATION_CONTEXT('2D SPACE',''
  ) );
#14096 = ORIENTED_EDGE('',*,*,#14097,.F.);
#14097 = EDGE_CURVE('',#13448,#14070,#14098,.T.);
#14098 = SURFACE_CURVE('',#14099,(#14103,#14110),.PCURVE_S1.);
#14099 = LINE('',#14100,#14101);
#14100 = CARTESIAN_POINT('',(1.256086561787,28.7,22.4));
#14101 = VECTOR('',#14102,1.);
#14102 = DIRECTION('',(-0.,-0.,-1.));
#14103 = PCURVE('',#12652,#14104);
#14104 = DEFINITIONAL_REPRESENTATION('',(#14105),#14109);
#14105 = LINE('',#14106,#14107);
#14106 = CARTESIAN_POINT('',(26.373913438213,-3.5));
#14107 = VECTOR('',#14108,1.);
#14108 = DIRECTION('',(0.,1.));
#14109 = ( GEOMETRIC_REPRESENTATION_CONTEXT(2) 
PARAMETRIC_REPRESENTATION_CONTEXT() REPRESENTATION_CONTEXT('2D SPACE',''
  ) );
#14110 = PCURVE('',#13464,#14111);
#14111 = DEFINITIONAL_REPRESENTATION('',(#14112),#14116);
#14112 = LINE('',#14113,#14114);
#14113 = CARTESIAN_POINT('',(-2.125607359775,0.));
#14114 = VECTOR('',#14115,1.);
#14115 = DIRECTION('',(-0.,1.));
#14116 = ( GEOMETRIC_REPRESENTATION_CONTEXT(2) 
PARAMETRIC_REPRESENTATION_CONTEXT() REPRESENTATION_CONTEXT('2D SPACE',''
  ) );
#14117 = ORIENTED_EDGE('',*,*,#13476,.T.);
#14118 = ORIENTED_EDGE('',*,*,#14119,.T.);
#14119 = EDGE_CURVE('',#13477,#12788,#14120,.T.);
#14120 = SURFACE_CURVE('',#14121,(#14125,#14132),.PCURVE_S1.);
#14121 = LINE('',#14122,#14123);
#14122 = CARTESIAN_POINT('',(-51.61608656178,28.7,22.4));
#14123 = VECTOR('',#14124,1.);
#14124 = DIRECTION('',(-0.,-0.,-1.));
#14125 = PCURVE('',#12652,#14126);
#14126 = DEFINITIONAL_REPRESENTATION('',(#14127),#14131);
#14127 = LINE('',#14128,#14129);
#14128 = CARTESIAN_POINT('',(79.246086561787,-3.5));
#14129 = VECTOR('',#14130,1.);
#14130 = DIRECTION('',(0.,1.));
#14131 = ( GEOMETRIC_REPRESENTATION_CONTEXT(2) 
PARAMETRIC_REPRESENTATION_CONTEXT() REPRESENTATION_CONTEXT('2D SPACE',''
  ) );
#14132 = PCURVE('',#12808,#14133);
#14133 = DEFINITIONAL_REPRESENTATION('',(#14134),#14138);
#14134 = LINE('',#14135,#14136);
#14135 = CARTESIAN_POINT('',(-7.299170600994,0.));
#14136 = VECTOR('',#14137,1.);
#14137 = DIRECTION('',(-0.,1.));
#14138 = ( GEOMETRIC_REPRESENTATION_CONTEXT(2) 
PARAMETRIC_REPRESENTATION_CONTEXT() REPRESENTATION_CONTEXT('2D SPACE',''
  ) );
#14139 = ORIENTED_EDGE('',*,*,#12820,.T.);
#14140 = ORIENTED_EDGE('',*,*,#12961,.F.);
#14141 = ADVANCED_FACE('',(#14142),#12808,.T.);
#14142 = FACE_BOUND('',#14143,.F.);
#14143 = EDGE_LOOP('',(#14144,#14145,#14146,#14147));
#14144 = ORIENTED_EDGE('',*,*,#13499,.T.);
#14145 = ORIENTED_EDGE('',*,*,#14119,.T.);
#14146 = ORIENTED_EDGE('',*,*,#12787,.T.);
#14147 = ORIENTED_EDGE('',*,*,#13803,.F.);
#14148 = ADVANCED_FACE('',(#14149),#12913,.F.);
#14149 = FACE_BOUND('',#14150,.T.);
#14150 = EDGE_LOOP('',(#14151,#14152,#14175,#14202));
#14151 = ORIENTED_EDGE('',*,*,#12892,.T.);
#14152 = ORIENTED_EDGE('',*,*,#14153,.T.);
#14153 = EDGE_CURVE('',#12893,#14154,#14156,.T.);
#14154 = VERTEX_POINT('',#14155);
#14155 = CARTESIAN_POINT('',(-53.,24.45,26.4));
#14156 = SEAM_CURVE('',#14157,(#14161,#14168),.PCURVE_S1.);
#14157 = LINE('',#14158,#14159);
#14158 = CARTESIAN_POINT('',(-53.,24.45,22.39));
#14159 = VECTOR('',#14160,1.);
#14160 = DIRECTION('',(0.,0.,1.));
#14161 = PCURVE('',#12913,#14162);
#14162 = DEFINITIONAL_REPRESENTATION('',(#14163),#14167);
#14163 = LINE('',#14164,#14165);
#14164 = CARTESIAN_POINT('',(-6.28318530718,0.));
#14165 = VECTOR('',#14166,1.);
#14166 = DIRECTION('',(-0.,-1.));
#14167 = ( GEOMETRIC_REPRESENTATION_CONTEXT(2) 
PARAMETRIC_REPRESENTATION_CONTEXT() REPRESENTATION_CONTEXT('2D SPACE',''
  ) );
#14168 = PCURVE('',#12913,#14169);
#14169 = DEFINITIONAL_REPRESENTATION('',(#14170),#14174);
#14170 = LINE('',#14171,#14172);
#14171 = CARTESIAN_POINT('',(-0.,0.));
#14172 = VECTOR('',#14173,1.);
#14173 = DIRECTION('',(-0.,-1.));
#14174 = ( GEOMETRIC_REPRESENTATION_CONTEXT(2) 
PARAMETRIC_REPRESENTATION_CONTEXT() REPRESENTATION_CONTEXT('2D SPACE',''
  ) );
#14175 = ORIENTED_EDGE('',*,*,#14176,.T.);
#14176 = EDGE_CURVE('',#14154,#14154,#14177,.T.);
#14177 = SURFACE_CURVE('',#14178,(#14183,#14190),.PCURVE_S1.);
#14178 = CIRCLE('',#14179,1.25);
#14179 = AXIS2_PLACEMENT_3D('',#14180,#14181,#14182);
#14180 = CARTESIAN_POINT('',(-54.25,24.45,26.4));
#14181 = DIRECTION('',(0.,0.,1.));
#14182 = DIRECTION('',(1.,0.,0.));
#14183 = PCURVE('',#12913,#14184);
#14184 = DEFINITIONAL_REPRESENTATION('',(#14185),#14189);
#14185 = LINE('',#14186,#14187);
#14186 = CARTESIAN_POINT('',(-0.,-4.01));
#14187 = VECTOR('',#14188,1.);
#14188 = DIRECTION('',(-1.,0.));
#14189 = ( GEOMETRIC_REPRESENTATION_CONTEXT(2) 
PARAMETRIC_REPRESENTATION_CONTEXT() REPRESENTATION_CONTEXT('2D SPACE',''
  ) );
#14190 = PCURVE('',#14191,#14196);
#14191 = PLANE('',#14192);
#14192 = AXIS2_PLACEMENT_3D('',#14193,#14194,#14195);
#14193 = CARTESIAN_POINT('',(-54.25,24.45,26.4));
#14194 = DIRECTION('',(0.,0.,1.));
#14195 = DIRECTION('',(1.,0.,-0.));
#14196 = DEFINITIONAL_REPRESENTATION('',(#14197),#14201);
#14197 = CIRCLE('',#14198,1.25);
#14198 = AXIS2_PLACEMENT_2D('',#14199,#14200);
#14199 = CARTESIAN_POINT('',(0.,3.552713678801E-15));
#14200 = DIRECTION('',(1.,0.));
#14201 = ( GEOMETRIC_REPRESENTATION_CONTEXT(2) 
PARAMETRIC_REPRESENTATION_CONTEXT() REPRESENTATION_CONTEXT('2D SPACE',''
  ) );
#14202 = ORIENTED_EDGE('',*,*,#14153,.F.);
#14203 = ADVANCED_FACE('',(#14204),#13109,.F.);
#14204 = FACE_BOUND('',#14205,.F.);
#14205 = EDGE_LOOP('',(#14206,#14207,#14208,#14209));
#14206 = ORIENTED_EDGE('',*,*,#13092,.T.);
#14207 = ORIENTED_EDGE('',*,*,#13850,.T.);
#14208 = ORIENTED_EDGE('',*,*,#13702,.T.);
#14209 = ORIENTED_EDGE('',*,*,#13775,.F.);
#14210 = ADVANCED_FACE('',(#14211),#13361,.T.);
#14211 = FACE_BOUND('',#14212,.F.);
#14212 = EDGE_LOOP('',(#14213,#14214,#14215,#14237));
#14213 = ORIENTED_EDGE('',*,*,#13344,.T.);
#14214 = ORIENTED_EDGE('',*,*,#13900,.T.);
#14215 = ORIENTED_EDGE('',*,*,#14216,.F.);
#14216 = EDGE_CURVE('',#13924,#13901,#14217,.T.);
#14217 = SURFACE_CURVE('',#14218,(#14223,#14230),.PCURVE_S1.);
#14218 = CIRCLE('',#14219,5.);
#14219 = AXIS2_PLACEMENT_3D('',#14220,#14221,#14222);
#14220 = CARTESIAN_POINT('',(3.89,-24.45,22.4));
#14221 = DIRECTION('',(-0.,0.,1.));
#14222 = DIRECTION('',(0.526782687643,-0.85,0.));
#14223 = PCURVE('',#13361,#14224);
#14224 = DEFINITIONAL_REPRESENTATION('',(#14225),#14229);
#14225 = LINE('',#14226,#14227);
#14226 = CARTESIAN_POINT('',(-5.267200013365,0.));
#14227 = VECTOR('',#14228,1.);
#14228 = DIRECTION('',(-1.,0.));
#14229 = ( GEOMETRIC_REPRESENTATION_CONTEXT(2) 
PARAMETRIC_REPRESENTATION_CONTEXT() REPRESENTATION_CONTEXT('2D SPACE',''
  ) );
#14230 = PCURVE('',#13939,#14231);
#14231 = DEFINITIONAL_REPRESENTATION('',(#14232),#14236);
#14232 = CIRCLE('',#14233,5.);
#14233 = AXIS2_PLACEMENT_2D('',#14234,#14235);
#14234 = CARTESIAN_POINT('',(4.440892098501E-16,-3.552713678801E-15));
#14235 = DIRECTION('',(0.526782687643,-0.85));
#14236 = ( GEOMETRIC_REPRESENTATION_CONTEXT(2) 
PARAMETRIC_REPRESENTATION_CONTEXT() REPRESENTATION_CONTEXT('2D SPACE',''
  ) );
#14237 = ORIENTED_EDGE('',*,*,#13951,.F.);
#14238 = ADVANCED_FACE('',(#14239),#13464,.T.);
#14239 = FACE_BOUND('',#14240,.F.);
#14240 = EDGE_LOOP('',(#14241,#14242,#14243,#14265));
#14241 = ORIENTED_EDGE('',*,*,#13447,.T.);
#14242 = ORIENTED_EDGE('',*,*,#14046,.T.);
#14243 = ORIENTED_EDGE('',*,*,#14244,.F.);
#14244 = EDGE_CURVE('',#14070,#14047,#14245,.T.);
#14245 = SURFACE_CURVE('',#14246,(#14251,#14258),.PCURVE_S1.);
#14246 = CIRCLE('',#14247,5.);
#14247 = AXIS2_PLACEMENT_3D('',#14248,#14249,#14250);
#14248 = CARTESIAN_POINT('',(3.89,24.45,22.4));
#14249 = DIRECTION('',(0.,0.,1.));
#14250 = DIRECTION('',(-0.526782687643,0.85,0.));
#14251 = PCURVE('',#13464,#14252);
#14252 = DEFINITIONAL_REPRESENTATION('',(#14253),#14257);
#14253 = LINE('',#14254,#14255);
#14254 = CARTESIAN_POINT('',(-2.125607359775,0.));
#14255 = VECTOR('',#14256,1.);
#14256 = DIRECTION('',(-1.,0.));
#14257 = ( GEOMETRIC_REPRESENTATION_CONTEXT(2) 
PARAMETRIC_REPRESENTATION_CONTEXT() REPRESENTATION_CONTEXT('2D SPACE',''
  ) );
#14258 = PCURVE('',#14085,#14259);
#14259 = DEFINITIONAL_REPRESENTATION('',(#14260),#14264);
#14260 = CIRCLE('',#14261,5.);
#14261 = AXIS2_PLACEMENT_2D('',#14262,#14263);
#14262 = CARTESIAN_POINT('',(4.440892098501E-16,3.552713678801E-15));
#14263 = DIRECTION('',(-0.526782687643,0.85));
#14264 = ( GEOMETRIC_REPRESENTATION_CONTEXT(2) 
PARAMETRIC_REPRESENTATION_CONTEXT() REPRESENTATION_CONTEXT('2D SPACE',''
  ) );
#14265 = ORIENTED_EDGE('',*,*,#14097,.F.);
#14266 = ADVANCED_FACE('',(#14267,#14271),#13939,.F.);
#14267 = FACE_BOUND('',#14268,.F.);
#14268 = EDGE_LOOP('',(#14269,#14270));
#14269 = ORIENTED_EDGE('',*,*,#14216,.T.);
#14270 = ORIENTED_EDGE('',*,*,#13923,.T.);
#14271 = FACE_BOUND('',#14272,.F.);
#14272 = EDGE_LOOP('',(#14273));
#14273 = ORIENTED_EDGE('',*,*,#14274,.T.);
#14274 = EDGE_CURVE('',#14275,#14275,#14277,.T.);
#14275 = VERTEX_POINT('',#14276);
#14276 = CARTESIAN_POINT('',(5.14,-24.45,22.4));
#14277 = SURFACE_CURVE('',#14278,(#14283,#14294),.PCURVE_S1.);
#14278 = CIRCLE('',#14279,1.25);
#14279 = AXIS2_PLACEMENT_3D('',#14280,#14281,#14282);
#14280 = CARTESIAN_POINT('',(3.89,-24.45,22.4));
#14281 = DIRECTION('',(0.,0.,-1.));
#14282 = DIRECTION('',(1.,0.,0.));
#14283 = PCURVE('',#13939,#14284);
#14284 = DEFINITIONAL_REPRESENTATION('',(#14285),#14293);
#14285 = ( BOUNDED_CURVE() B_SPLINE_CURVE(2,(#14286,#14287,#14288,#14289
    ,#14290,#14291,#14292),.UNSPECIFIED.,.T.,.F.) 
B_SPLINE_CURVE_WITH_KNOTS((1,2,2,2,2,1),(-2.094395102393,0.,
    2.094395102393,4.188790204786,6.28318530718,8.377580409573),
.UNSPECIFIED.) CURVE() GEOMETRIC_REPRESENTATION_ITEM() 
RATIONAL_B_SPLINE_CURVE((1.,0.5,1.,0.5,1.,0.5,1.)) REPRESENTATION_ITEM(
  '') );
#14286 = CARTESIAN_POINT('',(1.25,-3.552713678801E-15));
#14287 = CARTESIAN_POINT('',(1.25,-2.165063509461));
#14288 = CARTESIAN_POINT('',(-0.625,-1.082531754731));
#14289 = CARTESIAN_POINT('',(-2.5,-3.858875378587E-15));
#14290 = CARTESIAN_POINT('',(-0.625,1.082531754731));
#14291 = CARTESIAN_POINT('',(1.25,2.165063509461));
#14292 = CARTESIAN_POINT('',(1.25,-3.552713678801E-15));
#14293 = ( GEOMETRIC_REPRESENTATION_CONTEXT(2) 
PARAMETRIC_REPRESENTATION_CONTEXT() REPRESENTATION_CONTEXT('2D SPACE',''
  ) );
#14294 = PCURVE('',#14295,#14300);
#14295 = CYLINDRICAL_SURFACE('',#14296,1.25);
#14296 = AXIS2_PLACEMENT_3D('',#14297,#14298,#14299);
#14297 = CARTESIAN_POINT('',(3.89,-24.45,22.39));
#14298 = DIRECTION('',(-0.,-0.,-1.));
#14299 = DIRECTION('',(1.,0.,0.));
#14300 = DEFINITIONAL_REPRESENTATION('',(#14301),#14305);
#14301 = LINE('',#14302,#14303);
#14302 = CARTESIAN_POINT('',(-6.28318530718,-1.E-02));
#14303 = VECTOR('',#14304,1.);
#14304 = DIRECTION('',(1.,-0.));
#14305 = ( GEOMETRIC_REPRESENTATION_CONTEXT(2) 
PARAMETRIC_REPRESENTATION_CONTEXT() REPRESENTATION_CONTEXT('2D SPACE',''
  ) );
#14306 = ADVANCED_FACE('',(#14307),#14025,.F.);
#14307 = FACE_BOUND('',#14308,.F.);
#14308 = EDGE_LOOP('',(#14309));
#14309 = ORIENTED_EDGE('',*,*,#14010,.T.);
#14310 = ADVANCED_FACE('',(#14311,#14315),#14085,.F.);
#14311 = FACE_BOUND('',#14312,.F.);
#14312 = EDGE_LOOP('',(#14313,#14314));
#14313 = ORIENTED_EDGE('',*,*,#14244,.T.);
#14314 = ORIENTED_EDGE('',*,*,#14069,.T.);
#14315 = FACE_BOUND('',#14316,.F.);
#14316 = EDGE_LOOP('',(#14317));
#14317 = ORIENTED_EDGE('',*,*,#14318,.T.);
#14318 = EDGE_CURVE('',#14319,#14319,#14321,.T.);
#14319 = VERTEX_POINT('',#14320);
#14320 = CARTESIAN_POINT('',(5.14,24.45,22.4));
#14321 = SURFACE_CURVE('',#14322,(#14327,#14338),.PCURVE_S1.);
#14322 = CIRCLE('',#14323,1.25);
#14323 = AXIS2_PLACEMENT_3D('',#14324,#14325,#14326);
#14324 = CARTESIAN_POINT('',(3.89,24.45,22.4));
#14325 = DIRECTION('',(0.,0.,-1.));
#14326 = DIRECTION('',(1.,0.,0.));
#14327 = PCURVE('',#14085,#14328);
#14328 = DEFINITIONAL_REPRESENTATION('',(#14329),#14337);
#14329 = ( BOUNDED_CURVE() B_SPLINE_CURVE(2,(#14330,#14331,#14332,#14333
    ,#14334,#14335,#14336),.UNSPECIFIED.,.T.,.F.) 
B_SPLINE_CURVE_WITH_KNOTS((1,2,2,2,2,1),(-2.094395102393,0.,
    2.094395102393,4.188790204786,6.28318530718,8.377580409573),
.UNSPECIFIED.) CURVE() GEOMETRIC_REPRESENTATION_ITEM() 
RATIONAL_B_SPLINE_CURVE((1.,0.5,1.,0.5,1.,0.5,1.)) REPRESENTATION_ITEM(
  '') );
#14330 = CARTESIAN_POINT('',(1.25,3.552713678801E-15));
#14331 = CARTESIAN_POINT('',(1.25,-2.165063509461));
#14332 = CARTESIAN_POINT('',(-0.625,-1.082531754731));
#14333 = CARTESIAN_POINT('',(-2.5,3.246551979014E-15));
#14334 = CARTESIAN_POINT('',(-0.625,1.082531754731));
#14335 = CARTESIAN_POINT('',(1.25,2.165063509461));
#14336 = CARTESIAN_POINT('',(1.25,3.552713678801E-15));
#14337 = ( GEOMETRIC_REPRESENTATION_CONTEXT(2) 
PARAMETRIC_REPRESENTATION_CONTEXT() REPRESENTATION_CONTEXT('2D SPACE',''
  ) );
#14338 = PCURVE('',#14339,#14344);
#14339 = CYLINDRICAL_SURFACE('',#14340,1.25);
#14340 = AXIS2_PLACEMENT_3D('',#14341,#14342,#14343);
#14341 = CARTESIAN_POINT('',(3.89,24.45,22.39));
#14342 = DIRECTION('',(-0.,-0.,-1.));
#14343 = DIRECTION('',(1.,0.,0.));
#14344 = DEFINITIONAL_REPRESENTATION('',(#14345),#14349);
#14345 = LINE('',#14346,#14347);
#14346 = CARTESIAN_POINT('',(-6.28318530718,-1.E-02));
#14347 = VECTOR('',#14348,1.);
#14348 = DIRECTION('',(1.,-0.));
#14349 = ( GEOMETRIC_REPRESENTATION_CONTEXT(2) 
PARAMETRIC_REPRESENTATION_CONTEXT() REPRESENTATION_CONTEXT('2D SPACE',''
  ) );
#14350 = ADVANCED_FACE('',(#14351),#14191,.F.);
#14351 = FACE_BOUND('',#14352,.F.);
#14352 = EDGE_LOOP('',(#14353));
#14353 = ORIENTED_EDGE('',*,*,#14176,.T.);
#14354 = ADVANCED_FACE('',(#14355),#14295,.F.);
#14355 = FACE_BOUND('',#14356,.T.);
#14356 = EDGE_LOOP('',(#14357,#14358,#14381,#14408));
#14357 = ORIENTED_EDGE('',*,*,#14274,.T.);
#14358 = ORIENTED_EDGE('',*,*,#14359,.T.);
#14359 = EDGE_CURVE('',#14275,#14360,#14362,.T.);
#14360 = VERTEX_POINT('',#14361);
#14361 = CARTESIAN_POINT('',(5.14,-24.45,26.4));
#14362 = SEAM_CURVE('',#14363,(#14367,#14374),.PCURVE_S1.);
#14363 = LINE('',#14364,#14365);
#14364 = CARTESIAN_POINT('',(5.14,-24.45,22.39));
#14365 = VECTOR('',#14366,1.);
#14366 = DIRECTION('',(0.,0.,1.));
#14367 = PCURVE('',#14295,#14368);
#14368 = DEFINITIONAL_REPRESENTATION('',(#14369),#14373);
#14369 = LINE('',#14370,#14371);
#14370 = CARTESIAN_POINT('',(-6.28318530718,0.));
#14371 = VECTOR('',#14372,1.);
#14372 = DIRECTION('',(-0.,-1.));
#14373 = ( GEOMETRIC_REPRESENTATION_CONTEXT(2) 
PARAMETRIC_REPRESENTATION_CONTEXT() REPRESENTATION_CONTEXT('2D SPACE',''
  ) );
#14374 = PCURVE('',#14295,#14375);
#14375 = DEFINITIONAL_REPRESENTATION('',(#14376),#14380);
#14376 = LINE('',#14377,#14378);
#14377 = CARTESIAN_POINT('',(-0.,0.));
#14378 = VECTOR('',#14379,1.);
#14379 = DIRECTION('',(-0.,-1.));
#14380 = ( GEOMETRIC_REPRESENTATION_CONTEXT(2) 
PARAMETRIC_REPRESENTATION_CONTEXT() REPRESENTATION_CONTEXT('2D SPACE',''
  ) );
#14381 = ORIENTED_EDGE('',*,*,#14382,.T.);
#14382 = EDGE_CURVE('',#14360,#14360,#14383,.T.);
#14383 = SURFACE_CURVE('',#14384,(#14389,#14396),.PCURVE_S1.);
#14384 = CIRCLE('',#14385,1.25);
#14385 = AXIS2_PLACEMENT_3D('',#14386,#14387,#14388);
#14386 = CARTESIAN_POINT('',(3.89,-24.45,26.4));
#14387 = DIRECTION('',(0.,0.,1.));
#14388 = DIRECTION('',(1.,0.,0.));
#14389 = PCURVE('',#14295,#14390);
#14390 = DEFINITIONAL_REPRESENTATION('',(#14391),#14395);
#14391 = LINE('',#14392,#14393);
#14392 = CARTESIAN_POINT('',(-0.,-4.01));
#14393 = VECTOR('',#14394,1.);
#14394 = DIRECTION('',(-1.,0.));
#14395 = ( GEOMETRIC_REPRESENTATION_CONTEXT(2) 
PARAMETRIC_REPRESENTATION_CONTEXT() REPRESENTATION_CONTEXT('2D SPACE',''
  ) );
#14396 = PCURVE('',#14397,#14402);
#14397 = PLANE('',#14398);
#14398 = AXIS2_PLACEMENT_3D('',#14399,#14400,#14401);
#14399 = CARTESIAN_POINT('',(3.89,-24.45,26.4));
#14400 = DIRECTION('',(0.,0.,1.));
#14401 = DIRECTION('',(1.,0.,-0.));
#14402 = DEFINITIONAL_REPRESENTATION('',(#14403),#14407);
#14403 = CIRCLE('',#14404,1.25);
#14404 = AXIS2_PLACEMENT_2D('',#14405,#14406);
#14405 = CARTESIAN_POINT('',(0.,0.));
#14406 = DIRECTION('',(1.,0.));
#14407 = ( GEOMETRIC_REPRESENTATION_CONTEXT(2) 
PARAMETRIC_REPRESENTATION_CONTEXT() REPRESENTATION_CONTEXT('2D SPACE',''
  ) );
#14408 = ORIENTED_EDGE('',*,*,#14359,.F.);
#14409 = ADVANCED_FACE('',(#14410),#14339,.F.);
#14410 = FACE_BOUND('',#14411,.T.);
#14411 = EDGE_LOOP('',(#14412,#14413,#14436,#14463));
#14412 = ORIENTED_EDGE('',*,*,#14318,.T.);
#14413 = ORIENTED_EDGE('',*,*,#14414,.T.);
#14414 = EDGE_CURVE('',#14319,#14415,#14417,.T.);
#14415 = VERTEX_POINT('',#14416);
#14416 = CARTESIAN_POINT('',(5.14,24.45,26.4));
#14417 = SEAM_CURVE('',#14418,(#14422,#14429),.PCURVE_S1.);
#14418 = LINE('',#14419,#14420);
#14419 = CARTESIAN_POINT('',(5.14,24.45,22.39));
#14420 = VECTOR('',#14421,1.);
#14421 = DIRECTION('',(0.,0.,1.));
#14422 = PCURVE('',#14339,#14423);
#14423 = DEFINITIONAL_REPRESENTATION('',(#14424),#14428);
#14424 = LINE('',#14425,#14426);
#14425 = CARTESIAN_POINT('',(-6.28318530718,0.));
#14426 = VECTOR('',#14427,1.);
#14427 = DIRECTION('',(-0.,-1.));
#14428 = ( GEOMETRIC_REPRESENTATION_CONTEXT(2) 
PARAMETRIC_REPRESENTATION_CONTEXT() REPRESENTATION_CONTEXT('2D SPACE',''
  ) );
#14429 = PCURVE('',#14339,#14430);
#14430 = DEFINITIONAL_REPRESENTATION('',(#14431),#14435);
#14431 = LINE('',#14432,#14433);
#14432 = CARTESIAN_POINT('',(-0.,0.));
#14433 = VECTOR('',#14434,1.);
#14434 = DIRECTION('',(-0.,-1.));
#14435 = ( GEOMETRIC_REPRESENTATION_CONTEXT(2) 
PARAMETRIC_REPRESENTATION_CONTEXT() REPRESENTATION_CONTEXT('2D SPACE',''
  ) );
#14436 = ORIENTED_EDGE('',*,*,#14437,.T.);
#14437 = EDGE_CURVE('',#14415,#14415,#14438,.T.);
#14438 = SURFACE_CURVE('',#14439,(#14444,#14451),.PCURVE_S1.);
#14439 = CIRCLE('',#14440,1.25);
#14440 = AXIS2_PLACEMENT_3D('',#14441,#14442,#14443);
#14441 = CARTESIAN_POINT('',(3.89,24.45,26.4));
#14442 = DIRECTION('',(0.,0.,1.));
#14443 = DIRECTION('',(1.,0.,0.));
#14444 = PCURVE('',#14339,#14445);
#14445 = DEFINITIONAL_REPRESENTATION('',(#14446),#14450);
#14446 = LINE('',#14447,#14448);
#14447 = CARTESIAN_POINT('',(-0.,-4.01));
#14448 = VECTOR('',#14449,1.);
#14449 = DIRECTION('',(-1.,0.));
#14450 = ( GEOMETRIC_REPRESENTATION_CONTEXT(2) 
PARAMETRIC_REPRESENTATION_CONTEXT() REPRESENTATION_CONTEXT('2D SPACE',''
  ) );
#14451 = PCURVE('',#14452,#14457);
#14452 = PLANE('',#14453);
#14453 = AXIS2_PLACEMENT_3D('',#14454,#14455,#14456);
#14454 = CARTESIAN_POINT('',(3.89,24.45,26.4));
#14455 = DIRECTION('',(0.,0.,1.));
#14456 = DIRECTION('',(1.,0.,-0.));
#14457 = DEFINITIONAL_REPRESENTATION('',(#14458),#14462);
#14458 = CIRCLE('',#14459,1.25);
#14459 = AXIS2_PLACEMENT_2D('',#14460,#14461);
#14460 = CARTESIAN_POINT('',(0.,0.));
#14461 = DIRECTION('',(1.,0.));
#14462 = ( GEOMETRIC_REPRESENTATION_CONTEXT(2) 
PARAMETRIC_REPRESENTATION_CONTEXT() REPRESENTATION_CONTEXT('2D SPACE',''
  ) );
#14463 = ORIENTED_EDGE('',*,*,#14414,.F.);
#14464 = ADVANCED_FACE('',(#14465),#14397,.F.);
#14465 = FACE_BOUND('',#14466,.F.);
#14466 = EDGE_LOOP('',(#14467));
#14467 = ORIENTED_EDGE('',*,*,#14382,.T.);
#14468 = ADVANCED_FACE('',(#14469),#14452,.F.);
#14469 = FACE_BOUND('',#14470,.F.);
#14470 = EDGE_LOOP('',(#14471));
#14471 = ORIENTED_EDGE('',*,*,#14437,.T.);
#14472 = ( GEOMETRIC_REPRESENTATION_CONTEXT(3) 
GLOBAL_UNCERTAINTY_ASSIGNED_CONTEXT((#14476)) 
GLOBAL_UNIT_ASSIGNED_CONTEXT((#14473,#14474,#14475)) 
REPRESENTATION_CONTEXT('Context #1',
  '3D Context with UNIT and UNCERTAINTY') );
#14473 = ( LENGTH_UNIT() NAMED_UNIT(*) SI_UNIT(.MILLI.,.METRE.) );
#14474 = ( NAMED_UNIT(*) PLANE_ANGLE_UNIT() SI_UNIT($,.RADIAN.) );
#14475 = ( NAMED_UNIT(*) SI_UNIT($,.STERADIAN.) SOLID_ANGLE_UNIT() );
#14476 = UNCERTAINTY_MEASURE_WITH_UNIT(LENGTH_MEASURE(1.E-07),#14473,
  'distance_accuracy_value','confusion accuracy');
#14477 = CONTEXT_DEPENDENT_SHAPE_REPRESENTATION(#14478,#14480);
#14478 = ( REPRESENTATION_RELATIONSHIP('','',#6709,#10) 
REPRESENTATION_RELATIONSHIP_WITH_TRANSFORMATION(#14479) 
SHAPE_REPRESENTATION_RELATIONSHIP() );
#14479 = ITEM_DEFINED_TRANSFORMATION('','',#11,#19);
#14480 = PRODUCT_DEFINITION_SHAPE('Placement','Placement of an item',
  #14481);
#14481 = NEXT_ASSEMBLY_USAGE_OCCURRENCE('2','top-plate','',#5,#6704,$);
#14482 = PRODUCT_RELATED_PRODUCT_CATEGORY('part',$,(#6706));
#14483 = SHAPE_DEFINITION_REPRESENTATION(#14484,#14490);
#14484 = PRODUCT_DEFINITION_SHAPE('','',#14485);
#14485 = PRODUCT_DEFINITION('design','',#14486,#14489);
#14486 = PRODUCT_DEFINITION_FORMATION('','',#14487);
#14487 = PRODUCT('pn7160-board','pn7160-board','',(#14488));
#14488 = PRODUCT_CONTEXT('',#2,'mechanical');
#14489 = PRODUCT_DEFINITION_CONTEXT('part definition',#2,'design');
#14490 = ADVANCED_BREP_SHAPE_REPRESENTATION('',(#11,#14491),#15511);
#14491 = MANIFOLD_SOLID_BREP('',#14492);
#14492 = CLOSED_SHELL('',(#14493,#14613,#14689,#14760,#15041,#15188,
    #15195,#15222,#15249,#15276,#15352,#15401,#15450,#15477,#15504));
#14493 = ADVANCED_FACE('',(#14494),#14508,.F.);
#14494 = FACE_BOUND('',#14495,.F.);
#14495 = EDGE_LOOP('',(#14496,#14531,#14559,#14587));
#14496 = ORIENTED_EDGE('',*,*,#14497,.T.);
#14497 = EDGE_CURVE('',#14498,#14500,#14502,.T.);
#14498 = VERTEX_POINT('',#14499);
#14499 = CARTESIAN_POINT('',(-58.,-28.2,20.8));
#14500 = VERTEX_POINT('',#14501);
#14501 = CARTESIAN_POINT('',(-58.,-28.2,22.4));
#14502 = SURFACE_CURVE('',#14503,(#14507,#14519),.PCURVE_S1.);
#14503 = LINE('',#14504,#14505);
#14504 = CARTESIAN_POINT('',(-58.,-28.2,20.8));
#14505 = VECTOR('',#14506,1.);
#14506 = DIRECTION('',(0.,0.,1.));
#14507 = PCURVE('',#14508,#14513);
#14508 = PLANE('',#14509);
#14509 = AXIS2_PLACEMENT_3D('',#14510,#14511,#14512);
#14510 = CARTESIAN_POINT('',(-58.,-28.2,20.8));
#14511 = DIRECTION('',(0.,1.,0.));
#14512 = DIRECTION('',(1.,0.,0.));
#14513 = DEFINITIONAL_REPRESENTATION('',(#14514),#14518);
#14514 = LINE('',#14515,#14516);
#14515 = CARTESIAN_POINT('',(0.,0.));
#14516 = VECTOR('',#14517,1.);
#14517 = DIRECTION('',(0.,-1.));
#14518 = ( GEOMETRIC_REPRESENTATION_CONTEXT(2) 
PARAMETRIC_REPRESENTATION_CONTEXT() REPRESENTATION_CONTEXT('2D SPACE',''
  ) );
#14519 = PCURVE('',#14520,#14525);
#14520 = PLANE('',#14521);
#14521 = AXIS2_PLACEMENT_3D('',#14522,#14523,#14524);
#14522 = CARTESIAN_POINT('',(-58.,28.2,20.8));
#14523 = DIRECTION('',(1.,0.,-0.));
#14524 = DIRECTION('',(0.,-1.,0.));
#14525 = DEFINITIONAL_REPRESENTATION('',(#14526),#14530);
#14526 = LINE('',#14527,#14528);
#14527 = CARTESIAN_POINT('',(56.4,0.));
#14528 = VECTOR('',#14529,1.);
#14529 = DIRECTION('',(0.,-1.));
#14530 = ( GEOMETRIC_REPRESENTATION_CONTEXT(2) 
PARAMETRIC_REPRESENTATION_CONTEXT() REPRESENTATION_CONTEXT('2D SPACE',''
  ) );
#14531 = ORIENTED_EDGE('',*,*,#14532,.T.);
#14532 = EDGE_CURVE('',#14500,#14533,#14535,.T.);
#14533 = VERTEX_POINT('',#14534);
#14534 = CARTESIAN_POINT('',(27.13,-28.2,22.4));
#14535 = SURFACE_CURVE('',#14536,(#14540,#14547),.PCURVE_S1.);
#14536 = LINE('',#14537,#14538);
#14537 = CARTESIAN_POINT('',(-58.,-28.2,22.4));
#14538 = VECTOR('',#14539,1.);
#14539 = DIRECTION('',(1.,0.,0.));
#14540 = PCURVE('',#14508,#14541);
#14541 = DEFINITIONAL_REPRESENTATION('',(#14542),#14546);
#14542 = LINE('',#14543,#14544);
#14543 = CARTESIAN_POINT('',(0.,-1.6));
#14544 = VECTOR('',#14545,1.);
#14545 = DIRECTION('',(1.,0.));
#14546 = ( GEOMETRIC_REPRESENTATION_CONTEXT(2) 
PARAMETRIC_REPRESENTATION_CONTEXT() REPRESENTATION_CONTEXT('2D SPACE',''
  ) );
#14547 = PCURVE('',#14548,#14553);
#14548 = PLANE('',#14549);
#14549 = AXIS2_PLACEMENT_3D('',#14550,#14551,#14552);
#14550 = CARTESIAN_POINT('',(-15.435,-1.606540489248E-15,22.4));
#14551 = DIRECTION('',(0.,0.,1.));
#14552 = DIRECTION('',(1.,0.,-0.));
#14553 = DEFINITIONAL_REPRESENTATION('',(#14554),#14558);
#14554 = LINE('',#14555,#14556);
#14555 = CARTESIAN_POINT('',(-42.565,-28.2));
#14556 = VECTOR('',#14557,1.);
#14557 = DIRECTION('',(1.,0.));
#14558 = ( GEOMETRIC_REPRESENTATION_CONTEXT(2) 
PARAMETRIC_REPRESENTATION_CONTEXT() REPRESENTATION_CONTEXT('2D SPACE',''
  ) );
#14559 = ORIENTED_EDGE('',*,*,#14560,.F.);
#14560 = EDGE_CURVE('',#14561,#14533,#14563,.T.);
#14561 = VERTEX_POINT('',#14562);
#14562 = CARTESIAN_POINT('',(27.13,-28.2,20.8));
#14563 = SURFACE_CURVE('',#14564,(#14568,#14575),.PCURVE_S1.);
#14564 = LINE('',#14565,#14566);
#14565 = CARTESIAN_POINT('',(27.13,-28.2,20.8));
#14566 = VECTOR('',#14567,1.);
#14567 = DIRECTION('',(0.,0.,1.));
#14568 = PCURVE('',#14508,#14569);
#14569 = DEFINITIONAL_REPRESENTATION('',(#14570),#14574);
#14570 = LINE('',#14571,#14572);
#14571 = CARTESIAN_POINT('',(85.13,0.));
#14572 = VECTOR('',#14573,1.);
#14573 = DIRECTION('',(0.,-1.));
#14574 = ( GEOMETRIC_REPRESENTATION_CONTEXT(2) 
PARAMETRIC_REPRESENTATION_CONTEXT() REPRESENTATION_CONTEXT('2D SPACE',''
  ) );
#14575 = PCURVE('',#14576,#14581);
#14576 = PLANE('',#14577);
#14577 = AXIS2_PLACEMENT_3D('',#14578,#14579,#14580);
#14578 = CARTESIAN_POINT('',(27.13,-28.2,20.8));
#14579 = DIRECTION('',(-1.,0.,0.));
#14580 = DIRECTION('',(0.,1.,0.));
#14581 = DEFINITIONAL_REPRESENTATION('',(#14582),#14586);
#14582 = LINE('',#14583,#14584);
#14583 = CARTESIAN_POINT('',(0.,0.));
#14584 = VECTOR('',#14585,1.);
#14585 = DIRECTION('',(0.,-1.));
#14586 = ( GEOMETRIC_REPRESENTATION_CONTEXT(2) 
PARAMETRIC_REPRESENTATION_CONTEXT() REPRESENTATION_CONTEXT('2D SPACE',''
  ) );
#14587 = ORIENTED_EDGE('',*,*,#14588,.F.);
#14588 = EDGE_CURVE('',#14498,#14561,#14589,.T.);
#14589 = SURFACE_CURVE('',#14590,(#14594,#14601),.PCURVE_S1.);
#14590 = LINE('',#14591,#14592);
#14591 = CARTESIAN_POINT('',(-58.,-28.2,20.8));
#14592 = VECTOR('',#14593,1.);
#14593 = DIRECTION('',(1.,0.,0.));
#14594 = PCURVE('',#14508,#14595);
#14595 = DEFINITIONAL_REPRESENTATION('',(#14596),#14600);
#14596 = LINE('',#14597,#14598);
#14597 = CARTESIAN_POINT('',(0.,0.));
#14598 = VECTOR('',#14599,1.);
#14599 = DIRECTION('',(1.,0.));
#14600 = ( GEOMETRIC_REPRESENTATION_CONTEXT(2) 
PARAMETRIC_REPRESENTATION_CONTEXT() REPRESENTATION_CONTEXT('2D SPACE',''
  ) );
#14601 = PCURVE('',#14602,#14607);
#14602 = PLANE('',#14603);
#14603 = AXIS2_PLACEMENT_3D('',#14604,#14605,#14606);
#14604 = CARTESIAN_POINT('',(-15.435,-1.606540489248E-15,20.8));
#14605 = DIRECTION('',(0.,0.,1.));
#14606 = DIRECTION('',(1.,0.,-0.));
#14607 = DEFINITIONAL_REPRESENTATION('',(#14608),#14612);
#14608 = LINE('',#14609,#14610);
#14609 = CARTESIAN_POINT('',(-42.565,-28.2));
#14610 = VECTOR('',#14611,1.);
#14611 = DIRECTION('',(1.,0.));
#14612 = ( GEOMETRIC_REPRESENTATION_CONTEXT(2) 
PARAMETRIC_REPRESENTATION_CONTEXT() REPRESENTATION_CONTEXT('2D SPACE',''
  ) );
#14613 = ADVANCED_FACE('',(#14614),#14520,.F.);
#14614 = FACE_BOUND('',#14615,.F.);
#14615 = EDGE_LOOP('',(#14616,#14646,#14667,#14668));
#14616 = ORIENTED_EDGE('',*,*,#14617,.T.);
#14617 = EDGE_CURVE('',#14618,#14620,#14622,.T.);
#14618 = VERTEX_POINT('',#14619);
#14619 = CARTESIAN_POINT('',(-58.,28.2,20.8));
#14620 = VERTEX_POINT('',#14621);
#14621 = CARTESIAN_POINT('',(-58.,28.2,22.4));
#14622 = SURFACE_CURVE('',#14623,(#14627,#14634),.PCURVE_S1.);
#14623 = LINE('',#14624,#14625);
#14624 = CARTESIAN_POINT('',(-58.,28.2,20.8));
#14625 = VECTOR('',#14626,1.);
#14626 = DIRECTION('',(0.,0.,1.));
#14627 = PCURVE('',#14520,#14628);
#14628 = DEFINITIONAL_REPRESENTATION('',(#14629),#14633);
#14629 = LINE('',#14630,#14631);
#14630 = CARTESIAN_POINT('',(0.,0.));
#14631 = VECTOR('',#14632,1.);
#14632 = DIRECTION('',(0.,-1.));
#14633 = ( GEOMETRIC_REPRESENTATION_CONTEXT(2) 
PARAMETRIC_REPRESENTATION_CONTEXT() REPRESENTATION_CONTEXT('2D SPACE',''
  ) );
#14634 = PCURVE('',#14635,#14640);
#14635 = PLANE('',#14636);
#14636 = AXIS2_PLACEMENT_3D('',#14637,#14638,#14639);
#14637 = CARTESIAN_POINT('',(27.13,28.2,20.8));
#14638 = DIRECTION('',(0.,-1.,0.));
#14639 = DIRECTION('',(-1.,0.,0.));
#14640 = DEFINITIONAL_REPRESENTATION('',(#14641),#14645);
#14641 = LINE('',#14642,#14643);
#14642 = CARTESIAN_POINT('',(85.13,0.));
#14643 = VECTOR('',#14644,1.);
#14644 = DIRECTION('',(0.,-1.));
#14645 = ( GEOMETRIC_REPRESENTATION_CONTEXT(2) 
PARAMETRIC_REPRESENTATION_CONTEXT() REPRESENTATION_CONTEXT('2D SPACE',''
  ) );
#14646 = ORIENTED_EDGE('',*,*,#14647,.T.);
#14647 = EDGE_CURVE('',#14620,#14500,#14648,.T.);
#14648 = SURFACE_CURVE('',#14649,(#14653,#14660),.PCURVE_S1.);
#14649 = LINE('',#14650,#14651);
#14650 = CARTESIAN_POINT('',(-58.,28.2,22.4));
#14651 = VECTOR('',#14652,1.);
#14652 = DIRECTION('',(0.,-1.,0.));
#14653 = PCURVE('',#14520,#14654);
#14654 = DEFINITIONAL_REPRESENTATION('',(#14655),#14659);
#14655 = LINE('',#14656,#14657);
#14656 = CARTESIAN_POINT('',(0.,-1.6));
#14657 = VECTOR('',#14658,1.);
#14658 = DIRECTION('',(1.,0.));
#14659 = ( GEOMETRIC_REPRESENTATION_CONTEXT(2) 
PARAMETRIC_REPRESENTATION_CONTEXT() REPRESENTATION_CONTEXT('2D SPACE',''
  ) );
#14660 = PCURVE('',#14548,#14661);
#14661 = DEFINITIONAL_REPRESENTATION('',(#14662),#14666);
#14662 = LINE('',#14663,#14664);
#14663 = CARTESIAN_POINT('',(-42.565,28.2));
#14664 = VECTOR('',#14665,1.);
#14665 = DIRECTION('',(0.,-1.));
#14666 = ( GEOMETRIC_REPRESENTATION_CONTEXT(2) 
PARAMETRIC_REPRESENTATION_CONTEXT() REPRESENTATION_CONTEXT('2D SPACE',''
  ) );
#14667 = ORIENTED_EDGE('',*,*,#14497,.F.);
#14668 = ORIENTED_EDGE('',*,*,#14669,.F.);
#14669 = EDGE_CURVE('',#14618,#14498,#14670,.T.);
#14670 = SURFACE_CURVE('',#14671,(#14675,#14682),.PCURVE_S1.);
#14671 = LINE('',#14672,#14673);
#14672 = CARTESIAN_POINT('',(-58.,28.2,20.8));
#14673 = VECTOR('',#14674,1.);
#14674 = DIRECTION('',(0.,-1.,0.));
#14675 = PCURVE('',#14520,#14676);
#14676 = DEFINITIONAL_REPRESENTATION('',(#14677),#14681);
#14677 = LINE('',#14678,#14679);
#14678 = CARTESIAN_POINT('',(0.,0.));
#14679 = VECTOR('',#14680,1.);
#14680 = DIRECTION('',(1.,0.));
#14681 = ( GEOMETRIC_REPRESENTATION_CONTEXT(2) 
PARAMETRIC_REPRESENTATION_CONTEXT() REPRESENTATION_CONTEXT('2D SPACE',''
  ) );
#14682 = PCURVE('',#14602,#14683);
#14683 = DEFINITIONAL_REPRESENTATION('',(#14684),#14688);
#14684 = LINE('',#14685,#14686);
#14685 = CARTESIAN_POINT('',(-42.565,28.2));
#14686 = VECTOR('',#14687,1.);
#14687 = DIRECTION('',(0.,-1.));
#14688 = ( GEOMETRIC_REPRESENTATION_CONTEXT(2) 
PARAMETRIC_REPRESENTATION_CONTEXT() REPRESENTATION_CONTEXT('2D SPACE',''
  ) );
#14689 = ADVANCED_FACE('',(#14690),#14576,.F.);
#14690 = FACE_BOUND('',#14691,.F.);
#14691 = EDGE_LOOP('',(#14692,#14693,#14716,#14739));
#14692 = ORIENTED_EDGE('',*,*,#14560,.T.);
#14693 = ORIENTED_EDGE('',*,*,#14694,.T.);
#14694 = EDGE_CURVE('',#14533,#14695,#14697,.T.);
#14695 = VERTEX_POINT('',#14696);
#14696 = CARTESIAN_POINT('',(27.13,28.2,22.4));
#14697 = SURFACE_CURVE('',#14698,(#14702,#14709),.PCURVE_S1.);
#14698 = LINE('',#14699,#14700);
#14699 = CARTESIAN_POINT('',(27.13,-28.2,22.4));
#14700 = VECTOR('',#14701,1.);
#14701 = DIRECTION('',(0.,1.,0.));
#14702 = PCURVE('',#14576,#14703);
#14703 = DEFINITIONAL_REPRESENTATION('',(#14704),#14708);
#14704 = LINE('',#14705,#14706);
#14705 = CARTESIAN_POINT('',(0.,-1.6));
#14706 = VECTOR('',#14707,1.);
#14707 = DIRECTION('',(1.,0.));
#14708 = ( GEOMETRIC_REPRESENTATION_CONTEXT(2) 
PARAMETRIC_REPRESENTATION_CONTEXT() REPRESENTATION_CONTEXT('2D SPACE',''
  ) );
#14709 = PCURVE('',#14548,#14710);
#14710 = DEFINITIONAL_REPRESENTATION('',(#14711),#14715);
#14711 = LINE('',#14712,#14713);
#14712 = CARTESIAN_POINT('',(42.565,-28.2));
#14713 = VECTOR('',#14714,1.);
#14714 = DIRECTION('',(0.,1.));
#14715 = ( GEOMETRIC_REPRESENTATION_CONTEXT(2) 
PARAMETRIC_REPRESENTATION_CONTEXT() REPRESENTATION_CONTEXT('2D SPACE',''
  ) );
#14716 = ORIENTED_EDGE('',*,*,#14717,.F.);
#14717 = EDGE_CURVE('',#14718,#14695,#14720,.T.);
#14718 = VERTEX_POINT('',#14719);
#14719 = CARTESIAN_POINT('',(27.13,28.2,20.8));
#14720 = SURFACE_CURVE('',#14721,(#14725,#14732),.PCURVE_S1.);
#14721 = LINE('',#14722,#14723);
#14722 = CARTESIAN_POINT('',(27.13,28.2,20.8));
#14723 = VECTOR('',#14724,1.);
#14724 = DIRECTION('',(0.,0.,1.));
#14725 = PCURVE('',#14576,#14726);
#14726 = DEFINITIONAL_REPRESENTATION('',(#14727),#14731);
#14727 = LINE('',#14728,#14729);
#14728 = CARTESIAN_POINT('',(56.4,0.));
#14729 = VECTOR('',#14730,1.);
#14730 = DIRECTION('',(0.,-1.));
#14731 = ( GEOMETRIC_REPRESENTATION_CONTEXT(2) 
PARAMETRIC_REPRESENTATION_CONTEXT() REPRESENTATION_CONTEXT('2D SPACE',''
  ) );
#14732 = PCURVE('',#14635,#14733);
#14733 = DEFINITIONAL_REPRESENTATION('',(#14734),#14738);
#14734 = LINE('',#14735,#14736);
#14735 = CARTESIAN_POINT('',(0.,-0.));
#14736 = VECTOR('',#14737,1.);
#14737 = DIRECTION('',(0.,-1.));
#14738 = ( GEOMETRIC_REPRESENTATION_CONTEXT(2) 
PARAMETRIC_REPRESENTATION_CONTEXT() REPRESENTATION_CONTEXT('2D SPACE',''
  ) );
#14739 = ORIENTED_EDGE('',*,*,#14740,.F.);
#14740 = EDGE_CURVE('',#14561,#14718,#14741,.T.);
#14741 = SURFACE_CURVE('',#14742,(#14746,#14753),.PCURVE_S1.);
#14742 = LINE('',#14743,#14744);
#14743 = CARTESIAN_POINT('',(27.13,-28.2,20.8));
#14744 = VECTOR('',#14745,1.);
#14745 = DIRECTION('',(0.,1.,0.));
#14746 = PCURVE('',#14576,#14747);
#14747 = DEFINITIONAL_REPRESENTATION('',(#14748),#14752);
#14748 = LINE('',#14749,#14750);
#14749 = CARTESIAN_POINT('',(0.,0.));
#14750 = VECTOR('',#14751,1.);
#14751 = DIRECTION('',(1.,0.));
#14752 = ( GEOMETRIC_REPRESENTATION_CONTEXT(2) 
PARAMETRIC_REPRESENTATION_CONTEXT() REPRESENTATION_CONTEXT('2D SPACE',''
  ) );
#14753 = PCURVE('',#14602,#14754);
#14754 = DEFINITIONAL_REPRESENTATION('',(#14755),#14759);
#14755 = LINE('',#14756,#14757);
#14756 = CARTESIAN_POINT('',(42.565,-28.2));
#14757 = VECTOR('',#14758,1.);
#14758 = DIRECTION('',(0.,1.));
#14759 = ( GEOMETRIC_REPRESENTATION_CONTEXT(2) 
PARAMETRIC_REPRESENTATION_CONTEXT() REPRESENTATION_CONTEXT('2D SPACE',''
  ) );
#14760 = ADVANCED_FACE('',(#14761,#14787,#14822,#14857,#14892,#15006),
  #14602,.F.);
#14761 = FACE_BOUND('',#14762,.F.);
#14762 = EDGE_LOOP('',(#14763,#14764,#14765,#14786));
#14763 = ORIENTED_EDGE('',*,*,#14588,.T.);
#14764 = ORIENTED_EDGE('',*,*,#14740,.T.);
#14765 = ORIENTED_EDGE('',*,*,#14766,.T.);
#14766 = EDGE_CURVE('',#14718,#14618,#14767,.T.);
#14767 = SURFACE_CURVE('',#14768,(#14772,#14779),.PCURVE_S1.);
#14768 = LINE('',#14769,#14770);
#14769 = CARTESIAN_POINT('',(27.13,28.2,20.8));
#14770 = VECTOR('',#14771,1.);
#14771 = DIRECTION('',(-1.,0.,0.));
#14772 = PCURVE('',#14602,#14773);
#14773 = DEFINITIONAL_REPRESENTATION('',(#14774),#14778);
#14774 = LINE('',#14775,#14776);
#14775 = CARTESIAN_POINT('',(42.565,28.2));
#14776 = VECTOR('',#14777,1.);
#14777 = DIRECTION('',(-1.,0.));
#14778 = ( GEOMETRIC_REPRESENTATION_CONTEXT(2) 
PARAMETRIC_REPRESENTATION_CONTEXT() REPRESENTATION_CONTEXT('2D SPACE',''
  ) );
#14779 = PCURVE('',#14635,#14780);
#14780 = DEFINITIONAL_REPRESENTATION('',(#14781),#14785);
#14781 = LINE('',#14782,#14783);
#14782 = CARTESIAN_POINT('',(0.,-0.));
#14783 = VECTOR('',#14784,1.);
#14784 = DIRECTION('',(1.,0.));
#14785 = ( GEOMETRIC_REPRESENTATION_CONTEXT(2) 
PARAMETRIC_REPRESENTATION_CONTEXT() REPRESENTATION_CONTEXT('2D SPACE',''
  ) );
#14786 = ORIENTED_EDGE('',*,*,#14669,.T.);
#14787 = FACE_BOUND('',#14788,.F.);
#14788 = EDGE_LOOP('',(#14789));
#14789 = ORIENTED_EDGE('',*,*,#14790,.T.);
#14790 = EDGE_CURVE('',#14791,#14791,#14793,.T.);
#14791 = VERTEX_POINT('',#14792);
#14792 = CARTESIAN_POINT('',(-52.65,-24.45,20.8));
#14793 = SURFACE_CURVE('',#14794,(#14799,#14810),.PCURVE_S1.);
#14794 = CIRCLE('',#14795,1.6);
#14795 = AXIS2_PLACEMENT_3D('',#14796,#14797,#14798);
#14796 = CARTESIAN_POINT('',(-54.25,-24.45,20.8));
#14797 = DIRECTION('',(0.,0.,-1.));
#14798 = DIRECTION('',(1.,0.,0.));
#14799 = PCURVE('',#14602,#14800);
#14800 = DEFINITIONAL_REPRESENTATION('',(#14801),#14809);
#14801 = ( BOUNDED_CURVE() B_SPLINE_CURVE(2,(#14802,#14803,#14804,#14805
    ,#14806,#14807,#14808),.UNSPECIFIED.,.T.,.F.) 
B_SPLINE_CURVE_WITH_KNOTS((1,2,2,2,2,1),(-2.094395102393,0.,
    2.094395102393,4.188790204786,6.28318530718,8.377580409573),
.UNSPECIFIED.) CURVE() GEOMETRIC_REPRESENTATION_ITEM() 
RATIONAL_B_SPLINE_CURVE((1.,0.5,1.,0.5,1.,0.5,1.)) REPRESENTATION_ITEM(
  '') );
#14802 = CARTESIAN_POINT('',(-37.215,-24.45));
#14803 = CARTESIAN_POINT('',(-37.215,-27.22128129211));
#14804 = CARTESIAN_POINT('',(-39.615,-25.83564064605));
#14805 = CARTESIAN_POINT('',(-42.015,-24.45));
#14806 = CARTESIAN_POINT('',(-39.615,-23.06435935394));
#14807 = CARTESIAN_POINT('',(-37.215,-21.67871870789));
#14808 = CARTESIAN_POINT('',(-37.215,-24.45));
#14809 = ( GEOMETRIC_REPRESENTATION_CONTEXT(2) 
PARAMETRIC_REPRESENTATION_CONTEXT() REPRESENTATION_CONTEXT('2D SPACE',''
  ) );
#14810 = PCURVE('',#14811,#14816);
#14811 = CYLINDRICAL_SURFACE('',#14812,1.6);
#14812 = AXIS2_PLACEMENT_3D('',#14813,#14814,#14815);
#14813 = CARTESIAN_POINT('',(-54.25,-24.45,20.7));
#14814 = DIRECTION('',(-0.,-0.,-1.));
#14815 = DIRECTION('',(1.,0.,0.));
#14816 = DEFINITIONAL_REPRESENTATION('',(#14817),#14821);
#14817 = LINE('',#14818,#14819);
#14818 = CARTESIAN_POINT('',(-6.28318530718,-0.1));
#14819 = VECTOR('',#14820,1.);
#14820 = DIRECTION('',(1.,-0.));
#14821 = ( GEOMETRIC_REPRESENTATION_CONTEXT(2) 
PARAMETRIC_REPRESENTATION_CONTEXT() REPRESENTATION_CONTEXT('2D SPACE',''
  ) );
#14822 = FACE_BOUND('',#14823,.F.);
#14823 = EDGE_LOOP('',(#14824));
#14824 = ORIENTED_EDGE('',*,*,#14825,.T.);
#14825 = EDGE_CURVE('',#14826,#14826,#14828,.T.);
#14826 = VERTEX_POINT('',#14827);
#14827 = CARTESIAN_POINT('',(5.49,-24.45,20.8));
#14828 = SURFACE_CURVE('',#14829,(#14834,#14845),.PCURVE_S1.);
#14829 = CIRCLE('',#14830,1.6);
#14830 = AXIS2_PLACEMENT_3D('',#14831,#14832,#14833);
#14831 = CARTESIAN_POINT('',(3.89,-24.45,20.8));
#14832 = DIRECTION('',(0.,0.,-1.));
#14833 = DIRECTION('',(1.,0.,0.));
#14834 = PCURVE('',#14602,#14835);
#14835 = DEFINITIONAL_REPRESENTATION('',(#14836),#14844);
#14836 = ( BOUNDED_CURVE() B_SPLINE_CURVE(2,(#14837,#14838,#14839,#14840
    ,#14841,#14842,#14843),.UNSPECIFIED.,.T.,.F.) 
B_SPLINE_CURVE_WITH_KNOTS((1,2,2,2,2,1),(-2.094395102393,0.,
    2.094395102393,4.188790204786,6.28318530718,8.377580409573),
.UNSPECIFIED.) CURVE() GEOMETRIC_REPRESENTATION_ITEM() 
RATIONAL_B_SPLINE_CURVE((1.,0.5,1.,0.5,1.,0.5,1.)) REPRESENTATION_ITEM(
  '') );
#14837 = CARTESIAN_POINT('',(20.925,-24.45));
#14838 = CARTESIAN_POINT('',(20.925,-27.22128129211));
#14839 = CARTESIAN_POINT('',(18.525,-25.83564064605));
#14840 = CARTESIAN_POINT('',(16.125,-24.45));
#14841 = CARTESIAN_POINT('',(18.525,-23.06435935394));
#14842 = CARTESIAN_POINT('',(20.925,-21.67871870789));
#14843 = CARTESIAN_POINT('',(20.925,-24.45));
#14844 = ( GEOMETRIC_REPRESENTATION_CONTEXT(2) 
PARAMETRIC_REPRESENTATION_CONTEXT() REPRESENTATION_CONTEXT('2D SPACE',''
  ) );
#14845 = PCURVE('',#14846,#14851);
#14846 = CYLINDRICAL_SURFACE('',#14847,1.6);
#14847 = AXIS2_PLACEMENT_3D('',#14848,#14849,#14850);
#14848 = CARTESIAN_POINT('',(3.89,-24.45,20.7));
#14849 = DIRECTION('',(-0.,-0.,-1.));
#14850 = DIRECTION('',(1.,0.,0.));
#14851 = DEFINITIONAL_REPRESENTATION('',(#14852),#14856);
#14852 = LINE('',#14853,#14854);
#14853 = CARTESIAN_POINT('',(-6.28318530718,-0.1));
#14854 = VECTOR('',#14855,1.);
#14855 = DIRECTION('',(1.,-0.));
#14856 = ( GEOMETRIC_REPRESENTATION_CONTEXT(2) 
PARAMETRIC_REPRESENTATION_CONTEXT() REPRESENTATION_CONTEXT('2D SPACE',''
  ) );
#14857 = FACE_BOUND('',#14858,.F.);
#14858 = EDGE_LOOP('',(#14859));
#14859 = ORIENTED_EDGE('',*,*,#14860,.T.);
#14860 = EDGE_CURVE('',#14861,#14861,#14863,.T.);
#14861 = VERTEX_POINT('',#14862);
#14862 = CARTESIAN_POINT('',(-52.65,24.45,20.8));
#14863 = SURFACE_CURVE('',#14864,(#14869,#14880),.PCURVE_S1.);
#14864 = CIRCLE('',#14865,1.6);
#14865 = AXIS2_PLACEMENT_3D('',#14866,#14867,#14868);
#14866 = CARTESIAN_POINT('',(-54.25,24.45,20.8));
#14867 = DIRECTION('',(0.,0.,-1.));
#14868 = DIRECTION('',(1.,0.,0.));
#14869 = PCURVE('',#14602,#14870);
#14870 = DEFINITIONAL_REPRESENTATION('',(#14871),#14879);
#14871 = ( BOUNDED_CURVE() B_SPLINE_CURVE(2,(#14872,#14873,#14874,#14875
    ,#14876,#14877,#14878),.UNSPECIFIED.,.T.,.F.) 
B_SPLINE_CURVE_WITH_KNOTS((1,2,2,2,2,1),(-2.094395102393,0.,
    2.094395102393,4.188790204786,6.28318530718,8.377580409573),
.UNSPECIFIED.) CURVE() GEOMETRIC_REPRESENTATION_ITEM() 
RATIONAL_B_SPLINE_CURVE((1.,0.5,1.,0.5,1.,0.5,1.)) REPRESENTATION_ITEM(
  '') );
#14872 = CARTESIAN_POINT('',(-37.215,24.45));
#14873 = CARTESIAN_POINT('',(-37.215,21.67871870789));
#14874 = CARTESIAN_POINT('',(-39.615,23.064359353945));
#14875 = CARTESIAN_POINT('',(-42.015,24.45));
#14876 = CARTESIAN_POINT('',(-39.615,25.835640646055));
#14877 = CARTESIAN_POINT('',(-37.215,27.22128129211));
#14878 = CARTESIAN_POINT('',(-37.215,24.45));
#14879 = ( GEOMETRIC_REPRESENTATION_CONTEXT(2) 
PARAMETRIC_REPRESENTATION_CONTEXT() REPRESENTATION_CONTEXT('2D SPACE',''
  ) );
#14880 = PCURVE('',#14881,#14886);
#14881 = CYLINDRICAL_SURFACE('',#14882,1.6);
#14882 = AXIS2_PLACEMENT_3D('',#14883,#14884,#14885);
#14883 = CARTESIAN_POINT('',(-54.25,24.45,20.7));
#14884 = DIRECTION('',(-0.,-0.,-1.));
#14885 = DIRECTION('',(1.,0.,0.));
#14886 = DEFINITIONAL_REPRESENTATION('',(#14887),#14891);
#14887 = LINE('',#14888,#14889);
#14888 = CARTESIAN_POINT('',(-6.28318530718,-0.1));
#14889 = VECTOR('',#14890,1.);
#14890 = DIRECTION('',(1.,-0.));
#14891 = ( GEOMETRIC_REPRESENTATION_CONTEXT(2) 
PARAMETRIC_REPRESENTATION_CONTEXT() REPRESENTATION_CONTEXT('2D SPACE',''
  ) );
#14892 = FACE_BOUND('',#14893,.F.);
#14893 = EDGE_LOOP('',(#14894,#14924,#14952,#14980));
#14894 = ORIENTED_EDGE('',*,*,#14895,.F.);
#14895 = EDGE_CURVE('',#14896,#14898,#14900,.T.);
#14896 = VERTEX_POINT('',#14897);
#14897 = CARTESIAN_POINT('',(-50.,-20.2,20.8));
#14898 = VERTEX_POINT('',#14899);
#14899 = CARTESIAN_POINT('',(19.13,-20.2,20.8));
#14900 = SURFACE_CURVE('',#14901,(#14905,#14912),.PCURVE_S1.);
#14901 = LINE('',#14902,#14903);
#14902 = CARTESIAN_POINT('',(-50.,-20.2,20.8));
#14903 = VECTOR('',#14904,1.);
#14904 = DIRECTION('',(1.,0.,0.));
#14905 = PCURVE('',#14602,#14906);
#14906 = DEFINITIONAL_REPRESENTATION('',(#14907),#14911);
#14907 = LINE('',#14908,#14909);
#14908 = CARTESIAN_POINT('',(-34.565,-20.2));
#14909 = VECTOR('',#14910,1.);
#14910 = DIRECTION('',(1.,0.));
#14911 = ( GEOMETRIC_REPRESENTATION_CONTEXT(2) 
PARAMETRIC_REPRESENTATION_CONTEXT() REPRESENTATION_CONTEXT('2D SPACE',''
  ) );
#14912 = PCURVE('',#14913,#14918);
#14913 = PLANE('',#14914);
#14914 = AXIS2_PLACEMENT_3D('',#14915,#14916,#14917);
#14915 = CARTESIAN_POINT('',(-50.,-20.2,12.4));
#14916 = DIRECTION('',(0.,1.,0.));
#14917 = DIRECTION('',(1.,0.,0.));
#14918 = DEFINITIONAL_REPRESENTATION('',(#14919),#14923);
#14919 = LINE('',#14920,#14921);
#14920 = CARTESIAN_POINT('',(0.,-8.4));
#14921 = VECTOR('',#14922,1.);
#14922 = DIRECTION('',(1.,0.));
#14923 = ( GEOMETRIC_REPRESENTATION_CONTEXT(2) 
PARAMETRIC_REPRESENTATION_CONTEXT() REPRESENTATION_CONTEXT('2D SPACE',''
  ) );
#14924 = ORIENTED_EDGE('',*,*,#14925,.F.);
#14925 = EDGE_CURVE('',#14926,#14896,#14928,.T.);
#14926 = VERTEX_POINT('',#14927);
#14927 = CARTESIAN_POINT('',(-50.,20.2,20.8));
#14928 = SURFACE_CURVE('',#14929,(#14933,#14940),.PCURVE_S1.);
#14929 = LINE('',#14930,#14931);
#14930 = CARTESIAN_POINT('',(-50.,20.2,20.8));
#14931 = VECTOR('',#14932,1.);
#14932 = DIRECTION('',(0.,-1.,0.));
#14933 = PCURVE('',#14602,#14934);
#14934 = DEFINITIONAL_REPRESENTATION('',(#14935),#14939);
#14935 = LINE('',#14936,#14937);
#14936 = CARTESIAN_POINT('',(-34.565,20.2));
#14937 = VECTOR('',#14938,1.);
#14938 = DIRECTION('',(0.,-1.));
#14939 = ( GEOMETRIC_REPRESENTATION_CONTEXT(2) 
PARAMETRIC_REPRESENTATION_CONTEXT() REPRESENTATION_CONTEXT('2D SPACE',''
  ) );
#14940 = PCURVE('',#14941,#14946);
#14941 = PLANE('',#14942);
#14942 = AXIS2_PLACEMENT_3D('',#14943,#14944,#14945);
#14943 = CARTESIAN_POINT('',(-50.,20.2,12.4));
#14944 = DIRECTION('',(1.,0.,-0.));
#14945 = DIRECTION('',(0.,-1.,0.));
#14946 = DEFINITIONAL_REPRESENTATION('',(#14947),#14951);
#14947 = LINE('',#14948,#14949);
#14948 = CARTESIAN_POINT('',(0.,-8.4));
#14949 = VECTOR('',#14950,1.);
#14950 = DIRECTION('',(1.,0.));
#14951 = ( GEOMETRIC_REPRESENTATION_CONTEXT(2) 
PARAMETRIC_REPRESENTATION_CONTEXT() REPRESENTATION_CONTEXT('2D SPACE',''
  ) );
#14952 = ORIENTED_EDGE('',*,*,#14953,.F.);
#14953 = EDGE_CURVE('',#14954,#14926,#14956,.T.);
#14954 = VERTEX_POINT('',#14955);
#14955 = CARTESIAN_POINT('',(19.13,20.2,20.8));
#14956 = SURFACE_CURVE('',#14957,(#14961,#14968),.PCURVE_S1.);
#14957 = LINE('',#14958,#14959);
#14958 = CARTESIAN_POINT('',(19.13,20.2,20.8));
#14959 = VECTOR('',#14960,1.);
#14960 = DIRECTION('',(-1.,0.,0.));
#14961 = PCURVE('',#14602,#14962);
#14962 = DEFINITIONAL_REPRESENTATION('',(#14963),#14967);
#14963 = LINE('',#14964,#14965);
#14964 = CARTESIAN_POINT('',(34.565,20.2));
#14965 = VECTOR('',#14966,1.);
#14966 = DIRECTION('',(-1.,0.));
#14967 = ( GEOMETRIC_REPRESENTATION_CONTEXT(2) 
PARAMETRIC_REPRESENTATION_CONTEXT() REPRESENTATION_CONTEXT('2D SPACE',''
  ) );
#14968 = PCURVE('',#14969,#14974);
#14969 = PLANE('',#14970);
#14970 = AXIS2_PLACEMENT_3D('',#14971,#14972,#14973);
#14971 = CARTESIAN_POINT('',(19.13,20.2,12.4));
#14972 = DIRECTION('',(0.,-1.,0.));
#14973 = DIRECTION('',(-1.,0.,0.));
#14974 = DEFINITIONAL_REPRESENTATION('',(#14975),#14979);
#14975 = LINE('',#14976,#14977);
#14976 = CARTESIAN_POINT('',(0.,-8.4));
#14977 = VECTOR('',#14978,1.);
#14978 = DIRECTION('',(1.,0.));
#14979 = ( GEOMETRIC_REPRESENTATION_CONTEXT(2) 
PARAMETRIC_REPRESENTATION_CONTEXT() REPRESENTATION_CONTEXT('2D SPACE',''
  ) );
#14980 = ORIENTED_EDGE('',*,*,#14981,.F.);
#14981 = EDGE_CURVE('',#14898,#14954,#14982,.T.);
#14982 = SURFACE_CURVE('',#14983,(#14987,#14994),.PCURVE_S1.);
#14983 = LINE('',#14984,#14985);
#14984 = CARTESIAN_POINT('',(19.13,-20.2,20.8));
#14985 = VECTOR('',#14986,1.);
#14986 = DIRECTION('',(0.,1.,0.));
#14987 = PCURVE('',#14602,#14988);
#14988 = DEFINITIONAL_REPRESENTATION('',(#14989),#14993);
#14989 = LINE('',#14990,#14991);
#14990 = CARTESIAN_POINT('',(34.565,-20.2));
#14991 = VECTOR('',#14992,1.);
#14992 = DIRECTION('',(0.,1.));
#14993 = ( GEOMETRIC_REPRESENTATION_CONTEXT(2) 
PARAMETRIC_REPRESENTATION_CONTEXT() REPRESENTATION_CONTEXT('2D SPACE',''
  ) );
#14994 = PCURVE('',#14995,#15000);
#14995 = PLANE('',#14996);
#14996 = AXIS2_PLACEMENT_3D('',#14997,#14998,#14999);
#14997 = CARTESIAN_POINT('',(19.13,-20.2,12.4));
#14998 = DIRECTION('',(-1.,0.,0.));
#14999 = DIRECTION('',(0.,1.,0.));
#15000 = DEFINITIONAL_REPRESENTATION('',(#15001),#15005);
#15001 = LINE('',#15002,#15003);
#15002 = CARTESIAN_POINT('',(0.,-8.4));
#15003 = VECTOR('',#15004,1.);
#15004 = DIRECTION('',(1.,0.));
#15005 = ( GEOMETRIC_REPRESENTATION_CONTEXT(2) 
PARAMETRIC_REPRESENTATION_CONTEXT() REPRESENTATION_CONTEXT('2D SPACE',''
  ) );
#15006 = FACE_BOUND('',#15007,.F.);
#15007 = EDGE_LOOP('',(#15008));
#15008 = ORIENTED_EDGE('',*,*,#15009,.T.);
#15009 = EDGE_CURVE('',#15010,#15010,#15012,.T.);
#15010 = VERTEX_POINT('',#15011);
#15011 = CARTESIAN_POINT('',(5.49,24.45,20.8));
#15012 = SURFACE_CURVE('',#15013,(#15018,#15029),.PCURVE_S1.);
#15013 = CIRCLE('',#15014,1.6);
#15014 = AXIS2_PLACEMENT_3D('',#15015,#15016,#15017);
#15015 = CARTESIAN_POINT('',(3.89,24.45,20.8));
#15016 = DIRECTION('',(0.,0.,-1.));
#15017 = DIRECTION('',(1.,0.,0.));
#15018 = PCURVE('',#14602,#15019);
#15019 = DEFINITIONAL_REPRESENTATION('',(#15020),#15028);
#15020 = ( BOUNDED_CURVE() B_SPLINE_CURVE(2,(#15021,#15022,#15023,#15024
    ,#15025,#15026,#15027),.UNSPECIFIED.,.T.,.F.) 
B_SPLINE_CURVE_WITH_KNOTS((1,2,2,2,2,1),(-2.094395102393,0.,
    2.094395102393,4.188790204786,6.28318530718,8.377580409573),
.UNSPECIFIED.) CURVE() GEOMETRIC_REPRESENTATION_ITEM() 
RATIONAL_B_SPLINE_CURVE((1.,0.5,1.,0.5,1.,0.5,1.)) REPRESENTATION_ITEM(
  '') );
#15021 = CARTESIAN_POINT('',(20.925,24.45));
#15022 = CARTESIAN_POINT('',(20.925,21.67871870789));
#15023 = CARTESIAN_POINT('',(18.525,23.064359353945));
#15024 = CARTESIAN_POINT('',(16.125,24.45));
#15025 = CARTESIAN_POINT('',(18.525,25.835640646055));
#15026 = CARTESIAN_POINT('',(20.925,27.22128129211));
#15027 = CARTESIAN_POINT('',(20.925,24.45));
#15028 = ( GEOMETRIC_REPRESENTATION_CONTEXT(2) 
PARAMETRIC_REPRESENTATION_CONTEXT() REPRESENTATION_CONTEXT('2D SPACE',''
  ) );
#15029 = PCURVE('',#15030,#15035);
#15030 = CYLINDRICAL_SURFACE('',#15031,1.6);
#15031 = AXIS2_PLACEMENT_3D('',#15032,#15033,#15034);
#15032 = CARTESIAN_POINT('',(3.89,24.45,20.7));
#15033 = DIRECTION('',(-0.,-0.,-1.));
#15034 = DIRECTION('',(1.,0.,0.));
#15035 = DEFINITIONAL_REPRESENTATION('',(#15036),#15040);
#15036 = LINE('',#15037,#15038);
#15037 = CARTESIAN_POINT('',(-6.28318530718,-0.1));
#15038 = VECTOR('',#15039,1.);
#15039 = DIRECTION('',(1.,-0.));
#15040 = ( GEOMETRIC_REPRESENTATION_CONTEXT(2) 
PARAMETRIC_REPRESENTATION_CONTEXT() REPRESENTATION_CONTEXT('2D SPACE',''
  ) );
#15041 = ADVANCED_FACE('',(#15042,#15068,#15098,#15128,#15158),#14548,
  .T.);
#15042 = FACE_BOUND('',#15043,.T.);
#15043 = EDGE_LOOP('',(#15044,#15045,#15046,#15067));
#15044 = ORIENTED_EDGE('',*,*,#14532,.T.);
#15045 = ORIENTED_EDGE('',*,*,#14694,.T.);
#15046 = ORIENTED_EDGE('',*,*,#15047,.T.);
#15047 = EDGE_CURVE('',#14695,#14620,#15048,.T.);
#15048 = SURFACE_CURVE('',#15049,(#15053,#15060),.PCURVE_S1.);
#15049 = LINE('',#15050,#15051);
#15050 = CARTESIAN_POINT('',(27.13,28.2,22.4));
#15051 = VECTOR('',#15052,1.);
#15052 = DIRECTION('',(-1.,0.,0.));
#15053 = PCURVE('',#14548,#15054);
#15054 = DEFINITIONAL_REPRESENTATION('',(#15055),#15059);
#15055 = LINE('',#15056,#15057);
#15056 = CARTESIAN_POINT('',(42.565,28.2));
#15057 = VECTOR('',#15058,1.);
#15058 = DIRECTION('',(-1.,0.));
#15059 = ( GEOMETRIC_REPRESENTATION_CONTEXT(2) 
PARAMETRIC_REPRESENTATION_CONTEXT() REPRESENTATION_CONTEXT('2D SPACE',''
  ) );
#15060 = PCURVE('',#14635,#15061);
#15061 = DEFINITIONAL_REPRESENTATION('',(#15062),#15066);
#15062 = LINE('',#15063,#15064);
#15063 = CARTESIAN_POINT('',(0.,-1.6));
#15064 = VECTOR('',#15065,1.);
#15065 = DIRECTION('',(1.,0.));
#15066 = ( GEOMETRIC_REPRESENTATION_CONTEXT(2) 
PARAMETRIC_REPRESENTATION_CONTEXT() REPRESENTATION_CONTEXT('2D SPACE',''
  ) );
#15067 = ORIENTED_EDGE('',*,*,#14647,.T.);
#15068 = FACE_BOUND('',#15069,.T.);
#15069 = EDGE_LOOP('',(#15070));
#15070 = ORIENTED_EDGE('',*,*,#15071,.T.);
#15071 = EDGE_CURVE('',#15072,#15072,#15074,.T.);
#15072 = VERTEX_POINT('',#15073);
#15073 = CARTESIAN_POINT('',(-52.65,-24.45,22.4));
#15074 = SURFACE_CURVE('',#15075,(#15080,#15091),.PCURVE_S1.);
#15075 = CIRCLE('',#15076,1.6);
#15076 = AXIS2_PLACEMENT_3D('',#15077,#15078,#15079);
#15077 = CARTESIAN_POINT('',(-54.25,-24.45,22.4));
#15078 = DIRECTION('',(0.,0.,-1.));
#15079 = DIRECTION('',(1.,0.,0.));
#15080 = PCURVE('',#14548,#15081);
#15081 = DEFINITIONAL_REPRESENTATION('',(#15082),#15090);
#15082 = ( BOUNDED_CURVE() B_SPLINE_CURVE(2,(#15083,#15084,#15085,#15086
    ,#15087,#15088,#15089),.UNSPECIFIED.,.T.,.F.) 
B_SPLINE_CURVE_WITH_KNOTS((1,2,2,2,2,1),(-2.094395102393,0.,
    2.094395102393,4.188790204786,6.28318530718,8.377580409573),
.UNSPECIFIED.) CURVE() GEOMETRIC_REPRESENTATION_ITEM() 
RATIONAL_B_SPLINE_CURVE((1.,0.5,1.,0.5,1.,0.5,1.)) REPRESENTATION_ITEM(
  '') );
#15083 = CARTESIAN_POINT('',(-37.215,-24.45));
#15084 = CARTESIAN_POINT('',(-37.215,-27.22128129211));
#15085 = CARTESIAN_POINT('',(-39.615,-25.83564064605));
#15086 = CARTESIAN_POINT('',(-42.015,-24.45));
#15087 = CARTESIAN_POINT('',(-39.615,-23.06435935394));
#15088 = CARTESIAN_POINT('',(-37.215,-21.67871870789));
#15089 = CARTESIAN_POINT('',(-37.215,-24.45));
#15090 = ( GEOMETRIC_REPRESENTATION_CONTEXT(2) 
PARAMETRIC_REPRESENTATION_CONTEXT() REPRESENTATION_CONTEXT('2D SPACE',''
  ) );
#15091 = PCURVE('',#14811,#15092);
#15092 = DEFINITIONAL_REPRESENTATION('',(#15093),#15097);
#15093 = LINE('',#15094,#15095);
#15094 = CARTESIAN_POINT('',(-6.28318530718,-1.7));
#15095 = VECTOR('',#15096,1.);
#15096 = DIRECTION('',(1.,-0.));
#15097 = ( GEOMETRIC_REPRESENTATION_CONTEXT(2) 
PARAMETRIC_REPRESENTATION_CONTEXT() REPRESENTATION_CONTEXT('2D SPACE',''
  ) );
#15098 = FACE_BOUND('',#15099,.T.);
#15099 = EDGE_LOOP('',(#15100));
#15100 = ORIENTED_EDGE('',*,*,#15101,.T.);
#15101 = EDGE_CURVE('',#15102,#15102,#15104,.T.);
#15102 = VERTEX_POINT('',#15103);
#15103 = CARTESIAN_POINT('',(5.49,-24.45,22.4));
#15104 = SURFACE_CURVE('',#15105,(#15110,#15121),.PCURVE_S1.);
#15105 = CIRCLE('',#15106,1.6);
#15106 = AXIS2_PLACEMENT_3D('',#15107,#15108,#15109);
#15107 = CARTESIAN_POINT('',(3.89,-24.45,22.4));
#15108 = DIRECTION('',(0.,0.,-1.));
#15109 = DIRECTION('',(1.,0.,0.));
#15110 = PCURVE('',#14548,#15111);
#15111 = DEFINITIONAL_REPRESENTATION('',(#15112),#15120);
#15112 = ( BOUNDED_CURVE() B_SPLINE_CURVE(2,(#15113,#15114,#15115,#15116
    ,#15117,#15118,#15119),.UNSPECIFIED.,.T.,.F.) 
B_SPLINE_CURVE_WITH_KNOTS((1,2,2,2,2,1),(-2.094395102393,0.,
    2.094395102393,4.188790204786,6.28318530718,8.377580409573),
.UNSPECIFIED.) CURVE() GEOMETRIC_REPRESENTATION_ITEM() 
RATIONAL_B_SPLINE_CURVE((1.,0.5,1.,0.5,1.,0.5,1.)) REPRESENTATION_ITEM(
  '') );
#15113 = CARTESIAN_POINT('',(20.925,-24.45));
#15114 = CARTESIAN_POINT('',(20.925,-27.22128129211));
#15115 = CARTESIAN_POINT('',(18.525,-25.83564064605));
#15116 = CARTESIAN_POINT('',(16.125,-24.45));
#15117 = CARTESIAN_POINT('',(18.525,-23.06435935394));
#15118 = CARTESIAN_POINT('',(20.925,-21.67871870789));
#15119 = CARTESIAN_POINT('',(20.925,-24.45));
#15120 = ( GEOMETRIC_REPRESENTATION_CONTEXT(2) 
PARAMETRIC_REPRESENTATION_CONTEXT() REPRESENTATION_CONTEXT('2D SPACE',''
  ) );
#15121 = PCURVE('',#14846,#15122);
#15122 = DEFINITIONAL_REPRESENTATION('',(#15123),#15127);
#15123 = LINE('',#15124,#15125);
#15124 = CARTESIAN_POINT('',(-6.28318530718,-1.7));
#15125 = VECTOR('',#15126,1.);
#15126 = DIRECTION('',(1.,-0.));
#15127 = ( GEOMETRIC_REPRESENTATION_CONTEXT(2) 
PARAMETRIC_REPRESENTATION_CONTEXT() REPRESENTATION_CONTEXT('2D SPACE',''
  ) );
#15128 = FACE_BOUND('',#15129,.T.);
#15129 = EDGE_LOOP('',(#15130));
#15130 = ORIENTED_EDGE('',*,*,#15131,.T.);
#15131 = EDGE_CURVE('',#15132,#15132,#15134,.T.);
#15132 = VERTEX_POINT('',#15133);
#15133 = CARTESIAN_POINT('',(-52.65,24.45,22.4));
#15134 = SURFACE_CURVE('',#15135,(#15140,#15151),.PCURVE_S1.);
#15135 = CIRCLE('',#15136,1.6);
#15136 = AXIS2_PLACEMENT_3D('',#15137,#15138,#15139);
#15137 = CARTESIAN_POINT('',(-54.25,24.45,22.4));
#15138 = DIRECTION('',(0.,0.,-1.));
#15139 = DIRECTION('',(1.,0.,0.));
#15140 = PCURVE('',#14548,#15141);
#15141 = DEFINITIONAL_REPRESENTATION('',(#15142),#15150);
#15142 = ( BOUNDED_CURVE() B_SPLINE_CURVE(2,(#15143,#15144,#15145,#15146
    ,#15147,#15148,#15149),.UNSPECIFIED.,.T.,.F.) 
B_SPLINE_CURVE_WITH_KNOTS((1,2,2,2,2,1),(-2.094395102393,0.,
    2.094395102393,4.188790204786,6.28318530718,8.377580409573),
.UNSPECIFIED.) CURVE() GEOMETRIC_REPRESENTATION_ITEM() 
RATIONAL_B_SPLINE_CURVE((1.,0.5,1.,0.5,1.,0.5,1.)) REPRESENTATION_ITEM(
  '') );
#15143 = CARTESIAN_POINT('',(-37.215,24.45));
#15144 = CARTESIAN_POINT('',(-37.215,21.67871870789));
#15145 = CARTESIAN_POINT('',(-39.615,23.064359353945));
#15146 = CARTESIAN_POINT('',(-42.015,24.45));
#15147 = CARTESIAN_POINT('',(-39.615,25.835640646055));
#15148 = CARTESIAN_POINT('',(-37.215,27.22128129211));
#15149 = CARTESIAN_POINT('',(-37.215,24.45));
#15150 = ( GEOMETRIC_REPRESENTATION_CONTEXT(2) 
PARAMETRIC_REPRESENTATION_CONTEXT() REPRESENTATION_CONTEXT('2D SPACE',''
  ) );
#15151 = PCURVE('',#14881,#15152);
#15152 = DEFINITIONAL_REPRESENTATION('',(#15153),#15157);
#15153 = LINE('',#15154,#15155);
#15154 = CARTESIAN_POINT('',(-6.28318530718,-1.7));
#15155 = VECTOR('',#15156,1.);
#15156 = DIRECTION('',(1.,-0.));
#15157 = ( GEOMETRIC_REPRESENTATION_CONTEXT(2) 
PARAMETRIC_REPRESENTATION_CONTEXT() REPRESENTATION_CONTEXT('2D SPACE',''
  ) );
#15158 = FACE_BOUND('',#15159,.T.);
#15159 = EDGE_LOOP('',(#15160));
#15160 = ORIENTED_EDGE('',*,*,#15161,.T.);
#15161 = EDGE_CURVE('',#15162,#15162,#15164,.T.);
#15162 = VERTEX_POINT('',#15163);
#15163 = CARTESIAN_POINT('',(5.49,24.45,22.4));
#15164 = SURFACE_CURVE('',#15165,(#15170,#15181),.PCURVE_S1.);
#15165 = CIRCLE('',#15166,1.6);
#15166 = AXIS2_PLACEMENT_3D('',#15167,#15168,#15169);
#15167 = CARTESIAN_POINT('',(3.89,24.45,22.4));
#15168 = DIRECTION('',(0.,0.,-1.));
#15169 = DIRECTION('',(1.,0.,0.));
#15170 = PCURVE('',#14548,#15171);
#15171 = DEFINITIONAL_REPRESENTATION('',(#15172),#15180);
#15172 = ( BOUNDED_CURVE() B_SPLINE_CURVE(2,(#15173,#15174,#15175,#15176
    ,#15177,#15178,#15179),.UNSPECIFIED.,.T.,.F.) 
B_SPLINE_CURVE_WITH_KNOTS((1,2,2,2,2,1),(-2.094395102393,0.,
    2.094395102393,4.188790204786,6.28318530718,8.377580409573),
.UNSPECIFIED.) CURVE() GEOMETRIC_REPRESENTATION_ITEM() 
RATIONAL_B_SPLINE_CURVE((1.,0.5,1.,0.5,1.,0.5,1.)) REPRESENTATION_ITEM(
  '') );
#15173 = CARTESIAN_POINT('',(20.925,24.45));
#15174 = CARTESIAN_POINT('',(20.925,21.67871870789));
#15175 = CARTESIAN_POINT('',(18.525,23.064359353945));
#15176 = CARTESIAN_POINT('',(16.125,24.45));
#15177 = CARTESIAN_POINT('',(18.525,25.835640646055));
#15178 = CARTESIAN_POINT('',(20.925,27.22128129211));
#15179 = CARTESIAN_POINT('',(20.925,24.45));
#15180 = ( GEOMETRIC_REPRESENTATION_CONTEXT(2) 
PARAMETRIC_REPRESENTATION_CONTEXT() REPRESENTATION_CONTEXT('2D SPACE',''
  ) );
#15181 = PCURVE('',#15030,#15182);
#15182 = DEFINITIONAL_REPRESENTATION('',(#15183),#15187);
#15183 = LINE('',#15184,#15185);
#15184 = CARTESIAN_POINT('',(-6.28318530718,-1.7));
#15185 = VECTOR('',#15186,1.);
#15186 = DIRECTION('',(1.,-0.));
#15187 = ( GEOMETRIC_REPRESENTATION_CONTEXT(2) 
PARAMETRIC_REPRESENTATION_CONTEXT() REPRESENTATION_CONTEXT('2D SPACE',''
  ) );
#15188 = ADVANCED_FACE('',(#15189),#14635,.F.);
#15189 = FACE_BOUND('',#15190,.F.);
#15190 = EDGE_LOOP('',(#15191,#15192,#15193,#15194));
#15191 = ORIENTED_EDGE('',*,*,#14717,.T.);
#15192 = ORIENTED_EDGE('',*,*,#15047,.T.);
#15193 = ORIENTED_EDGE('',*,*,#14617,.F.);
#15194 = ORIENTED_EDGE('',*,*,#14766,.F.);
#15195 = ADVANCED_FACE('',(#15196),#14811,.F.);
#15196 = FACE_BOUND('',#15197,.T.);
#15197 = EDGE_LOOP('',(#15198,#15199,#15220,#15221));
#15198 = ORIENTED_EDGE('',*,*,#14790,.T.);
#15199 = ORIENTED_EDGE('',*,*,#15200,.T.);
#15200 = EDGE_CURVE('',#14791,#15072,#15201,.T.);
#15201 = SEAM_CURVE('',#15202,(#15206,#15213),.PCURVE_S1.);
#15202 = LINE('',#15203,#15204);
#15203 = CARTESIAN_POINT('',(-52.65,-24.45,20.7));
#15204 = VECTOR('',#15205,1.);
#15205 = DIRECTION('',(0.,0.,1.));
#15206 = PCURVE('',#14811,#15207);
#15207 = DEFINITIONAL_REPRESENTATION('',(#15208),#15212);
#15208 = LINE('',#15209,#15210);
#15209 = CARTESIAN_POINT('',(-6.28318530718,0.));
#15210 = VECTOR('',#15211,1.);
#15211 = DIRECTION('',(-0.,-1.));
#15212 = ( GEOMETRIC_REPRESENTATION_CONTEXT(2) 
PARAMETRIC_REPRESENTATION_CONTEXT() REPRESENTATION_CONTEXT('2D SPACE',''
  ) );
#15213 = PCURVE('',#14811,#15214);
#15214 = DEFINITIONAL_REPRESENTATION('',(#15215),#15219);
#15215 = LINE('',#15216,#15217);
#15216 = CARTESIAN_POINT('',(-0.,0.));
#15217 = VECTOR('',#15218,1.);
#15218 = DIRECTION('',(-0.,-1.));
#15219 = ( GEOMETRIC_REPRESENTATION_CONTEXT(2) 
PARAMETRIC_REPRESENTATION_CONTEXT() REPRESENTATION_CONTEXT('2D SPACE',''
  ) );
#15220 = ORIENTED_EDGE('',*,*,#15071,.F.);
#15221 = ORIENTED_EDGE('',*,*,#15200,.F.);
#15222 = ADVANCED_FACE('',(#15223),#14846,.F.);
#15223 = FACE_BOUND('',#15224,.T.);
#15224 = EDGE_LOOP('',(#15225,#15226,#15247,#15248));
#15225 = ORIENTED_EDGE('',*,*,#14825,.T.);
#15226 = ORIENTED_EDGE('',*,*,#15227,.T.);
#15227 = EDGE_CURVE('',#14826,#15102,#15228,.T.);
#15228 = SEAM_CURVE('',#15229,(#15233,#15240),.PCURVE_S1.);
#15229 = LINE('',#15230,#15231);
#15230 = CARTESIAN_POINT('',(5.49,-24.45,20.7));
#15231 = VECTOR('',#15232,1.);
#15232 = DIRECTION('',(0.,0.,1.));
#15233 = PCURVE('',#14846,#15234);
#15234 = DEFINITIONAL_REPRESENTATION('',(#15235),#15239);
#15235 = LINE('',#15236,#15237);
#15236 = CARTESIAN_POINT('',(-6.28318530718,0.));
#15237 = VECTOR('',#15238,1.);
#15238 = DIRECTION('',(-0.,-1.));
#15239 = ( GEOMETRIC_REPRESENTATION_CONTEXT(2) 
PARAMETRIC_REPRESENTATION_CONTEXT() REPRESENTATION_CONTEXT('2D SPACE',''
  ) );
#15240 = PCURVE('',#14846,#15241);
#15241 = DEFINITIONAL_REPRESENTATION('',(#15242),#15246);
#15242 = LINE('',#15243,#15244);
#15243 = CARTESIAN_POINT('',(-0.,0.));
#15244 = VECTOR('',#15245,1.);
#15245 = DIRECTION('',(-0.,-1.));
#15246 = ( GEOMETRIC_REPRESENTATION_CONTEXT(2) 
PARAMETRIC_REPRESENTATION_CONTEXT() REPRESENTATION_CONTEXT('2D SPACE',''
  ) );
#15247 = ORIENTED_EDGE('',*,*,#15101,.F.);
#15248 = ORIENTED_EDGE('',*,*,#15227,.F.);
#15249 = ADVANCED_FACE('',(#15250),#14881,.F.);
#15250 = FACE_BOUND('',#15251,.T.);
#15251 = EDGE_LOOP('',(#15252,#15253,#15274,#15275));
#15252 = ORIENTED_EDGE('',*,*,#14860,.T.);
#15253 = ORIENTED_EDGE('',*,*,#15254,.T.);
#15254 = EDGE_CURVE('',#14861,#15132,#15255,.T.);
#15255 = SEAM_CURVE('',#15256,(#15260,#15267),.PCURVE_S1.);
#15256 = LINE('',#15257,#15258);
#15257 = CARTESIAN_POINT('',(-52.65,24.45,20.7));
#15258 = VECTOR('',#15259,1.);
#15259 = DIRECTION('',(0.,0.,1.));
#15260 = PCURVE('',#14881,#15261);
#15261 = DEFINITIONAL_REPRESENTATION('',(#15262),#15266);
#15262 = LINE('',#15263,#15264);
#15263 = CARTESIAN_POINT('',(-6.28318530718,0.));
#15264 = VECTOR('',#15265,1.);
#15265 = DIRECTION('',(-0.,-1.));
#15266 = ( GEOMETRIC_REPRESENTATION_CONTEXT(2) 
PARAMETRIC_REPRESENTATION_CONTEXT() REPRESENTATION_CONTEXT('2D SPACE',''
  ) );
#15267 = PCURVE('',#14881,#15268);
#15268 = DEFINITIONAL_REPRESENTATION('',(#15269),#15273);
#15269 = LINE('',#15270,#15271);
#15270 = CARTESIAN_POINT('',(-0.,0.));
#15271 = VECTOR('',#15272,1.);
#15272 = DIRECTION('',(-0.,-1.));
#15273 = ( GEOMETRIC_REPRESENTATION_CONTEXT(2) 
PARAMETRIC_REPRESENTATION_CONTEXT() REPRESENTATION_CONTEXT('2D SPACE',''
  ) );
#15274 = ORIENTED_EDGE('',*,*,#15131,.F.);
#15275 = ORIENTED_EDGE('',*,*,#15254,.F.);
#15276 = ADVANCED_FACE('',(#15277),#14913,.F.);
#15277 = FACE_BOUND('',#15278,.F.);
#15278 = EDGE_LOOP('',(#15279,#15302,#15303,#15326));
#15279 = ORIENTED_EDGE('',*,*,#15280,.T.);
#15280 = EDGE_CURVE('',#15281,#14896,#15283,.T.);
#15281 = VERTEX_POINT('',#15282);
#15282 = CARTESIAN_POINT('',(-50.,-20.2,12.4));
#15283 = SURFACE_CURVE('',#15284,(#15288,#15295),.PCURVE_S1.);
#15284 = LINE('',#15285,#15286);
#15285 = CARTESIAN_POINT('',(-50.,-20.2,12.4));
#15286 = VECTOR('',#15287,1.);
#15287 = DIRECTION('',(0.,0.,1.));
#15288 = PCURVE('',#14913,#15289);
#15289 = DEFINITIONAL_REPRESENTATION('',(#15290),#15294);
#15290 = LINE('',#15291,#15292);
#15291 = CARTESIAN_POINT('',(0.,0.));
#15292 = VECTOR('',#15293,1.);
#15293 = DIRECTION('',(0.,-1.));
#15294 = ( GEOMETRIC_REPRESENTATION_CONTEXT(2) 
PARAMETRIC_REPRESENTATION_CONTEXT() REPRESENTATION_CONTEXT('2D SPACE',''
  ) );
#15295 = PCURVE('',#14941,#15296);
#15296 = DEFINITIONAL_REPRESENTATION('',(#15297),#15301);
#15297 = LINE('',#15298,#15299);
#15298 = CARTESIAN_POINT('',(40.4,0.));
#15299 = VECTOR('',#15300,1.);
#15300 = DIRECTION('',(0.,-1.));
#15301 = ( GEOMETRIC_REPRESENTATION_CONTEXT(2) 
PARAMETRIC_REPRESENTATION_CONTEXT() REPRESENTATION_CONTEXT('2D SPACE',''
  ) );
#15302 = ORIENTED_EDGE('',*,*,#14895,.T.);
#15303 = ORIENTED_EDGE('',*,*,#15304,.F.);
#15304 = EDGE_CURVE('',#15305,#14898,#15307,.T.);
#15305 = VERTEX_POINT('',#15306);
#15306 = CARTESIAN_POINT('',(19.13,-20.2,12.4));
#15307 = SURFACE_CURVE('',#15308,(#15312,#15319),.PCURVE_S1.);
#15308 = LINE('',#15309,#15310);
#15309 = CARTESIAN_POINT('',(19.13,-20.2,12.4));
#15310 = VECTOR('',#15311,1.);
#15311 = DIRECTION('',(0.,0.,1.));
#15312 = PCURVE('',#14913,#15313);
#15313 = DEFINITIONAL_REPRESENTATION('',(#15314),#15318);
#15314 = LINE('',#15315,#15316);
#15315 = CARTESIAN_POINT('',(69.13,0.));
#15316 = VECTOR('',#15317,1.);
#15317 = DIRECTION('',(0.,-1.));
#15318 = ( GEOMETRIC_REPRESENTATION_CONTEXT(2) 
PARAMETRIC_REPRESENTATION_CONTEXT() REPRESENTATION_CONTEXT('2D SPACE',''
  ) );
#15319 = PCURVE('',#14995,#15320);
#15320 = DEFINITIONAL_REPRESENTATION('',(#15321),#15325);
#15321 = LINE('',#15322,#15323);
#15322 = CARTESIAN_POINT('',(0.,0.));
#15323 = VECTOR('',#15324,1.);
#15324 = DIRECTION('',(0.,-1.));
#15325 = ( GEOMETRIC_REPRESENTATION_CONTEXT(2) 
PARAMETRIC_REPRESENTATION_CONTEXT() REPRESENTATION_CONTEXT('2D SPACE',''
  ) );
#15326 = ORIENTED_EDGE('',*,*,#15327,.F.);
#15327 = EDGE_CURVE('',#15281,#15305,#15328,.T.);
#15328 = SURFACE_CURVE('',#15329,(#15333,#15340),.PCURVE_S1.);
#15329 = LINE('',#15330,#15331);
#15330 = CARTESIAN_POINT('',(-50.,-20.2,12.4));
#15331 = VECTOR('',#15332,1.);
#15332 = DIRECTION('',(1.,0.,0.));
#15333 = PCURVE('',#14913,#15334);
#15334 = DEFINITIONAL_REPRESENTATION('',(#15335),#15339);
#15335 = LINE('',#15336,#15337);
#15336 = CARTESIAN_POINT('',(0.,0.));
#15337 = VECTOR('',#15338,1.);
#15338 = DIRECTION('',(1.,0.));
#15339 = ( GEOMETRIC_REPRESENTATION_CONTEXT(2) 
PARAMETRIC_REPRESENTATION_CONTEXT() REPRESENTATION_CONTEXT('2D SPACE',''
  ) );
#15340 = PCURVE('',#15341,#15346);
#15341 = PLANE('',#15342);
#15342 = AXIS2_PLACEMENT_3D('',#15343,#15344,#15345);
#15343 = CARTESIAN_POINT('',(-15.435,0.,12.4));
#15344 = DIRECTION('',(0.,0.,1.));
#15345 = DIRECTION('',(1.,0.,-0.));
#15346 = DEFINITIONAL_REPRESENTATION('',(#15347),#15351);
#15347 = LINE('',#15348,#15349);
#15348 = CARTESIAN_POINT('',(-34.565,-20.2));
#15349 = VECTOR('',#15350,1.);
#15350 = DIRECTION('',(1.,0.));
#15351 = ( GEOMETRIC_REPRESENTATION_CONTEXT(2) 
PARAMETRIC_REPRESENTATION_CONTEXT() REPRESENTATION_CONTEXT('2D SPACE',''
  ) );
#15352 = ADVANCED_FACE('',(#15353),#14941,.F.);
#15353 = FACE_BOUND('',#15354,.F.);
#15354 = EDGE_LOOP('',(#15355,#15378,#15379,#15380));
#15355 = ORIENTED_EDGE('',*,*,#15356,.T.);
#15356 = EDGE_CURVE('',#15357,#14926,#15359,.T.);
#15357 = VERTEX_POINT('',#15358);
#15358 = CARTESIAN_POINT('',(-50.,20.2,12.4));
#15359 = SURFACE_CURVE('',#15360,(#15364,#15371),.PCURVE_S1.);
#15360 = LINE('',#15361,#15362);
#15361 = CARTESIAN_POINT('',(-50.,20.2,12.4));
#15362 = VECTOR('',#15363,1.);
#15363 = DIRECTION('',(0.,0.,1.));
#15364 = PCURVE('',#14941,#15365);
#15365 = DEFINITIONAL_REPRESENTATION('',(#15366),#15370);
#15366 = LINE('',#15367,#15368);
#15367 = CARTESIAN_POINT('',(0.,0.));
#15368 = VECTOR('',#15369,1.);
#15369 = DIRECTION('',(0.,-1.));
#15370 = ( GEOMETRIC_REPRESENTATION_CONTEXT(2) 
PARAMETRIC_REPRESENTATION_CONTEXT() REPRESENTATION_CONTEXT('2D SPACE',''
  ) );
#15371 = PCURVE('',#14969,#15372);
#15372 = DEFINITIONAL_REPRESENTATION('',(#15373),#15377);
#15373 = LINE('',#15374,#15375);
#15374 = CARTESIAN_POINT('',(69.13,0.));
#15375 = VECTOR('',#15376,1.);
#15376 = DIRECTION('',(0.,-1.));
#15377 = ( GEOMETRIC_REPRESENTATION_CONTEXT(2) 
PARAMETRIC_REPRESENTATION_CONTEXT() REPRESENTATION_CONTEXT('2D SPACE',''
  ) );
#15378 = ORIENTED_EDGE('',*,*,#14925,.T.);
#15379 = ORIENTED_EDGE('',*,*,#15280,.F.);
#15380 = ORIENTED_EDGE('',*,*,#15381,.F.);
#15381 = EDGE_CURVE('',#15357,#15281,#15382,.T.);
#15382 = SURFACE_CURVE('',#15383,(#15387,#15394),.PCURVE_S1.);
#15383 = LINE('',#15384,#15385);
#15384 = CARTESIAN_POINT('',(-50.,20.2,12.4));
#15385 = VECTOR('',#15386,1.);
#15386 = DIRECTION('',(0.,-1.,0.));
#15387 = PCURVE('',#14941,#15388);
#15388 = DEFINITIONAL_REPRESENTATION('',(#15389),#15393);
#15389 = LINE('',#15390,#15391);
#15390 = CARTESIAN_POINT('',(0.,0.));
#15391 = VECTOR('',#15392,1.);
#15392 = DIRECTION('',(1.,0.));
#15393 = ( GEOMETRIC_REPRESENTATION_CONTEXT(2) 
PARAMETRIC_REPRESENTATION_CONTEXT() REPRESENTATION_CONTEXT('2D SPACE',''
  ) );
#15394 = PCURVE('',#15341,#15395);
#15395 = DEFINITIONAL_REPRESENTATION('',(#15396),#15400);
#15396 = LINE('',#15397,#15398);
#15397 = CARTESIAN_POINT('',(-34.565,20.2));
#15398 = VECTOR('',#15399,1.);
#15399 = DIRECTION('',(0.,-1.));
#15400 = ( GEOMETRIC_REPRESENTATION_CONTEXT(2) 
PARAMETRIC_REPRESENTATION_CONTEXT() REPRESENTATION_CONTEXT('2D SPACE',''
  ) );
#15401 = ADVANCED_FACE('',(#15402),#14995,.F.);
#15402 = FACE_BOUND('',#15403,.F.);
#15403 = EDGE_LOOP('',(#15404,#15405,#15406,#15429));
#15404 = ORIENTED_EDGE('',*,*,#15304,.T.);
#15405 = ORIENTED_EDGE('',*,*,#14981,.T.);
#15406 = ORIENTED_EDGE('',*,*,#15407,.F.);
#15407 = EDGE_CURVE('',#15408,#14954,#15410,.T.);
#15408 = VERTEX_POINT('',#15409);
#15409 = CARTESIAN_POINT('',(19.13,20.2,12.4));
#15410 = SURFACE_CURVE('',#15411,(#15415,#15422),.PCURVE_S1.);
#15411 = LINE('',#15412,#15413);
#15412 = CARTESIAN_POINT('',(19.13,20.2,12.4));
#15413 = VECTOR('',#15414,1.);
#15414 = DIRECTION('',(0.,0.,1.));
#15415 = PCURVE('',#14995,#15416);
#15416 = DEFINITIONAL_REPRESENTATION('',(#15417),#15421);
#15417 = LINE('',#15418,#15419);
#15418 = CARTESIAN_POINT('',(40.4,0.));
#15419 = VECTOR('',#15420,1.);
#15420 = DIRECTION('',(0.,-1.));
#15421 = ( GEOMETRIC_REPRESENTATION_CONTEXT(2) 
PARAMETRIC_REPRESENTATION_CONTEXT() REPRESENTATION_CONTEXT('2D SPACE',''
  ) );
#15422 = PCURVE('',#14969,#15423);
#15423 = DEFINITIONAL_REPRESENTATION('',(#15424),#15428);
#15424 = LINE('',#15425,#15426);
#15425 = CARTESIAN_POINT('',(0.,-0.));
#15426 = VECTOR('',#15427,1.);
#15427 = DIRECTION('',(0.,-1.));
#15428 = ( GEOMETRIC_REPRESENTATION_CONTEXT(2) 
PARAMETRIC_REPRESENTATION_CONTEXT() REPRESENTATION_CONTEXT('2D SPACE',''
  ) );
#15429 = ORIENTED_EDGE('',*,*,#15430,.F.);
#15430 = EDGE_CURVE('',#15305,#15408,#15431,.T.);
#15431 = SURFACE_CURVE('',#15432,(#15436,#15443),.PCURVE_S1.);
#15432 = LINE('',#15433,#15434);
#15433 = CARTESIAN_POINT('',(19.13,-20.2,12.4));
#15434 = VECTOR('',#15435,1.);
#15435 = DIRECTION('',(0.,1.,0.));
#15436 = PCURVE('',#14995,#15437);
#15437 = DEFINITIONAL_REPRESENTATION('',(#15438),#15442);
#15438 = LINE('',#15439,#15440);
#15439 = CARTESIAN_POINT('',(0.,0.));
#15440 = VECTOR('',#15441,1.);
#15441 = DIRECTION('',(1.,0.));
#15442 = ( GEOMETRIC_REPRESENTATION_CONTEXT(2) 
PARAMETRIC_REPRESENTATION_CONTEXT() REPRESENTATION_CONTEXT('2D SPACE',''
  ) );
#15443 = PCURVE('',#15341,#15444);
#15444 = DEFINITIONAL_REPRESENTATION('',(#15445),#15449);
#15445 = LINE('',#15446,#15447);
#15446 = CARTESIAN_POINT('',(34.565,-20.2));
#15447 = VECTOR('',#15448,1.);
#15448 = DIRECTION('',(0.,1.));
#15449 = ( GEOMETRIC_REPRESENTATION_CONTEXT(2) 
PARAMETRIC_REPRESENTATION_CONTEXT() REPRESENTATION_CONTEXT('2D SPACE',''
  ) );
#15450 = ADVANCED_FACE('',(#15451),#14969,.F.);
#15451 = FACE_BOUND('',#15452,.F.);
#15452 = EDGE_LOOP('',(#15453,#15454,#15455,#15456));
#15453 = ORIENTED_EDGE('',*,*,#15407,.T.);
#15454 = ORIENTED_EDGE('',*,*,#14953,.T.);
#15455 = ORIENTED_EDGE('',*,*,#15356,.F.);
#15456 = ORIENTED_EDGE('',*,*,#15457,.F.);
#15457 = EDGE_CURVE('',#15408,#15357,#15458,.T.);
#15458 = SURFACE_CURVE('',#15459,(#15463,#15470),.PCURVE_S1.);
#15459 = LINE('',#15460,#15461);
#15460 = CARTESIAN_POINT('',(19.13,20.2,12.4));
#15461 = VECTOR('',#15462,1.);
#15462 = DIRECTION('',(-1.,0.,0.));
#15463 = PCURVE('',#14969,#15464);
#15464 = DEFINITIONAL_REPRESENTATION('',(#15465),#15469);
#15465 = LINE('',#15466,#15467);
#15466 = CARTESIAN_POINT('',(0.,-0.));
#15467 = VECTOR('',#15468,1.);
#15468 = DIRECTION('',(1.,0.));
#15469 = ( GEOMETRIC_REPRESENTATION_CONTEXT(2) 
PARAMETRIC_REPRESENTATION_CONTEXT() REPRESENTATION_CONTEXT('2D SPACE',''
  ) );
#15470 = PCURVE('',#15341,#15471);
#15471 = DEFINITIONAL_REPRESENTATION('',(#15472),#15476);
#15472 = LINE('',#15473,#15474);
#15473 = CARTESIAN_POINT('',(34.565,20.2));
#15474 = VECTOR('',#15475,1.);
#15475 = DIRECTION('',(-1.,0.));
#15476 = ( GEOMETRIC_REPRESENTATION_CONTEXT(2) 
PARAMETRIC_REPRESENTATION_CONTEXT() REPRESENTATION_CONTEXT('2D SPACE',''
  ) );
#15477 = ADVANCED_FACE('',(#15478),#15030,.F.);
#15478 = FACE_BOUND('',#15479,.T.);
#15479 = EDGE_LOOP('',(#15480,#15481,#15502,#15503));
#15480 = ORIENTED_EDGE('',*,*,#15009,.T.);
#15481 = ORIENTED_EDGE('',*,*,#15482,.T.);
#15482 = EDGE_CURVE('',#15010,#15162,#15483,.T.);
#15483 = SEAM_CURVE('',#15484,(#15488,#15495),.PCURVE_S1.);
#15484 = LINE('',#15485,#15486);
#15485 = CARTESIAN_POINT('',(5.49,24.45,20.7));
#15486 = VECTOR('',#15487,1.);
#15487 = DIRECTION('',(0.,0.,1.));
#15488 = PCURVE('',#15030,#15489);
#15489 = DEFINITIONAL_REPRESENTATION('',(#15490),#15494);
#15490 = LINE('',#15491,#15492);
#15491 = CARTESIAN_POINT('',(-6.28318530718,0.));
#15492 = VECTOR('',#15493,1.);
#15493 = DIRECTION('',(-0.,-1.));
#15494 = ( GEOMETRIC_REPRESENTATION_CONTEXT(2) 
PARAMETRIC_REPRESENTATION_CONTEXT() REPRESENTATION_CONTEXT('2D SPACE',''
  ) );
#15495 = PCURVE('',#15030,#15496);
#15496 = DEFINITIONAL_REPRESENTATION('',(#15497),#15501);
#15497 = LINE('',#15498,#15499);
#15498 = CARTESIAN_POINT('',(-0.,0.));
#15499 = VECTOR('',#15500,1.);
#15500 = DIRECTION('',(-0.,-1.));
#15501 = ( GEOMETRIC_REPRESENTATION_CONTEXT(2) 
PARAMETRIC_REPRESENTATION_CONTEXT() REPRESENTATION_CONTEXT('2D SPACE',''
  ) );
#15502 = ORIENTED_EDGE('',*,*,#15161,.F.);
#15503 = ORIENTED_EDGE('',*,*,#15482,.F.);
#15504 = ADVANCED_FACE('',(#15505),#15341,.F.);
#15505 = FACE_BOUND('',#15506,.F.);
#15506 = EDGE_LOOP('',(#15507,#15508,#15509,#15510));
#15507 = ORIENTED_EDGE('',*,*,#15327,.T.);
#15508 = ORIENTED_EDGE('',*,*,#15430,.T.);
#15509 = ORIENTED_EDGE('',*,*,#15457,.T.);
#15510 = ORIENTED_EDGE('',*,*,#15381,.T.);
#15511 = ( GEOMETRIC_REPRESENTATION_CONTEXT(3) 
GLOBAL_UNCERTAINTY_ASSIGNED_CONTEXT((#15515)) 
GLOBAL_UNIT_ASSIGNED_CONTEXT((#15512,#15513,#15514)) 
REPRESENTATION_CONTEXT('Context #1',
  '3D Context with UNIT and UNCERTAINTY') );
#15512 = ( LENGTH_UNIT() NAMED_UNIT(*) SI_UNIT(.MILLI.,.METRE.) );
#15513 = ( NAMED_UNIT(*) PLANE_ANGLE_UNIT() SI_UNIT($,.RADIAN.) );
#15514 = ( NAMED_UNIT(*) SI_UNIT($,.STERADIAN.) SOLID_ANGLE_UNIT() );
#15515 = UNCERTAINTY_MEASURE_WITH_UNIT(LENGTH_MEASURE(1.E-07),#15512,
  'distance_accuracy_value','confusion accuracy');
#15516 = CONTEXT_DEPENDENT_SHAPE_REPRESENTATION(#15517,#15519);
#15517 = ( REPRESENTATION_RELATIONSHIP('','',#14490,#10) 
REPRESENTATION_RELATIONSHIP_WITH_TRANSFORMATION(#15518) 
SHAPE_REPRESENTATION_RELATIONSHIP() );
#15518 = ITEM_DEFINED_TRANSFORMATION('','',#11,#23);
#15519 = PRODUCT_DEFINITION_SHAPE('Placement','Placement of an item',
  #15520);
#15520 = NEXT_ASSEMBLY_USAGE_OCCURRENCE('3','pn7160-board','',#5,#14485,
  $);
#15521 = PRODUCT_RELATED_PRODUCT_CATEGORY('part',$,(#14487));
#15522 = SHAPE_DEFINITION_REPRESENTATION(#15523,#15529);
#15523 = PRODUCT_DEFINITION_SHAPE('','',#15524);
#15524 = PRODUCT_DEFINITION('design','',#15525,#15528);
#15525 = PRODUCT_DEFINITION_FORMATION('','',#15526);
#15526 = PRODUCT('esp32c6-devkit','esp32c6-devkit','',(#15527));
#15527 = PRODUCT_CONTEXT('',#2,'mechanical');
#15528 = PRODUCT_DEFINITION_CONTEXT('part definition',#2,'design');
#15529 = ADVANCED_BREP_SHAPE_REPRESENTATION('',(#11,#15530),#16586);
#15530 = MANIFOLD_SOLID_BREP('',#15531);
#15531 = CLOSED_SHELL('',(#15532,#15652,#15728,#15799,#15826,#16067,
    #16101,#16203,#16321,#16370,#16419,#16446,#16518,#16545,#16572,
    #16579));
#15532 = ADVANCED_FACE('',(#15533),#15547,.F.);
#15533 = FACE_BOUND('',#15534,.F.);
#15534 = EDGE_LOOP('',(#15535,#15570,#15598,#15626));
#15535 = ORIENTED_EDGE('',*,*,#15536,.T.);
#15536 = EDGE_CURVE('',#15537,#15539,#15541,.T.);
#15537 = VERTEX_POINT('',#15538);
#15538 = CARTESIAN_POINT('',(32.53,-27.95,5.5));
#15539 = VERTEX_POINT('',#15540);
#15540 = CARTESIAN_POINT('',(32.53,-27.95,7.1));
#15541 = SURFACE_CURVE('',#15542,(#15546,#15558),.PCURVE_S1.);
#15542 = LINE('',#15543,#15544);
#15543 = CARTESIAN_POINT('',(32.53,-27.95,5.5));
#15544 = VECTOR('',#15545,1.);
#15545 = DIRECTION('',(0.,0.,1.));
#15546 = PCURVE('',#15547,#15552);
#15547 = PLANE('',#15548);
#15548 = AXIS2_PLACEMENT_3D('',#15549,#15550,#15551);
#15549 = CARTESIAN_POINT('',(32.53,-27.95,5.5));
#15550 = DIRECTION('',(0.,1.,0.));
#15551 = DIRECTION('',(1.,0.,0.));
#15552 = DEFINITIONAL_REPRESENTATION('',(#15553),#15557);
#15553 = LINE('',#15554,#15555);
#15554 = CARTESIAN_POINT('',(0.,0.));
#15555 = VECTOR('',#15556,1.);
#15556 = DIRECTION('',(0.,-1.));
#15557 = ( GEOMETRIC_REPRESENTATION_CONTEXT(2) 
PARAMETRIC_REPRESENTATION_CONTEXT() REPRESENTATION_CONTEXT('2D SPACE',''
  ) );
#15558 = PCURVE('',#15559,#15564);
#15559 = PLANE('',#15560);
#15560 = AXIS2_PLACEMENT_3D('',#15561,#15562,#15563);
#15561 = CARTESIAN_POINT('',(32.53,31.2,5.5));
#15562 = DIRECTION('',(1.,0.,-0.));
#15563 = DIRECTION('',(0.,-1.,0.));
#15564 = DEFINITIONAL_REPRESENTATION('',(#15565),#15569);
#15565 = LINE('',#15566,#15567);
#15566 = CARTESIAN_POINT('',(59.15,0.));
#15567 = VECTOR('',#15568,1.);
#15568 = DIRECTION('',(0.,-1.));
#15569 = ( GEOMETRIC_REPRESENTATION_CONTEXT(2) 
PARAMETRIC_REPRESENTATION_CONTEXT() REPRESENTATION_CONTEXT('2D SPACE',''
  ) );
#15570 = ORIENTED_EDGE('',*,*,#15571,.T.);
#15571 = EDGE_CURVE('',#15539,#15572,#15574,.T.);
#15572 = VERTEX_POINT('',#15573);
#15573 = CARTESIAN_POINT('',(58.,-27.95,7.1));
#15574 = SURFACE_CURVE('',#15575,(#15579,#15586),.PCURVE_S1.);
#15575 = LINE('',#15576,#15577);
#15576 = CARTESIAN_POINT('',(32.53,-27.95,7.1));
#15577 = VECTOR('',#15578,1.);
#15578 = DIRECTION('',(1.,0.,0.));
#15579 = PCURVE('',#15547,#15580);
#15580 = DEFINITIONAL_REPRESENTATION('',(#15581),#15585);
#15581 = LINE('',#15582,#15583);
#15582 = CARTESIAN_POINT('',(0.,-1.6));
#15583 = VECTOR('',#15584,1.);
#15584 = DIRECTION('',(1.,0.));
#15585 = ( GEOMETRIC_REPRESENTATION_CONTEXT(2) 
PARAMETRIC_REPRESENTATION_CONTEXT() REPRESENTATION_CONTEXT('2D SPACE',''
  ) );
#15586 = PCURVE('',#15587,#15592);
#15587 = PLANE('',#15588);
#15588 = AXIS2_PLACEMENT_3D('',#15589,#15590,#15591);
#15589 = CARTESIAN_POINT('',(45.265,1.625,7.1));
#15590 = DIRECTION('',(0.,0.,1.));
#15591 = DIRECTION('',(1.,0.,-0.));
#15592 = DEFINITIONAL_REPRESENTATION('',(#15593),#15597);
#15593 = LINE('',#15594,#15595);
#15594 = CARTESIAN_POINT('',(-12.735,-29.575));
#15595 = VECTOR('',#15596,1.);
#15596 = DIRECTION('',(1.,0.));
#15597 = ( GEOMETRIC_REPRESENTATION_CONTEXT(2) 
PARAMETRIC_REPRESENTATION_CONTEXT() REPRESENTATION_CONTEXT('2D SPACE',''
  ) );
#15598 = ORIENTED_EDGE('',*,*,#15599,.F.);
#15599 = EDGE_CURVE('',#15600,#15572,#15602,.T.);
#15600 = VERTEX_POINT('',#15601);
#15601 = CARTESIAN_POINT('',(58.,-27.95,5.5));
#15602 = SURFACE_CURVE('',#15603,(#15607,#15614),.PCURVE_S1.);
#15603 = LINE('',#15604,#15605);
#15604 = CARTESIAN_POINT('',(58.,-27.95,5.5));
#15605 = VECTOR('',#15606,1.);
#15606 = DIRECTION('',(0.,0.,1.));
#15607 = PCURVE('',#15547,#15608);
#15608 = DEFINITIONAL_REPRESENTATION('',(#15609),#15613);
#15609 = LINE('',#15610,#15611);
#15610 = CARTESIAN_POINT('',(25.47,0.));
#15611 = VECTOR('',#15612,1.);
#15612 = DIRECTION('',(0.,-1.));
#15613 = ( GEOMETRIC_REPRESENTATION_CONTEXT(2) 
PARAMETRIC_REPRESENTATION_CONTEXT() REPRESENTATION_CONTEXT('2D SPACE',''
  ) );
#15614 = PCURVE('',#15615,#15620);
#15615 = PLANE('',#15616);
#15616 = AXIS2_PLACEMENT_3D('',#15617,#15618,#15619);
#15617 = CARTESIAN_POINT('',(58.,-27.95,5.5));
#15618 = DIRECTION('',(-1.,0.,0.));
#15619 = DIRECTION('',(0.,1.,0.));
#15620 = DEFINITIONAL_REPRESENTATION('',(#15621),#15625);
#15621 = LINE('',#15622,#15623);
#15622 = CARTESIAN_POINT('',(0.,0.));
#15623 = VECTOR('',#15624,1.);
#15624 = DIRECTION('',(0.,-1.));
#15625 = ( GEOMETRIC_REPRESENTATION_CONTEXT(2) 
PARAMETRIC_REPRESENTATION_CONTEXT() REPRESENTATION_CONTEXT('2D SPACE',''
  ) );
#15626 = ORIENTED_EDGE('',*,*,#15627,.F.);
#15627 = EDGE_CURVE('',#15537,#15600,#15628,.T.);
#15628 = SURFACE_CURVE('',#15629,(#15633,#15640),.PCURVE_S1.);
#15629 = LINE('',#15630,#15631);
#15630 = CARTESIAN_POINT('',(32.53,-27.95,5.5));
#15631 = VECTOR('',#15632,1.);
#15632 = DIRECTION('',(1.,0.,0.));
#15633 = PCURVE('',#15547,#15634);
#15634 = DEFINITIONAL_REPRESENTATION('',(#15635),#15639);
#15635 = LINE('',#15636,#15637);
#15636 = CARTESIAN_POINT('',(0.,0.));
#15637 = VECTOR('',#15638,1.);
#15638 = DIRECTION('',(1.,0.));
#15639 = ( GEOMETRIC_REPRESENTATION_CONTEXT(2) 
PARAMETRIC_REPRESENTATION_CONTEXT() REPRESENTATION_CONTEXT('2D SPACE',''
  ) );
#15640 = PCURVE('',#15641,#15646);
#15641 = PLANE('',#15642);
#15642 = AXIS2_PLACEMENT_3D('',#15643,#15644,#15645);
#15643 = CARTESIAN_POINT('',(45.265,1.625,5.5));
#15644 = DIRECTION('',(0.,0.,1.));
#15645 = DIRECTION('',(1.,0.,-0.));
#15646 = DEFINITIONAL_REPRESENTATION('',(#15647),#15651);
#15647 = LINE('',#15648,#15649);
#15648 = CARTESIAN_POINT('',(-12.735,-29.575));
#15649 = VECTOR('',#15650,1.);
#15650 = DIRECTION('',(1.,0.));
#15651 = ( GEOMETRIC_REPRESENTATION_CONTEXT(2) 
PARAMETRIC_REPRESENTATION_CONTEXT() REPRESENTATION_CONTEXT('2D SPACE',''
  ) );
#15652 = ADVANCED_FACE('',(#15653),#15559,.F.);
#15653 = FACE_BOUND('',#15654,.F.);
#15654 = EDGE_LOOP('',(#15655,#15685,#15706,#15707));
#15655 = ORIENTED_EDGE('',*,*,#15656,.T.);
#15656 = EDGE_CURVE('',#15657,#15659,#15661,.T.);
#15657 = VERTEX_POINT('',#15658);
#15658 = CARTESIAN_POINT('',(32.53,31.2,5.5));
#15659 = VERTEX_POINT('',#15660);
#15660 = CARTESIAN_POINT('',(32.53,31.2,7.1));
#15661 = SURFACE_CURVE('',#15662,(#15666,#15673),.PCURVE_S1.);
#15662 = LINE('',#15663,#15664);
#15663 = CARTESIAN_POINT('',(32.53,31.2,5.5));
#15664 = VECTOR('',#15665,1.);
#15665 = DIRECTION('',(0.,0.,1.));
#15666 = PCURVE('',#15559,#15667);
#15667 = DEFINITIONAL_REPRESENTATION('',(#15668),#15672);
#15668 = LINE('',#15669,#15670);
#15669 = CARTESIAN_POINT('',(0.,0.));
#15670 = VECTOR('',#15671,1.);
#15671 = DIRECTION('',(0.,-1.));
#15672 = ( GEOMETRIC_REPRESENTATION_CONTEXT(2) 
PARAMETRIC_REPRESENTATION_CONTEXT() REPRESENTATION_CONTEXT('2D SPACE',''
  ) );
#15673 = PCURVE('',#15674,#15679);
#15674 = PLANE('',#15675);
#15675 = AXIS2_PLACEMENT_3D('',#15676,#15677,#15678);
#15676 = CARTESIAN_POINT('',(58.,31.2,5.5));
#15677 = DIRECTION('',(0.,-1.,0.));
#15678 = DIRECTION('',(-1.,0.,0.));
#15679 = DEFINITIONAL_REPRESENTATION('',(#15680),#15684);
#15680 = LINE('',#15681,#15682);
#15681 = CARTESIAN_POINT('',(25.47,0.));
#15682 = VECTOR('',#15683,1.);
#15683 = DIRECTION('',(0.,-1.));
#15684 = ( GEOMETRIC_REPRESENTATION_CONTEXT(2) 
PARAMETRIC_REPRESENTATION_CONTEXT() REPRESENTATION_CONTEXT('2D SPACE',''
  ) );
#15685 = ORIENTED_EDGE('',*,*,#15686,.T.);
#15686 = EDGE_CURVE('',#15659,#15539,#15687,.T.);
#15687 = SURFACE_CURVE('',#15688,(#15692,#15699),.PCURVE_S1.);
#15688 = LINE('',#15689,#15690);
#15689 = CARTESIAN_POINT('',(32.53,31.2,7.1));
#15690 = VECTOR('',#15691,1.);
#15691 = DIRECTION('',(0.,-1.,0.));
#15692 = PCURVE('',#15559,#15693);
#15693 = DEFINITIONAL_REPRESENTATION('',(#15694),#15698);
#15694 = LINE('',#15695,#15696);
#15695 = CARTESIAN_POINT('',(0.,-1.6));
#15696 = VECTOR('',#15697,1.);
#15697 = DIRECTION('',(1.,0.));
#15698 = ( GEOMETRIC_REPRESENTATION_CONTEXT(2) 
PARAMETRIC_REPRESENTATION_CONTEXT() REPRESENTATION_CONTEXT('2D SPACE',''
  ) );
#15699 = PCURVE('',#15587,#15700);
#15700 = DEFINITIONAL_REPRESENTATION('',(#15701),#15705);
#15701 = LINE('',#15702,#15703);
#15702 = CARTESIAN_POINT('',(-12.735,29.575));
#15703 = VECTOR('',#15704,1.);
#15704 = DIRECTION('',(0.,-1.));
#15705 = ( GEOMETRIC_REPRESENTATION_CONTEXT(2) 
PARAMETRIC_REPRESENTATION_CONTEXT() REPRESENTATION_CONTEXT('2D SPACE',''
  ) );
#15706 = ORIENTED_EDGE('',*,*,#15536,.F.);
#15707 = ORIENTED_EDGE('',*,*,#15708,.F.);
#15708 = EDGE_CURVE('',#15657,#15537,#15709,.T.);
#15709 = SURFACE_CURVE('',#15710,(#15714,#15721),.PCURVE_S1.);
#15710 = LINE('',#15711,#15712);
#15711 = CARTESIAN_POINT('',(32.53,31.2,5.5));
#15712 = VECTOR('',#15713,1.);
#15713 = DIRECTION('',(0.,-1.,0.));
#15714 = PCURVE('',#15559,#15715);
#15715 = DEFINITIONAL_REPRESENTATION('',(#15716),#15720);
#15716 = LINE('',#15717,#15718);
#15717 = CARTESIAN_POINT('',(0.,0.));
#15718 = VECTOR('',#15719,1.);
#15719 = DIRECTION('',(1.,0.));
#15720 = ( GEOMETRIC_REPRESENTATION_CONTEXT(2) 
PARAMETRIC_REPRESENTATION_CONTEXT() REPRESENTATION_CONTEXT('2D SPACE',''
  ) );
#15721 = PCURVE('',#15641,#15722);
#15722 = DEFINITIONAL_REPRESENTATION('',(#15723),#15727);
#15723 = LINE('',#15724,#15725);
#15724 = CARTESIAN_POINT('',(-12.735,29.575));
#15725 = VECTOR('',#15726,1.);
#15726 = DIRECTION('',(0.,-1.));
#15727 = ( GEOMETRIC_REPRESENTATION_CONTEXT(2) 
PARAMETRIC_REPRESENTATION_CONTEXT() REPRESENTATION_CONTEXT('2D SPACE',''
  ) );
#15728 = ADVANCED_FACE('',(#15729),#15615,.F.);
#15729 = FACE_BOUND('',#15730,.F.);
#15730 = EDGE_LOOP('',(#15731,#15732,#15755,#15778));
#15731 = ORIENTED_EDGE('',*,*,#15599,.T.);
#15732 = ORIENTED_EDGE('',*,*,#15733,.T.);
#15733 = EDGE_CURVE('',#15572,#15734,#15736,.T.);
#15734 = VERTEX_POINT('',#15735);
#15735 = CARTESIAN_POINT('',(58.,31.2,7.1));
#15736 = SURFACE_CURVE('',#15737,(#15741,#15748),.PCURVE_S1.);
#15737 = LINE('',#15738,#15739);
#15738 = CARTESIAN_POINT('',(58.,-27.95,7.1));
#15739 = VECTOR('',#15740,1.);
#15740 = DIRECTION('',(0.,1.,0.));
#15741 = PCURVE('',#15615,#15742);
#15742 = DEFINITIONAL_REPRESENTATION('',(#15743),#15747);
#15743 = LINE('',#15744,#15745);
#15744 = CARTESIAN_POINT('',(0.,-1.6));
#15745 = VECTOR('',#15746,1.);
#15746 = DIRECTION('',(1.,0.));
#15747 = ( GEOMETRIC_REPRESENTATION_CONTEXT(2) 
PARAMETRIC_REPRESENTATION_CONTEXT() REPRESENTATION_CONTEXT('2D SPACE',''
  ) );
#15748 = PCURVE('',#15587,#15749);
#15749 = DEFINITIONAL_REPRESENTATION('',(#15750),#15754);
#15750 = LINE('',#15751,#15752);
#15751 = CARTESIAN_POINT('',(12.735,-29.575));
#15752 = VECTOR('',#15753,1.);
#15753 = DIRECTION('',(0.,1.));
#15754 = ( GEOMETRIC_REPRESENTATION_CONTEXT(2) 
PARAMETRIC_REPRESENTATION_CONTEXT() REPRESENTATION_CONTEXT('2D SPACE',''
  ) );
#15755 = ORIENTED_EDGE('',*,*,#15756,.F.);
#15756 = EDGE_CURVE('',#15757,#15734,#15759,.T.);
#15757 = VERTEX_POINT('',#15758);
#15758 = CARTESIAN_POINT('',(58.,31.2,5.5));
#15759 = SURFACE_CURVE('',#15760,(#15764,#15771),.PCURVE_S1.);
#15760 = LINE('',#15761,#15762);
#15761 = CARTESIAN_POINT('',(58.,31.2,5.5));
#15762 = VECTOR('',#15763,1.);
#15763 = DIRECTION('',(0.,0.,1.));
#15764 = PCURVE('',#15615,#15765);
#15765 = DEFINITIONAL_REPRESENTATION('',(#15766),#15770);
#15766 = LINE('',#15767,#15768);
#15767 = CARTESIAN_POINT('',(59.15,0.));
#15768 = VECTOR('',#15769,1.);
#15769 = DIRECTION('',(0.,-1.));
#15770 = ( GEOMETRIC_REPRESENTATION_CONTEXT(2) 
PARAMETRIC_REPRESENTATION_CONTEXT() REPRESENTATION_CONTEXT('2D SPACE',''
  ) );
#15771 = PCURVE('',#15674,#15772);
#15772 = DEFINITIONAL_REPRESENTATION('',(#15773),#15777);
#15773 = LINE('',#15774,#15775);
#15774 = CARTESIAN_POINT('',(0.,-0.));
#15775 = VECTOR('',#15776,1.);
#15776 = DIRECTION('',(0.,-1.));
#15777 = ( GEOMETRIC_REPRESENTATION_CONTEXT(2) 
PARAMETRIC_REPRESENTATION_CONTEXT() REPRESENTATION_CONTEXT('2D SPACE',''
  ) );
#15778 = ORIENTED_EDGE('',*,*,#15779,.F.);
#15779 = EDGE_CURVE('',#15600,#15757,#15780,.T.);
#15780 = SURFACE_CURVE('',#15781,(#15785,#15792),.PCURVE_S1.);
#15781 = LINE('',#15782,#15783);
#15782 = CARTESIAN_POINT('',(58.,-27.95,5.5));
#15783 = VECTOR('',#15784,1.);
#15784 = DIRECTION('',(0.,1.,0.));
#15785 = PCURVE('',#15615,#15786);
#15786 = DEFINITIONAL_REPRESENTATION('',(#15787),#15791);
#15787 = LINE('',#15788,#15789);
#15788 = CARTESIAN_POINT('',(0.,0.));
#15789 = VECTOR('',#15790,1.);
#15790 = DIRECTION('',(1.,0.));
#15791 = ( GEOMETRIC_REPRESENTATION_CONTEXT(2) 
PARAMETRIC_REPRESENTATION_CONTEXT() REPRESENTATION_CONTEXT('2D SPACE',''
  ) );
#15792 = PCURVE('',#15641,#15793);
#15793 = DEFINITIONAL_REPRESENTATION('',(#15794),#15798);
#15794 = LINE('',#15795,#15796);
#15795 = CARTESIAN_POINT('',(12.735,-29.575));
#15796 = VECTOR('',#15797,1.);
#15797 = DIRECTION('',(0.,1.));
#15798 = ( GEOMETRIC_REPRESENTATION_CONTEXT(2) 
PARAMETRIC_REPRESENTATION_CONTEXT() REPRESENTATION_CONTEXT('2D SPACE',''
  ) );
#15799 = ADVANCED_FACE('',(#15800),#15641,.F.);
#15800 = FACE_BOUND('',#15801,.F.);
#15801 = EDGE_LOOP('',(#15802,#15803,#15804,#15825));
#15802 = ORIENTED_EDGE('',*,*,#15627,.T.);
#15803 = ORIENTED_EDGE('',*,*,#15779,.T.);
#15804 = ORIENTED_EDGE('',*,*,#15805,.T.);
#15805 = EDGE_CURVE('',#15757,#15657,#15806,.T.);
#15806 = SURFACE_CURVE('',#15807,(#15811,#15818),.PCURVE_S1.);
#15807 = LINE('',#15808,#15809);
#15808 = CARTESIAN_POINT('',(58.,31.2,5.5));
#15809 = VECTOR('',#15810,1.);
#15810 = DIRECTION('',(-1.,0.,0.));
#15811 = PCURVE('',#15641,#15812);
#15812 = DEFINITIONAL_REPRESENTATION('',(#15813),#15817);
#15813 = LINE('',#15814,#15815);
#15814 = CARTESIAN_POINT('',(12.735,29.575));
#15815 = VECTOR('',#15816,1.);
#15816 = DIRECTION('',(-1.,0.));
#15817 = ( GEOMETRIC_REPRESENTATION_CONTEXT(2) 
PARAMETRIC_REPRESENTATION_CONTEXT() REPRESENTATION_CONTEXT('2D SPACE',''
  ) );
#15818 = PCURVE('',#15674,#15819);
#15819 = DEFINITIONAL_REPRESENTATION('',(#15820),#15824);
#15820 = LINE('',#15821,#15822);
#15821 = CARTESIAN_POINT('',(0.,-0.));
#15822 = VECTOR('',#15823,1.);
#15823 = DIRECTION('',(1.,0.));
#15824 = ( GEOMETRIC_REPRESENTATION_CONTEXT(2) 
PARAMETRIC_REPRESENTATION_CONTEXT() REPRESENTATION_CONTEXT('2D SPACE',''
  ) );
#15825 = ORIENTED_EDGE('',*,*,#15708,.T.);
#15826 = ADVANCED_FACE('',(#15827),#15587,.T.);
#15827 = FACE_BOUND('',#15828,.T.);
#15828 = EDGE_LOOP('',(#15829,#15830,#15831,#15832,#15855,#15883,#15911,
    #15939,#15967,#15995,#16018,#16046));
#15829 = ORIENTED_EDGE('',*,*,#15686,.T.);
#15830 = ORIENTED_EDGE('',*,*,#15571,.T.);
#15831 = ORIENTED_EDGE('',*,*,#15733,.T.);
#15832 = ORIENTED_EDGE('',*,*,#15833,.T.);
#15833 = EDGE_CURVE('',#15734,#15834,#15836,.T.);
#15834 = VERTEX_POINT('',#15835);
#15835 = CARTESIAN_POINT('',(54.265,31.2,7.1));
#15836 = SURFACE_CURVE('',#15837,(#15841,#15848),.PCURVE_S1.);
#15837 = LINE('',#15838,#15839);
#15838 = CARTESIAN_POINT('',(58.,31.2,7.1));
#15839 = VECTOR('',#15840,1.);
#15840 = DIRECTION('',(-1.,0.,0.));
#15841 = PCURVE('',#15587,#15842);
#15842 = DEFINITIONAL_REPRESENTATION('',(#15843),#15847);
#15843 = LINE('',#15844,#15845);
#15844 = CARTESIAN_POINT('',(12.735,29.575));
#15845 = VECTOR('',#15846,1.);
#15846 = DIRECTION('',(-1.,0.));
#15847 = ( GEOMETRIC_REPRESENTATION_CONTEXT(2) 
PARAMETRIC_REPRESENTATION_CONTEXT() REPRESENTATION_CONTEXT('2D SPACE',''
  ) );
#15848 = PCURVE('',#15674,#15849);
#15849 = DEFINITIONAL_REPRESENTATION('',(#15850),#15854);
#15850 = LINE('',#15851,#15852);
#15851 = CARTESIAN_POINT('',(0.,-1.6));
#15852 = VECTOR('',#15853,1.);
#15853 = DIRECTION('',(1.,0.));
#15854 = ( GEOMETRIC_REPRESENTATION_CONTEXT(2) 
PARAMETRIC_REPRESENTATION_CONTEXT() REPRESENTATION_CONTEXT('2D SPACE',''
  ) );
#15855 = ORIENTED_EDGE('',*,*,#15856,.F.);
#15856 = EDGE_CURVE('',#15857,#15834,#15859,.T.);
#15857 = VERTEX_POINT('',#15858);
#15858 = CARTESIAN_POINT('',(54.265,28.2,7.1));
#15859 = SURFACE_CURVE('',#15860,(#15864,#15871),.PCURVE_S1.);
#15860 = LINE('',#15861,#15862);
#15861 = CARTESIAN_POINT('',(54.265,24.7,7.1));
#15862 = VECTOR('',#15863,1.);
#15863 = DIRECTION('',(0.,1.,0.));
#15864 = PCURVE('',#15587,#15865);
#15865 = DEFINITIONAL_REPRESENTATION('',(#15866),#15870);
#15866 = LINE('',#15867,#15868);
#15867 = CARTESIAN_POINT('',(9.,23.075));
#15868 = VECTOR('',#15869,1.);
#15869 = DIRECTION('',(0.,1.));
#15870 = ( GEOMETRIC_REPRESENTATION_CONTEXT(2) 
PARAMETRIC_REPRESENTATION_CONTEXT() REPRESENTATION_CONTEXT('2D SPACE',''
  ) );
#15871 = PCURVE('',#15872,#15877);
#15872 = PLANE('',#15873);
#15873 = AXIS2_PLACEMENT_3D('',#15874,#15875,#15876);
#15874 = CARTESIAN_POINT('',(54.265,24.7,7.1));
#15875 = DIRECTION('',(-1.,0.,0.));
#15876 = DIRECTION('',(0.,1.,0.));
#15877 = DEFINITIONAL_REPRESENTATION('',(#15878),#15882);
#15878 = LINE('',#15879,#15880);
#15879 = CARTESIAN_POINT('',(0.,0.));
#15880 = VECTOR('',#15881,1.);
#15881 = DIRECTION('',(1.,0.));
#15882 = ( GEOMETRIC_REPRESENTATION_CONTEXT(2) 
PARAMETRIC_REPRESENTATION_CONTEXT() REPRESENTATION_CONTEXT('2D SPACE',''
  ) );
#15883 = ORIENTED_EDGE('',*,*,#15884,.F.);
#15884 = EDGE_CURVE('',#15885,#15857,#15887,.T.);
#15885 = VERTEX_POINT('',#15886);
#15886 = CARTESIAN_POINT('',(56.,28.2,7.1));
#15887 = SURFACE_CURVE('',#15888,(#15892,#15899),.PCURVE_S1.);
#15888 = LINE('',#15889,#15890);
#15889 = CARTESIAN_POINT('',(56.,28.2,7.1));
#15890 = VECTOR('',#15891,1.);
#15891 = DIRECTION('',(-1.,0.,0.));
#15892 = PCURVE('',#15587,#15893);
#15893 = DEFINITIONAL_REPRESENTATION('',(#15894),#15898);
#15894 = LINE('',#15895,#15896);
#15895 = CARTESIAN_POINT('',(10.735,26.575));
#15896 = VECTOR('',#15897,1.);
#15897 = DIRECTION('',(-1.,0.));
#15898 = ( GEOMETRIC_REPRESENTATION_CONTEXT(2) 
PARAMETRIC_REPRESENTATION_CONTEXT() REPRESENTATION_CONTEXT('2D SPACE',''
  ) );
#15899 = PCURVE('',#15900,#15905);
#15900 = PLANE('',#15901);
#15901 = AXIS2_PLACEMENT_3D('',#15902,#15903,#15904);
#15902 = CARTESIAN_POINT('',(56.,28.2,7.1));
#15903 = DIRECTION('',(0.,-1.,0.));
#15904 = DIRECTION('',(-1.,0.,0.));
#15905 = DEFINITIONAL_REPRESENTATION('',(#15906),#15910);
#15906 = LINE('',#15907,#15908);
#15907 = CARTESIAN_POINT('',(0.,-0.));
#15908 = VECTOR('',#15909,1.);
#15909 = DIRECTION('',(1.,0.));
#15910 = ( GEOMETRIC_REPRESENTATION_CONTEXT(2) 
PARAMETRIC_REPRESENTATION_CONTEXT() REPRESENTATION_CONTEXT('2D SPACE',''
  ) );
#15911 = ORIENTED_EDGE('',*,*,#15912,.F.);
#15912 = EDGE_CURVE('',#15913,#15885,#15915,.T.);
#15913 = VERTEX_POINT('',#15914);
#15914 = CARTESIAN_POINT('',(56.,-24.95,7.1));
#15915 = SURFACE_CURVE('',#15916,(#15920,#15927),.PCURVE_S1.);
#15916 = LINE('',#15917,#15918);
#15917 = CARTESIAN_POINT('',(56.,-24.95,7.1));
#15918 = VECTOR('',#15919,1.);
#15919 = DIRECTION('',(0.,1.,0.));
#15920 = PCURVE('',#15587,#15921);
#15921 = DEFINITIONAL_REPRESENTATION('',(#15922),#15926);
#15922 = LINE('',#15923,#15924);
#15923 = CARTESIAN_POINT('',(10.735,-26.575));
#15924 = VECTOR('',#15925,1.);
#15925 = DIRECTION('',(0.,1.));
#15926 = ( GEOMETRIC_REPRESENTATION_CONTEXT(2) 
PARAMETRIC_REPRESENTATION_CONTEXT() REPRESENTATION_CONTEXT('2D SPACE',''
  ) );
#15927 = PCURVE('',#15928,#15933);
#15928 = PLANE('',#15929);
#15929 = AXIS2_PLACEMENT_3D('',#15930,#15931,#15932);
#15930 = CARTESIAN_POINT('',(56.,-24.95,7.1));
#15931 = DIRECTION('',(-1.,0.,0.));
#15932 = DIRECTION('',(0.,1.,0.));
#15933 = DEFINITIONAL_REPRESENTATION('',(#15934),#15938);
#15934 = LINE('',#15935,#15936);
#15935 = CARTESIAN_POINT('',(0.,0.));
#15936 = VECTOR('',#15937,1.);
#15937 = DIRECTION('',(1.,0.));
#15938 = ( GEOMETRIC_REPRESENTATION_CONTEXT(2) 
PARAMETRIC_REPRESENTATION_CONTEXT() REPRESENTATION_CONTEXT('2D SPACE',''
  ) );
#15939 = ORIENTED_EDGE('',*,*,#15940,.F.);
#15940 = EDGE_CURVE('',#15941,#15913,#15943,.T.);
#15941 = VERTEX_POINT('',#15942);
#15942 = CARTESIAN_POINT('',(34.53,-24.95,7.1));
#15943 = SURFACE_CURVE('',#15944,(#15948,#15955),.PCURVE_S1.);
#15944 = LINE('',#15945,#15946);
#15945 = CARTESIAN_POINT('',(34.53,-24.95,7.1));
#15946 = VECTOR('',#15947,1.);
#15947 = DIRECTION('',(1.,0.,0.));
#15948 = PCURVE('',#15587,#15949);
#15949 = DEFINITIONAL_REPRESENTATION('',(#15950),#15954);
#15950 = LINE('',#15951,#15952);
#15951 = CARTESIAN_POINT('',(-10.735,-26.575));
#15952 = VECTOR('',#15953,1.);
#15953 = DIRECTION('',(1.,0.));
#15954 = ( GEOMETRIC_REPRESENTATION_CONTEXT(2) 
PARAMETRIC_REPRESENTATION_CONTEXT() REPRESENTATION_CONTEXT('2D SPACE',''
  ) );
#15955 = PCURVE('',#15956,#15961);
#15956 = PLANE('',#15957);
#15957 = AXIS2_PLACEMENT_3D('',#15958,#15959,#15960);
#15958 = CARTESIAN_POINT('',(34.53,-24.95,7.1));
#15959 = DIRECTION('',(0.,1.,0.));
#15960 = DIRECTION('',(1.,0.,0.));
#15961 = DEFINITIONAL_REPRESENTATION('',(#15962),#15966);
#15962 = LINE('',#15963,#15964);
#15963 = CARTESIAN_POINT('',(0.,0.));
#15964 = VECTOR('',#15965,1.);
#15965 = DIRECTION('',(1.,0.));
#15966 = ( GEOMETRIC_REPRESENTATION_CONTEXT(2) 
PARAMETRIC_REPRESENTATION_CONTEXT() REPRESENTATION_CONTEXT('2D SPACE',''
  ) );
#15967 = ORIENTED_EDGE('',*,*,#15968,.F.);
#15968 = EDGE_CURVE('',#15969,#15941,#15971,.T.);
#15969 = VERTEX_POINT('',#15970);
#15970 = CARTESIAN_POINT('',(34.53,28.2,7.1));
#15971 = SURFACE_CURVE('',#15972,(#15976,#15983),.PCURVE_S1.);
#15972 = LINE('',#15973,#15974);
#15973 = CARTESIAN_POINT('',(34.53,28.2,7.1));
#15974 = VECTOR('',#15975,1.);
#15975 = DIRECTION('',(0.,-1.,0.));
#15976 = PCURVE('',#15587,#15977);
#15977 = DEFINITIONAL_REPRESENTATION('',(#15978),#15982);
#15978 = LINE('',#15979,#15980);
#15979 = CARTESIAN_POINT('',(-10.735,26.575));
#15980 = VECTOR('',#15981,1.);
#15981 = DIRECTION('',(0.,-1.));
#15982 = ( GEOMETRIC_REPRESENTATION_CONTEXT(2) 
PARAMETRIC_REPRESENTATION_CONTEXT() REPRESENTATION_CONTEXT('2D SPACE',''
  ) );
#15983 = PCURVE('',#15984,#15989);
#15984 = PLANE('',#15985);
#15985 = AXIS2_PLACEMENT_3D('',#15986,#15987,#15988);
#15986 = CARTESIAN_POINT('',(34.53,28.2,7.1));
#15987 = DIRECTION('',(1.,0.,-0.));
#15988 = DIRECTION('',(0.,-1.,0.));
#15989 = DEFINITIONAL_REPRESENTATION('',(#15990),#15994);
#15990 = LINE('',#15991,#15992);
#15991 = CARTESIAN_POINT('',(0.,0.));
#15992 = VECTOR('',#15993,1.);
#15993 = DIRECTION('',(1.,0.));
#15994 = ( GEOMETRIC_REPRESENTATION_CONTEXT(2) 
PARAMETRIC_REPRESENTATION_CONTEXT() REPRESENTATION_CONTEXT('2D SPACE',''
  ) );
#15995 = ORIENTED_EDGE('',*,*,#15996,.F.);
#15996 = EDGE_CURVE('',#15997,#15969,#15999,.T.);
#15997 = VERTEX_POINT('',#15998);
#15998 = CARTESIAN_POINT('',(36.265,28.2,7.1));
#15999 = SURFACE_CURVE('',#16000,(#16004,#16011),.PCURVE_S1.);
#16000 = LINE('',#16001,#16002);
#16001 = CARTESIAN_POINT('',(56.,28.2,7.1));
#16002 = VECTOR('',#16003,1.);
#16003 = DIRECTION('',(-1.,0.,0.));
#16004 = PCURVE('',#15587,#16005);
#16005 = DEFINITIONAL_REPRESENTATION('',(#16006),#16010);
#16006 = LINE('',#16007,#16008);
#16007 = CARTESIAN_POINT('',(10.735,26.575));
#16008 = VECTOR('',#16009,1.);
#16009 = DIRECTION('',(-1.,0.));
#16010 = ( GEOMETRIC_REPRESENTATION_CONTEXT(2) 
PARAMETRIC_REPRESENTATION_CONTEXT() REPRESENTATION_CONTEXT('2D SPACE',''
  ) );
#16011 = PCURVE('',#15900,#16012);
#16012 = DEFINITIONAL_REPRESENTATION('',(#16013),#16017);
#16013 = LINE('',#16014,#16015);
#16014 = CARTESIAN_POINT('',(0.,-0.));
#16015 = VECTOR('',#16016,1.);
#16016 = DIRECTION('',(1.,0.));
#16017 = ( GEOMETRIC_REPRESENTATION_CONTEXT(2) 
PARAMETRIC_REPRESENTATION_CONTEXT() REPRESENTATION_CONTEXT('2D SPACE',''
  ) );
#16018 = ORIENTED_EDGE('',*,*,#16019,.F.);
#16019 = EDGE_CURVE('',#16020,#15997,#16022,.T.);
#16020 = VERTEX_POINT('',#16021);
#16021 = CARTESIAN_POINT('',(36.265,31.2,7.1));
#16022 = SURFACE_CURVE('',#16023,(#16027,#16034),.PCURVE_S1.);
#16023 = LINE('',#16024,#16025);
#16024 = CARTESIAN_POINT('',(36.265,31.7,7.1));
#16025 = VECTOR('',#16026,1.);
#16026 = DIRECTION('',(0.,-1.,0.));
#16027 = PCURVE('',#15587,#16028);
#16028 = DEFINITIONAL_REPRESENTATION('',(#16029),#16033);
#16029 = LINE('',#16030,#16031);
#16030 = CARTESIAN_POINT('',(-9.,30.075));
#16031 = VECTOR('',#16032,1.);
#16032 = DIRECTION('',(0.,-1.));
#16033 = ( GEOMETRIC_REPRESENTATION_CONTEXT(2) 
PARAMETRIC_REPRESENTATION_CONTEXT() REPRESENTATION_CONTEXT('2D SPACE',''
  ) );
#16034 = PCURVE('',#16035,#16040);
#16035 = PLANE('',#16036);
#16036 = AXIS2_PLACEMENT_3D('',#16037,#16038,#16039);
#16037 = CARTESIAN_POINT('',(36.265,31.7,7.1));
#16038 = DIRECTION('',(1.,0.,-0.));
#16039 = DIRECTION('',(0.,-1.,0.));
#16040 = DEFINITIONAL_REPRESENTATION('',(#16041),#16045);
#16041 = LINE('',#16042,#16043);
#16042 = CARTESIAN_POINT('',(0.,0.));
#16043 = VECTOR('',#16044,1.);
#16044 = DIRECTION('',(1.,0.));
#16045 = ( GEOMETRIC_REPRESENTATION_CONTEXT(2) 
PARAMETRIC_REPRESENTATION_CONTEXT() REPRESENTATION_CONTEXT('2D SPACE',''
  ) );
#16046 = ORIENTED_EDGE('',*,*,#16047,.T.);
#16047 = EDGE_CURVE('',#16020,#15659,#16048,.T.);
#16048 = SURFACE_CURVE('',#16049,(#16053,#16060),.PCURVE_S1.);
#16049 = LINE('',#16050,#16051);
#16050 = CARTESIAN_POINT('',(58.,31.2,7.1));
#16051 = VECTOR('',#16052,1.);
#16052 = DIRECTION('',(-1.,0.,0.));
#16053 = PCURVE('',#15587,#16054);
#16054 = DEFINITIONAL_REPRESENTATION('',(#16055),#16059);
#16055 = LINE('',#16056,#16057);
#16056 = CARTESIAN_POINT('',(12.735,29.575));
#16057 = VECTOR('',#16058,1.);
#16058 = DIRECTION('',(-1.,0.));
#16059 = ( GEOMETRIC_REPRESENTATION_CONTEXT(2) 
PARAMETRIC_REPRESENTATION_CONTEXT() REPRESENTATION_CONTEXT('2D SPACE',''
  ) );
#16060 = PCURVE('',#15674,#16061);
#16061 = DEFINITIONAL_REPRESENTATION('',(#16062),#16066);
#16062 = LINE('',#16063,#16064);
#16063 = CARTESIAN_POINT('',(0.,-1.6));
#16064 = VECTOR('',#16065,1.);
#16065 = DIRECTION('',(1.,0.));
#16066 = ( GEOMETRIC_REPRESENTATION_CONTEXT(2) 
PARAMETRIC_REPRESENTATION_CONTEXT() REPRESENTATION_CONTEXT('2D SPACE',''
  ) );
#16067 = ADVANCED_FACE('',(#16068),#15674,.F.);
#16068 = FACE_BOUND('',#16069,.F.);
#16069 = EDGE_LOOP('',(#16070,#16071,#16072,#16098,#16099,#16100));
#16070 = ORIENTED_EDGE('',*,*,#15756,.T.);
#16071 = ORIENTED_EDGE('',*,*,#15833,.T.);
#16072 = ORIENTED_EDGE('',*,*,#16073,.T.);
#16073 = EDGE_CURVE('',#15834,#16020,#16074,.T.);
#16074 = SURFACE_CURVE('',#16075,(#16079,#16086),.PCURVE_S1.);
#16075 = LINE('',#16076,#16077);
#16076 = CARTESIAN_POINT('',(58.,31.2,7.1));
#16077 = VECTOR('',#16078,1.);
#16078 = DIRECTION('',(-1.,0.,0.));
#16079 = PCURVE('',#15674,#16080);
#16080 = DEFINITIONAL_REPRESENTATION('',(#16081),#16085);
#16081 = LINE('',#16082,#16083);
#16082 = CARTESIAN_POINT('',(0.,-1.6));
#16083 = VECTOR('',#16084,1.);
#16084 = DIRECTION('',(1.,0.));
#16085 = ( GEOMETRIC_REPRESENTATION_CONTEXT(2) 
PARAMETRIC_REPRESENTATION_CONTEXT() REPRESENTATION_CONTEXT('2D SPACE',''
  ) );
#16086 = PCURVE('',#16087,#16092);
#16087 = PLANE('',#16088);
#16088 = AXIS2_PLACEMENT_3D('',#16089,#16090,#16091);
#16089 = CARTESIAN_POINT('',(45.265,28.2,7.1));
#16090 = DIRECTION('',(0.,0.,1.));
#16091 = DIRECTION('',(1.,0.,-0.));
#16092 = DEFINITIONAL_REPRESENTATION('',(#16093),#16097);
#16093 = LINE('',#16094,#16095);
#16094 = CARTESIAN_POINT('',(12.735,3.));
#16095 = VECTOR('',#16096,1.);
#16096 = DIRECTION('',(-1.,0.));
#16097 = ( GEOMETRIC_REPRESENTATION_CONTEXT(2) 
PARAMETRIC_REPRESENTATION_CONTEXT() REPRESENTATION_CONTEXT('2D SPACE',''
  ) );
#16098 = ORIENTED_EDGE('',*,*,#16047,.T.);
#16099 = ORIENTED_EDGE('',*,*,#15656,.F.);
#16100 = ORIENTED_EDGE('',*,*,#15805,.F.);
#16101 = ADVANCED_FACE('',(#16102),#16035,.F.);
#16102 = FACE_BOUND('',#16103,.F.);
#16103 = EDGE_LOOP('',(#16104,#16127,#16155,#16183,#16202));
#16104 = ORIENTED_EDGE('',*,*,#16105,.F.);
#16105 = EDGE_CURVE('',#16106,#16020,#16108,.T.);
#16106 = VERTEX_POINT('',#16107);
#16107 = CARTESIAN_POINT('',(36.265,31.7,7.1));
#16108 = SURFACE_CURVE('',#16109,(#16113,#16120),.PCURVE_S1.);
#16109 = LINE('',#16110,#16111);
#16110 = CARTESIAN_POINT('',(36.265,31.7,7.1));
#16111 = VECTOR('',#16112,1.);
#16112 = DIRECTION('',(0.,-1.,0.));
#16113 = PCURVE('',#16035,#16114);
#16114 = DEFINITIONAL_REPRESENTATION('',(#16115),#16119);
#16115 = LINE('',#16116,#16117);
#16116 = CARTESIAN_POINT('',(0.,0.));
#16117 = VECTOR('',#16118,1.);
#16118 = DIRECTION('',(1.,0.));
#16119 = ( GEOMETRIC_REPRESENTATION_CONTEXT(2) 
PARAMETRIC_REPRESENTATION_CONTEXT() REPRESENTATION_CONTEXT('2D SPACE',''
  ) );
#16120 = PCURVE('',#16087,#16121);
#16121 = DEFINITIONAL_REPRESENTATION('',(#16122),#16126);
#16122 = LINE('',#16123,#16124);
#16123 = CARTESIAN_POINT('',(-9.,3.5));
#16124 = VECTOR('',#16125,1.);
#16125 = DIRECTION('',(0.,-1.));
#16126 = ( GEOMETRIC_REPRESENTATION_CONTEXT(2) 
PARAMETRIC_REPRESENTATION_CONTEXT() REPRESENTATION_CONTEXT('2D SPACE',''
  ) );
#16127 = ORIENTED_EDGE('',*,*,#16128,.T.);
#16128 = EDGE_CURVE('',#16106,#16129,#16131,.T.);
#16129 = VERTEX_POINT('',#16130);
#16130 = CARTESIAN_POINT('',(36.265,31.7,10.3));
#16131 = SURFACE_CURVE('',#16132,(#16136,#16143),.PCURVE_S1.);
#16132 = LINE('',#16133,#16134);
#16133 = CARTESIAN_POINT('',(36.265,31.7,7.1));
#16134 = VECTOR('',#16135,1.);
#16135 = DIRECTION('',(0.,0.,1.));
#16136 = PCURVE('',#16035,#16137);
#16137 = DEFINITIONAL_REPRESENTATION('',(#16138),#16142);
#16138 = LINE('',#16139,#16140);
#16139 = CARTESIAN_POINT('',(0.,0.));
#16140 = VECTOR('',#16141,1.);
#16141 = DIRECTION('',(0.,-1.));
#16142 = ( GEOMETRIC_REPRESENTATION_CONTEXT(2) 
PARAMETRIC_REPRESENTATION_CONTEXT() REPRESENTATION_CONTEXT('2D SPACE',''
  ) );
#16143 = PCURVE('',#16144,#16149);
#16144 = PLANE('',#16145);
#16145 = AXIS2_PLACEMENT_3D('',#16146,#16147,#16148);
#16146 = CARTESIAN_POINT('',(54.265,31.7,7.1));
#16147 = DIRECTION('',(0.,-1.,0.));
#16148 = DIRECTION('',(-1.,0.,0.));
#16149 = DEFINITIONAL_REPRESENTATION('',(#16150),#16154);
#16150 = LINE('',#16151,#16152);
#16151 = CARTESIAN_POINT('',(18.,0.));
#16152 = VECTOR('',#16153,1.);
#16153 = DIRECTION('',(0.,-1.));
#16154 = ( GEOMETRIC_REPRESENTATION_CONTEXT(2) 
PARAMETRIC_REPRESENTATION_CONTEXT() REPRESENTATION_CONTEXT('2D SPACE',''
  ) );
#16155 = ORIENTED_EDGE('',*,*,#16156,.T.);
#16156 = EDGE_CURVE('',#16129,#16157,#16159,.T.);
#16157 = VERTEX_POINT('',#16158);
#16158 = CARTESIAN_POINT('',(36.265,28.2,10.3));
#16159 = SURFACE_CURVE('',#16160,(#16164,#16171),.PCURVE_S1.);
#16160 = LINE('',#16161,#16162);
#16161 = CARTESIAN_POINT('',(36.265,31.7,10.3));
#16162 = VECTOR('',#16163,1.);
#16163 = DIRECTION('',(0.,-1.,0.));
#16164 = PCURVE('',#16035,#16165);
#16165 = DEFINITIONAL_REPRESENTATION('',(#16166),#16170);
#16166 = LINE('',#16167,#16168);
#16167 = CARTESIAN_POINT('',(0.,-3.2));
#16168 = VECTOR('',#16169,1.);
#16169 = DIRECTION('',(1.,0.));
#16170 = ( GEOMETRIC_REPRESENTATION_CONTEXT(2) 
PARAMETRIC_REPRESENTATION_CONTEXT() REPRESENTATION_CONTEXT('2D SPACE',''
  ) );
#16171 = PCURVE('',#16172,#16177);
#16172 = PLANE('',#16173);
#16173 = AXIS2_PLACEMENT_3D('',#16174,#16175,#16176);
#16174 = CARTESIAN_POINT('',(45.265,28.2,10.3));
#16175 = DIRECTION('',(0.,0.,1.));
#16176 = DIRECTION('',(1.,0.,-0.));
#16177 = DEFINITIONAL_REPRESENTATION('',(#16178),#16182);
#16178 = LINE('',#16179,#16180);
#16179 = CARTESIAN_POINT('',(-9.,3.5));
#16180 = VECTOR('',#16181,1.);
#16181 = DIRECTION('',(0.,-1.));
#16182 = ( GEOMETRIC_REPRESENTATION_CONTEXT(2) 
PARAMETRIC_REPRESENTATION_CONTEXT() REPRESENTATION_CONTEXT('2D SPACE',''
  ) );
#16183 = ORIENTED_EDGE('',*,*,#16184,.F.);
#16184 = EDGE_CURVE('',#15997,#16157,#16185,.T.);
#16185 = SURFACE_CURVE('',#16186,(#16190,#16196),.PCURVE_S1.);
#16186 = LINE('',#16187,#16188);
#16187 = CARTESIAN_POINT('',(36.265,28.2,7.1));
#16188 = VECTOR('',#16189,1.);
#16189 = DIRECTION('',(0.,0.,1.));
#16190 = PCURVE('',#16035,#16191);
#16191 = DEFINITIONAL_REPRESENTATION('',(#16192),#16195);
#16192 = B_SPLINE_CURVE_WITH_KNOTS('',1,(#16193,#16194),.UNSPECIFIED.,
  .F.,.F.,(2,2),(0.,3.2),.PIECEWISE_BEZIER_KNOTS.);
#16193 = CARTESIAN_POINT('',(3.5,0.));
#16194 = CARTESIAN_POINT('',(3.5,-3.2));
#16195 = ( GEOMETRIC_REPRESENTATION_CONTEXT(2) 
PARAMETRIC_REPRESENTATION_CONTEXT() REPRESENTATION_CONTEXT('2D SPACE',''
  ) );
#16196 = PCURVE('',#15900,#16197);
#16197 = DEFINITIONAL_REPRESENTATION('',(#16198),#16201);
#16198 = B_SPLINE_CURVE_WITH_KNOTS('',1,(#16199,#16200),.UNSPECIFIED.,
  .F.,.F.,(2,2),(0.,3.2),.PIECEWISE_BEZIER_KNOTS.);
#16199 = CARTESIAN_POINT('',(19.735,0.));
#16200 = CARTESIAN_POINT('',(19.735,-3.2));
#16201 = ( GEOMETRIC_REPRESENTATION_CONTEXT(2) 
PARAMETRIC_REPRESENTATION_CONTEXT() REPRESENTATION_CONTEXT('2D SPACE',''
  ) );
#16202 = ORIENTED_EDGE('',*,*,#16019,.F.);
#16203 = ADVANCED_FACE('',(#16204),#15900,.F.);
#16204 = FACE_BOUND('',#16205,.F.);
#16205 = EDGE_LOOP('',(#16206,#16207,#16230,#16258,#16279,#16280,#16281,
    #16302));
#16206 = ORIENTED_EDGE('',*,*,#15884,.F.);
#16207 = ORIENTED_EDGE('',*,*,#16208,.T.);
#16208 = EDGE_CURVE('',#15885,#16209,#16211,.T.);
#16209 = VERTEX_POINT('',#16210);
#16210 = CARTESIAN_POINT('',(56.,28.2,11.1));
#16211 = SURFACE_CURVE('',#16212,(#16216,#16223),.PCURVE_S1.);
#16212 = LINE('',#16213,#16214);
#16213 = CARTESIAN_POINT('',(56.,28.2,7.1));
#16214 = VECTOR('',#16215,1.);
#16215 = DIRECTION('',(0.,0.,1.));
#16216 = PCURVE('',#15900,#16217);
#16217 = DEFINITIONAL_REPRESENTATION('',(#16218),#16222);
#16218 = LINE('',#16219,#16220);
#16219 = CARTESIAN_POINT('',(0.,-0.));
#16220 = VECTOR('',#16221,1.);
#16221 = DIRECTION('',(0.,-1.));
#16222 = ( GEOMETRIC_REPRESENTATION_CONTEXT(2) 
PARAMETRIC_REPRESENTATION_CONTEXT() REPRESENTATION_CONTEXT('2D SPACE',''
  ) );
#16223 = PCURVE('',#15928,#16224);
#16224 = DEFINITIONAL_REPRESENTATION('',(#16225),#16229);
#16225 = LINE('',#16226,#16227);
#16226 = CARTESIAN_POINT('',(53.15,0.));
#16227 = VECTOR('',#16228,1.);
#16228 = DIRECTION('',(0.,-1.));
#16229 = ( GEOMETRIC_REPRESENTATION_CONTEXT(2) 
PARAMETRIC_REPRESENTATION_CONTEXT() REPRESENTATION_CONTEXT('2D SPACE',''
  ) );
#16230 = ORIENTED_EDGE('',*,*,#16231,.T.);
#16231 = EDGE_CURVE('',#16209,#16232,#16234,.T.);
#16232 = VERTEX_POINT('',#16233);
#16233 = CARTESIAN_POINT('',(34.53,28.2,11.1));
#16234 = SURFACE_CURVE('',#16235,(#16239,#16246),.PCURVE_S1.);
#16235 = LINE('',#16236,#16237);
#16236 = CARTESIAN_POINT('',(56.,28.2,11.1));
#16237 = VECTOR('',#16238,1.);
#16238 = DIRECTION('',(-1.,0.,0.));
#16239 = PCURVE('',#15900,#16240);
#16240 = DEFINITIONAL_REPRESENTATION('',(#16241),#16245);
#16241 = LINE('',#16242,#16243);
#16242 = CARTESIAN_POINT('',(0.,-4.));
#16243 = VECTOR('',#16244,1.);
#16244 = DIRECTION('',(1.,0.));
#16245 = ( GEOMETRIC_REPRESENTATION_CONTEXT(2) 
PARAMETRIC_REPRESENTATION_CONTEXT() REPRESENTATION_CONTEXT('2D SPACE',''
  ) );
#16246 = PCURVE('',#16247,#16252);
#16247 = PLANE('',#16248);
#16248 = AXIS2_PLACEMENT_3D('',#16249,#16250,#16251);
#16249 = CARTESIAN_POINT('',(45.265,1.625,11.1));
#16250 = DIRECTION('',(0.,0.,1.));
#16251 = DIRECTION('',(1.,0.,-0.));
#16252 = DEFINITIONAL_REPRESENTATION('',(#16253),#16257);
#16253 = LINE('',#16254,#16255);
#16254 = CARTESIAN_POINT('',(10.735,26.575));
#16255 = VECTOR('',#16256,1.);
#16256 = DIRECTION('',(-1.,0.));
#16257 = ( GEOMETRIC_REPRESENTATION_CONTEXT(2) 
PARAMETRIC_REPRESENTATION_CONTEXT() REPRESENTATION_CONTEXT('2D SPACE',''
  ) );
#16258 = ORIENTED_EDGE('',*,*,#16259,.F.);
#16259 = EDGE_CURVE('',#15969,#16232,#16260,.T.);
#16260 = SURFACE_CURVE('',#16261,(#16265,#16272),.PCURVE_S1.);
#16261 = LINE('',#16262,#16263);
#16262 = CARTESIAN_POINT('',(34.53,28.2,7.1));
#16263 = VECTOR('',#16264,1.);
#16264 = DIRECTION('',(0.,0.,1.));
#16265 = PCURVE('',#15900,#16266);
#16266 = DEFINITIONAL_REPRESENTATION('',(#16267),#16271);
#16267 = LINE('',#16268,#16269);
#16268 = CARTESIAN_POINT('',(21.47,0.));
#16269 = VECTOR('',#16270,1.);
#16270 = DIRECTION('',(0.,-1.));
#16271 = ( GEOMETRIC_REPRESENTATION_CONTEXT(2) 
PARAMETRIC_REPRESENTATION_CONTEXT() REPRESENTATION_CONTEXT('2D SPACE',''
  ) );
#16272 = PCURVE('',#15984,#16273);
#16273 = DEFINITIONAL_REPRESENTATION('',(#16274),#16278);
#16274 = LINE('',#16275,#16276);
#16275 = CARTESIAN_POINT('',(0.,0.));
#16276 = VECTOR('',#16277,1.);
#16277 = DIRECTION('',(0.,-1.));
#16278 = ( GEOMETRIC_REPRESENTATION_CONTEXT(2) 
PARAMETRIC_REPRESENTATION_CONTEXT() REPRESENTATION_CONTEXT('2D SPACE',''
  ) );
#16279 = ORIENTED_EDGE('',*,*,#15996,.F.);
#16280 = ORIENTED_EDGE('',*,*,#16184,.T.);
#16281 = ORIENTED_EDGE('',*,*,#16282,.F.);
#16282 = EDGE_CURVE('',#16283,#16157,#16285,.T.);
#16283 = VERTEX_POINT('',#16284);
#16284 = CARTESIAN_POINT('',(54.265,28.2,10.3));
#16285 = SURFACE_CURVE('',#16286,(#16290,#16296),.PCURVE_S1.);
#16286 = LINE('',#16287,#16288);
#16287 = CARTESIAN_POINT('',(50.6325,28.2,10.3));
#16288 = VECTOR('',#16289,1.);
#16289 = DIRECTION('',(-1.,0.,0.));
#16290 = PCURVE('',#15900,#16291);
#16291 = DEFINITIONAL_REPRESENTATION('',(#16292),#16295);
#16292 = B_SPLINE_CURVE_WITH_KNOTS('',1,(#16293,#16294),.UNSPECIFIED.,
  .F.,.F.,(2,2),(-3.6325,14.3675),.PIECEWISE_BEZIER_KNOTS.);
#16293 = CARTESIAN_POINT('',(1.735,-3.2));
#16294 = CARTESIAN_POINT('',(19.735,-3.2));
#16295 = ( GEOMETRIC_REPRESENTATION_CONTEXT(2) 
PARAMETRIC_REPRESENTATION_CONTEXT() REPRESENTATION_CONTEXT('2D SPACE',''
  ) );
#16296 = PCURVE('',#16172,#16297);
#16297 = DEFINITIONAL_REPRESENTATION('',(#16298),#16301);
#16298 = B_SPLINE_CURVE_WITH_KNOTS('',1,(#16299,#16300),.UNSPECIFIED.,
  .F.,.F.,(2,2),(-3.6325,14.3675),.PIECEWISE_BEZIER_KNOTS.);
#16299 = CARTESIAN_POINT('',(9.,0.));
#16300 = CARTESIAN_POINT('',(-9.,0.));
#16301 = ( GEOMETRIC_REPRESENTATION_CONTEXT(2) 
PARAMETRIC_REPRESENTATION_CONTEXT() REPRESENTATION_CONTEXT('2D SPACE',''
  ) );
#16302 = ORIENTED_EDGE('',*,*,#16303,.T.);
#16303 = EDGE_CURVE('',#16283,#15857,#16304,.T.);
#16304 = SURFACE_CURVE('',#16305,(#16309,#16315),.PCURVE_S1.);
#16305 = LINE('',#16306,#16307);
#16306 = CARTESIAN_POINT('',(54.265,28.2,7.1));
#16307 = VECTOR('',#16308,1.);
#16308 = DIRECTION('',(-0.,-0.,-1.));
#16309 = PCURVE('',#15900,#16310);
#16310 = DEFINITIONAL_REPRESENTATION('',(#16311),#16314);
#16311 = B_SPLINE_CURVE_WITH_KNOTS('',1,(#16312,#16313),.UNSPECIFIED.,
  .F.,.F.,(2,2),(-3.2,0.),.PIECEWISE_BEZIER_KNOTS.);
#16312 = CARTESIAN_POINT('',(1.735,-3.2));
#16313 = CARTESIAN_POINT('',(1.735,0.));
#16314 = ( GEOMETRIC_REPRESENTATION_CONTEXT(2) 
PARAMETRIC_REPRESENTATION_CONTEXT() REPRESENTATION_CONTEXT('2D SPACE',''
  ) );
#16315 = PCURVE('',#15872,#16316);
#16316 = DEFINITIONAL_REPRESENTATION('',(#16317),#16320);
#16317 = B_SPLINE_CURVE_WITH_KNOTS('',1,(#16318,#16319),.UNSPECIFIED.,
  .F.,.F.,(2,2),(-3.2,0.),.PIECEWISE_BEZIER_KNOTS.);
#16318 = CARTESIAN_POINT('',(3.5,-3.2));
#16319 = CARTESIAN_POINT('',(3.5,0.));
#16320 = ( GEOMETRIC_REPRESENTATION_CONTEXT(2) 
PARAMETRIC_REPRESENTATION_CONTEXT() REPRESENTATION_CONTEXT('2D SPACE',''
  ) );
#16321 = ADVANCED_FACE('',(#16322),#15984,.F.);
#16322 = FACE_BOUND('',#16323,.F.);
#16323 = EDGE_LOOP('',(#16324,#16325,#16348,#16369));
#16324 = ORIENTED_EDGE('',*,*,#16259,.T.);
#16325 = ORIENTED_EDGE('',*,*,#16326,.T.);
#16326 = EDGE_CURVE('',#16232,#16327,#16329,.T.);
#16327 = VERTEX_POINT('',#16328);
#16328 = CARTESIAN_POINT('',(34.53,-24.95,11.1));
#16329 = SURFACE_CURVE('',#16330,(#16334,#16341),.PCURVE_S1.);
#16330 = LINE('',#16331,#16332);
#16331 = CARTESIAN_POINT('',(34.53,28.2,11.1));
#16332 = VECTOR('',#16333,1.);
#16333 = DIRECTION('',(0.,-1.,0.));
#16334 = PCURVE('',#15984,#16335);
#16335 = DEFINITIONAL_REPRESENTATION('',(#16336),#16340);
#16336 = LINE('',#16337,#16338);
#16337 = CARTESIAN_POINT('',(0.,-4.));
#16338 = VECTOR('',#16339,1.);
#16339 = DIRECTION('',(1.,0.));
#16340 = ( GEOMETRIC_REPRESENTATION_CONTEXT(2) 
PARAMETRIC_REPRESENTATION_CONTEXT() REPRESENTATION_CONTEXT('2D SPACE',''
  ) );
#16341 = PCURVE('',#16247,#16342);
#16342 = DEFINITIONAL_REPRESENTATION('',(#16343),#16347);
#16343 = LINE('',#16344,#16345);
#16344 = CARTESIAN_POINT('',(-10.735,26.575));
#16345 = VECTOR('',#16346,1.);
#16346 = DIRECTION('',(0.,-1.));
#16347 = ( GEOMETRIC_REPRESENTATION_CONTEXT(2) 
PARAMETRIC_REPRESENTATION_CONTEXT() REPRESENTATION_CONTEXT('2D SPACE',''
  ) );
#16348 = ORIENTED_EDGE('',*,*,#16349,.F.);
#16349 = EDGE_CURVE('',#15941,#16327,#16350,.T.);
#16350 = SURFACE_CURVE('',#16351,(#16355,#16362),.PCURVE_S1.);
#16351 = LINE('',#16352,#16353);
#16352 = CARTESIAN_POINT('',(34.53,-24.95,7.1));
#16353 = VECTOR('',#16354,1.);
#16354 = DIRECTION('',(0.,0.,1.));
#16355 = PCURVE('',#15984,#16356);
#16356 = DEFINITIONAL_REPRESENTATION('',(#16357),#16361);
#16357 = LINE('',#16358,#16359);
#16358 = CARTESIAN_POINT('',(53.15,0.));
#16359 = VECTOR('',#16360,1.);
#16360 = DIRECTION('',(0.,-1.));
#16361 = ( GEOMETRIC_REPRESENTATION_CONTEXT(2) 
PARAMETRIC_REPRESENTATION_CONTEXT() REPRESENTATION_CONTEXT('2D SPACE',''
  ) );
#16362 = PCURVE('',#15956,#16363);
#16363 = DEFINITIONAL_REPRESENTATION('',(#16364),#16368);
#16364 = LINE('',#16365,#16366);
#16365 = CARTESIAN_POINT('',(0.,0.));
#16366 = VECTOR('',#16367,1.);
#16367 = DIRECTION('',(0.,-1.));
#16368 = ( GEOMETRIC_REPRESENTATION_CONTEXT(2) 
PARAMETRIC_REPRESENTATION_CONTEXT() REPRESENTATION_CONTEXT('2D SPACE',''
  ) );
#16369 = ORIENTED_EDGE('',*,*,#15968,.F.);
#16370 = ADVANCED_FACE('',(#16371),#15956,.F.);
#16371 = FACE_BOUND('',#16372,.F.);
#16372 = EDGE_LOOP('',(#16373,#16374,#16397,#16418));
#16373 = ORIENTED_EDGE('',*,*,#16349,.T.);
#16374 = ORIENTED_EDGE('',*,*,#16375,.T.);
#16375 = EDGE_CURVE('',#16327,#16376,#16378,.T.);
#16376 = VERTEX_POINT('',#16377);
#16377 = CARTESIAN_POINT('',(56.,-24.95,11.1));
#16378 = SURFACE_CURVE('',#16379,(#16383,#16390),.PCURVE_S1.);
#16379 = LINE('',#16380,#16381);
#16380 = CARTESIAN_POINT('',(34.53,-24.95,11.1));
#16381 = VECTOR('',#16382,1.);
#16382 = DIRECTION('',(1.,0.,0.));
#16383 = PCURVE('',#15956,#16384);
#16384 = DEFINITIONAL_REPRESENTATION('',(#16385),#16389);
#16385 = LINE('',#16386,#16387);
#16386 = CARTESIAN_POINT('',(0.,-4.));
#16387 = VECTOR('',#16388,1.);
#16388 = DIRECTION('',(1.,0.));
#16389 = ( GEOMETRIC_REPRESENTATION_CONTEXT(2) 
PARAMETRIC_REPRESENTATION_CONTEXT() REPRESENTATION_CONTEXT('2D SPACE',''
  ) );
#16390 = PCURVE('',#16247,#16391);
#16391 = DEFINITIONAL_REPRESENTATION('',(#16392),#16396);
#16392 = LINE('',#16393,#16394);
#16393 = CARTESIAN_POINT('',(-10.735,-26.575));
#16394 = VECTOR('',#16395,1.);
#16395 = DIRECTION('',(1.,0.));
#16396 = ( GEOMETRIC_REPRESENTATION_CONTEXT(2) 
PARAMETRIC_REPRESENTATION_CONTEXT() REPRESENTATION_CONTEXT('2D SPACE',''
  ) );
#16397 = ORIENTED_EDGE('',*,*,#16398,.F.);
#16398 = EDGE_CURVE('',#15913,#16376,#16399,.T.);
#16399 = SURFACE_CURVE('',#16400,(#16404,#16411),.PCURVE_S1.);
#16400 = LINE('',#16401,#16402);
#16401 = CARTESIAN_POINT('',(56.,-24.95,7.1));
#16402 = VECTOR('',#16403,1.);
#16403 = DIRECTION('',(0.,0.,1.));
#16404 = PCURVE('',#15956,#16405);
#16405 = DEFINITIONAL_REPRESENTATION('',(#16406),#16410);
#16406 = LINE('',#16407,#16408);
#16407 = CARTESIAN_POINT('',(21.47,0.));
#16408 = VECTOR('',#16409,1.);
#16409 = DIRECTION('',(0.,-1.));
#16410 = ( GEOMETRIC_REPRESENTATION_CONTEXT(2) 
PARAMETRIC_REPRESENTATION_CONTEXT() REPRESENTATION_CONTEXT('2D SPACE',''
  ) );
#16411 = PCURVE('',#15928,#16412);
#16412 = DEFINITIONAL_REPRESENTATION('',(#16413),#16417);
#16413 = LINE('',#16414,#16415);
#16414 = CARTESIAN_POINT('',(0.,0.));
#16415 = VECTOR('',#16416,1.);
#16416 = DIRECTION('',(0.,-1.));
#16417 = ( GEOMETRIC_REPRESENTATION_CONTEXT(2) 
PARAMETRIC_REPRESENTATION_CONTEXT() REPRESENTATION_CONTEXT('2D SPACE',''
  ) );
#16418 = ORIENTED_EDGE('',*,*,#15940,.F.);
#16419 = ADVANCED_FACE('',(#16420),#15928,.F.);
#16420 = FACE_BOUND('',#16421,.F.);
#16421 = EDGE_LOOP('',(#16422,#16423,#16444,#16445));
#16422 = ORIENTED_EDGE('',*,*,#16398,.T.);
#16423 = ORIENTED_EDGE('',*,*,#16424,.T.);
#16424 = EDGE_CURVE('',#16376,#16209,#16425,.T.);
#16425 = SURFACE_CURVE('',#16426,(#16430,#16437),.PCURVE_S1.);
#16426 = LINE('',#16427,#16428);
#16427 = CARTESIAN_POINT('',(56.,-24.95,11.1));
#16428 = VECTOR('',#16429,1.);
#16429 = DIRECTION('',(0.,1.,0.));
#16430 = PCURVE('',#15928,#16431);
#16431 = DEFINITIONAL_REPRESENTATION('',(#16432),#16436);
#16432 = LINE('',#16433,#16434);
#16433 = CARTESIAN_POINT('',(0.,-4.));
#16434 = VECTOR('',#16435,1.);
#16435 = DIRECTION('',(1.,0.));
#16436 = ( GEOMETRIC_REPRESENTATION_CONTEXT(2) 
PARAMETRIC_REPRESENTATION_CONTEXT() REPRESENTATION_CONTEXT('2D SPACE',''
  ) );
#16437 = PCURVE('',#16247,#16438);
#16438 = DEFINITIONAL_REPRESENTATION('',(#16439),#16443);
#16439 = LINE('',#16440,#16441);
#16440 = CARTESIAN_POINT('',(10.735,-26.575));
#16441 = VECTOR('',#16442,1.);
#16442 = DIRECTION('',(0.,1.));
#16443 = ( GEOMETRIC_REPRESENTATION_CONTEXT(2) 
PARAMETRIC_REPRESENTATION_CONTEXT() REPRESENTATION_CONTEXT('2D SPACE',''
  ) );
#16444 = ORIENTED_EDGE('',*,*,#16208,.F.);
#16445 = ORIENTED_EDGE('',*,*,#15912,.F.);
#16446 = ADVANCED_FACE('',(#16447),#15872,.F.);
#16447 = FACE_BOUND('',#16448,.F.);
#16448 = EDGE_LOOP('',(#16449,#16450,#16451,#16474,#16497));
#16449 = ORIENTED_EDGE('',*,*,#15856,.F.);
#16450 = ORIENTED_EDGE('',*,*,#16303,.F.);
#16451 = ORIENTED_EDGE('',*,*,#16452,.T.);
#16452 = EDGE_CURVE('',#16283,#16453,#16455,.T.);
#16453 = VERTEX_POINT('',#16454);
#16454 = CARTESIAN_POINT('',(54.265,31.7,10.3));
#16455 = SURFACE_CURVE('',#16456,(#16460,#16467),.PCURVE_S1.);
#16456 = LINE('',#16457,#16458);
#16457 = CARTESIAN_POINT('',(54.265,24.7,10.3));
#16458 = VECTOR('',#16459,1.);
#16459 = DIRECTION('',(0.,1.,0.));
#16460 = PCURVE('',#15872,#16461);
#16461 = DEFINITIONAL_REPRESENTATION('',(#16462),#16466);
#16462 = LINE('',#16463,#16464);
#16463 = CARTESIAN_POINT('',(0.,-3.2));
#16464 = VECTOR('',#16465,1.);
#16465 = DIRECTION('',(1.,0.));
#16466 = ( GEOMETRIC_REPRESENTATION_CONTEXT(2) 
PARAMETRIC_REPRESENTATION_CONTEXT() REPRESENTATION_CONTEXT('2D SPACE',''
  ) );
#16467 = PCURVE('',#16172,#16468);
#16468 = DEFINITIONAL_REPRESENTATION('',(#16469),#16473);
#16469 = LINE('',#16470,#16471);
#16470 = CARTESIAN_POINT('',(9.,-3.5));
#16471 = VECTOR('',#16472,1.);
#16472 = DIRECTION('',(0.,1.));
#16473 = ( GEOMETRIC_REPRESENTATION_CONTEXT(2) 
PARAMETRIC_REPRESENTATION_CONTEXT() REPRESENTATION_CONTEXT('2D SPACE',''
  ) );
#16474 = ORIENTED_EDGE('',*,*,#16475,.F.);
#16475 = EDGE_CURVE('',#16476,#16453,#16478,.T.);
#16476 = VERTEX_POINT('',#16477);
#16477 = CARTESIAN_POINT('',(54.265,31.7,7.1));
#16478 = SURFACE_CURVE('',#16479,(#16483,#16490),.PCURVE_S1.);
#16479 = LINE('',#16480,#16481);
#16480 = CARTESIAN_POINT('',(54.265,31.7,7.1));
#16481 = VECTOR('',#16482,1.);
#16482 = DIRECTION('',(0.,0.,1.));
#16483 = PCURVE('',#15872,#16484);
#16484 = DEFINITIONAL_REPRESENTATION('',(#16485),#16489);
#16485 = LINE('',#16486,#16487);
#16486 = CARTESIAN_POINT('',(7.,0.));
#16487 = VECTOR('',#16488,1.);
#16488 = DIRECTION('',(0.,-1.));
#16489 = ( GEOMETRIC_REPRESENTATION_CONTEXT(2) 
PARAMETRIC_REPRESENTATION_CONTEXT() REPRESENTATION_CONTEXT('2D SPACE',''
  ) );
#16490 = PCURVE('',#16144,#16491);
#16491 = DEFINITIONAL_REPRESENTATION('',(#16492),#16496);
#16492 = LINE('',#16493,#16494);
#16493 = CARTESIAN_POINT('',(0.,-0.));
#16494 = VECTOR('',#16495,1.);
#16495 = DIRECTION('',(0.,-1.));
#16496 = ( GEOMETRIC_REPRESENTATION_CONTEXT(2) 
PARAMETRIC_REPRESENTATION_CONTEXT() REPRESENTATION_CONTEXT('2D SPACE',''
  ) );
#16497 = ORIENTED_EDGE('',*,*,#16498,.F.);
#16498 = EDGE_CURVE('',#15834,#16476,#16499,.T.);
#16499 = SURFACE_CURVE('',#16500,(#16504,#16511),.PCURVE_S1.);
#16500 = LINE('',#16501,#16502);
#16501 = CARTESIAN_POINT('',(54.265,24.7,7.1));
#16502 = VECTOR('',#16503,1.);
#16503 = DIRECTION('',(0.,1.,0.));
#16504 = PCURVE('',#15872,#16505);
#16505 = DEFINITIONAL_REPRESENTATION('',(#16506),#16510);
#16506 = LINE('',#16507,#16508);
#16507 = CARTESIAN_POINT('',(0.,0.));
#16508 = VECTOR('',#16509,1.);
#16509 = DIRECTION('',(1.,0.));
#16510 = ( GEOMETRIC_REPRESENTATION_CONTEXT(2) 
PARAMETRIC_REPRESENTATION_CONTEXT() REPRESENTATION_CONTEXT('2D SPACE',''
  ) );
#16511 = PCURVE('',#16087,#16512);
#16512 = DEFINITIONAL_REPRESENTATION('',(#16513),#16517);
#16513 = LINE('',#16514,#16515);
#16514 = CARTESIAN_POINT('',(9.,-3.5));
#16515 = VECTOR('',#16516,1.);
#16516 = DIRECTION('',(0.,1.));
#16517 = ( GEOMETRIC_REPRESENTATION_CONTEXT(2) 
PARAMETRIC_REPRESENTATION_CONTEXT() REPRESENTATION_CONTEXT('2D SPACE',''
  ) );
#16518 = ADVANCED_FACE('',(#16519),#16087,.F.);
#16519 = FACE_BOUND('',#16520,.F.);
#16520 = EDGE_LOOP('',(#16521,#16522,#16523,#16524));
#16521 = ORIENTED_EDGE('',*,*,#16105,.T.);
#16522 = ORIENTED_EDGE('',*,*,#16073,.F.);
#16523 = ORIENTED_EDGE('',*,*,#16498,.T.);
#16524 = ORIENTED_EDGE('',*,*,#16525,.T.);
#16525 = EDGE_CURVE('',#16476,#16106,#16526,.T.);
#16526 = SURFACE_CURVE('',#16527,(#16531,#16538),.PCURVE_S1.);
#16527 = LINE('',#16528,#16529);
#16528 = CARTESIAN_POINT('',(54.265,31.7,7.1));
#16529 = VECTOR('',#16530,1.);
#16530 = DIRECTION('',(-1.,0.,0.));
#16531 = PCURVE('',#16087,#16532);
#16532 = DEFINITIONAL_REPRESENTATION('',(#16533),#16537);
#16533 = LINE('',#16534,#16535);
#16534 = CARTESIAN_POINT('',(9.,3.5));
#16535 = VECTOR('',#16536,1.);
#16536 = DIRECTION('',(-1.,0.));
#16537 = ( GEOMETRIC_REPRESENTATION_CONTEXT(2) 
PARAMETRIC_REPRESENTATION_CONTEXT() REPRESENTATION_CONTEXT('2D SPACE',''
  ) );
#16538 = PCURVE('',#16144,#16539);
#16539 = DEFINITIONAL_REPRESENTATION('',(#16540),#16544);
#16540 = LINE('',#16541,#16542);
#16541 = CARTESIAN_POINT('',(0.,-0.));
#16542 = VECTOR('',#16543,1.);
#16543 = DIRECTION('',(1.,0.));
#16544 = ( GEOMETRIC_REPRESENTATION_CONTEXT(2) 
PARAMETRIC_REPRESENTATION_CONTEXT() REPRESENTATION_CONTEXT('2D SPACE',''
  ) );
#16545 = ADVANCED_FACE('',(#16546),#16172,.T.);
#16546 = FACE_BOUND('',#16547,.T.);
#16547 = EDGE_LOOP('',(#16548,#16549,#16550,#16551));
#16548 = ORIENTED_EDGE('',*,*,#16156,.T.);
#16549 = ORIENTED_EDGE('',*,*,#16282,.F.);
#16550 = ORIENTED_EDGE('',*,*,#16452,.T.);
#16551 = ORIENTED_EDGE('',*,*,#16552,.T.);
#16552 = EDGE_CURVE('',#16453,#16129,#16553,.T.);
#16553 = SURFACE_CURVE('',#16554,(#16558,#16565),.PCURVE_S1.);
#16554 = LINE('',#16555,#16556);
#16555 = CARTESIAN_POINT('',(54.265,31.7,10.3));
#16556 = VECTOR('',#16557,1.);
#16557 = DIRECTION('',(-1.,0.,0.));
#16558 = PCURVE('',#16172,#16559);
#16559 = DEFINITIONAL_REPRESENTATION('',(#16560),#16564);
#16560 = LINE('',#16561,#16562);
#16561 = CARTESIAN_POINT('',(9.,3.5));
#16562 = VECTOR('',#16563,1.);
#16563 = DIRECTION('',(-1.,0.));
#16564 = ( GEOMETRIC_REPRESENTATION_CONTEXT(2) 
PARAMETRIC_REPRESENTATION_CONTEXT() REPRESENTATION_CONTEXT('2D SPACE',''
  ) );
#16565 = PCURVE('',#16144,#16566);
#16566 = DEFINITIONAL_REPRESENTATION('',(#16567),#16571);
#16567 = LINE('',#16568,#16569);
#16568 = CARTESIAN_POINT('',(0.,-3.2));
#16569 = VECTOR('',#16570,1.);
#16570 = DIRECTION('',(1.,0.));
#16571 = ( GEOMETRIC_REPRESENTATION_CONTEXT(2) 
PARAMETRIC_REPRESENTATION_CONTEXT() REPRESENTATION_CONTEXT('2D SPACE',''
  ) );
#16572 = ADVANCED_FACE('',(#16573),#16144,.F.);
#16573 = FACE_BOUND('',#16574,.F.);
#16574 = EDGE_LOOP('',(#16575,#16576,#16577,#16578));
#16575 = ORIENTED_EDGE('',*,*,#16475,.T.);
#16576 = ORIENTED_EDGE('',*,*,#16552,.T.);
#16577 = ORIENTED_EDGE('',*,*,#16128,.F.);
#16578 = ORIENTED_EDGE('',*,*,#16525,.F.);
#16579 = ADVANCED_FACE('',(#16580),#16247,.T.);
#16580 = FACE_BOUND('',#16581,.T.);
#16581 = EDGE_LOOP('',(#16582,#16583,#16584,#16585));
#16582 = ORIENTED_EDGE('',*,*,#16375,.T.);
#16583 = ORIENTED_EDGE('',*,*,#16424,.T.);
#16584 = ORIENTED_EDGE('',*,*,#16231,.T.);
#16585 = ORIENTED_EDGE('',*,*,#16326,.T.);
#16586 = ( GEOMETRIC_REPRESENTATION_CONTEXT(3) 
GLOBAL_UNCERTAINTY_ASSIGNED_CONTEXT((#16590)) 
GLOBAL_UNIT_ASSIGNED_CONTEXT((#16587,#16588,#16589)) 
REPRESENTATION_CONTEXT('Context #1',
  '3D Context with UNIT and UNCERTAINTY') );
#16587 = ( LENGTH_UNIT() NAMED_UNIT(*) SI_UNIT(.MILLI.,.METRE.) );
#16588 = ( NAMED_UNIT(*) PLANE_ANGLE_UNIT() SI_UNIT($,.RADIAN.) );
#16589 = ( NAMED_UNIT(*) SI_UNIT($,.STERADIAN.) SOLID_ANGLE_UNIT() );
#16590 = UNCERTAINTY_MEASURE_WITH_UNIT(LENGTH_MEASURE(1.E-07),#16587,
  'distance_accuracy_value','confusion accuracy');
#16591 = CONTEXT_DEPENDENT_SHAPE_REPRESENTATION(#16592,#16594);
#16592 = ( REPRESENTATION_RELATIONSHIP('','',#15529,#10) 
REPRESENTATION_RELATIONSHIP_WITH_TRANSFORMATION(#16593) 
SHAPE_REPRESENTATION_RELATIONSHIP() );
#16593 = ITEM_DEFINED_TRANSFORMATION('','',#11,#27);
#16594 = PRODUCT_DEFINITION_SHAPE('Placement','Placement of an item',
  #16595);
#16595 = NEXT_ASSEMBLY_USAGE_OCCURRENCE('4','esp32c6-devkit','',#5,
  #15524,$);
#16596 = PRODUCT_RELATED_PRODUCT_CATEGORY('part',$,(#15526));
#16597 = MECHANICAL_DESIGN_GEOMETRIC_PRESENTATION_REPRESENTATION('',(
    #16598),#15511);
#16598 = STYLED_ITEM('color',(#16599),#14491);
#16599 = PRESENTATION_STYLE_ASSIGNMENT((#16600));
#16600 = SURFACE_STYLE_USAGE(.BOTH.,#16601);
#16601 = SURFACE_SIDE_STYLE('',(#16602));
#16602 = SURFACE_STYLE_FILL_AREA(#16603);
#16603 = FILL_AREA_STYLE('',(#16604));
#16604 = FILL_AREA_STYLE_COLOUR('',#16605);
#16605 = COLOUR_RGB('',9.999999991362E-02,0.299999996101,0.649999988539
  );
#16606 = MECHANICAL_DESIGN_GEOMETRIC_PRESENTATION_REPRESENTATION('',(
    #16607),#6691);
#16607 = STYLED_ITEM('color',(#16608),#45);
#16608 = PRESENTATION_STYLE_ASSIGNMENT((#16609));
#16609 = SURFACE_STYLE_USAGE(.BOTH.,#16610);
#16610 = SURFACE_SIDE_STYLE('',(#16611));
#16611 = SURFACE_STYLE_FILL_AREA(#16612);
#16612 = FILL_AREA_STYLE('',(#16613));
#16613 = FILL_AREA_STYLE_COLOUR('',#16614);
#16614 = COLOUR_RGB('',0.720000003324,0.729999995167,0.750000000934);
#16615 = MECHANICAL_DESIGN_GEOMETRIC_PRESENTATION_REPRESENTATION('',(
    #16616),#14472);
#16616 = STYLED_ITEM('color',(#16617),#6710);
#16617 = PRESENTATION_STYLE_ASSIGNMENT((#16618));
#16618 = SURFACE_STYLE_USAGE(.BOTH.,#16619);
#16619 = SURFACE_SIDE_STYLE('',(#16620,#16624));
#16620 = SURFACE_STYLE_FILL_AREA(#16621);
#16621 = FILL_AREA_STYLE('',(#16622));
#16622 = FILL_AREA_STYLE_COLOUR('',#16623);
#16623 = COLOUR_RGB('',0.950000001282,0.950000001282,0.940000008746);
#16624 = SURFACE_STYLE_RENDERING_WITH_PROPERTIES(.NORMAL_SHADING.,#16623
  ,(#16625));
#16625 = SURFACE_STYLE_TRANSPARENT(0.399999976158);
#16626 = MECHANICAL_DESIGN_GEOMETRIC_PRESENTATION_REPRESENTATION('',(
    #16627),#16586);
#16627 = STYLED_ITEM('color',(#16628),#15530);
#16628 = PRESENTATION_STYLE_ASSIGNMENT((#16629));
#16629 = SURFACE_STYLE_USAGE(.BOTH.,#16630);
#16630 = SURFACE_SIDE_STYLE('',(#16631));
#16631 = SURFACE_STYLE_FILL_AREA(#16632);
#16632 = FILL_AREA_STYLE('',(#16633));
#16633 = FILL_AREA_STYLE_COLOUR('',#16634);
#16634 = COLOUR_RGB('',9.999999991362E-02,0.45000000386,0.199999998682);
ENDSEC;
END-ISO-10303-21;
