ISO-10303-21;
HEADER;
FILE_DESCRIPTION(('Open CASCADE Model'),'2;1');
FILE_NAME('Open CASCADE Shape Model','2026-07-31T13:20:51',('Author'),(
    'Open CASCADE'),'Open CASCADE STEP processor 7.9','Open CASCADE 7.9'
  ,'Unknown');
FILE_SCHEMA(('AUTOMOTIVE_DESIGN { 1 0 10303 214 1 1 1 1 }'));
ENDSEC;
DATA;
#1 = APPLICATION_PROTOCOL_DEFINITION('international standard',
  'automotive_design',2000,#2);
#2 = APPLICATION_CONTEXT(
  'core data for automotive mechanical design processes');
#3 = SHAPE_DEFINITION_REPRESENTATION(#4,#10);
#4 = PRODUCT_DEFINITION_SHAPE('','',#5);
#5 = PRODUCT_DEFINITION('design','',#6,#9);
#6 = PRODUCT_DEFINITION_FORMATION('','',#7);
#7 = PRODUCT('Open CASCADE STEP translator 7.9 2',
  'Open CASCADE STEP translator 7.9 2','',(#8));
#8 = PRODUCT_CONTEXT('',#2,'mechanical');
#9 = PRODUCT_DEFINITION_CONTEXT('part definition',#2,'design');
#10 = ADVANCED_BREP_SHAPE_REPRESENTATION('',(#11,#15),#7592);
#11 = AXIS2_PLACEMENT_3D('',#12,#13,#14);
#12 = CARTESIAN_POINT('',(0.,0.,0.));
#13 = DIRECTION('',(0.,0.,1.));
#14 = DIRECTION('',(1.,0.,-0.));
#15 = MANIFOLD_SOLID_BREP('',#16);
#16 = CLOSED_SHELL('',(#17,#137,#225,#302,#381,#459,#512,#566,#642,#1509
    ,#1534,#2093,#2119,#2195,#2220,#2246,#2324,#2349,#2374,#2422,#2449,
    #2525,#2649,#2699,#2948,#2997,#3045,#3094,#3139,#3259,#3309,#3558,
    #3605,#3655,#3702,#3849,#3946,#4080,#4236,#4286,#4336,#4363,#4418,
    #4444,#4470,#4519,#4546,#4601,#4673,#4721,#4768,#4796,#4868,#4916,
    #4963,#4991,#5063,#5111,#5158,#5186,#5213,#5220,#5335,#5475,#5525,
    #5685,#5713,#5718,#5745,#5872,#5922,#6082,#6110,#6115,#6142,#6147,
    #6219,#6316,#6384,#6390,#6440,#6692,#6764,#6791,#6795,#6799,#6806,
    #6813,#6820,#6912,#6938,#7007,#7103,#7110,#7165,#7261,#7268,#7323,
    #7330,#7358,#7386,#7426,#7430,#7470,#7474,#7529,#7584,#7588));
#17 = ADVANCED_FACE('',(#18),#32,.F.);
#18 = FACE_BOUND('',#19,.F.);
#19 = EDGE_LOOP('',(#20,#55,#83,#111));
#20 = ORIENTED_EDGE('',*,*,#21,.T.);
#21 = EDGE_CURVE('',#22,#24,#26,.T.);
#22 = VERTEX_POINT('',#23);
#23 = CARTESIAN_POINT('',(-54.,-33.9,0.3));
#24 = VERTEX_POINT('',#25);
#25 = CARTESIAN_POINT('',(-54.,-33.9,6.));
#26 = SURFACE_CURVE('',#27,(#31,#43),.PCURVE_S1.);
#27 = LINE('',#28,#29);
#28 = CARTESIAN_POINT('',(-54.,-33.9,0.));
#29 = VECTOR('',#30,1.);
#30 = DIRECTION('',(0.,0.,1.));
#31 = PCURVE('',#32,#37);
#32 = PLANE('',#33);
#33 = AXIS2_PLACEMENT_3D('',#34,#35,#36);
#34 = CARTESIAN_POINT('',(-63.9,-33.9,0.));
#35 = DIRECTION('',(0.,1.,0.));
#36 = DIRECTION('',(1.,0.,0.));
#37 = DEFINITIONAL_REPRESENTATION('',(#38),#42);
#38 = LINE('',#39,#40);
#39 = CARTESIAN_POINT('',(9.9,0.));
#40 = VECTOR('',#41,1.);
#41 = DIRECTION('',(0.,-1.));
#42 = ( GEOMETRIC_REPRESENTATION_CONTEXT(2) 
PARAMETRIC_REPRESENTATION_CONTEXT() REPRESENTATION_CONTEXT('2D SPACE',''
  ) );
#43 = PCURVE('',#44,#49);
#44 = CYLINDRICAL_SURFACE('',#45,9.9);
#45 = AXIS2_PLACEMENT_3D('',#46,#47,#48);
#46 = CARTESIAN_POINT('',(-54.,-24.,0.));
#47 = DIRECTION('',(0.,0.,1.));
#48 = DIRECTION('',(0.,-1.,0.));
#49 = DEFINITIONAL_REPRESENTATION('',(#50),#54);
#50 = LINE('',#51,#52);
#51 = CARTESIAN_POINT('',(-0.,0.));
#52 = VECTOR('',#53,1.);
#53 = DIRECTION('',(-0.,1.));
#54 = ( GEOMETRIC_REPRESENTATION_CONTEXT(2) 
PARAMETRIC_REPRESENTATION_CONTEXT() REPRESENTATION_CONTEXT('2D SPACE',''
  ) );
#55 = ORIENTED_EDGE('',*,*,#56,.T.);
#56 = EDGE_CURVE('',#24,#57,#59,.T.);
#57 = VERTEX_POINT('',#58);
#58 = CARTESIAN_POINT('',(54.,-33.9,6.));
#59 = SURFACE_CURVE('',#60,(#64,#71),.PCURVE_S1.);
#60 = LINE('',#61,#62);
#61 = CARTESIAN_POINT('',(-54.,-33.9,6.));
#62 = VECTOR('',#63,1.);
#63 = DIRECTION('',(1.,0.,0.));
#64 = PCURVE('',#32,#65);
#65 = DEFINITIONAL_REPRESENTATION('',(#66),#70);
#66 = LINE('',#67,#68);
#67 = CARTESIAN_POINT('',(9.9,-6.));
#68 = VECTOR('',#69,1.);
#69 = DIRECTION('',(1.,0.));
#70 = ( GEOMETRIC_REPRESENTATION_CONTEXT(2) 
PARAMETRIC_REPRESENTATION_CONTEXT() REPRESENTATION_CONTEXT('2D SPACE',''
  ) );
#71 = PCURVE('',#72,#77);
#72 = CYLINDRICAL_SURFACE('',#73,2.);
#73 = AXIS2_PLACEMENT_3D('',#74,#75,#76);
#74 = CARTESIAN_POINT('',(-54.,-31.9,6.));
#75 = DIRECTION('',(1.,0.,0.));
#76 = DIRECTION('',(0.,-1.,-0.));
#77 = DEFINITIONAL_REPRESENTATION('',(#78),#82);
#78 = LINE('',#79,#80);
#79 = CARTESIAN_POINT('',(-0.,0.));
#80 = VECTOR('',#81,1.);
#81 = DIRECTION('',(-0.,1.));
#82 = ( GEOMETRIC_REPRESENTATION_CONTEXT(2) 
PARAMETRIC_REPRESENTATION_CONTEXT() REPRESENTATION_CONTEXT('2D SPACE',''
  ) );
#83 = ORIENTED_EDGE('',*,*,#84,.F.);
#84 = EDGE_CURVE('',#85,#57,#87,.T.);
#85 = VERTEX_POINT('',#86);
#86 = CARTESIAN_POINT('',(54.,-33.9,0.3));
#87 = SURFACE_CURVE('',#88,(#92,#99),.PCURVE_S1.);
#88 = LINE('',#89,#90);
#89 = CARTESIAN_POINT('',(54.,-33.9,0.));
#90 = VECTOR('',#91,1.);
#91 = DIRECTION('',(0.,0.,1.));
#92 = PCURVE('',#32,#93);
#93 = DEFINITIONAL_REPRESENTATION('',(#94),#98);
#94 = LINE('',#95,#96);
#95 = CARTESIAN_POINT('',(117.9,0.));
#96 = VECTOR('',#97,1.);
#97 = DIRECTION('',(0.,-1.));
#98 = ( GEOMETRIC_REPRESENTATION_CONTEXT(2) 
PARAMETRIC_REPRESENTATION_CONTEXT() REPRESENTATION_CONTEXT('2D SPACE',''
  ) );
#99 = PCURVE('',#100,#105);
#100 = CYLINDRICAL_SURFACE('',#101,9.9);
#101 = AXIS2_PLACEMENT_3D('',#102,#103,#104);
#102 = CARTESIAN_POINT('',(54.,-24.,0.));
#103 = DIRECTION('',(0.,0.,1.));
#104 = DIRECTION('',(0.,-1.,0.));
#105 = DEFINITIONAL_REPRESENTATION('',(#106),#110);
#106 = LINE('',#107,#108);
#107 = CARTESIAN_POINT('',(0.,0.));
#108 = VECTOR('',#109,1.);
#109 = DIRECTION('',(0.,1.));
#110 = ( GEOMETRIC_REPRESENTATION_CONTEXT(2) 
PARAMETRIC_REPRESENTATION_CONTEXT() REPRESENTATION_CONTEXT('2D SPACE',''
  ) );
#111 = ORIENTED_EDGE('',*,*,#112,.F.);
#112 = EDGE_CURVE('',#22,#85,#113,.T.);
#113 = SURFACE_CURVE('',#114,(#118,#125),.PCURVE_S1.);
#114 = LINE('',#115,#116);
#115 = CARTESIAN_POINT('',(-54.,-33.9,0.3));
#116 = VECTOR('',#117,1.);
#117 = DIRECTION('',(1.,0.,0.));
#118 = PCURVE('',#32,#119);
#119 = DEFINITIONAL_REPRESENTATION('',(#120),#124);
#120 = LINE('',#121,#122);
#121 = CARTESIAN_POINT('',(9.9,-0.3));
#122 = VECTOR('',#123,1.);
#123 = DIRECTION('',(1.,0.));
#124 = ( GEOMETRIC_REPRESENTATION_CONTEXT(2) 
PARAMETRIC_REPRESENTATION_CONTEXT() REPRESENTATION_CONTEXT('2D SPACE',''
  ) );
#125 = PCURVE('',#126,#131);
#126 = PLANE('',#127);
#127 = AXIS2_PLACEMENT_3D('',#128,#129,#130);
#128 = CARTESIAN_POINT('',(-54.,-33.75,0.15));
#129 = DIRECTION('',(3.472568050348E-18,-0.707106781187,-0.707106781187)
  );
#130 = DIRECTION('',(-1.,-2.455476416533E-18,-2.455476416532E-18));
#131 = DEFINITIONAL_REPRESENTATION('',(#132),#136);
#132 = LINE('',#133,#134);
#133 = CARTESIAN_POINT('',(-0.,-0.212132034356));
#134 = VECTOR('',#135,1.);
#135 = DIRECTION('',(-1.,0.));
#136 = ( GEOMETRIC_REPRESENTATION_CONTEXT(2) 
PARAMETRIC_REPRESENTATION_CONTEXT() REPRESENTATION_CONTEXT('2D SPACE',''
  ) );
#137 = ADVANCED_FACE('',(#138),#44,.T.);
#138 = FACE_BOUND('',#139,.F.);
#139 = EDGE_LOOP('',(#140,#141,#170,#198));
#140 = ORIENTED_EDGE('',*,*,#21,.F.);
#141 = ORIENTED_EDGE('',*,*,#142,.F.);
#142 = EDGE_CURVE('',#143,#22,#145,.T.);
#143 = VERTEX_POINT('',#144);
#144 = CARTESIAN_POINT('',(-63.9,-24.,0.3));
#145 = SURFACE_CURVE('',#146,(#151,#158),.PCURVE_S1.);
#146 = CIRCLE('',#147,9.9);
#147 = AXIS2_PLACEMENT_3D('',#148,#149,#150);
#148 = CARTESIAN_POINT('',(-54.,-24.,0.3));
#149 = DIRECTION('',(0.,0.,1.));
#150 = DIRECTION('',(-1.,0.,0.));
#151 = PCURVE('',#44,#152);
#152 = DEFINITIONAL_REPRESENTATION('',(#153),#157);
#153 = LINE('',#154,#155);
#154 = CARTESIAN_POINT('',(-1.570796326795,0.3));
#155 = VECTOR('',#156,1.);
#156 = DIRECTION('',(1.,-0.));
#157 = ( GEOMETRIC_REPRESENTATION_CONTEXT(2) 
PARAMETRIC_REPRESENTATION_CONTEXT() REPRESENTATION_CONTEXT('2D SPACE',''
  ) );
#158 = PCURVE('',#159,#164);
#159 = CONICAL_SURFACE('',#160,9.9,0.785398163397);
#160 = AXIS2_PLACEMENT_3D('',#161,#162,#163);
#161 = CARTESIAN_POINT('',(-54.,-24.,0.3));
#162 = DIRECTION('',(0.,0.,1.));
#163 = DIRECTION('',(-1.,0.,0.));
#164 = DEFINITIONAL_REPRESENTATION('',(#165),#169);
#165 = LINE('',#166,#167);
#166 = CARTESIAN_POINT('',(0.,-0.));
#167 = VECTOR('',#168,1.);
#168 = DIRECTION('',(1.,-0.));
#169 = ( GEOMETRIC_REPRESENTATION_CONTEXT(2) 
PARAMETRIC_REPRESENTATION_CONTEXT() REPRESENTATION_CONTEXT('2D SPACE',''
  ) );
#170 = ORIENTED_EDGE('',*,*,#171,.T.);
#171 = EDGE_CURVE('',#143,#172,#174,.T.);
#172 = VERTEX_POINT('',#173);
#173 = CARTESIAN_POINT('',(-63.9,-24.,6.));
#174 = SURFACE_CURVE('',#175,(#179,#186),.PCURVE_S1.);
#175 = LINE('',#176,#177);
#176 = CARTESIAN_POINT('',(-63.9,-24.,0.));
#177 = VECTOR('',#178,1.);
#178 = DIRECTION('',(0.,0.,1.));
#179 = PCURVE('',#44,#180);
#180 = DEFINITIONAL_REPRESENTATION('',(#181),#185);
#181 = LINE('',#182,#183);
#182 = CARTESIAN_POINT('',(-1.570796326795,0.));
#183 = VECTOR('',#184,1.);
#184 = DIRECTION('',(-0.,1.));
#185 = ( GEOMETRIC_REPRESENTATION_CONTEXT(2) 
PARAMETRIC_REPRESENTATION_CONTEXT() REPRESENTATION_CONTEXT('2D SPACE',''
  ) );
#186 = PCURVE('',#187,#192);
#187 = PLANE('',#188);
#188 = AXIS2_PLACEMENT_3D('',#189,#190,#191);
#189 = CARTESIAN_POINT('',(-63.9,33.9,0.));
#190 = DIRECTION('',(1.,0.,-0.));
#191 = DIRECTION('',(0.,-1.,0.));
#192 = DEFINITIONAL_REPRESENTATION('',(#193),#197);
#193 = LINE('',#194,#195);
#194 = CARTESIAN_POINT('',(57.9,0.));
#195 = VECTOR('',#196,1.);
#196 = DIRECTION('',(0.,-1.));
#197 = ( GEOMETRIC_REPRESENTATION_CONTEXT(2) 
PARAMETRIC_REPRESENTATION_CONTEXT() REPRESENTATION_CONTEXT('2D SPACE',''
  ) );
#198 = ORIENTED_EDGE('',*,*,#199,.T.);
#199 = EDGE_CURVE('',#172,#24,#200,.T.);
#200 = SURFACE_CURVE('',#201,(#206,#213),.PCURVE_S1.);
#201 = CIRCLE('',#202,9.9);
#202 = AXIS2_PLACEMENT_3D('',#203,#204,#205);
#203 = CARTESIAN_POINT('',(-54.,-24.,6.));
#204 = DIRECTION('',(0.,0.,1.));
#205 = DIRECTION('',(-1.,0.,0.));
#206 = PCURVE('',#44,#207);
#207 = DEFINITIONAL_REPRESENTATION('',(#208),#212);
#208 = LINE('',#209,#210);
#209 = CARTESIAN_POINT('',(-1.570796326795,6.));
#210 = VECTOR('',#211,1.);
#211 = DIRECTION('',(1.,-0.));
#212 = ( GEOMETRIC_REPRESENTATION_CONTEXT(2) 
PARAMETRIC_REPRESENTATION_CONTEXT() REPRESENTATION_CONTEXT('2D SPACE',''
  ) );
#213 = PCURVE('',#214,#219);
#214 = TOROIDAL_SURFACE('',#215,7.9,2.);
#215 = AXIS2_PLACEMENT_3D('',#216,#217,#218);
#216 = CARTESIAN_POINT('',(-54.,-24.,6.));
#217 = DIRECTION('',(0.,0.,1.));
#218 = DIRECTION('',(-1.,0.,0.));
#219 = DEFINITIONAL_REPRESENTATION('',(#220),#224);
#220 = LINE('',#221,#222);
#221 = CARTESIAN_POINT('',(0.,0.));
#222 = VECTOR('',#223,1.);
#223 = DIRECTION('',(1.,0.));
#224 = ( GEOMETRIC_REPRESENTATION_CONTEXT(2) 
PARAMETRIC_REPRESENTATION_CONTEXT() REPRESENTATION_CONTEXT('2D SPACE',''
  ) );
#225 = ADVANCED_FACE('',(#226),#126,.T.);
#226 = FACE_BOUND('',#227,.F.);
#227 = EDGE_LOOP('',(#228,#249,#250,#276));
#228 = ORIENTED_EDGE('',*,*,#229,.F.);
#229 = EDGE_CURVE('',#22,#230,#232,.T.);
#230 = VERTEX_POINT('',#231);
#231 = CARTESIAN_POINT('',(-54.,-33.6,-2.942091015257E-15));
#232 = SURFACE_CURVE('',#233,(#237,#243),.PCURVE_S1.);
#233 = LINE('',#234,#235);
#234 = CARTESIAN_POINT('',(-54.,-33.75,0.15));
#235 = VECTOR('',#236,1.);
#236 = DIRECTION('',(-0.,0.707106781187,-0.707106781187));
#237 = PCURVE('',#126,#238);
#238 = DEFINITIONAL_REPRESENTATION('',(#239),#242);
#239 = B_SPLINE_CURVE_WITH_KNOTS('',1,(#240,#241),.UNSPECIFIED.,.F.,.F.,
  (2,2),(-0.212132034356,0.212132034356),.PIECEWISE_BEZIER_KNOTS.);
#240 = CARTESIAN_POINT('',(0.,-0.212132034356));
#241 = CARTESIAN_POINT('',(0.,0.212132034356));
#242 = ( GEOMETRIC_REPRESENTATION_CONTEXT(2) 
PARAMETRIC_REPRESENTATION_CONTEXT() REPRESENTATION_CONTEXT('2D SPACE',''
  ) );
#243 = PCURVE('',#159,#244);
#244 = DEFINITIONAL_REPRESENTATION('',(#245),#248);
#245 = B_SPLINE_CURVE_WITH_KNOTS('',1,(#246,#247),.UNSPECIFIED.,.F.,.F.,
  (2,2),(-0.212132034356,0.212132034356),.PIECEWISE_BEZIER_KNOTS.);
#246 = CARTESIAN_POINT('',(1.570796326795,0.));
#247 = CARTESIAN_POINT('',(1.570796326795,-0.3));
#248 = ( GEOMETRIC_REPRESENTATION_CONTEXT(2) 
PARAMETRIC_REPRESENTATION_CONTEXT() REPRESENTATION_CONTEXT('2D SPACE',''
  ) );
#249 = ORIENTED_EDGE('',*,*,#112,.T.);
#250 = ORIENTED_EDGE('',*,*,#251,.T.);
#251 = EDGE_CURVE('',#85,#252,#254,.T.);
#252 = VERTEX_POINT('',#253);
#253 = CARTESIAN_POINT('',(54.,-33.6,-2.6645352591E-15));
#254 = SURFACE_CURVE('',#255,(#259,#265),.PCURVE_S1.);
#255 = LINE('',#256,#257);
#256 = CARTESIAN_POINT('',(54.,-33.75,0.15));
#257 = VECTOR('',#258,1.);
#258 = DIRECTION('',(-0.,0.707106781187,-0.707106781187));
#259 = PCURVE('',#126,#260);
#260 = DEFINITIONAL_REPRESENTATION('',(#261),#264);
#261 = B_SPLINE_CURVE_WITH_KNOTS('',1,(#262,#263),.UNSPECIFIED.,.F.,.F.,
  (2,2),(-0.212132034356,0.212132034356),.PIECEWISE_BEZIER_KNOTS.);
#262 = CARTESIAN_POINT('',(-108.,-0.212132034356));
#263 = CARTESIAN_POINT('',(-108.,0.212132034356));
#264 = ( GEOMETRIC_REPRESENTATION_CONTEXT(2) 
PARAMETRIC_REPRESENTATION_CONTEXT() REPRESENTATION_CONTEXT('2D SPACE',''
  ) );
#265 = PCURVE('',#266,#271);
#266 = CONICAL_SURFACE('',#267,9.9,0.785398163397);
#267 = AXIS2_PLACEMENT_3D('',#268,#269,#270);
#268 = CARTESIAN_POINT('',(54.,-24.,0.3));
#269 = DIRECTION('',(0.,0.,1.));
#270 = DIRECTION('',(0.,-1.,0.));
#271 = DEFINITIONAL_REPRESENTATION('',(#272),#275);
#272 = B_SPLINE_CURVE_WITH_KNOTS('',1,(#273,#274),.UNSPECIFIED.,.F.,.F.,
  (2,2),(-0.212132034356,0.212132034356),.PIECEWISE_BEZIER_KNOTS.);
#273 = CARTESIAN_POINT('',(0.,0.));
#274 = CARTESIAN_POINT('',(0.,-0.3));
#275 = ( GEOMETRIC_REPRESENTATION_CONTEXT(2) 
PARAMETRIC_REPRESENTATION_CONTEXT() REPRESENTATION_CONTEXT('2D SPACE',''
  ) );
#276 = ORIENTED_EDGE('',*,*,#277,.F.);
#277 = EDGE_CURVE('',#230,#252,#278,.T.);
#278 = SURFACE_CURVE('',#279,(#283,#290),.PCURVE_S1.);
#279 = LINE('',#280,#281);
#280 = CARTESIAN_POINT('',(-54.,-33.6,0.));
#281 = VECTOR('',#282,1.);
#282 = DIRECTION('',(1.,0.,0.));
#283 = PCURVE('',#126,#284);
#284 = DEFINITIONAL_REPRESENTATION('',(#285),#289);
#285 = LINE('',#286,#287);
#286 = CARTESIAN_POINT('',(-0.,0.212132034356));
#287 = VECTOR('',#288,1.);
#288 = DIRECTION('',(-1.,0.));
#289 = ( GEOMETRIC_REPRESENTATION_CONTEXT(2) 
PARAMETRIC_REPRESENTATION_CONTEXT() REPRESENTATION_CONTEXT('2D SPACE',''
  ) );
#290 = PCURVE('',#291,#296);
#291 = PLANE('',#292);
#292 = AXIS2_PLACEMENT_3D('',#293,#294,#295);
#293 = CARTESIAN_POINT('',(2.324884206986E-15,0.,0.));
#294 = DIRECTION('',(0.,0.,1.));
#295 = DIRECTION('',(1.,0.,-0.));
#296 = DEFINITIONAL_REPRESENTATION('',(#297),#301);
#297 = LINE('',#298,#299);
#298 = CARTESIAN_POINT('',(-54.,-33.6));
#299 = VECTOR('',#300,1.);
#300 = DIRECTION('',(1.,0.));
#301 = ( GEOMETRIC_REPRESENTATION_CONTEXT(2) 
PARAMETRIC_REPRESENTATION_CONTEXT() REPRESENTATION_CONTEXT('2D SPACE',''
  ) );
#302 = ADVANCED_FACE('',(#303),#72,.T.);
#303 = FACE_BOUND('',#304,.F.);
#304 = EDGE_LOOP('',(#305,#327,#355,#380));
#305 = ORIENTED_EDGE('',*,*,#306,.T.);
#306 = EDGE_CURVE('',#24,#307,#309,.T.);
#307 = VERTEX_POINT('',#308);
#308 = CARTESIAN_POINT('',(-54.,-31.9,8.));
#309 = SURFACE_CURVE('',#310,(#315,#321),.PCURVE_S1.);
#310 = CIRCLE('',#311,2.);
#311 = AXIS2_PLACEMENT_3D('',#312,#313,#314);
#312 = CARTESIAN_POINT('',(-54.,-31.9,6.));
#313 = DIRECTION('',(-1.,-0.,0.));
#314 = DIRECTION('',(0.,-1.,0.));
#315 = PCURVE('',#72,#316);
#316 = DEFINITIONAL_REPRESENTATION('',(#317),#320);
#317 = B_SPLINE_CURVE_WITH_KNOTS('',1,(#318,#319),.UNSPECIFIED.,.F.,.F.,
  (2,2),(0.,1.570796326795),.PIECEWISE_BEZIER_KNOTS.);
#318 = CARTESIAN_POINT('',(0.,0.));
#319 = CARTESIAN_POINT('',(-1.570796326795,0.));
#320 = ( GEOMETRIC_REPRESENTATION_CONTEXT(2) 
PARAMETRIC_REPRESENTATION_CONTEXT() REPRESENTATION_CONTEXT('2D SPACE',''
  ) );
#321 = PCURVE('',#214,#322);
#322 = DEFINITIONAL_REPRESENTATION('',(#323),#326);
#323 = B_SPLINE_CURVE_WITH_KNOTS('',1,(#324,#325),.UNSPECIFIED.,.F.,.F.,
  (2,2),(0.,1.570796326795),.PIECEWISE_BEZIER_KNOTS.);
#324 = CARTESIAN_POINT('',(1.570796326795,0.));
#325 = CARTESIAN_POINT('',(1.570796326795,1.570796326795));
#326 = ( GEOMETRIC_REPRESENTATION_CONTEXT(2) 
PARAMETRIC_REPRESENTATION_CONTEXT() REPRESENTATION_CONTEXT('2D SPACE',''
  ) );
#327 = ORIENTED_EDGE('',*,*,#328,.T.);
#328 = EDGE_CURVE('',#307,#329,#331,.T.);
#329 = VERTEX_POINT('',#330);
#330 = CARTESIAN_POINT('',(54.,-31.9,8.));
#331 = SURFACE_CURVE('',#332,(#336,#343),.PCURVE_S1.);
#332 = LINE('',#333,#334);
#333 = CARTESIAN_POINT('',(-54.,-31.9,8.));
#334 = VECTOR('',#335,1.);
#335 = DIRECTION('',(1.,0.,0.));
#336 = PCURVE('',#72,#337);
#337 = DEFINITIONAL_REPRESENTATION('',(#338),#342);
#338 = LINE('',#339,#340);
#339 = CARTESIAN_POINT('',(-1.570796326795,0.));
#340 = VECTOR('',#341,1.);
#341 = DIRECTION('',(-0.,1.));
#342 = ( GEOMETRIC_REPRESENTATION_CONTEXT(2) 
PARAMETRIC_REPRESENTATION_CONTEXT() REPRESENTATION_CONTEXT('2D SPACE',''
  ) );
#343 = PCURVE('',#344,#349);
#344 = PLANE('',#345);
#345 = AXIS2_PLACEMENT_3D('',#346,#347,#348);
#346 = CARTESIAN_POINT('',(2.324884206986E-15,0.,8.));
#347 = DIRECTION('',(0.,0.,1.));
#348 = DIRECTION('',(1.,0.,-0.));
#349 = DEFINITIONAL_REPRESENTATION('',(#350),#354);
#350 = LINE('',#351,#352);
#351 = CARTESIAN_POINT('',(-54.,-31.9));
#352 = VECTOR('',#353,1.);
#353 = DIRECTION('',(1.,0.));
#354 = ( GEOMETRIC_REPRESENTATION_CONTEXT(2) 
PARAMETRIC_REPRESENTATION_CONTEXT() REPRESENTATION_CONTEXT('2D SPACE',''
  ) );
#355 = ORIENTED_EDGE('',*,*,#356,.F.);
#356 = EDGE_CURVE('',#57,#329,#357,.T.);
#357 = SURFACE_CURVE('',#358,(#363,#369),.PCURVE_S1.);
#358 = CIRCLE('',#359,2.);
#359 = AXIS2_PLACEMENT_3D('',#360,#361,#362);
#360 = CARTESIAN_POINT('',(54.,-31.9,6.));
#361 = DIRECTION('',(-1.,-0.,0.));
#362 = DIRECTION('',(0.,-1.,0.));
#363 = PCURVE('',#72,#364);
#364 = DEFINITIONAL_REPRESENTATION('',(#365),#368);
#365 = B_SPLINE_CURVE_WITH_KNOTS('',1,(#366,#367),.UNSPECIFIED.,.F.,.F.,
  (2,2),(0.,1.570796326795),.PIECEWISE_BEZIER_KNOTS.);
#366 = CARTESIAN_POINT('',(0.,108.));
#367 = CARTESIAN_POINT('',(-1.570796326795,108.));
#368 = ( GEOMETRIC_REPRESENTATION_CONTEXT(2) 
PARAMETRIC_REPRESENTATION_CONTEXT() REPRESENTATION_CONTEXT('2D SPACE',''
  ) );
#369 = PCURVE('',#370,#375);
#370 = TOROIDAL_SURFACE('',#371,7.9,2.);
#371 = AXIS2_PLACEMENT_3D('',#372,#373,#374);
#372 = CARTESIAN_POINT('',(54.,-24.,6.));
#373 = DIRECTION('',(0.,0.,1.));
#374 = DIRECTION('',(0.,-1.,0.));
#375 = DEFINITIONAL_REPRESENTATION('',(#376),#379);
#376 = B_SPLINE_CURVE_WITH_KNOTS('',1,(#377,#378),.UNSPECIFIED.,.F.,.F.,
  (2,2),(0.,1.570796326795),.PIECEWISE_BEZIER_KNOTS.);
#377 = CARTESIAN_POINT('',(0.,0.));
#378 = CARTESIAN_POINT('',(0.,1.570796326795));
#379 = ( GEOMETRIC_REPRESENTATION_CONTEXT(2) 
PARAMETRIC_REPRESENTATION_CONTEXT() REPRESENTATION_CONTEXT('2D SPACE',''
  ) );
#380 = ORIENTED_EDGE('',*,*,#56,.F.);
#381 = ADVANCED_FACE('',(#382),#100,.T.);
#382 = FACE_BOUND('',#383,.T.);
#383 = EDGE_LOOP('',(#384,#385,#409,#437));
#384 = ORIENTED_EDGE('',*,*,#84,.F.);
#385 = ORIENTED_EDGE('',*,*,#386,.T.);
#386 = EDGE_CURVE('',#85,#387,#389,.T.);
#387 = VERTEX_POINT('',#388);
#388 = CARTESIAN_POINT('',(63.9,-24.,0.3));
#389 = SURFACE_CURVE('',#390,(#395,#402),.PCURVE_S1.);
#390 = CIRCLE('',#391,9.9);
#391 = AXIS2_PLACEMENT_3D('',#392,#393,#394);
#392 = CARTESIAN_POINT('',(54.,-24.,0.3));
#393 = DIRECTION('',(0.,0.,1.));
#394 = DIRECTION('',(0.,-1.,0.));
#395 = PCURVE('',#100,#396);
#396 = DEFINITIONAL_REPRESENTATION('',(#397),#401);
#397 = LINE('',#398,#399);
#398 = CARTESIAN_POINT('',(0.,0.3));
#399 = VECTOR('',#400,1.);
#400 = DIRECTION('',(1.,0.));
#401 = ( GEOMETRIC_REPRESENTATION_CONTEXT(2) 
PARAMETRIC_REPRESENTATION_CONTEXT() REPRESENTATION_CONTEXT('2D SPACE',''
  ) );
#402 = PCURVE('',#266,#403);
#403 = DEFINITIONAL_REPRESENTATION('',(#404),#408);
#404 = LINE('',#405,#406);
#405 = CARTESIAN_POINT('',(0.,-0.));
#406 = VECTOR('',#407,1.);
#407 = DIRECTION('',(1.,-0.));
#408 = ( GEOMETRIC_REPRESENTATION_CONTEXT(2) 
PARAMETRIC_REPRESENTATION_CONTEXT() REPRESENTATION_CONTEXT('2D SPACE',''
  ) );
#409 = ORIENTED_EDGE('',*,*,#410,.T.);
#410 = EDGE_CURVE('',#387,#411,#413,.T.);
#411 = VERTEX_POINT('',#412);
#412 = CARTESIAN_POINT('',(63.9,-24.,6.));
#413 = SURFACE_CURVE('',#414,(#418,#425),.PCURVE_S1.);
#414 = LINE('',#415,#416);
#415 = CARTESIAN_POINT('',(63.9,-24.,0.));
#416 = VECTOR('',#417,1.);
#417 = DIRECTION('',(0.,0.,1.));
#418 = PCURVE('',#100,#419);
#419 = DEFINITIONAL_REPRESENTATION('',(#420),#424);
#420 = LINE('',#421,#422);
#421 = CARTESIAN_POINT('',(1.570796326795,0.));
#422 = VECTOR('',#423,1.);
#423 = DIRECTION('',(0.,1.));
#424 = ( GEOMETRIC_REPRESENTATION_CONTEXT(2) 
PARAMETRIC_REPRESENTATION_CONTEXT() REPRESENTATION_CONTEXT('2D SPACE',''
  ) );
#425 = PCURVE('',#426,#431);
#426 = PLANE('',#427);
#427 = AXIS2_PLACEMENT_3D('',#428,#429,#430);
#428 = CARTESIAN_POINT('',(63.9,-33.9,0.));
#429 = DIRECTION('',(-1.,0.,0.));
#430 = DIRECTION('',(0.,1.,0.));
#431 = DEFINITIONAL_REPRESENTATION('',(#432),#436);
#432 = LINE('',#433,#434);
#433 = CARTESIAN_POINT('',(9.9,0.));
#434 = VECTOR('',#435,1.);
#435 = DIRECTION('',(0.,-1.));
#436 = ( GEOMETRIC_REPRESENTATION_CONTEXT(2) 
PARAMETRIC_REPRESENTATION_CONTEXT() REPRESENTATION_CONTEXT('2D SPACE',''
  ) );
#437 = ORIENTED_EDGE('',*,*,#438,.F.);
#438 = EDGE_CURVE('',#57,#411,#439,.T.);
#439 = SURFACE_CURVE('',#440,(#445,#452),.PCURVE_S1.);
#440 = CIRCLE('',#441,9.9);
#441 = AXIS2_PLACEMENT_3D('',#442,#443,#444);
#442 = CARTESIAN_POINT('',(54.,-24.,6.));
#443 = DIRECTION('',(0.,0.,1.));
#444 = DIRECTION('',(0.,-1.,0.));
#445 = PCURVE('',#100,#446);
#446 = DEFINITIONAL_REPRESENTATION('',(#447),#451);
#447 = LINE('',#448,#449);
#448 = CARTESIAN_POINT('',(0.,6.));
#449 = VECTOR('',#450,1.);
#450 = DIRECTION('',(1.,0.));
#451 = ( GEOMETRIC_REPRESENTATION_CONTEXT(2) 
PARAMETRIC_REPRESENTATION_CONTEXT() REPRESENTATION_CONTEXT('2D SPACE',''
  ) );
#452 = PCURVE('',#370,#453);
#453 = DEFINITIONAL_REPRESENTATION('',(#454),#458);
#454 = LINE('',#455,#456);
#455 = CARTESIAN_POINT('',(0.,0.));
#456 = VECTOR('',#457,1.);
#457 = DIRECTION('',(1.,0.));
#458 = ( GEOMETRIC_REPRESENTATION_CONTEXT(2) 
PARAMETRIC_REPRESENTATION_CONTEXT() REPRESENTATION_CONTEXT('2D SPACE',''
  ) );
#459 = ADVANCED_FACE('',(#460),#159,.T.);
#460 = FACE_BOUND('',#461,.F.);
#461 = EDGE_LOOP('',(#462,#488,#489,#490));
#462 = ORIENTED_EDGE('',*,*,#463,.F.);
#463 = EDGE_CURVE('',#143,#464,#466,.T.);
#464 = VERTEX_POINT('',#465);
#465 = CARTESIAN_POINT('',(-63.6,-24.,2.192690473635E-15));
#466 = SURFACE_CURVE('',#467,(#471,#477),.PCURVE_S1.);
#467 = LINE('',#468,#469);
#468 = CARTESIAN_POINT('',(-63.75,-24.,0.15));
#469 = VECTOR('',#470,1.);
#470 = DIRECTION('',(0.707106781187,-0.,-0.707106781187));
#471 = PCURVE('',#159,#472);
#472 = DEFINITIONAL_REPRESENTATION('',(#473),#476);
#473 = B_SPLINE_CURVE_WITH_KNOTS('',1,(#474,#475),.UNSPECIFIED.,.F.,.F.,
  (2,2),(-0.212132034356,0.212132034356),.PIECEWISE_BEZIER_KNOTS.);
#474 = CARTESIAN_POINT('',(0.,0.));
#475 = CARTESIAN_POINT('',(0.,-0.3));
#476 = ( GEOMETRIC_REPRESENTATION_CONTEXT(2) 
PARAMETRIC_REPRESENTATION_CONTEXT() REPRESENTATION_CONTEXT('2D SPACE',''
  ) );
#477 = PCURVE('',#478,#483);
#478 = PLANE('',#479);
#479 = AXIS2_PLACEMENT_3D('',#480,#481,#482);
#480 = CARTESIAN_POINT('',(-63.75,24.,0.15));
#481 = DIRECTION('',(-0.707106781187,-3.472568050348E-18,-0.707106781187
    ));
#482 = DIRECTION('',(-2.455476416533E-18,1.,-2.455476416532E-18));
#483 = DEFINITIONAL_REPRESENTATION('',(#484),#487);
#484 = B_SPLINE_CURVE_WITH_KNOTS('',1,(#485,#486),.UNSPECIFIED.,.F.,.F.,
  (2,2),(-0.212132034356,0.212132034356),.PIECEWISE_BEZIER_KNOTS.);
#485 = CARTESIAN_POINT('',(-48.,-0.212132034356));
#486 = CARTESIAN_POINT('',(-48.,0.212132034356));
#487 = ( GEOMETRIC_REPRESENTATION_CONTEXT(2) 
PARAMETRIC_REPRESENTATION_CONTEXT() REPRESENTATION_CONTEXT('2D SPACE',''
  ) );
#488 = ORIENTED_EDGE('',*,*,#142,.T.);
#489 = ORIENTED_EDGE('',*,*,#229,.T.);
#490 = ORIENTED_EDGE('',*,*,#491,.F.);
#491 = EDGE_CURVE('',#464,#230,#492,.T.);
#492 = SURFACE_CURVE('',#493,(#498,#505),.PCURVE_S1.);
#493 = CIRCLE('',#494,9.6);
#494 = AXIS2_PLACEMENT_3D('',#495,#496,#497);
#495 = CARTESIAN_POINT('',(-54.,-24.,0.));
#496 = DIRECTION('',(0.,0.,1.));
#497 = DIRECTION('',(-1.,0.,0.));
#498 = PCURVE('',#159,#499);
#499 = DEFINITIONAL_REPRESENTATION('',(#500),#504);
#500 = LINE('',#501,#502);
#501 = CARTESIAN_POINT('',(0.,-0.3));
#502 = VECTOR('',#503,1.);
#503 = DIRECTION('',(1.,-0.));
#504 = ( GEOMETRIC_REPRESENTATION_CONTEXT(2) 
PARAMETRIC_REPRESENTATION_CONTEXT() REPRESENTATION_CONTEXT('2D SPACE',''
  ) );
#505 = PCURVE('',#291,#506);
#506 = DEFINITIONAL_REPRESENTATION('',(#507),#511);
#507 = CIRCLE('',#508,9.6);
#508 = AXIS2_PLACEMENT_2D('',#509,#510);
#509 = CARTESIAN_POINT('',(-54.,-24.));
#510 = DIRECTION('',(-1.,0.));
#511 = ( GEOMETRIC_REPRESENTATION_CONTEXT(2) 
PARAMETRIC_REPRESENTATION_CONTEXT() REPRESENTATION_CONTEXT('2D SPACE',''
  ) );
#512 = ADVANCED_FACE('',(#513),#214,.T.);
#513 = FACE_BOUND('',#514,.T.);
#514 = EDGE_LOOP('',(#515,#542,#543,#544));
#515 = ORIENTED_EDGE('',*,*,#516,.F.);
#516 = EDGE_CURVE('',#172,#517,#519,.T.);
#517 = VERTEX_POINT('',#518);
#518 = CARTESIAN_POINT('',(-61.9,-24.,8.));
#519 = SURFACE_CURVE('',#520,(#525,#531),.PCURVE_S1.);
#520 = CIRCLE('',#521,2.);
#521 = AXIS2_PLACEMENT_3D('',#522,#523,#524);
#522 = CARTESIAN_POINT('',(-61.9,-24.,6.));
#523 = DIRECTION('',(-0.,1.,0.));
#524 = DIRECTION('',(-1.,-0.,0.));
#525 = PCURVE('',#214,#526);
#526 = DEFINITIONAL_REPRESENTATION('',(#527),#530);
#527 = B_SPLINE_CURVE_WITH_KNOTS('',1,(#528,#529),.UNSPECIFIED.,.F.,.F.,
  (2,2),(0.,1.570796326795),.PIECEWISE_BEZIER_KNOTS.);
#528 = CARTESIAN_POINT('',(0.,0.));
#529 = CARTESIAN_POINT('',(0.,1.570796326795));
#530 = ( GEOMETRIC_REPRESENTATION_CONTEXT(2) 
PARAMETRIC_REPRESENTATION_CONTEXT() REPRESENTATION_CONTEXT('2D SPACE',''
  ) );
#531 = PCURVE('',#532,#537);
#532 = CYLINDRICAL_SURFACE('',#533,2.);
#533 = AXIS2_PLACEMENT_3D('',#534,#535,#536);
#534 = CARTESIAN_POINT('',(-61.9,24.,6.));
#535 = DIRECTION('',(0.,-1.,0.));
#536 = DIRECTION('',(-1.,-0.,0.));
#537 = DEFINITIONAL_REPRESENTATION('',(#538),#541);
#538 = B_SPLINE_CURVE_WITH_KNOTS('',1,(#539,#540),.UNSPECIFIED.,.F.,.F.,
  (2,2),(0.,1.570796326795),.PIECEWISE_BEZIER_KNOTS.);
#539 = CARTESIAN_POINT('',(0.,48.));
#540 = CARTESIAN_POINT('',(-1.570796326795,48.));
#541 = ( GEOMETRIC_REPRESENTATION_CONTEXT(2) 
PARAMETRIC_REPRESENTATION_CONTEXT() REPRESENTATION_CONTEXT('2D SPACE',''
  ) );
#542 = ORIENTED_EDGE('',*,*,#199,.T.);
#543 = ORIENTED_EDGE('',*,*,#306,.T.);
#544 = ORIENTED_EDGE('',*,*,#545,.F.);
#545 = EDGE_CURVE('',#517,#307,#546,.T.);
#546 = SURFACE_CURVE('',#547,(#552,#559),.PCURVE_S1.);
#547 = CIRCLE('',#548,7.9);
#548 = AXIS2_PLACEMENT_3D('',#549,#550,#551);
#549 = CARTESIAN_POINT('',(-54.,-24.,8.));
#550 = DIRECTION('',(0.,0.,1.));
#551 = DIRECTION('',(-1.,0.,0.));
#552 = PCURVE('',#214,#553);
#553 = DEFINITIONAL_REPRESENTATION('',(#554),#558);
#554 = LINE('',#555,#556);
#555 = CARTESIAN_POINT('',(0.,1.570796326795));
#556 = VECTOR('',#557,1.);
#557 = DIRECTION('',(1.,0.));
#558 = ( GEOMETRIC_REPRESENTATION_CONTEXT(2) 
PARAMETRIC_REPRESENTATION_CONTEXT() REPRESENTATION_CONTEXT('2D SPACE',''
  ) );
#559 = PCURVE('',#344,#560);
#560 = DEFINITIONAL_REPRESENTATION('',(#561),#565);
#561 = CIRCLE('',#562,7.9);
#562 = AXIS2_PLACEMENT_2D('',#563,#564);
#563 = CARTESIAN_POINT('',(-54.,-24.));
#564 = DIRECTION('',(-1.,0.));
#565 = ( GEOMETRIC_REPRESENTATION_CONTEXT(2) 
PARAMETRIC_REPRESENTATION_CONTEXT() REPRESENTATION_CONTEXT('2D SPACE',''
  ) );
#566 = ADVANCED_FACE('',(#567),#187,.F.);
#567 = FACE_BOUND('',#568,.F.);
#568 = EDGE_LOOP('',(#569,#599,#620,#621));
#569 = ORIENTED_EDGE('',*,*,#570,.T.);
#570 = EDGE_CURVE('',#571,#573,#575,.T.);
#571 = VERTEX_POINT('',#572);
#572 = CARTESIAN_POINT('',(-63.9,24.,0.3));
#573 = VERTEX_POINT('',#574);
#574 = CARTESIAN_POINT('',(-63.9,24.,6.));
#575 = SURFACE_CURVE('',#576,(#580,#587),.PCURVE_S1.);
#576 = LINE('',#577,#578);
#577 = CARTESIAN_POINT('',(-63.9,24.,0.));
#578 = VECTOR('',#579,1.);
#579 = DIRECTION('',(0.,0.,1.));
#580 = PCURVE('',#187,#581);
#581 = DEFINITIONAL_REPRESENTATION('',(#582),#586);
#582 = LINE('',#583,#584);
#583 = CARTESIAN_POINT('',(9.9,0.));
#584 = VECTOR('',#585,1.);
#585 = DIRECTION('',(0.,-1.));
#586 = ( GEOMETRIC_REPRESENTATION_CONTEXT(2) 
PARAMETRIC_REPRESENTATION_CONTEXT() REPRESENTATION_CONTEXT('2D SPACE',''
  ) );
#587 = PCURVE('',#588,#593);
#588 = CYLINDRICAL_SURFACE('',#589,9.9);
#589 = AXIS2_PLACEMENT_3D('',#590,#591,#592);
#590 = CARTESIAN_POINT('',(-54.,24.,0.));
#591 = DIRECTION('',(0.,0.,1.));
#592 = DIRECTION('',(-0.,1.,0.));
#593 = DEFINITIONAL_REPRESENTATION('',(#594),#598);
#594 = LINE('',#595,#596);
#595 = CARTESIAN_POINT('',(1.570796326795,0.));
#596 = VECTOR('',#597,1.);
#597 = DIRECTION('',(0.,1.));
#598 = ( GEOMETRIC_REPRESENTATION_CONTEXT(2) 
PARAMETRIC_REPRESENTATION_CONTEXT() REPRESENTATION_CONTEXT('2D SPACE',''
  ) );
#599 = ORIENTED_EDGE('',*,*,#600,.T.);
#600 = EDGE_CURVE('',#573,#172,#601,.T.);
#601 = SURFACE_CURVE('',#602,(#606,#613),.PCURVE_S1.);
#602 = LINE('',#603,#604);
#603 = CARTESIAN_POINT('',(-63.9,24.,6.));
#604 = VECTOR('',#605,1.);
#605 = DIRECTION('',(0.,-1.,0.));
#606 = PCURVE('',#187,#607);
#607 = DEFINITIONAL_REPRESENTATION('',(#608),#612);
#608 = LINE('',#609,#610);
#609 = CARTESIAN_POINT('',(9.9,-6.));
#610 = VECTOR('',#611,1.);
#611 = DIRECTION('',(1.,0.));
#612 = ( GEOMETRIC_REPRESENTATION_CONTEXT(2) 
PARAMETRIC_REPRESENTATION_CONTEXT() REPRESENTATION_CONTEXT('2D SPACE',''
  ) );
#613 = PCURVE('',#532,#614);
#614 = DEFINITIONAL_REPRESENTATION('',(#615),#619);
#615 = LINE('',#616,#617);
#616 = CARTESIAN_POINT('',(-0.,0.));
#617 = VECTOR('',#618,1.);
#618 = DIRECTION('',(-0.,1.));
#619 = ( GEOMETRIC_REPRESENTATION_CONTEXT(2) 
PARAMETRIC_REPRESENTATION_CONTEXT() REPRESENTATION_CONTEXT('2D SPACE',''
  ) );
#620 = ORIENTED_EDGE('',*,*,#171,.F.);
#621 = ORIENTED_EDGE('',*,*,#622,.F.);
#622 = EDGE_CURVE('',#571,#143,#623,.T.);
#623 = SURFACE_CURVE('',#624,(#628,#635),.PCURVE_S1.);
#624 = LINE('',#625,#626);
#625 = CARTESIAN_POINT('',(-63.9,24.,0.3));
#626 = VECTOR('',#627,1.);
#627 = DIRECTION('',(0.,-1.,0.));
#628 = PCURVE('',#187,#629);
#629 = DEFINITIONAL_REPRESENTATION('',(#630),#634);
#630 = LINE('',#631,#632);
#631 = CARTESIAN_POINT('',(9.9,-0.3));
#632 = VECTOR('',#633,1.);
#633 = DIRECTION('',(1.,0.));
#634 = ( GEOMETRIC_REPRESENTATION_CONTEXT(2) 
PARAMETRIC_REPRESENTATION_CONTEXT() REPRESENTATION_CONTEXT('2D SPACE',''
  ) );
#635 = PCURVE('',#478,#636);
#636 = DEFINITIONAL_REPRESENTATION('',(#637),#641);
#637 = LINE('',#638,#639);
#638 = CARTESIAN_POINT('',(-0.,-0.212132034356));
#639 = VECTOR('',#640,1.);
#640 = DIRECTION('',(-1.,0.));
#641 = ( GEOMETRIC_REPRESENTATION_CONTEXT(2) 
PARAMETRIC_REPRESENTATION_CONTEXT() REPRESENTATION_CONTEXT('2D SPACE',''
  ) );
#642 = ADVANCED_FACE('',(#643,#806,#1474),#291,.F.);
#643 = FACE_BOUND('',#644,.F.);
#644 = EDGE_LOOP('',(#645,#646,#670,#698,#727,#755,#784,#805));
#645 = ORIENTED_EDGE('',*,*,#277,.T.);
#646 = ORIENTED_EDGE('',*,*,#647,.T.);
#647 = EDGE_CURVE('',#252,#648,#650,.T.);
#648 = VERTEX_POINT('',#649);
#649 = CARTESIAN_POINT('',(63.6,-24.,-1.387778780781E-15));
#650 = SURFACE_CURVE('',#651,(#656,#663),.PCURVE_S1.);
#651 = CIRCLE('',#652,9.6);
#652 = AXIS2_PLACEMENT_3D('',#653,#654,#655);
#653 = CARTESIAN_POINT('',(54.,-24.,0.));
#654 = DIRECTION('',(0.,0.,1.));
#655 = DIRECTION('',(0.,-1.,0.));
#656 = PCURVE('',#291,#657);
#657 = DEFINITIONAL_REPRESENTATION('',(#658),#662);
#658 = CIRCLE('',#659,9.6);
#659 = AXIS2_PLACEMENT_2D('',#660,#661);
#660 = CARTESIAN_POINT('',(54.,-24.));
#661 = DIRECTION('',(0.,-1.));
#662 = ( GEOMETRIC_REPRESENTATION_CONTEXT(2) 
PARAMETRIC_REPRESENTATION_CONTEXT() REPRESENTATION_CONTEXT('2D SPACE',''
  ) );
#663 = PCURVE('',#266,#664);
#664 = DEFINITIONAL_REPRESENTATION('',(#665),#669);
#665 = LINE('',#666,#667);
#666 = CARTESIAN_POINT('',(0.,-0.3));
#667 = VECTOR('',#668,1.);
#668 = DIRECTION('',(1.,-0.));
#669 = ( GEOMETRIC_REPRESENTATION_CONTEXT(2) 
PARAMETRIC_REPRESENTATION_CONTEXT() REPRESENTATION_CONTEXT('2D SPACE',''
  ) );
#670 = ORIENTED_EDGE('',*,*,#671,.T.);
#671 = EDGE_CURVE('',#648,#672,#674,.T.);
#672 = VERTEX_POINT('',#673);
#673 = CARTESIAN_POINT('',(63.6,24.,2.192690473635E-15));
#674 = SURFACE_CURVE('',#675,(#679,#686),.PCURVE_S1.);
#675 = LINE('',#676,#677);
#676 = CARTESIAN_POINT('',(63.6,-24.,0.));
#677 = VECTOR('',#678,1.);
#678 = DIRECTION('',(0.,1.,0.));
#679 = PCURVE('',#291,#680);
#680 = DEFINITIONAL_REPRESENTATION('',(#681),#685);
#681 = LINE('',#682,#683);
#682 = CARTESIAN_POINT('',(63.6,-24.));
#683 = VECTOR('',#684,1.);
#684 = DIRECTION('',(0.,1.));
#685 = ( GEOMETRIC_REPRESENTATION_CONTEXT(2) 
PARAMETRIC_REPRESENTATION_CONTEXT() REPRESENTATION_CONTEXT('2D SPACE',''
  ) );
#686 = PCURVE('',#687,#692);
#687 = PLANE('',#688);
#688 = AXIS2_PLACEMENT_3D('',#689,#690,#691);
#689 = CARTESIAN_POINT('',(63.75,-24.,0.15));
#690 = DIRECTION('',(0.707106781187,3.472568050348E-18,-0.707106781187)
  );
#691 = DIRECTION('',(2.455476416533E-18,-1.,-2.455476416532E-18));
#692 = DEFINITIONAL_REPRESENTATION('',(#693),#697);
#693 = LINE('',#694,#695);
#694 = CARTESIAN_POINT('',(-0.,0.212132034356));
#695 = VECTOR('',#696,1.);
#696 = DIRECTION('',(-1.,0.));
#697 = ( GEOMETRIC_REPRESENTATION_CONTEXT(2) 
PARAMETRIC_REPRESENTATION_CONTEXT() REPRESENTATION_CONTEXT('2D SPACE',''
  ) );
#698 = ORIENTED_EDGE('',*,*,#699,.T.);
#699 = EDGE_CURVE('',#672,#700,#702,.T.);
#700 = VERTEX_POINT('',#701);
#701 = CARTESIAN_POINT('',(54.,33.6,-1.387778780781E-15));
#702 = SURFACE_CURVE('',#703,(#708,#715),.PCURVE_S1.);
#703 = CIRCLE('',#704,9.6);
#704 = AXIS2_PLACEMENT_3D('',#705,#706,#707);
#705 = CARTESIAN_POINT('',(54.,24.,0.));
#706 = DIRECTION('',(0.,0.,1.));
#707 = DIRECTION('',(1.,0.,-0.));
#708 = PCURVE('',#291,#709);
#709 = DEFINITIONAL_REPRESENTATION('',(#710),#714);
#710 = CIRCLE('',#711,9.6);
#711 = AXIS2_PLACEMENT_2D('',#712,#713);
#712 = CARTESIAN_POINT('',(54.,24.));
#713 = DIRECTION('',(1.,0.));
#714 = ( GEOMETRIC_REPRESENTATION_CONTEXT(2) 
PARAMETRIC_REPRESENTATION_CONTEXT() REPRESENTATION_CONTEXT('2D SPACE',''
  ) );
#715 = PCURVE('',#716,#721);
#716 = CONICAL_SURFACE('',#717,9.9,0.785398163397);
#717 = AXIS2_PLACEMENT_3D('',#718,#719,#720);
#718 = CARTESIAN_POINT('',(54.,24.,0.3));
#719 = DIRECTION('',(0.,0.,1.));
#720 = DIRECTION('',(1.,0.,-0.));
#721 = DEFINITIONAL_REPRESENTATION('',(#722),#726);
#722 = LINE('',#723,#724);
#723 = CARTESIAN_POINT('',(0.,-0.3));
#724 = VECTOR('',#725,1.);
#725 = DIRECTION('',(1.,-0.));
#726 = ( GEOMETRIC_REPRESENTATION_CONTEXT(2) 
PARAMETRIC_REPRESENTATION_CONTEXT() REPRESENTATION_CONTEXT('2D SPACE',''
  ) );
#727 = ORIENTED_EDGE('',*,*,#728,.T.);
#728 = EDGE_CURVE('',#700,#729,#731,.T.);
#729 = VERTEX_POINT('',#730);
#730 = CARTESIAN_POINT('',(-54.,33.6,-2.6645352591E-15));
#731 = SURFACE_CURVE('',#732,(#736,#743),.PCURVE_S1.);
#732 = LINE('',#733,#734);
#733 = CARTESIAN_POINT('',(54.,33.6,0.));
#734 = VECTOR('',#735,1.);
#735 = DIRECTION('',(-1.,0.,0.));
#736 = PCURVE('',#291,#737);
#737 = DEFINITIONAL_REPRESENTATION('',(#738),#742);
#738 = LINE('',#739,#740);
#739 = CARTESIAN_POINT('',(54.,33.6));
#740 = VECTOR('',#741,1.);
#741 = DIRECTION('',(-1.,0.));
#742 = ( GEOMETRIC_REPRESENTATION_CONTEXT(2) 
PARAMETRIC_REPRESENTATION_CONTEXT() REPRESENTATION_CONTEXT('2D SPACE',''
  ) );
#743 = PCURVE('',#744,#749);
#744 = PLANE('',#745);
#745 = AXIS2_PLACEMENT_3D('',#746,#747,#748);
#746 = CARTESIAN_POINT('',(54.,33.75,0.15));
#747 = DIRECTION('',(-3.472568050348E-18,0.707106781187,-0.707106781187)
  );
#748 = DIRECTION('',(1.,2.455476416533E-18,-2.455476416532E-18));
#749 = DEFINITIONAL_REPRESENTATION('',(#750),#754);
#750 = LINE('',#751,#752);
#751 = CARTESIAN_POINT('',(-0.,0.212132034356));
#752 = VECTOR('',#753,1.);
#753 = DIRECTION('',(-1.,0.));
#754 = ( GEOMETRIC_REPRESENTATION_CONTEXT(2) 
PARAMETRIC_REPRESENTATION_CONTEXT() REPRESENTATION_CONTEXT('2D SPACE',''
  ) );
#755 = ORIENTED_EDGE('',*,*,#756,.T.);
#756 = EDGE_CURVE('',#729,#757,#759,.T.);
#757 = VERTEX_POINT('',#758);
#758 = CARTESIAN_POINT('',(-63.6,24.,-1.387778780781E-15));
#759 = SURFACE_CURVE('',#760,(#765,#772),.PCURVE_S1.);
#760 = CIRCLE('',#761,9.6);
#761 = AXIS2_PLACEMENT_3D('',#762,#763,#764);
#762 = CARTESIAN_POINT('',(-54.,24.,0.));
#763 = DIRECTION('',(0.,-0.,1.));
#764 = DIRECTION('',(0.,1.,0.));
#765 = PCURVE('',#291,#766);
#766 = DEFINITIONAL_REPRESENTATION('',(#767),#771);
#767 = CIRCLE('',#768,9.6);
#768 = AXIS2_PLACEMENT_2D('',#769,#770);
#769 = CARTESIAN_POINT('',(-54.,24.));
#770 = DIRECTION('',(0.,1.));
#771 = ( GEOMETRIC_REPRESENTATION_CONTEXT(2) 
PARAMETRIC_REPRESENTATION_CONTEXT() REPRESENTATION_CONTEXT('2D SPACE',''
  ) );
#772 = PCURVE('',#773,#778);
#773 = CONICAL_SURFACE('',#774,9.9,0.785398163397);
#774 = AXIS2_PLACEMENT_3D('',#775,#776,#777);
#775 = CARTESIAN_POINT('',(-54.,24.,0.3));
#776 = DIRECTION('',(0.,0.,1.));
#777 = DIRECTION('',(0.,1.,0.));
#778 = DEFINITIONAL_REPRESENTATION('',(#779),#783);
#779 = LINE('',#780,#781);
#780 = CARTESIAN_POINT('',(0.,-0.3));
#781 = VECTOR('',#782,1.);
#782 = DIRECTION('',(1.,-0.));
#783 = ( GEOMETRIC_REPRESENTATION_CONTEXT(2) 
PARAMETRIC_REPRESENTATION_CONTEXT() REPRESENTATION_CONTEXT('2D SPACE',''
  ) );
#784 = ORIENTED_EDGE('',*,*,#785,.T.);
#785 = EDGE_CURVE('',#757,#464,#786,.T.);
#786 = SURFACE_CURVE('',#787,(#791,#798),.PCURVE_S1.);
#787 = LINE('',#788,#789);
#788 = CARTESIAN_POINT('',(-63.6,24.,0.));
#789 = VECTOR('',#790,1.);
#790 = DIRECTION('',(0.,-1.,0.));
#791 = PCURVE('',#291,#792);
#792 = DEFINITIONAL_REPRESENTATION('',(#793),#797);
#793 = LINE('',#794,#795);
#794 = CARTESIAN_POINT('',(-63.6,24.));
#795 = VECTOR('',#796,1.);
#796 = DIRECTION('',(0.,-1.));
#797 = ( GEOMETRIC_REPRESENTATION_CONTEXT(2) 
PARAMETRIC_REPRESENTATION_CONTEXT() REPRESENTATION_CONTEXT('2D SPACE',''
  ) );
#798 = PCURVE('',#478,#799);
#799 = DEFINITIONAL_REPRESENTATION('',(#800),#804);
#800 = LINE('',#801,#802);
#801 = CARTESIAN_POINT('',(-0.,0.212132034356));
#802 = VECTOR('',#803,1.);
#803 = DIRECTION('',(-1.,0.));
#804 = ( GEOMETRIC_REPRESENTATION_CONTEXT(2) 
PARAMETRIC_REPRESENTATION_CONTEXT() REPRESENTATION_CONTEXT('2D SPACE',''
  ) );
#805 = ORIENTED_EDGE('',*,*,#491,.T.);
#806 = FACE_BOUND('',#807,.F.);
#807 = EDGE_LOOP('',(#808,#838,#871,#904,#932,#960,#989,#1022,#1046,
    #1074,#1101,#1134,#1163,#1189,#1218,#1251,#1278,#1307,#1334,#1363,
    #1390,#1419,#1447));
#808 = ORIENTED_EDGE('',*,*,#809,.F.);
#809 = EDGE_CURVE('',#810,#812,#814,.T.);
#810 = VERTEX_POINT('',#811);
#811 = CARTESIAN_POINT('',(-54.,-30.35,0.));
#812 = VERTEX_POINT('',#813);
#813 = CARTESIAN_POINT('',(54.,-30.35,0.));
#814 = SURFACE_CURVE('',#815,(#819,#826),.PCURVE_S1.);
#815 = LINE('',#816,#817);
#816 = CARTESIAN_POINT('',(-60.35,-30.35,0.));
#817 = VECTOR('',#818,1.);
#818 = DIRECTION('',(1.,0.,0.));
#819 = PCURVE('',#291,#820);
#820 = DEFINITIONAL_REPRESENTATION('',(#821),#825);
#821 = LINE('',#822,#823);
#822 = CARTESIAN_POINT('',(-60.35,-30.35));
#823 = VECTOR('',#824,1.);
#824 = DIRECTION('',(1.,0.));
#825 = ( GEOMETRIC_REPRESENTATION_CONTEXT(2) 
PARAMETRIC_REPRESENTATION_CONTEXT() REPRESENTATION_CONTEXT('2D SPACE',''
  ) );
#826 = PCURVE('',#827,#832);
#827 = PLANE('',#828);
#828 = AXIS2_PLACEMENT_3D('',#829,#830,#831);
#829 = CARTESIAN_POINT('',(-60.35,-30.35,-3.));
#830 = DIRECTION('',(0.,1.,0.));
#831 = DIRECTION('',(1.,0.,0.));
#832 = DEFINITIONAL_REPRESENTATION('',(#833),#837);
#833 = LINE('',#834,#835);
#834 = CARTESIAN_POINT('',(0.,-3.));
#835 = VECTOR('',#836,1.);
#836 = DIRECTION('',(1.,0.));
#837 = ( GEOMETRIC_REPRESENTATION_CONTEXT(2) 
PARAMETRIC_REPRESENTATION_CONTEXT() REPRESENTATION_CONTEXT('2D SPACE',''
  ) );
#838 = ORIENTED_EDGE('',*,*,#839,.T.);
#839 = EDGE_CURVE('',#810,#840,#842,.T.);
#840 = VERTEX_POINT('',#841);
#841 = CARTESIAN_POINT('',(-57.10470018687,-29.53925416907,
    8.881784197001E-16));
#842 = SURFACE_CURVE('',#843,(#848,#859),.PCURVE_S1.);
#843 = CIRCLE('',#844,6.35);
#844 = AXIS2_PLACEMENT_3D('',#845,#846,#847);
#845 = CARTESIAN_POINT('',(-54.,-24.,8.881784197001E-16));
#846 = DIRECTION('',(-0.,-0.,-1.));
#847 = DIRECTION('',(0.,-1.,0.));
#848 = PCURVE('',#291,#849);
#849 = DEFINITIONAL_REPRESENTATION('',(#850),#858);
#850 = ( BOUNDED_CURVE() B_SPLINE_CURVE(2,(#851,#852,#853,#854,#855,#856
,#857),.UNSPECIFIED.,.T.,.F.) B_SPLINE_CURVE_WITH_KNOTS((1,2,2,2,2,1),(
    -2.094395102393,0.,2.094395102393,4.188790204786,6.28318530718,
8.377580409573),.UNSPECIFIED.) CURVE() GEOMETRIC_REPRESENTATION_ITEM() 
RATIONAL_B_SPLINE_CURVE((1.,0.5,1.,0.5,1.,0.5,1.)) REPRESENTATION_ITEM(
  '') );
#851 = CARTESIAN_POINT('',(-54.,-30.35));
#852 = CARTESIAN_POINT('',(-64.99852262806,-30.35));
#853 = CARTESIAN_POINT('',(-59.49926131403,-20.825));
#854 = CARTESIAN_POINT('',(-54.,-11.3));
#855 = CARTESIAN_POINT('',(-48.50073868596,-20.825));
#856 = CARTESIAN_POINT('',(-43.00147737193,-30.35));
#857 = CARTESIAN_POINT('',(-54.,-30.35));
#858 = ( GEOMETRIC_REPRESENTATION_CONTEXT(2) 
PARAMETRIC_REPRESENTATION_CONTEXT() REPRESENTATION_CONTEXT('2D SPACE',''
  ) );
#859 = PCURVE('',#860,#865);
#860 = CYLINDRICAL_SURFACE('',#861,6.35);
#861 = AXIS2_PLACEMENT_3D('',#862,#863,#864);
#862 = CARTESIAN_POINT('',(-54.,-24.,-3.));
#863 = DIRECTION('',(0.,0.,1.));
#864 = DIRECTION('',(0.,-1.,0.));
#865 = DEFINITIONAL_REPRESENTATION('',(#866),#870);
#866 = LINE('',#867,#868);
#867 = CARTESIAN_POINT('',(-0.,3.));
#868 = VECTOR('',#869,1.);
#869 = DIRECTION('',(-1.,0.));
#870 = ( GEOMETRIC_REPRESENTATION_CONTEXT(2) 
PARAMETRIC_REPRESENTATION_CONTEXT() REPRESENTATION_CONTEXT('2D SPACE',''
  ) );
#871 = ORIENTED_EDGE('',*,*,#872,.T.);
#872 = EDGE_CURVE('',#840,#873,#875,.T.);
#873 = VERTEX_POINT('',#874);
#874 = CARTESIAN_POINT('',(-59.39586743405,-27.34770288916,
    8.881784197001E-16));
#875 = SURFACE_CURVE('',#876,(#881,#892),.PCURVE_S1.);
#876 = CIRCLE('',#877,1.6);
#877 = AXIS2_PLACEMENT_3D('',#878,#879,#880);
#878 = CARTESIAN_POINT('',(-58.4,-28.6,0.));
#879 = DIRECTION('',(0.,0.,-1.));
#880 = DIRECTION('',(1.,0.,0.));
#881 = PCURVE('',#291,#882);
#882 = DEFINITIONAL_REPRESENTATION('',(#883),#891);
#883 = ( BOUNDED_CURVE() B_SPLINE_CURVE(2,(#884,#885,#886,#887,#888,#889
,#890),.UNSPECIFIED.,.T.,.F.) B_SPLINE_CURVE_WITH_KNOTS((1,2,2,2,2,1),(
    -2.094395102393,0.,2.094395102393,4.188790204786,6.28318530718,
8.377580409573),.UNSPECIFIED.) CURVE() GEOMETRIC_REPRESENTATION_ITEM() 
RATIONAL_B_SPLINE_CURVE((1.,0.5,1.,0.5,1.,0.5,1.)) REPRESENTATION_ITEM(
  '') );
#884 = CARTESIAN_POINT('',(-56.8,-28.6));
#885 = CARTESIAN_POINT('',(-56.8,-31.37128129211));
#886 = CARTESIAN_POINT('',(-59.2,-29.98564064605));
#887 = CARTESIAN_POINT('',(-61.6,-28.6));
#888 = CARTESIAN_POINT('',(-59.2,-27.21435935394));
#889 = CARTESIAN_POINT('',(-56.8,-25.82871870789));
#890 = CARTESIAN_POINT('',(-56.8,-28.6));
#891 = ( GEOMETRIC_REPRESENTATION_CONTEXT(2) 
PARAMETRIC_REPRESENTATION_CONTEXT() REPRESENTATION_CONTEXT('2D SPACE',''
  ) );
#892 = PCURVE('',#893,#898);
#893 = CYLINDRICAL_SURFACE('',#894,1.6);
#894 = AXIS2_PLACEMENT_3D('',#895,#896,#897);
#895 = CARTESIAN_POINT('',(-58.4,-28.6,-0.1));
#896 = DIRECTION('',(-0.,-0.,-1.));
#897 = DIRECTION('',(1.,0.,0.));
#898 = DEFINITIONAL_REPRESENTATION('',(#899),#903);
#899 = LINE('',#900,#901);
#900 = CARTESIAN_POINT('',(-12.56637061435,-0.1));
#901 = VECTOR('',#902,1.);
#902 = DIRECTION('',(1.,-0.));
#903 = ( GEOMETRIC_REPRESENTATION_CONTEXT(2) 
PARAMETRIC_REPRESENTATION_CONTEXT() REPRESENTATION_CONTEXT('2D SPACE',''
  ) );
#904 = ORIENTED_EDGE('',*,*,#905,.T.);
#905 = EDGE_CURVE('',#873,#906,#908,.T.);
#906 = VERTEX_POINT('',#907);
#907 = CARTESIAN_POINT('',(-60.35,-24.,0.));
#908 = SURFACE_CURVE('',#909,(#914,#925),.PCURVE_S1.);
#909 = CIRCLE('',#910,6.35);
#910 = AXIS2_PLACEMENT_3D('',#911,#912,#913);
#911 = CARTESIAN_POINT('',(-54.,-24.,8.881784197001E-16));
#912 = DIRECTION('',(-0.,-0.,-1.));
#913 = DIRECTION('',(0.,-1.,0.));
#914 = PCURVE('',#291,#915);
#915 = DEFINITIONAL_REPRESENTATION('',(#916),#924);
#916 = ( BOUNDED_CURVE() B_SPLINE_CURVE(2,(#917,#918,#919,#920,#921,#922
,#923),.UNSPECIFIED.,.T.,.F.) B_SPLINE_CURVE_WITH_KNOTS((1,2,2,2,2,1),(
    -2.094395102393,0.,2.094395102393,4.188790204786,6.28318530718,
8.377580409573),.UNSPECIFIED.) CURVE() GEOMETRIC_REPRESENTATION_ITEM() 
RATIONAL_B_SPLINE_CURVE((1.,0.5,1.,0.5,1.,0.5,1.)) REPRESENTATION_ITEM(
  '') );
#917 = CARTESIAN_POINT('',(-54.,-30.35));
#918 = CARTESIAN_POINT('',(-64.99852262806,-30.35));
#919 = CARTESIAN_POINT('',(-59.49926131403,-20.825));
#920 = CARTESIAN_POINT('',(-54.,-11.3));
#921 = CARTESIAN_POINT('',(-48.50073868596,-20.825));
#922 = CARTESIAN_POINT('',(-43.00147737193,-30.35));
#923 = CARTESIAN_POINT('',(-54.,-30.35));
#924 = ( GEOMETRIC_REPRESENTATION_CONTEXT(2) 
PARAMETRIC_REPRESENTATION_CONTEXT() REPRESENTATION_CONTEXT('2D SPACE',''
  ) );
#925 = PCURVE('',#860,#926);
#926 = DEFINITIONAL_REPRESENTATION('',(#927),#931);
#927 = LINE('',#928,#929);
#928 = CARTESIAN_POINT('',(-0.,3.));
#929 = VECTOR('',#930,1.);
#930 = DIRECTION('',(-1.,0.));
#931 = ( GEOMETRIC_REPRESENTATION_CONTEXT(2) 
PARAMETRIC_REPRESENTATION_CONTEXT() REPRESENTATION_CONTEXT('2D SPACE',''
  ) );
#932 = ORIENTED_EDGE('',*,*,#933,.F.);
#933 = EDGE_CURVE('',#934,#906,#936,.T.);
#934 = VERTEX_POINT('',#935);
#935 = CARTESIAN_POINT('',(-60.35,24.,0.));
#936 = SURFACE_CURVE('',#937,(#941,#948),.PCURVE_S1.);
#937 = LINE('',#938,#939);
#938 = CARTESIAN_POINT('',(-60.35,30.35,0.));
#939 = VECTOR('',#940,1.);
#940 = DIRECTION('',(0.,-1.,0.));
#941 = PCURVE('',#291,#942);
#942 = DEFINITIONAL_REPRESENTATION('',(#943),#947);
#943 = LINE('',#944,#945);
#944 = CARTESIAN_POINT('',(-60.35,30.35));
#945 = VECTOR('',#946,1.);
#946 = DIRECTION('',(0.,-1.));
#947 = ( GEOMETRIC_REPRESENTATION_CONTEXT(2) 
PARAMETRIC_REPRESENTATION_CONTEXT() REPRESENTATION_CONTEXT('2D SPACE',''
  ) );
#948 = PCURVE('',#949,#954);
#949 = PLANE('',#950);
#950 = AXIS2_PLACEMENT_3D('',#951,#952,#953);
#951 = CARTESIAN_POINT('',(-60.35,30.35,-3.));
#952 = DIRECTION('',(1.,0.,-0.));
#953 = DIRECTION('',(0.,-1.,0.));
#954 = DEFINITIONAL_REPRESENTATION('',(#955),#959);
#955 = LINE('',#956,#957);
#956 = CARTESIAN_POINT('',(0.,-3.));
#957 = VECTOR('',#958,1.);
#958 = DIRECTION('',(1.,0.));
#959 = ( GEOMETRIC_REPRESENTATION_CONTEXT(2) 
PARAMETRIC_REPRESENTATION_CONTEXT() REPRESENTATION_CONTEXT('2D SPACE',''
  ) );
#960 = ORIENTED_EDGE('',*,*,#961,.F.);
#961 = EDGE_CURVE('',#962,#934,#964,.T.);
#962 = VERTEX_POINT('',#963);
#963 = CARTESIAN_POINT('',(-59.39586743405,27.347702889168,
    8.881784197001E-16));
#964 = SURFACE_CURVE('',#965,(#970,#977),.PCURVE_S1.);
#965 = CIRCLE('',#966,6.35);
#966 = AXIS2_PLACEMENT_3D('',#967,#968,#969);
#967 = CARTESIAN_POINT('',(-54.,24.,8.881784197001E-16));
#968 = DIRECTION('',(0.,0.,1.));
#969 = DIRECTION('',(0.,-1.,0.));
#970 = PCURVE('',#291,#971);
#971 = DEFINITIONAL_REPRESENTATION('',(#972),#976);
#972 = CIRCLE('',#973,6.35);
#973 = AXIS2_PLACEMENT_2D('',#974,#975);
#974 = CARTESIAN_POINT('',(-54.,24.));
#975 = DIRECTION('',(0.,-1.));
#976 = ( GEOMETRIC_REPRESENTATION_CONTEXT(2) 
PARAMETRIC_REPRESENTATION_CONTEXT() REPRESENTATION_CONTEXT('2D SPACE',''
  ) );
#977 = PCURVE('',#978,#983);
#978 = CYLINDRICAL_SURFACE('',#979,6.35);
#979 = AXIS2_PLACEMENT_3D('',#980,#981,#982);
#980 = CARTESIAN_POINT('',(-54.,24.,-3.));
#981 = DIRECTION('',(0.,0.,1.));
#982 = DIRECTION('',(-0.,1.,0.));
#983 = DEFINITIONAL_REPRESENTATION('',(#984),#988);
#984 = LINE('',#985,#986);
#985 = CARTESIAN_POINT('',(-3.14159265359,3.));
#986 = VECTOR('',#987,1.);
#987 = DIRECTION('',(1.,0.));
#988 = ( GEOMETRIC_REPRESENTATION_CONTEXT(2) 
PARAMETRIC_REPRESENTATION_CONTEXT() REPRESENTATION_CONTEXT('2D SPACE',''
  ) );
#989 = ORIENTED_EDGE('',*,*,#990,.T.);
#990 = EDGE_CURVE('',#962,#991,#993,.T.);
#991 = VERTEX_POINT('',#992);
#992 = CARTESIAN_POINT('',(-57.10470018687,29.539254169074,
    8.881784197001E-16));
#993 = SURFACE_CURVE('',#994,(#999,#1010),.PCURVE_S1.);
#994 = CIRCLE('',#995,1.6);
#995 = AXIS2_PLACEMENT_3D('',#996,#997,#998);
#996 = CARTESIAN_POINT('',(-58.4,28.6,0.));
#997 = DIRECTION('',(0.,0.,-1.));
#998 = DIRECTION('',(1.,0.,0.));
#999 = PCURVE('',#291,#1000);
#1000 = DEFINITIONAL_REPRESENTATION('',(#1001),#1009);
#1001 = ( BOUNDED_CURVE() B_SPLINE_CURVE(2,(#1002,#1003,#1004,#1005,
#1006,#1007,#1008),.UNSPECIFIED.,.T.,.F.) B_SPLINE_CURVE_WITH_KNOTS((1,2
    ,2,2,2,1),(-2.094395102393,0.,2.094395102393,4.188790204786,
6.28318530718,8.377580409573),.UNSPECIFIED.) CURVE() 
GEOMETRIC_REPRESENTATION_ITEM() RATIONAL_B_SPLINE_CURVE((1.,0.5,1.,0.5,
1.,0.5,1.)) REPRESENTATION_ITEM('') );
#1002 = CARTESIAN_POINT('',(-56.8,28.6));
#1003 = CARTESIAN_POINT('',(-56.8,25.82871870789));
#1004 = CARTESIAN_POINT('',(-59.2,27.214359353945));
#1005 = CARTESIAN_POINT('',(-61.6,28.6));
#1006 = CARTESIAN_POINT('',(-59.2,29.985640646055));
#1007 = CARTESIAN_POINT('',(-56.8,31.37128129211));
#1008 = CARTESIAN_POINT('',(-56.8,28.6));
#1009 = ( GEOMETRIC_REPRESENTATION_CONTEXT(2) 
PARAMETRIC_REPRESENTATION_CONTEXT() REPRESENTATION_CONTEXT('2D SPACE',''
  ) );
#1010 = PCURVE('',#1011,#1016);
#1011 = CYLINDRICAL_SURFACE('',#1012,1.6);
#1012 = AXIS2_PLACEMENT_3D('',#1013,#1014,#1015);
#1013 = CARTESIAN_POINT('',(-58.4,28.6,-0.1));
#1014 = DIRECTION('',(-0.,-0.,-1.));
#1015 = DIRECTION('',(1.,0.,0.));
#1016 = DEFINITIONAL_REPRESENTATION('',(#1017),#1021);
#1017 = LINE('',#1018,#1019);
#1018 = CARTESIAN_POINT('',(-12.56637061435,-0.1));
#1019 = VECTOR('',#1020,1.);
#1020 = DIRECTION('',(1.,-0.));
#1021 = ( GEOMETRIC_REPRESENTATION_CONTEXT(2) 
PARAMETRIC_REPRESENTATION_CONTEXT() REPRESENTATION_CONTEXT('2D SPACE',''
  ) );
#1022 = ORIENTED_EDGE('',*,*,#1023,.F.);
#1023 = EDGE_CURVE('',#1024,#991,#1026,.T.);
#1024 = VERTEX_POINT('',#1025);
#1025 = CARTESIAN_POINT('',(-54.,30.35,0.));
#1026 = SURFACE_CURVE('',#1027,(#1032,#1039),.PCURVE_S1.);
#1027 = CIRCLE('',#1028,6.35);
#1028 = AXIS2_PLACEMENT_3D('',#1029,#1030,#1031);
#1029 = CARTESIAN_POINT('',(-54.,24.,8.881784197001E-16));
#1030 = DIRECTION('',(0.,0.,1.));
#1031 = DIRECTION('',(0.,-1.,0.));
#1032 = PCURVE('',#291,#1033);
#1033 = DEFINITIONAL_REPRESENTATION('',(#1034),#1038);
#1034 = CIRCLE('',#1035,6.35);
#1035 = AXIS2_PLACEMENT_2D('',#1036,#1037);
#1036 = CARTESIAN_POINT('',(-54.,24.));
#1037 = DIRECTION('',(0.,-1.));
#1038 = ( GEOMETRIC_REPRESENTATION_CONTEXT(2) 
PARAMETRIC_REPRESENTATION_CONTEXT() REPRESENTATION_CONTEXT('2D SPACE',''
  ) );
#1039 = PCURVE('',#978,#1040);
#1040 = DEFINITIONAL_REPRESENTATION('',(#1041),#1045);
#1041 = LINE('',#1042,#1043);
#1042 = CARTESIAN_POINT('',(-3.14159265359,3.));
#1043 = VECTOR('',#1044,1.);
#1044 = DIRECTION('',(1.,0.));
#1045 = ( GEOMETRIC_REPRESENTATION_CONTEXT(2) 
PARAMETRIC_REPRESENTATION_CONTEXT() REPRESENTATION_CONTEXT('2D SPACE',''
  ) );
#1046 = ORIENTED_EDGE('',*,*,#1047,.F.);
#1047 = EDGE_CURVE('',#1048,#1024,#1050,.T.);
#1048 = VERTEX_POINT('',#1049);
#1049 = CARTESIAN_POINT('',(28.765,30.35,0.));
#1050 = SURFACE_CURVE('',#1051,(#1055,#1062),.PCURVE_S1.);
#1051 = LINE('',#1052,#1053);
#1052 = CARTESIAN_POINT('',(60.35,30.35,0.));
#1053 = VECTOR('',#1054,1.);
#1054 = DIRECTION('',(-1.,0.,0.));
#1055 = PCURVE('',#291,#1056);
#1056 = DEFINITIONAL_REPRESENTATION('',(#1057),#1061);
#1057 = LINE('',#1058,#1059);
#1058 = CARTESIAN_POINT('',(60.35,30.35));
#1059 = VECTOR('',#1060,1.);
#1060 = DIRECTION('',(-1.,0.));
#1061 = ( GEOMETRIC_REPRESENTATION_CONTEXT(2) 
PARAMETRIC_REPRESENTATION_CONTEXT() REPRESENTATION_CONTEXT('2D SPACE',''
  ) );
#1062 = PCURVE('',#1063,#1068);
#1063 = PLANE('',#1064);
#1064 = AXIS2_PLACEMENT_3D('',#1065,#1066,#1067);
#1065 = CARTESIAN_POINT('',(60.35,30.35,-3.));
#1066 = DIRECTION('',(0.,-1.,0.));
#1067 = DIRECTION('',(-1.,0.,0.));
#1068 = DEFINITIONAL_REPRESENTATION('',(#1069),#1073);
#1069 = LINE('',#1070,#1071);
#1070 = CARTESIAN_POINT('',(0.,-3.));
#1071 = VECTOR('',#1072,1.);
#1072 = DIRECTION('',(1.,0.));
#1073 = ( GEOMETRIC_REPRESENTATION_CONTEXT(2) 
PARAMETRIC_REPRESENTATION_CONTEXT() REPRESENTATION_CONTEXT('2D SPACE',''
  ) );
#1074 = ORIENTED_EDGE('',*,*,#1075,.F.);
#1075 = EDGE_CURVE('',#1076,#1048,#1078,.T.);
#1076 = VERTEX_POINT('',#1077);
#1077 = CARTESIAN_POINT('',(28.765,29.617238909991,8.881784197001E-16));
#1078 = SURFACE_CURVE('',#1079,(#1083,#1090),.PCURVE_S1.);
#1079 = LINE('',#1080,#1081);
#1080 = CARTESIAN_POINT('',(28.765,16.25,8.881784197001E-16));
#1081 = VECTOR('',#1082,1.);
#1082 = DIRECTION('',(-0.,1.,0.));
#1083 = PCURVE('',#291,#1084);
#1084 = DEFINITIONAL_REPRESENTATION('',(#1085),#1089);
#1085 = LINE('',#1086,#1087);
#1086 = CARTESIAN_POINT('',(28.765,16.25));
#1087 = VECTOR('',#1088,1.);
#1088 = DIRECTION('',(0.,1.));
#1089 = ( GEOMETRIC_REPRESENTATION_CONTEXT(2) 
PARAMETRIC_REPRESENTATION_CONTEXT() REPRESENTATION_CONTEXT('2D SPACE',''
  ) );
#1090 = PCURVE('',#1091,#1096);
#1091 = PLANE('',#1092);
#1092 = AXIS2_PLACEMENT_3D('',#1093,#1094,#1095);
#1093 = CARTESIAN_POINT('',(28.765,32.5,-3.1));
#1094 = DIRECTION('',(1.,0.,-0.));
#1095 = DIRECTION('',(0.,-1.,0.));
#1096 = DEFINITIONAL_REPRESENTATION('',(#1097),#1100);
#1097 = B_SPLINE_CURVE_WITH_KNOTS('',1,(#1098,#1099),.UNSPECIFIED.,.F.,
  .F.,(2,2),(8.25,14.1),.PIECEWISE_BEZIER_KNOTS.);
#1098 = CARTESIAN_POINT('',(8.,-3.1));
#1099 = CARTESIAN_POINT('',(2.15,-3.1));
#1100 = ( GEOMETRIC_REPRESENTATION_CONTEXT(2) 
PARAMETRIC_REPRESENTATION_CONTEXT() REPRESENTATION_CONTEXT('2D SPACE',''
  ) );
#1101 = ORIENTED_EDGE('',*,*,#1102,.T.);
#1102 = EDGE_CURVE('',#1076,#1103,#1105,.T.);
#1103 = VERTEX_POINT('',#1104);
#1104 = CARTESIAN_POINT('',(27.498438683239,27.000311316761,0.));
#1105 = SURFACE_CURVE('',#1106,(#1111,#1122),.PCURVE_S1.);
#1106 = CIRCLE('',#1107,1.6);
#1107 = AXIS2_PLACEMENT_3D('',#1108,#1109,#1110);
#1108 = CARTESIAN_POINT('',(27.53,28.6,0.));
#1109 = DIRECTION('',(0.,0.,-1.));
#1110 = DIRECTION('',(1.,0.,0.));
#1111 = PCURVE('',#291,#1112);
#1112 = DEFINITIONAL_REPRESENTATION('',(#1113),#1121);
#1113 = ( BOUNDED_CURVE() B_SPLINE_CURVE(2,(#1114,#1115,#1116,#1117,
#1118,#1119,#1120),.UNSPECIFIED.,.T.,.F.) B_SPLINE_CURVE_WITH_KNOTS((1,2
    ,2,2,2,1),(-2.094395102393,0.,2.094395102393,4.188790204786,
6.28318530718,8.377580409573),.UNSPECIFIED.) CURVE() 
GEOMETRIC_REPRESENTATION_ITEM() RATIONAL_B_SPLINE_CURVE((1.,0.5,1.,0.5,
1.,0.5,1.)) REPRESENTATION_ITEM('') );
#1114 = CARTESIAN_POINT('',(29.13,28.6));
#1115 = CARTESIAN_POINT('',(29.13,25.82871870789));
#1116 = CARTESIAN_POINT('',(26.73,27.214359353945));
#1117 = CARTESIAN_POINT('',(24.33,28.6));
#1118 = CARTESIAN_POINT('',(26.73,29.985640646055));
#1119 = CARTESIAN_POINT('',(29.13,31.37128129211));
#1120 = CARTESIAN_POINT('',(29.13,28.6));
#1121 = ( GEOMETRIC_REPRESENTATION_CONTEXT(2) 
PARAMETRIC_REPRESENTATION_CONTEXT() REPRESENTATION_CONTEXT('2D SPACE',''
  ) );
#1122 = PCURVE('',#1123,#1128);
#1123 = CYLINDRICAL_SURFACE('',#1124,1.6);
#1124 = AXIS2_PLACEMENT_3D('',#1125,#1126,#1127);
#1125 = CARTESIAN_POINT('',(27.53,28.6,-0.1));
#1126 = DIRECTION('',(-0.,-0.,-1.));
#1127 = DIRECTION('',(1.,0.,0.));
#1128 = DEFINITIONAL_REPRESENTATION('',(#1129),#1133);
#1129 = LINE('',#1130,#1131);
#1130 = CARTESIAN_POINT('',(-12.56637061435,-0.1));
#1131 = VECTOR('',#1132,1.);
#1132 = DIRECTION('',(1.,-0.));
#1133 = ( GEOMETRIC_REPRESENTATION_CONTEXT(2) 
PARAMETRIC_REPRESENTATION_CONTEXT() REPRESENTATION_CONTEXT('2D SPACE',''
  ) );
#1134 = ORIENTED_EDGE('',*,*,#1135,.F.);
#1135 = EDGE_CURVE('',#1136,#1103,#1138,.T.);
#1136 = VERTEX_POINT('',#1137);
#1137 = CARTESIAN_POINT('',(27.63,26.2,0.));
#1138 = SURFACE_CURVE('',#1139,(#1144,#1151),.PCURVE_S1.);
#1139 = CIRCLE('',#1140,2.5);
#1140 = AXIS2_PLACEMENT_3D('',#1141,#1142,#1143);
#1141 = CARTESIAN_POINT('',(25.13,26.2,0.));
#1142 = DIRECTION('',(0.,0.,1.));
#1143 = DIRECTION('',(1.,0.,-0.));
#1144 = PCURVE('',#291,#1145);
#1145 = DEFINITIONAL_REPRESENTATION('',(#1146),#1150);
#1146 = CIRCLE('',#1147,2.5);
#1147 = AXIS2_PLACEMENT_2D('',#1148,#1149);
#1148 = CARTESIAN_POINT('',(25.13,26.2));
#1149 = DIRECTION('',(1.,0.));
#1150 = ( GEOMETRIC_REPRESENTATION_CONTEXT(2) 
PARAMETRIC_REPRESENTATION_CONTEXT() REPRESENTATION_CONTEXT('2D SPACE',''
  ) );
#1151 = PCURVE('',#1152,#1157);
#1152 = CYLINDRICAL_SURFACE('',#1153,2.5);
#1153 = AXIS2_PLACEMENT_3D('',#1154,#1155,#1156);
#1154 = CARTESIAN_POINT('',(25.13,26.2,-0.1));
#1155 = DIRECTION('',(0.,0.,1.));
#1156 = DIRECTION('',(1.,0.,-0.));
#1157 = DEFINITIONAL_REPRESENTATION('',(#1158),#1162);
#1158 = LINE('',#1159,#1160);
#1159 = CARTESIAN_POINT('',(0.,0.1));
#1160 = VECTOR('',#1161,1.);
#1161 = DIRECTION('',(1.,0.));
#1162 = ( GEOMETRIC_REPRESENTATION_CONTEXT(2) 
PARAMETRIC_REPRESENTATION_CONTEXT() REPRESENTATION_CONTEXT('2D SPACE',''
  ) );
#1163 = ORIENTED_EDGE('',*,*,#1164,.T.);
#1164 = EDGE_CURVE('',#1136,#1165,#1167,.T.);
#1165 = VERTEX_POINT('',#1166);
#1166 = CARTESIAN_POINT('',(27.63,-26.2,0.));
#1167 = SURFACE_CURVE('',#1168,(#1172,#1178),.PCURVE_S1.);
#1168 = LINE('',#1169,#1170);
#1169 = CARTESIAN_POINT('',(27.63,-14.35,0.));
#1170 = VECTOR('',#1171,1.);
#1171 = DIRECTION('',(0.,-1.,0.));
#1172 = PCURVE('',#291,#1173);
#1173 = DEFINITIONAL_REPRESENTATION('',(#1174),#1177);
#1174 = B_SPLINE_CURVE_WITH_KNOTS('',1,(#1175,#1176),.UNSPECIFIED.,.F.,
  .F.,(2,2),(-40.55,11.85),.PIECEWISE_BEZIER_KNOTS.);
#1175 = CARTESIAN_POINT('',(27.63,26.2));
#1176 = CARTESIAN_POINT('',(27.63,-26.2));
#1177 = ( GEOMETRIC_REPRESENTATION_CONTEXT(2) 
PARAMETRIC_REPRESENTATION_CONTEXT() REPRESENTATION_CONTEXT('2D SPACE',''
  ) );
#1178 = PCURVE('',#1179,#1184);
#1179 = PLANE('',#1180);
#1180 = AXIS2_PLACEMENT_3D('',#1181,#1182,#1183);
#1181 = CARTESIAN_POINT('',(27.63,-28.7,-0.1));
#1182 = DIRECTION('',(-1.,0.,0.));
#1183 = DIRECTION('',(0.,1.,0.));
#1184 = DEFINITIONAL_REPRESENTATION('',(#1185),#1188);
#1185 = B_SPLINE_CURVE_WITH_KNOTS('',1,(#1186,#1187),.UNSPECIFIED.,.F.,
  .F.,(2,2),(-40.55,11.85),.PIECEWISE_BEZIER_KNOTS.);
#1186 = CARTESIAN_POINT('',(54.9,-0.1));
#1187 = CARTESIAN_POINT('',(2.5,-0.1));
#1188 = ( GEOMETRIC_REPRESENTATION_CONTEXT(2) 
PARAMETRIC_REPRESENTATION_CONTEXT() REPRESENTATION_CONTEXT('2D SPACE',''
  ) );
#1189 = ORIENTED_EDGE('',*,*,#1190,.F.);
#1190 = EDGE_CURVE('',#1191,#1165,#1193,.T.);
#1191 = VERTEX_POINT('',#1192);
#1192 = CARTESIAN_POINT('',(27.498438683239,-27.00031131676,0.));
#1193 = SURFACE_CURVE('',#1194,(#1199,#1206),.PCURVE_S1.);
#1194 = CIRCLE('',#1195,2.5);
#1195 = AXIS2_PLACEMENT_3D('',#1196,#1197,#1198);
#1196 = CARTESIAN_POINT('',(25.13,-26.2,0.));
#1197 = DIRECTION('',(0.,0.,1.));
#1198 = DIRECTION('',(0.,-1.,0.));
#1199 = PCURVE('',#291,#1200);
#1200 = DEFINITIONAL_REPRESENTATION('',(#1201),#1205);
#1201 = CIRCLE('',#1202,2.5);
#1202 = AXIS2_PLACEMENT_2D('',#1203,#1204);
#1203 = CARTESIAN_POINT('',(25.13,-26.2));
#1204 = DIRECTION('',(0.,-1.));
#1205 = ( GEOMETRIC_REPRESENTATION_CONTEXT(2) 
PARAMETRIC_REPRESENTATION_CONTEXT() REPRESENTATION_CONTEXT('2D SPACE',''
  ) );
#1206 = PCURVE('',#1207,#1212);
#1207 = CYLINDRICAL_SURFACE('',#1208,2.5);
#1208 = AXIS2_PLACEMENT_3D('',#1209,#1210,#1211);
#1209 = CARTESIAN_POINT('',(25.13,-26.2,-0.1));
#1210 = DIRECTION('',(0.,0.,1.));
#1211 = DIRECTION('',(0.,-1.,0.));
#1212 = DEFINITIONAL_REPRESENTATION('',(#1213),#1217);
#1213 = LINE('',#1214,#1215);
#1214 = CARTESIAN_POINT('',(0.,0.1));
#1215 = VECTOR('',#1216,1.);
#1216 = DIRECTION('',(1.,0.));
#1217 = ( GEOMETRIC_REPRESENTATION_CONTEXT(2) 
PARAMETRIC_REPRESENTATION_CONTEXT() REPRESENTATION_CONTEXT('2D SPACE',''
  ) );
#1218 = ORIENTED_EDGE('',*,*,#1219,.T.);
#1219 = EDGE_CURVE('',#1191,#1220,#1222,.T.);
#1220 = VERTEX_POINT('',#1221);
#1221 = CARTESIAN_POINT('',(29.122953232207,-28.75,8.881784197001E-16));
#1222 = SURFACE_CURVE('',#1223,(#1228,#1239),.PCURVE_S1.);
#1223 = CIRCLE('',#1224,1.6);
#1224 = AXIS2_PLACEMENT_3D('',#1225,#1226,#1227);
#1225 = CARTESIAN_POINT('',(27.53,-28.6,0.));
#1226 = DIRECTION('',(0.,0.,-1.));
#1227 = DIRECTION('',(1.,0.,0.));
#1228 = PCURVE('',#291,#1229);
#1229 = DEFINITIONAL_REPRESENTATION('',(#1230),#1238);
#1230 = ( BOUNDED_CURVE() B_SPLINE_CURVE(2,(#1231,#1232,#1233,#1234,
#1235,#1236,#1237),.UNSPECIFIED.,.T.,.F.) B_SPLINE_CURVE_WITH_KNOTS((1,2
    ,2,2,2,1),(-2.094395102393,0.,2.094395102393,4.188790204786,
6.28318530718,8.377580409573),.UNSPECIFIED.) CURVE() 
GEOMETRIC_REPRESENTATION_ITEM() RATIONAL_B_SPLINE_CURVE((1.,0.5,1.,0.5,
1.,0.5,1.)) REPRESENTATION_ITEM('') );
#1231 = CARTESIAN_POINT('',(29.13,-28.6));
#1232 = CARTESIAN_POINT('',(29.13,-31.37128129211));
#1233 = CARTESIAN_POINT('',(26.73,-29.98564064605));
#1234 = CARTESIAN_POINT('',(24.33,-28.6));
#1235 = CARTESIAN_POINT('',(26.73,-27.21435935394));
#1236 = CARTESIAN_POINT('',(29.13,-25.82871870789));
#1237 = CARTESIAN_POINT('',(29.13,-28.6));
#1238 = ( GEOMETRIC_REPRESENTATION_CONTEXT(2) 
PARAMETRIC_REPRESENTATION_CONTEXT() REPRESENTATION_CONTEXT('2D SPACE',''
  ) );
#1239 = PCURVE('',#1240,#1245);
#1240 = CYLINDRICAL_SURFACE('',#1241,1.6);
#1241 = AXIS2_PLACEMENT_3D('',#1242,#1243,#1244);
#1242 = CARTESIAN_POINT('',(27.53,-28.6,-0.1));
#1243 = DIRECTION('',(-0.,-0.,-1.));
#1244 = DIRECTION('',(1.,0.,0.));
#1245 = DEFINITIONAL_REPRESENTATION('',(#1246),#1250);
#1246 = LINE('',#1247,#1248);
#1247 = CARTESIAN_POINT('',(-12.56637061435,-0.1));
#1248 = VECTOR('',#1249,1.);
#1249 = DIRECTION('',(1.,-0.));
#1250 = ( GEOMETRIC_REPRESENTATION_CONTEXT(2) 
PARAMETRIC_REPRESENTATION_CONTEXT() REPRESENTATION_CONTEXT('2D SPACE',''
  ) );
#1251 = ORIENTED_EDGE('',*,*,#1252,.F.);
#1252 = EDGE_CURVE('',#1253,#1220,#1255,.T.);
#1253 = VERTEX_POINT('',#1254);
#1254 = CARTESIAN_POINT('',(54.,-28.75,8.881784197001E-16));
#1255 = SURFACE_CURVE('',#1256,(#1260,#1267),.PCURVE_S1.);
#1256 = LINE('',#1257,#1258);
#1257 = CARTESIAN_POINT('',(-29.375,-28.75,8.881784197001E-16));
#1258 = VECTOR('',#1259,1.);
#1259 = DIRECTION('',(-1.,0.,0.));
#1260 = PCURVE('',#291,#1261);
#1261 = DEFINITIONAL_REPRESENTATION('',(#1262),#1266);
#1262 = LINE('',#1263,#1264);
#1263 = CARTESIAN_POINT('',(-29.375,-28.75));
#1264 = VECTOR('',#1265,1.);
#1265 = DIRECTION('',(-1.,0.));
#1266 = ( GEOMETRIC_REPRESENTATION_CONTEXT(2) 
PARAMETRIC_REPRESENTATION_CONTEXT() REPRESENTATION_CONTEXT('2D SPACE',''
  ) );
#1267 = PCURVE('',#1268,#1273);
#1268 = PLANE('',#1269);
#1269 = AXIS2_PLACEMENT_3D('',#1270,#1271,#1272);
#1270 = CARTESIAN_POINT('',(-58.75,-28.75,-3.1));
#1271 = DIRECTION('',(0.,1.,0.));
#1272 = DIRECTION('',(1.,0.,0.));
#1273 = DEFINITIONAL_REPRESENTATION('',(#1274),#1277);
#1274 = B_SPLINE_CURVE_WITH_KNOTS('',1,(#1275,#1276),.UNSPECIFIED.,.F.,
  .F.,(2,2),(-83.375,24.625),.PIECEWISE_BEZIER_KNOTS.);
#1275 = CARTESIAN_POINT('',(112.75,-3.1));
#1276 = CARTESIAN_POINT('',(4.75,-3.1));
#1277 = ( GEOMETRIC_REPRESENTATION_CONTEXT(2) 
PARAMETRIC_REPRESENTATION_CONTEXT() REPRESENTATION_CONTEXT('2D SPACE',''
  ) );
#1278 = ORIENTED_EDGE('',*,*,#1279,.T.);
#1279 = EDGE_CURVE('',#1253,#1280,#1282,.T.);
#1280 = VERTEX_POINT('',#1281);
#1281 = CARTESIAN_POINT('',(58.75,-24.,8.881784197001E-16));
#1282 = SURFACE_CURVE('',#1283,(#1288,#1295),.PCURVE_S1.);
#1283 = CIRCLE('',#1284,4.75);
#1284 = AXIS2_PLACEMENT_3D('',#1285,#1286,#1287);
#1285 = CARTESIAN_POINT('',(54.,-24.,8.881784197001E-16));
#1286 = DIRECTION('',(0.,0.,1.));
#1287 = DIRECTION('',(0.,-1.,0.));
#1288 = PCURVE('',#291,#1289);
#1289 = DEFINITIONAL_REPRESENTATION('',(#1290),#1294);
#1290 = CIRCLE('',#1291,4.75);
#1291 = AXIS2_PLACEMENT_2D('',#1292,#1293);
#1292 = CARTESIAN_POINT('',(54.,-24.));
#1293 = DIRECTION('',(0.,-1.));
#1294 = ( GEOMETRIC_REPRESENTATION_CONTEXT(2) 
PARAMETRIC_REPRESENTATION_CONTEXT() REPRESENTATION_CONTEXT('2D SPACE',''
  ) );
#1295 = PCURVE('',#1296,#1301);
#1296 = CYLINDRICAL_SURFACE('',#1297,4.75);
#1297 = AXIS2_PLACEMENT_3D('',#1298,#1299,#1300);
#1298 = CARTESIAN_POINT('',(54.,-24.,-3.1));
#1299 = DIRECTION('',(0.,0.,1.));
#1300 = DIRECTION('',(0.,-1.,0.));
#1301 = DEFINITIONAL_REPRESENTATION('',(#1302),#1306);
#1302 = LINE('',#1303,#1304);
#1303 = CARTESIAN_POINT('',(0.,3.1));
#1304 = VECTOR('',#1305,1.);
#1305 = DIRECTION('',(1.,0.));
#1306 = ( GEOMETRIC_REPRESENTATION_CONTEXT(2) 
PARAMETRIC_REPRESENTATION_CONTEXT() REPRESENTATION_CONTEXT('2D SPACE',''
  ) );
#1307 = ORIENTED_EDGE('',*,*,#1308,.F.);
#1308 = EDGE_CURVE('',#1309,#1280,#1311,.T.);
#1309 = VERTEX_POINT('',#1310);
#1310 = CARTESIAN_POINT('',(58.75,24.,8.881784197001E-16));
#1311 = SURFACE_CURVE('',#1312,(#1316,#1323),.PCURVE_S1.);
#1312 = LINE('',#1313,#1314);
#1313 = CARTESIAN_POINT('',(58.75,-14.375,8.881784197001E-16));
#1314 = VECTOR('',#1315,1.);
#1315 = DIRECTION('',(0.,-1.,0.));
#1316 = PCURVE('',#291,#1317);
#1317 = DEFINITIONAL_REPRESENTATION('',(#1318),#1322);
#1318 = LINE('',#1319,#1320);
#1319 = CARTESIAN_POINT('',(58.75,-14.375));
#1320 = VECTOR('',#1321,1.);
#1321 = DIRECTION('',(0.,-1.));
#1322 = ( GEOMETRIC_REPRESENTATION_CONTEXT(2) 
PARAMETRIC_REPRESENTATION_CONTEXT() REPRESENTATION_CONTEXT('2D SPACE',''
  ) );
#1323 = PCURVE('',#1324,#1329);
#1324 = PLANE('',#1325);
#1325 = AXIS2_PLACEMENT_3D('',#1326,#1327,#1328);
#1326 = CARTESIAN_POINT('',(58.75,-28.75,-3.1));
#1327 = DIRECTION('',(-1.,0.,0.));
#1328 = DIRECTION('',(0.,1.,0.));
#1329 = DEFINITIONAL_REPRESENTATION('',(#1330),#1333);
#1330 = B_SPLINE_CURVE_WITH_KNOTS('',1,(#1331,#1332),.UNSPECIFIED.,.F.,
  .F.,(2,2),(-38.375,9.625),.PIECEWISE_BEZIER_KNOTS.);
#1331 = CARTESIAN_POINT('',(52.75,-3.1));
#1332 = CARTESIAN_POINT('',(4.75,-3.1));
#1333 = ( GEOMETRIC_REPRESENTATION_CONTEXT(2) 
PARAMETRIC_REPRESENTATION_CONTEXT() REPRESENTATION_CONTEXT('2D SPACE',''
  ) );
#1334 = ORIENTED_EDGE('',*,*,#1335,.T.);
#1335 = EDGE_CURVE('',#1309,#1336,#1338,.T.);
#1336 = VERTEX_POINT('',#1337);
#1337 = CARTESIAN_POINT('',(58.723610906923,24.5,8.881784197001E-16));
#1338 = SURFACE_CURVE('',#1339,(#1344,#1351),.PCURVE_S1.);
#1339 = CIRCLE('',#1340,4.75);
#1340 = AXIS2_PLACEMENT_3D('',#1341,#1342,#1343);
#1341 = CARTESIAN_POINT('',(54.,24.,8.881784197001E-16));
#1342 = DIRECTION('',(0.,0.,1.));
#1343 = DIRECTION('',(1.,0.,-0.));
#1344 = PCURVE('',#291,#1345);
#1345 = DEFINITIONAL_REPRESENTATION('',(#1346),#1350);
#1346 = CIRCLE('',#1347,4.75);
#1347 = AXIS2_PLACEMENT_2D('',#1348,#1349);
#1348 = CARTESIAN_POINT('',(54.,24.));
#1349 = DIRECTION('',(1.,0.));
#1350 = ( GEOMETRIC_REPRESENTATION_CONTEXT(2) 
PARAMETRIC_REPRESENTATION_CONTEXT() REPRESENTATION_CONTEXT('2D SPACE',''
  ) );
#1351 = PCURVE('',#1352,#1357);
#1352 = CYLINDRICAL_SURFACE('',#1353,4.75);
#1353 = AXIS2_PLACEMENT_3D('',#1354,#1355,#1356);
#1354 = CARTESIAN_POINT('',(54.,24.,-3.1));
#1355 = DIRECTION('',(0.,0.,1.));
#1356 = DIRECTION('',(1.,0.,-0.));
#1357 = DEFINITIONAL_REPRESENTATION('',(#1358),#1362);
#1358 = LINE('',#1359,#1360);
#1359 = CARTESIAN_POINT('',(0.,3.1));
#1360 = VECTOR('',#1361,1.);
#1361 = DIRECTION('',(1.,0.));
#1362 = ( GEOMETRIC_REPRESENTATION_CONTEXT(2) 
PARAMETRIC_REPRESENTATION_CONTEXT() REPRESENTATION_CONTEXT('2D SPACE',''
  ) );
#1363 = ORIENTED_EDGE('',*,*,#1364,.F.);
#1364 = EDGE_CURVE('',#1365,#1336,#1367,.T.);
#1365 = VERTEX_POINT('',#1366);
#1366 = CARTESIAN_POINT('',(60.330284353803,24.5,8.881784197001E-16));
#1367 = SURFACE_CURVE('',#1368,(#1372,#1379),.PCURVE_S1.);
#1368 = LINE('',#1369,#1370);
#1369 = CARTESIAN_POINT('',(14.3825,24.5,8.881784197001E-16));
#1370 = VECTOR('',#1371,1.);
#1371 = DIRECTION('',(-1.,0.,0.));
#1372 = PCURVE('',#291,#1373);
#1373 = DEFINITIONAL_REPRESENTATION('',(#1374),#1378);
#1374 = LINE('',#1375,#1376);
#1375 = CARTESIAN_POINT('',(14.3825,24.5));
#1376 = VECTOR('',#1377,1.);
#1377 = DIRECTION('',(-1.,0.));
#1378 = ( GEOMETRIC_REPRESENTATION_CONTEXT(2) 
PARAMETRIC_REPRESENTATION_CONTEXT() REPRESENTATION_CONTEXT('2D SPACE',''
  ) );
#1379 = PCURVE('',#1380,#1385);
#1380 = PLANE('',#1381);
#1381 = AXIS2_PLACEMENT_3D('',#1382,#1383,#1384);
#1382 = CARTESIAN_POINT('',(28.765,24.5,-3.1));
#1383 = DIRECTION('',(0.,1.,0.));
#1384 = DIRECTION('',(1.,0.,0.));
#1385 = DEFINITIONAL_REPRESENTATION('',(#1386),#1389);
#1386 = B_SPLINE_CURVE_WITH_KNOTS('',1,(#1387,#1388),.UNSPECIFIED.,.F.,
  .F.,(2,2),(-45.9675,-14.3825),.PIECEWISE_BEZIER_KNOTS.);
#1387 = CARTESIAN_POINT('',(31.585,-3.1));
#1388 = CARTESIAN_POINT('',(0.,-3.1));
#1389 = ( GEOMETRIC_REPRESENTATION_CONTEXT(2) 
PARAMETRIC_REPRESENTATION_CONTEXT() REPRESENTATION_CONTEXT('2D SPACE',''
  ) );
#1390 = ORIENTED_EDGE('',*,*,#1391,.F.);
#1391 = EDGE_CURVE('',#1392,#1365,#1394,.T.);
#1392 = VERTEX_POINT('',#1393);
#1393 = CARTESIAN_POINT('',(60.35,24.,0.));
#1394 = SURFACE_CURVE('',#1395,(#1400,#1407),.PCURVE_S1.);
#1395 = CIRCLE('',#1396,6.35);
#1396 = AXIS2_PLACEMENT_3D('',#1397,#1398,#1399);
#1397 = CARTESIAN_POINT('',(54.,24.,8.881784197001E-16));
#1398 = DIRECTION('',(0.,0.,1.));
#1399 = DIRECTION('',(0.,-1.,0.));
#1400 = PCURVE('',#291,#1401);
#1401 = DEFINITIONAL_REPRESENTATION('',(#1402),#1406);
#1402 = CIRCLE('',#1403,6.35);
#1403 = AXIS2_PLACEMENT_2D('',#1404,#1405);
#1404 = CARTESIAN_POINT('',(54.,24.));
#1405 = DIRECTION('',(0.,-1.));
#1406 = ( GEOMETRIC_REPRESENTATION_CONTEXT(2) 
PARAMETRIC_REPRESENTATION_CONTEXT() REPRESENTATION_CONTEXT('2D SPACE',''
  ) );
#1407 = PCURVE('',#1408,#1413);
#1408 = CYLINDRICAL_SURFACE('',#1409,6.35);
#1409 = AXIS2_PLACEMENT_3D('',#1410,#1411,#1412);
#1410 = CARTESIAN_POINT('',(54.,24.,-3.));
#1411 = DIRECTION('',(0.,0.,1.));
#1412 = DIRECTION('',(1.,0.,-0.));
#1413 = DEFINITIONAL_REPRESENTATION('',(#1414),#1418);
#1414 = LINE('',#1415,#1416);
#1415 = CARTESIAN_POINT('',(-1.570796326795,3.));
#1416 = VECTOR('',#1417,1.);
#1417 = DIRECTION('',(1.,0.));
#1418 = ( GEOMETRIC_REPRESENTATION_CONTEXT(2) 
PARAMETRIC_REPRESENTATION_CONTEXT() REPRESENTATION_CONTEXT('2D SPACE',''
  ) );
#1419 = ORIENTED_EDGE('',*,*,#1420,.F.);
#1420 = EDGE_CURVE('',#1421,#1392,#1423,.T.);
#1421 = VERTEX_POINT('',#1422);
#1422 = CARTESIAN_POINT('',(60.35,-24.,0.));
#1423 = SURFACE_CURVE('',#1424,(#1428,#1435),.PCURVE_S1.);
#1424 = LINE('',#1425,#1426);
#1425 = CARTESIAN_POINT('',(60.35,-30.35,0.));
#1426 = VECTOR('',#1427,1.);
#1427 = DIRECTION('',(0.,1.,0.));
#1428 = PCURVE('',#291,#1429);
#1429 = DEFINITIONAL_REPRESENTATION('',(#1430),#1434);
#1430 = LINE('',#1431,#1432);
#1431 = CARTESIAN_POINT('',(60.35,-30.35));
#1432 = VECTOR('',#1433,1.);
#1433 = DIRECTION('',(0.,1.));
#1434 = ( GEOMETRIC_REPRESENTATION_CONTEXT(2) 
PARAMETRIC_REPRESENTATION_CONTEXT() REPRESENTATION_CONTEXT('2D SPACE',''
  ) );
#1435 = PCURVE('',#1436,#1441);
#1436 = PLANE('',#1437);
#1437 = AXIS2_PLACEMENT_3D('',#1438,#1439,#1440);
#1438 = CARTESIAN_POINT('',(60.35,-30.35,-3.));
#1439 = DIRECTION('',(-1.,0.,0.));
#1440 = DIRECTION('',(0.,1.,0.));
#1441 = DEFINITIONAL_REPRESENTATION('',(#1442),#1446);
#1442 = LINE('',#1443,#1444);
#1443 = CARTESIAN_POINT('',(0.,-3.));
#1444 = VECTOR('',#1445,1.);
#1445 = DIRECTION('',(1.,0.));
#1446 = ( GEOMETRIC_REPRESENTATION_CONTEXT(2) 
PARAMETRIC_REPRESENTATION_CONTEXT() REPRESENTATION_CONTEXT('2D SPACE',''
  ) );
#1447 = ORIENTED_EDGE('',*,*,#1448,.F.);
#1448 = EDGE_CURVE('',#812,#1421,#1449,.T.);
#1449 = SURFACE_CURVE('',#1450,(#1455,#1462),.PCURVE_S1.);
#1450 = CIRCLE('',#1451,6.35);
#1451 = AXIS2_PLACEMENT_3D('',#1452,#1453,#1454);
#1452 = CARTESIAN_POINT('',(54.,-24.,8.881784197001E-16));
#1453 = DIRECTION('',(0.,0.,1.));
#1454 = DIRECTION('',(0.,-1.,0.));
#1455 = PCURVE('',#291,#1456);
#1456 = DEFINITIONAL_REPRESENTATION('',(#1457),#1461);
#1457 = CIRCLE('',#1458,6.35);
#1458 = AXIS2_PLACEMENT_2D('',#1459,#1460);
#1459 = CARTESIAN_POINT('',(54.,-24.));
#1460 = DIRECTION('',(0.,-1.));
#1461 = ( GEOMETRIC_REPRESENTATION_CONTEXT(2) 
PARAMETRIC_REPRESENTATION_CONTEXT() REPRESENTATION_CONTEXT('2D SPACE',''
  ) );
#1462 = PCURVE('',#1463,#1468);
#1463 = CYLINDRICAL_SURFACE('',#1464,6.35);
#1464 = AXIS2_PLACEMENT_3D('',#1465,#1466,#1467);
#1465 = CARTESIAN_POINT('',(54.,-24.,-3.));
#1466 = DIRECTION('',(0.,0.,1.));
#1467 = DIRECTION('',(0.,-1.,0.));
#1468 = DEFINITIONAL_REPRESENTATION('',(#1469),#1473);
#1469 = LINE('',#1470,#1471);
#1470 = CARTESIAN_POINT('',(0.,3.));
#1471 = VECTOR('',#1472,1.);
#1472 = DIRECTION('',(1.,0.));
#1473 = ( GEOMETRIC_REPRESENTATION_CONTEXT(2) 
PARAMETRIC_REPRESENTATION_CONTEXT() REPRESENTATION_CONTEXT('2D SPACE',''
  ) );
#1474 = FACE_BOUND('',#1475,.F.);
#1475 = EDGE_LOOP('',(#1476));
#1476 = ORIENTED_EDGE('',*,*,#1477,.T.);
#1477 = EDGE_CURVE('',#1478,#1478,#1480,.T.);
#1478 = VERTEX_POINT('',#1479);
#1479 = CARTESIAN_POINT('',(48.265,1.625,0.));
#1480 = SURFACE_CURVE('',#1481,(#1486,#1497),.PCURVE_S1.);
#1481 = CIRCLE('',#1482,3.);
#1482 = AXIS2_PLACEMENT_3D('',#1483,#1484,#1485);
#1483 = CARTESIAN_POINT('',(45.265,1.625,0.));
#1484 = DIRECTION('',(0.,0.,-1.));
#1485 = DIRECTION('',(1.,0.,0.));
#1486 = PCURVE('',#291,#1487);
#1487 = DEFINITIONAL_REPRESENTATION('',(#1488),#1496);
#1488 = ( BOUNDED_CURVE() B_SPLINE_CURVE(2,(#1489,#1490,#1491,#1492,
#1493,#1494,#1495),.UNSPECIFIED.,.T.,.F.) B_SPLINE_CURVE_WITH_KNOTS((1,2
    ,2,2,2,1),(-2.094395102393,0.,2.094395102393,4.188790204786,
6.28318530718,8.377580409573),.UNSPECIFIED.) CURVE() 
GEOMETRIC_REPRESENTATION_ITEM() RATIONAL_B_SPLINE_CURVE((1.,0.5,1.,0.5,
1.,0.5,1.)) REPRESENTATION_ITEM('') );
#1489 = CARTESIAN_POINT('',(48.265,1.625));
#1490 = CARTESIAN_POINT('',(48.265,-3.571152422707));
#1491 = CARTESIAN_POINT('',(43.765,-0.973076211353));
#1492 = CARTESIAN_POINT('',(39.265,1.625));
#1493 = CARTESIAN_POINT('',(43.765,4.223076211353));
#1494 = CARTESIAN_POINT('',(48.265,6.821152422707));
#1495 = CARTESIAN_POINT('',(48.265,1.625));
#1496 = ( GEOMETRIC_REPRESENTATION_CONTEXT(2) 
PARAMETRIC_REPRESENTATION_CONTEXT() REPRESENTATION_CONTEXT('2D SPACE',''
  ) );
#1497 = PCURVE('',#1498,#1503);
#1498 = CYLINDRICAL_SURFACE('',#1499,3.);
#1499 = AXIS2_PLACEMENT_3D('',#1500,#1501,#1502);
#1500 = CARTESIAN_POINT('',(45.265,1.625,-0.1));
#1501 = DIRECTION('',(-0.,-0.,-1.));
#1502 = DIRECTION('',(1.,0.,0.));
#1503 = DEFINITIONAL_REPRESENTATION('',(#1504),#1508);
#1504 = LINE('',#1505,#1506);
#1505 = CARTESIAN_POINT('',(-6.28318530718,-0.1));
#1506 = VECTOR('',#1507,1.);
#1507 = DIRECTION('',(1.,-0.));
#1508 = ( GEOMETRIC_REPRESENTATION_CONTEXT(2) 
PARAMETRIC_REPRESENTATION_CONTEXT() REPRESENTATION_CONTEXT('2D SPACE',''
  ) );
#1509 = ADVANCED_FACE('',(#1510),#266,.T.);
#1510 = FACE_BOUND('',#1511,.F.);
#1511 = EDGE_LOOP('',(#1512,#1513,#1514,#1533));
#1512 = ORIENTED_EDGE('',*,*,#251,.F.);
#1513 = ORIENTED_EDGE('',*,*,#386,.T.);
#1514 = ORIENTED_EDGE('',*,*,#1515,.T.);
#1515 = EDGE_CURVE('',#387,#648,#1516,.T.);
#1516 = SURFACE_CURVE('',#1517,(#1521,#1527),.PCURVE_S1.);
#1517 = LINE('',#1518,#1519);
#1518 = CARTESIAN_POINT('',(63.9,-24.,0.3));
#1519 = VECTOR('',#1520,1.);
#1520 = DIRECTION('',(-0.707106781187,4.329780281177E-17,-0.707106781187
    ));
#1521 = PCURVE('',#266,#1522);
#1522 = DEFINITIONAL_REPRESENTATION('',(#1523),#1526);
#1523 = B_SPLINE_CURVE_WITH_KNOTS('',1,(#1524,#1525),.UNSPECIFIED.,.F.,
  .F.,(2,2),(0.,0.424264068712),.PIECEWISE_BEZIER_KNOTS.);
#1524 = CARTESIAN_POINT('',(1.570796326795,0.));
#1525 = CARTESIAN_POINT('',(1.570796326795,-0.3));
#1526 = ( GEOMETRIC_REPRESENTATION_CONTEXT(2) 
PARAMETRIC_REPRESENTATION_CONTEXT() REPRESENTATION_CONTEXT('2D SPACE',''
  ) );
#1527 = PCURVE('',#687,#1528);
#1528 = DEFINITIONAL_REPRESENTATION('',(#1529),#1532);
#1529 = B_SPLINE_CURVE_WITH_KNOTS('',1,(#1530,#1531),.UNSPECIFIED.,.F.,
  .F.,(2,2),(0.,0.424264068712),.PIECEWISE_BEZIER_KNOTS.);
#1530 = CARTESIAN_POINT('',(0.,-0.212132034356));
#1531 = CARTESIAN_POINT('',(0.,0.212132034356));
#1532 = ( GEOMETRIC_REPRESENTATION_CONTEXT(2) 
PARAMETRIC_REPRESENTATION_CONTEXT() REPRESENTATION_CONTEXT('2D SPACE',''
  ) );
#1533 = ORIENTED_EDGE('',*,*,#647,.F.);
#1534 = ADVANCED_FACE('',(#1535,#1698,#1733,#1853,#1973),#344,.T.);
#1535 = FACE_BOUND('',#1536,.T.);
#1536 = EDGE_LOOP('',(#1537,#1538,#1562,#1590,#1619,#1647,#1676,#1697));
#1537 = ORIENTED_EDGE('',*,*,#328,.T.);
#1538 = ORIENTED_EDGE('',*,*,#1539,.T.);
#1539 = EDGE_CURVE('',#329,#1540,#1542,.T.);
#1540 = VERTEX_POINT('',#1541);
#1541 = CARTESIAN_POINT('',(61.9,-24.,8.));
#1542 = SURFACE_CURVE('',#1543,(#1548,#1555),.PCURVE_S1.);
#1543 = CIRCLE('',#1544,7.9);
#1544 = AXIS2_PLACEMENT_3D('',#1545,#1546,#1547);
#1545 = CARTESIAN_POINT('',(54.,-24.,8.));
#1546 = DIRECTION('',(0.,0.,1.));
#1547 = DIRECTION('',(0.,-1.,0.));
#1548 = PCURVE('',#344,#1549);
#1549 = DEFINITIONAL_REPRESENTATION('',(#1550),#1554);
#1550 = CIRCLE('',#1551,7.9);
#1551 = AXIS2_PLACEMENT_2D('',#1552,#1553);
#1552 = CARTESIAN_POINT('',(54.,-24.));
#1553 = DIRECTION('',(0.,-1.));
#1554 = ( GEOMETRIC_REPRESENTATION_CONTEXT(2) 
PARAMETRIC_REPRESENTATION_CONTEXT() REPRESENTATION_CONTEXT('2D SPACE',''
  ) );
#1555 = PCURVE('',#370,#1556);
#1556 = DEFINITIONAL_REPRESENTATION('',(#1557),#1561);
#1557 = LINE('',#1558,#1559);
#1558 = CARTESIAN_POINT('',(0.,1.570796326795));
#1559 = VECTOR('',#1560,1.);
#1560 = DIRECTION('',(1.,0.));
#1561 = ( GEOMETRIC_REPRESENTATION_CONTEXT(2) 
PARAMETRIC_REPRESENTATION_CONTEXT() REPRESENTATION_CONTEXT('2D SPACE',''
  ) );
#1562 = ORIENTED_EDGE('',*,*,#1563,.T.);
#1563 = EDGE_CURVE('',#1540,#1564,#1566,.T.);
#1564 = VERTEX_POINT('',#1565);
#1565 = CARTESIAN_POINT('',(61.9,24.,8.));
#1566 = SURFACE_CURVE('',#1567,(#1571,#1578),.PCURVE_S1.);
#1567 = LINE('',#1568,#1569);
#1568 = CARTESIAN_POINT('',(61.9,-24.,8.));
#1569 = VECTOR('',#1570,1.);
#1570 = DIRECTION('',(0.,1.,0.));
#1571 = PCURVE('',#344,#1572);
#1572 = DEFINITIONAL_REPRESENTATION('',(#1573),#1577);
#1573 = LINE('',#1574,#1575);
#1574 = CARTESIAN_POINT('',(61.9,-24.));
#1575 = VECTOR('',#1576,1.);
#1576 = DIRECTION('',(0.,1.));
#1577 = ( GEOMETRIC_REPRESENTATION_CONTEXT(2) 
PARAMETRIC_REPRESENTATION_CONTEXT() REPRESENTATION_CONTEXT('2D SPACE',''
  ) );
#1578 = PCURVE('',#1579,#1584);
#1579 = CYLINDRICAL_SURFACE('',#1580,2.);
#1580 = AXIS2_PLACEMENT_3D('',#1581,#1582,#1583);
#1581 = CARTESIAN_POINT('',(61.9,-24.,6.));
#1582 = DIRECTION('',(0.,1.,0.));
#1583 = DIRECTION('',(1.,0.,-0.));
#1584 = DEFINITIONAL_REPRESENTATION('',(#1585),#1589);
#1585 = LINE('',#1586,#1587);
#1586 = CARTESIAN_POINT('',(-1.570796326795,0.));
#1587 = VECTOR('',#1588,1.);
#1588 = DIRECTION('',(-0.,1.));
#1589 = ( GEOMETRIC_REPRESENTATION_CONTEXT(2) 
PARAMETRIC_REPRESENTATION_CONTEXT() REPRESENTATION_CONTEXT('2D SPACE',''
  ) );
#1590 = ORIENTED_EDGE('',*,*,#1591,.T.);
#1591 = EDGE_CURVE('',#1564,#1592,#1594,.T.);
#1592 = VERTEX_POINT('',#1593);
#1593 = CARTESIAN_POINT('',(54.,31.9,8.));
#1594 = SURFACE_CURVE('',#1595,(#1600,#1607),.PCURVE_S1.);
#1595 = CIRCLE('',#1596,7.9);
#1596 = AXIS2_PLACEMENT_3D('',#1597,#1598,#1599);
#1597 = CARTESIAN_POINT('',(54.,24.,8.));
#1598 = DIRECTION('',(0.,0.,1.));
#1599 = DIRECTION('',(1.,0.,-0.));
#1600 = PCURVE('',#344,#1601);
#1601 = DEFINITIONAL_REPRESENTATION('',(#1602),#1606);
#1602 = CIRCLE('',#1603,7.9);
#1603 = AXIS2_PLACEMENT_2D('',#1604,#1605);
#1604 = CARTESIAN_POINT('',(54.,24.));
#1605 = DIRECTION('',(1.,0.));
#1606 = ( GEOMETRIC_REPRESENTATION_CONTEXT(2) 
PARAMETRIC_REPRESENTATION_CONTEXT() REPRESENTATION_CONTEXT('2D SPACE',''
  ) );
#1607 = PCURVE('',#1608,#1613);
#1608 = TOROIDAL_SURFACE('',#1609,7.9,2.);
#1609 = AXIS2_PLACEMENT_3D('',#1610,#1611,#1612);
#1610 = CARTESIAN_POINT('',(54.,24.,6.));
#1611 = DIRECTION('',(0.,0.,1.));
#1612 = DIRECTION('',(1.,0.,-0.));
#1613 = DEFINITIONAL_REPRESENTATION('',(#1614),#1618);
#1614 = LINE('',#1615,#1616);
#1615 = CARTESIAN_POINT('',(0.,1.570796326795));
#1616 = VECTOR('',#1617,1.);
#1617 = DIRECTION('',(1.,0.));
#1618 = ( GEOMETRIC_REPRESENTATION_CONTEXT(2) 
PARAMETRIC_REPRESENTATION_CONTEXT() REPRESENTATION_CONTEXT('2D SPACE',''
  ) );
#1619 = ORIENTED_EDGE('',*,*,#1620,.T.);
#1620 = EDGE_CURVE('',#1592,#1621,#1623,.T.);
#1621 = VERTEX_POINT('',#1622);
#1622 = CARTESIAN_POINT('',(-54.,31.9,8.));
#1623 = SURFACE_CURVE('',#1624,(#1628,#1635),.PCURVE_S1.);
#1624 = LINE('',#1625,#1626);
#1625 = CARTESIAN_POINT('',(54.,31.9,8.));
#1626 = VECTOR('',#1627,1.);
#1627 = DIRECTION('',(-1.,0.,0.));
#1628 = PCURVE('',#344,#1629);
#1629 = DEFINITIONAL_REPRESENTATION('',(#1630),#1634);
#1630 = LINE('',#1631,#1632);
#1631 = CARTESIAN_POINT('',(54.,31.9));
#1632 = VECTOR('',#1633,1.);
#1633 = DIRECTION('',(-1.,0.));
#1634 = ( GEOMETRIC_REPRESENTATION_CONTEXT(2) 
PARAMETRIC_REPRESENTATION_CONTEXT() REPRESENTATION_CONTEXT('2D SPACE',''
  ) );
#1635 = PCURVE('',#1636,#1641);
#1636 = CYLINDRICAL_SURFACE('',#1637,2.);
#1637 = AXIS2_PLACEMENT_3D('',#1638,#1639,#1640);
#1638 = CARTESIAN_POINT('',(54.,31.9,6.));
#1639 = DIRECTION('',(-1.,0.,0.));
#1640 = DIRECTION('',(0.,1.,-0.));
#1641 = DEFINITIONAL_REPRESENTATION('',(#1642),#1646);
#1642 = LINE('',#1643,#1644);
#1643 = CARTESIAN_POINT('',(-1.570796326795,0.));
#1644 = VECTOR('',#1645,1.);
#1645 = DIRECTION('',(-0.,1.));
#1646 = ( GEOMETRIC_REPRESENTATION_CONTEXT(2) 
PARAMETRIC_REPRESENTATION_CONTEXT() REPRESENTATION_CONTEXT('2D SPACE',''
  ) );
#1647 = ORIENTED_EDGE('',*,*,#1648,.T.);
#1648 = EDGE_CURVE('',#1621,#1649,#1651,.T.);
#1649 = VERTEX_POINT('',#1650);
#1650 = CARTESIAN_POINT('',(-61.9,24.,8.));
#1651 = SURFACE_CURVE('',#1652,(#1657,#1664),.PCURVE_S1.);
#1652 = CIRCLE('',#1653,7.9);
#1653 = AXIS2_PLACEMENT_3D('',#1654,#1655,#1656);
#1654 = CARTESIAN_POINT('',(-54.,24.,8.));
#1655 = DIRECTION('',(0.,0.,1.));
#1656 = DIRECTION('',(0.,1.,-0.));
#1657 = PCURVE('',#344,#1658);
#1658 = DEFINITIONAL_REPRESENTATION('',(#1659),#1663);
#1659 = CIRCLE('',#1660,7.9);
#1660 = AXIS2_PLACEMENT_2D('',#1661,#1662);
#1661 = CARTESIAN_POINT('',(-54.,24.));
#1662 = DIRECTION('',(0.,1.));
#1663 = ( GEOMETRIC_REPRESENTATION_CONTEXT(2) 
PARAMETRIC_REPRESENTATION_CONTEXT() REPRESENTATION_CONTEXT('2D SPACE',''
  ) );
#1664 = PCURVE('',#1665,#1670);
#1665 = TOROIDAL_SURFACE('',#1666,7.9,2.);
#1666 = AXIS2_PLACEMENT_3D('',#1667,#1668,#1669);
#1667 = CARTESIAN_POINT('',(-54.,24.,6.));
#1668 = DIRECTION('',(0.,0.,1.));
#1669 = DIRECTION('',(0.,1.,-0.));
#1670 = DEFINITIONAL_REPRESENTATION('',(#1671),#1675);
#1671 = LINE('',#1672,#1673);
#1672 = CARTESIAN_POINT('',(0.,1.570796326795));
#1673 = VECTOR('',#1674,1.);
#1674 = DIRECTION('',(1.,0.));
#1675 = ( GEOMETRIC_REPRESENTATION_CONTEXT(2) 
PARAMETRIC_REPRESENTATION_CONTEXT() REPRESENTATION_CONTEXT('2D SPACE',''
  ) );
#1676 = ORIENTED_EDGE('',*,*,#1677,.T.);
#1677 = EDGE_CURVE('',#1649,#517,#1678,.T.);
#1678 = SURFACE_CURVE('',#1679,(#1683,#1690),.PCURVE_S1.);
#1679 = LINE('',#1680,#1681);
#1680 = CARTESIAN_POINT('',(-61.9,24.,8.));
#1681 = VECTOR('',#1682,1.);
#1682 = DIRECTION('',(0.,-1.,0.));
#1683 = PCURVE('',#344,#1684);
#1684 = DEFINITIONAL_REPRESENTATION('',(#1685),#1689);
#1685 = LINE('',#1686,#1687);
#1686 = CARTESIAN_POINT('',(-61.9,24.));
#1687 = VECTOR('',#1688,1.);
#1688 = DIRECTION('',(0.,-1.));
#1689 = ( GEOMETRIC_REPRESENTATION_CONTEXT(2) 
PARAMETRIC_REPRESENTATION_CONTEXT() REPRESENTATION_CONTEXT('2D SPACE',''
  ) );
#1690 = PCURVE('',#532,#1691);
#1691 = DEFINITIONAL_REPRESENTATION('',(#1692),#1696);
#1692 = LINE('',#1693,#1694);
#1693 = CARTESIAN_POINT('',(-1.570796326795,0.));
#1694 = VECTOR('',#1695,1.);
#1695 = DIRECTION('',(-0.,1.));
#1696 = ( GEOMETRIC_REPRESENTATION_CONTEXT(2) 
PARAMETRIC_REPRESENTATION_CONTEXT() REPRESENTATION_CONTEXT('2D SPACE',''
  ) );
#1697 = ORIENTED_EDGE('',*,*,#545,.T.);
#1698 = FACE_BOUND('',#1699,.T.);
#1699 = EDGE_LOOP('',(#1700));
#1700 = ORIENTED_EDGE('',*,*,#1701,.T.);
#1701 = EDGE_CURVE('',#1702,#1702,#1704,.T.);
#1702 = VERTEX_POINT('',#1703);
#1703 = CARTESIAN_POINT('',(-13.935,0.,8.));
#1704 = SURFACE_CURVE('',#1705,(#1710,#1721),.PCURVE_S1.);
#1705 = CIRCLE('',#1706,1.5);
#1706 = AXIS2_PLACEMENT_3D('',#1707,#1708,#1709);
#1707 = CARTESIAN_POINT('',(-15.435,0.,8.));
#1708 = DIRECTION('',(0.,0.,-1.));
#1709 = DIRECTION('',(1.,0.,0.));
#1710 = PCURVE('',#344,#1711);
#1711 = DEFINITIONAL_REPRESENTATION('',(#1712),#1720);
#1712 = ( BOUNDED_CURVE() B_SPLINE_CURVE(2,(#1713,#1714,#1715,#1716,
#1717,#1718,#1719),.UNSPECIFIED.,.T.,.F.) B_SPLINE_CURVE_WITH_KNOTS((1,2
    ,2,2,2,1),(-2.094395102393,0.,2.094395102393,4.188790204786,
6.28318530718,8.377580409573),.UNSPECIFIED.) CURVE() 
GEOMETRIC_REPRESENTATION_ITEM() RATIONAL_B_SPLINE_CURVE((1.,0.5,1.,0.5,
1.,0.5,1.)) REPRESENTATION_ITEM('') );
#1713 = CARTESIAN_POINT('',(-13.935,0.));
#1714 = CARTESIAN_POINT('',(-13.935,-2.598076211353));
#1715 = CARTESIAN_POINT('',(-16.185,-1.299038105677));
#1716 = CARTESIAN_POINT('',(-18.435,-3.673940397442E-16));
#1717 = CARTESIAN_POINT('',(-16.185,1.299038105677));
#1718 = CARTESIAN_POINT('',(-13.935,2.598076211353));
#1719 = CARTESIAN_POINT('',(-13.935,0.));
#1720 = ( GEOMETRIC_REPRESENTATION_CONTEXT(2) 
PARAMETRIC_REPRESENTATION_CONTEXT() REPRESENTATION_CONTEXT('2D SPACE',''
  ) );
#1721 = PCURVE('',#1722,#1727);
#1722 = CYLINDRICAL_SURFACE('',#1723,1.5);
#1723 = AXIS2_PLACEMENT_3D('',#1724,#1725,#1726);
#1724 = CARTESIAN_POINT('',(-15.435,0.,7.7));
#1725 = DIRECTION('',(-0.,-0.,-1.));
#1726 = DIRECTION('',(1.,0.,0.));
#1727 = DEFINITIONAL_REPRESENTATION('',(#1728),#1732);
#1728 = LINE('',#1729,#1730);
#1729 = CARTESIAN_POINT('',(-6.28318530718,-0.3));
#1730 = VECTOR('',#1731,1.);
#1731 = DIRECTION('',(1.,-0.));
#1732 = ( GEOMETRIC_REPRESENTATION_CONTEXT(2) 
PARAMETRIC_REPRESENTATION_CONTEXT() REPRESENTATION_CONTEXT('2D SPACE',''
  ) );
#1733 = FACE_BOUND('',#1734,.T.);
#1734 = EDGE_LOOP('',(#1735,#1763,#1796,#1822));
#1735 = ORIENTED_EDGE('',*,*,#1736,.T.);
#1736 = EDGE_CURVE('',#1737,#1739,#1741,.T.);
#1737 = VERTEX_POINT('',#1738);
#1738 = CARTESIAN_POINT('',(-13.4848401164,2.785116950583,8.));
#1739 = VERTEX_POINT('',#1740);
#1740 = CARTESIAN_POINT('',(-12.3376872437,4.423421039161,8.));
#1741 = SURFACE_CURVE('',#1742,(#1746,#1752),.PCURVE_S1.);
#1742 = LINE('',#1743,#1744);
#1743 = CARTESIAN_POINT('',(-12.89602022805,3.626038900458,8.));
#1744 = VECTOR('',#1745,1.);
#1745 = DIRECTION('',(0.573576436351,0.819152044289,-0.));
#1746 = PCURVE('',#344,#1747);
#1747 = DEFINITIONAL_REPRESENTATION('',(#1748),#1751);
#1748 = B_SPLINE_CURVE_WITH_KNOTS('',1,(#1749,#1750),.UNSPECIFIED.,.F.,
  .F.,(2,2),(-1.026576147539,0.973423852461),.PIECEWISE_BEZIER_KNOTS.);
#1749 = CARTESIAN_POINT('',(-13.4848401164,2.785116950583));
#1750 = CARTESIAN_POINT('',(-12.3376872437,4.423421039161));
#1751 = ( GEOMETRIC_REPRESENTATION_CONTEXT(2) 
PARAMETRIC_REPRESENTATION_CONTEXT() REPRESENTATION_CONTEXT('2D SPACE',''
  ) );
#1752 = PCURVE('',#1753,#1758);
#1753 = PLANE('',#1754);
#1754 = AXIS2_PLACEMENT_3D('',#1755,#1756,#1757);
#1755 = CARTESIAN_POINT('',(-15.435,1.7763568394E-15,7.7));
#1756 = DIRECTION('',(0.819152044289,-0.573576436351,0.));
#1757 = DIRECTION('',(0.573576436351,0.819152044289,0.));
#1758 = DEFINITIONAL_REPRESENTATION('',(#1759),#1762);
#1759 = B_SPLINE_CURVE_WITH_KNOTS('',1,(#1760,#1761),.UNSPECIFIED.,.F.,
  .F.,(2,2),(-1.026576147539,0.973423852461),.PIECEWISE_BEZIER_KNOTS.);
#1760 = CARTESIAN_POINT('',(3.4,0.3));
#1761 = CARTESIAN_POINT('',(5.4,0.3));
#1762 = ( GEOMETRIC_REPRESENTATION_CONTEXT(2) 
PARAMETRIC_REPRESENTATION_CONTEXT() REPRESENTATION_CONTEXT('2D SPACE',''
  ) );
#1763 = ORIENTED_EDGE('',*,*,#1764,.T.);
#1764 = EDGE_CURVE('',#1739,#1765,#1767,.T.);
#1765 = VERTEX_POINT('',#1766);
#1766 = CARTESIAN_POINT('',(-12.3376872437,-4.423421039161,8.));
#1767 = SURFACE_CURVE('',#1768,(#1773,#1784),.PCURVE_S1.);
#1768 = CIRCLE('',#1769,5.4);
#1769 = AXIS2_PLACEMENT_3D('',#1770,#1771,#1772);
#1770 = CARTESIAN_POINT('',(-15.435,0.,8.));
#1771 = DIRECTION('',(0.,0.,-1.));
#1772 = DIRECTION('',(1.,0.,0.));
#1773 = PCURVE('',#344,#1774);
#1774 = DEFINITIONAL_REPRESENTATION('',(#1775),#1783);
#1775 = ( BOUNDED_CURVE() B_SPLINE_CURVE(2,(#1776,#1777,#1778,#1779,
#1780,#1781,#1782),.UNSPECIFIED.,.T.,.F.) B_SPLINE_CURVE_WITH_KNOTS((1,2
    ,2,2,2,1),(-2.094395102393,0.,2.094395102393,4.188790204786,
6.28318530718,8.377580409573),.UNSPECIFIED.) CURVE() 
GEOMETRIC_REPRESENTATION_ITEM() RATIONAL_B_SPLINE_CURVE((1.,0.5,1.,0.5,
1.,0.5,1.)) REPRESENTATION_ITEM('') );
#1776 = CARTESIAN_POINT('',(-10.035,0.));
#1777 = CARTESIAN_POINT('',(-10.035,-9.353074360872));
#1778 = CARTESIAN_POINT('',(-18.135,-4.676537180436));
#1779 = CARTESIAN_POINT('',(-26.235,-1.322618543079E-15));
#1780 = CARTESIAN_POINT('',(-18.135,4.676537180436));
#1781 = CARTESIAN_POINT('',(-10.035,9.353074360872));
#1782 = CARTESIAN_POINT('',(-10.035,0.));
#1783 = ( GEOMETRIC_REPRESENTATION_CONTEXT(2) 
PARAMETRIC_REPRESENTATION_CONTEXT() REPRESENTATION_CONTEXT('2D SPACE',''
  ) );
#1784 = PCURVE('',#1785,#1790);
#1785 = CYLINDRICAL_SURFACE('',#1786,5.4);
#1786 = AXIS2_PLACEMENT_3D('',#1787,#1788,#1789);
#1787 = CARTESIAN_POINT('',(-15.435,0.,7.7));
#1788 = DIRECTION('',(-0.,-0.,-1.));
#1789 = DIRECTION('',(1.,0.,0.));
#1790 = DEFINITIONAL_REPRESENTATION('',(#1791),#1795);
#1791 = LINE('',#1792,#1793);
#1792 = CARTESIAN_POINT('',(-12.56637061435,-0.3));
#1793 = VECTOR('',#1794,1.);
#1794 = DIRECTION('',(1.,-0.));
#1795 = ( GEOMETRIC_REPRESENTATION_CONTEXT(2) 
PARAMETRIC_REPRESENTATION_CONTEXT() REPRESENTATION_CONTEXT('2D SPACE',''
  ) );
#1796 = ORIENTED_EDGE('',*,*,#1797,.F.);
#1797 = EDGE_CURVE('',#1798,#1765,#1800,.T.);
#1798 = VERTEX_POINT('',#1799);
#1799 = CARTESIAN_POINT('',(-13.4848401164,-2.785116950583,8.));
#1800 = SURFACE_CURVE('',#1801,(#1805,#1811),.PCURVE_S1.);
#1801 = LINE('',#1802,#1803);
#1802 = CARTESIAN_POINT('',(-12.89602022805,-3.626038900458,8.));
#1803 = VECTOR('',#1804,1.);
#1804 = DIRECTION('',(0.573576436351,-0.819152044289,0.));
#1805 = PCURVE('',#344,#1806);
#1806 = DEFINITIONAL_REPRESENTATION('',(#1807),#1810);
#1807 = B_SPLINE_CURVE_WITH_KNOTS('',1,(#1808,#1809),.UNSPECIFIED.,.F.,
  .F.,(2,2),(-1.026576147539,0.973423852461),.PIECEWISE_BEZIER_KNOTS.);
#1808 = CARTESIAN_POINT('',(-13.4848401164,-2.785116950583));
#1809 = CARTESIAN_POINT('',(-12.3376872437,-4.423421039161));
#1810 = ( GEOMETRIC_REPRESENTATION_CONTEXT(2) 
PARAMETRIC_REPRESENTATION_CONTEXT() REPRESENTATION_CONTEXT('2D SPACE',''
  ) );
#1811 = PCURVE('',#1812,#1817);
#1812 = PLANE('',#1813);
#1813 = AXIS2_PLACEMENT_3D('',#1814,#1815,#1816);
#1814 = CARTESIAN_POINT('',(-15.435,0.,7.7));
#1815 = DIRECTION('',(-0.819152044289,-0.573576436351,0.));
#1816 = DIRECTION('',(0.573576436351,-0.819152044289,0.));
#1817 = DEFINITIONAL_REPRESENTATION('',(#1818),#1821);
#1818 = B_SPLINE_CURVE_WITH_KNOTS('',1,(#1819,#1820),.UNSPECIFIED.,.F.,
  .F.,(2,2),(-1.026576147539,0.973423852461),.PIECEWISE_BEZIER_KNOTS.);
#1819 = CARTESIAN_POINT('',(3.4,0.3));
#1820 = CARTESIAN_POINT('',(5.4,0.3));
#1821 = ( GEOMETRIC_REPRESENTATION_CONTEXT(2) 
PARAMETRIC_REPRESENTATION_CONTEXT() REPRESENTATION_CONTEXT('2D SPACE',''
  ) );
#1822 = ORIENTED_EDGE('',*,*,#1823,.F.);
#1823 = EDGE_CURVE('',#1737,#1798,#1824,.T.);
#1824 = SURFACE_CURVE('',#1825,(#1830,#1841),.PCURVE_S1.);
#1825 = CIRCLE('',#1826,3.4);
#1826 = AXIS2_PLACEMENT_3D('',#1827,#1828,#1829);
#1827 = CARTESIAN_POINT('',(-15.435,-1.233581138472E-16,8.));
#1828 = DIRECTION('',(0.,0.,-1.));
#1829 = DIRECTION('',(1.,0.,0.));
#1830 = PCURVE('',#344,#1831);
#1831 = DEFINITIONAL_REPRESENTATION('',(#1832),#1840);
#1832 = ( BOUNDED_CURVE() B_SPLINE_CURVE(2,(#1833,#1834,#1835,#1836,
#1837,#1838,#1839),.UNSPECIFIED.,.T.,.F.) B_SPLINE_CURVE_WITH_KNOTS((1,2
    ,2,2,2,1),(-2.094395102393,0.,2.094395102393,4.188790204786,
6.28318530718,8.377580409573),.UNSPECIFIED.) CURVE() 
GEOMETRIC_REPRESENTATION_ITEM() RATIONAL_B_SPLINE_CURVE((1.,0.5,1.,0.5,
1.,0.5,1.)) REPRESENTATION_ITEM('') );
#1833 = CARTESIAN_POINT('',(-12.035,-1.233581138472E-16));
#1834 = CARTESIAN_POINT('',(-12.035,-5.888972745734));
#1835 = CARTESIAN_POINT('',(-17.135,-2.944486372867));
#1836 = CARTESIAN_POINT('',(-22.235,-9.561179372674E-16));
#1837 = CARTESIAN_POINT('',(-17.135,2.944486372867));
#1838 = CARTESIAN_POINT('',(-12.035,5.888972745734));
#1839 = CARTESIAN_POINT('',(-12.035,-1.233581138472E-16));
#1840 = ( GEOMETRIC_REPRESENTATION_CONTEXT(2) 
PARAMETRIC_REPRESENTATION_CONTEXT() REPRESENTATION_CONTEXT('2D SPACE',''
  ) );
#1841 = PCURVE('',#1842,#1847);
#1842 = CYLINDRICAL_SURFACE('',#1843,3.4);
#1843 = AXIS2_PLACEMENT_3D('',#1844,#1845,#1846);
#1844 = CARTESIAN_POINT('',(-15.435,-1.233581138472E-16,7.7));
#1845 = DIRECTION('',(-0.,-0.,-1.));
#1846 = DIRECTION('',(1.,0.,0.));
#1847 = DEFINITIONAL_REPRESENTATION('',(#1848),#1852);
#1848 = LINE('',#1849,#1850);
#1849 = CARTESIAN_POINT('',(-12.56637061435,-0.3));
#1850 = VECTOR('',#1851,1.);
#1851 = DIRECTION('',(1.,-0.));
#1852 = ( GEOMETRIC_REPRESENTATION_CONTEXT(2) 
PARAMETRIC_REPRESENTATION_CONTEXT() REPRESENTATION_CONTEXT('2D SPACE',''
  ) );
#1853 = FACE_BOUND('',#1854,.T.);
#1854 = EDGE_LOOP('',(#1855,#1883,#1916,#1942));
#1855 = ORIENTED_EDGE('',*,*,#1856,.T.);
#1856 = EDGE_CURVE('',#1857,#1859,#1861,.T.);
#1857 = VERTEX_POINT('',#1858);
#1858 = CARTESIAN_POINT('',(-11.190534371,6.061725127739,8.));
#1859 = VERTEX_POINT('',#1860);
#1860 = CARTESIAN_POINT('',(-10.0433814983,7.700029216317,8.));
#1861 = SURFACE_CURVE('',#1862,(#1866,#1872),.PCURVE_S1.);
#1862 = LINE('',#1863,#1864);
#1863 = CARTESIAN_POINT('',(-12.89602022805,3.626038900458,8.));
#1864 = VECTOR('',#1865,1.);
#1865 = DIRECTION('',(0.573576436351,0.819152044289,-0.));
#1866 = PCURVE('',#344,#1867);
#1867 = DEFINITIONAL_REPRESENTATION('',(#1868),#1871);
#1868 = B_SPLINE_CURVE_WITH_KNOTS('',1,(#1869,#1870),.UNSPECIFIED.,.F.,
  .F.,(2,2),(2.973423852461,4.973423852461),.PIECEWISE_BEZIER_KNOTS.);
#1869 = CARTESIAN_POINT('',(-11.190534371,6.061725127739));
#1870 = CARTESIAN_POINT('',(-10.0433814983,7.700029216317));
#1871 = ( GEOMETRIC_REPRESENTATION_CONTEXT(2) 
PARAMETRIC_REPRESENTATION_CONTEXT() REPRESENTATION_CONTEXT('2D SPACE',''
  ) );
#1872 = PCURVE('',#1873,#1878);
#1873 = PLANE('',#1874);
#1874 = AXIS2_PLACEMENT_3D('',#1875,#1876,#1877);
#1875 = CARTESIAN_POINT('',(-15.435,1.7763568394E-15,7.7));
#1876 = DIRECTION('',(0.819152044289,-0.573576436351,0.));
#1877 = DIRECTION('',(0.573576436351,0.819152044289,0.));
#1878 = DEFINITIONAL_REPRESENTATION('',(#1879),#1882);
#1879 = B_SPLINE_CURVE_WITH_KNOTS('',1,(#1880,#1881),.UNSPECIFIED.,.F.,
  .F.,(2,2),(2.973423852461,4.973423852461),.PIECEWISE_BEZIER_KNOTS.);
#1880 = CARTESIAN_POINT('',(7.4,0.3));
#1881 = CARTESIAN_POINT('',(9.4,0.3));
#1882 = ( GEOMETRIC_REPRESENTATION_CONTEXT(2) 
PARAMETRIC_REPRESENTATION_CONTEXT() REPRESENTATION_CONTEXT('2D SPACE',''
  ) );
#1883 = ORIENTED_EDGE('',*,*,#1884,.T.);
#1884 = EDGE_CURVE('',#1859,#1885,#1887,.T.);
#1885 = VERTEX_POINT('',#1886);
#1886 = CARTESIAN_POINT('',(-10.0433814983,-7.700029216317,8.));
#1887 = SURFACE_CURVE('',#1888,(#1893,#1904),.PCURVE_S1.);
#1888 = CIRCLE('',#1889,9.4);
#1889 = AXIS2_PLACEMENT_3D('',#1890,#1891,#1892);
#1890 = CARTESIAN_POINT('',(-15.435,0.,8.));
#1891 = DIRECTION('',(0.,0.,-1.));
#1892 = DIRECTION('',(1.,0.,0.));
#1893 = PCURVE('',#344,#1894);
#1894 = DEFINITIONAL_REPRESENTATION('',(#1895),#1903);
#1895 = ( BOUNDED_CURVE() B_SPLINE_CURVE(2,(#1896,#1897,#1898,#1899,
#1900,#1901,#1902),.UNSPECIFIED.,.T.,.F.) B_SPLINE_CURVE_WITH_KNOTS((1,2
    ,2,2,2,1),(-2.094395102393,0.,2.094395102393,4.188790204786,
6.28318530718,8.377580409573),.UNSPECIFIED.) CURVE() 
GEOMETRIC_REPRESENTATION_ITEM() RATIONAL_B_SPLINE_CURVE((1.,0.5,1.,0.5,
1.,0.5,1.)) REPRESENTATION_ITEM('') );
#1896 = CARTESIAN_POINT('',(-6.035,0.));
#1897 = CARTESIAN_POINT('',(-6.035,-16.28127759114));
#1898 = CARTESIAN_POINT('',(-20.135,-8.140638795574));
#1899 = CARTESIAN_POINT('',(-34.235,-2.302335982397E-15));
#1900 = CARTESIAN_POINT('',(-20.135,8.140638795574));
#1901 = CARTESIAN_POINT('',(-6.035,16.281277591147));
#1902 = CARTESIAN_POINT('',(-6.035,0.));
#1903 = ( GEOMETRIC_REPRESENTATION_CONTEXT(2) 
PARAMETRIC_REPRESENTATION_CONTEXT() REPRESENTATION_CONTEXT('2D SPACE',''
  ) );
#1904 = PCURVE('',#1905,#1910);
#1905 = CYLINDRICAL_SURFACE('',#1906,9.4);
#1906 = AXIS2_PLACEMENT_3D('',#1907,#1908,#1909);
#1907 = CARTESIAN_POINT('',(-15.435,0.,7.7));
#1908 = DIRECTION('',(-0.,-0.,-1.));
#1909 = DIRECTION('',(1.,0.,0.));
#1910 = DEFINITIONAL_REPRESENTATION('',(#1911),#1915);
#1911 = LINE('',#1912,#1913);
#1912 = CARTESIAN_POINT('',(-12.56637061435,-0.3));
#1913 = VECTOR('',#1914,1.);
#1914 = DIRECTION('',(1.,-0.));
#1915 = ( GEOMETRIC_REPRESENTATION_CONTEXT(2) 
PARAMETRIC_REPRESENTATION_CONTEXT() REPRESENTATION_CONTEXT('2D SPACE',''
  ) );
#1916 = ORIENTED_EDGE('',*,*,#1917,.F.);
#1917 = EDGE_CURVE('',#1918,#1885,#1920,.T.);
#1918 = VERTEX_POINT('',#1919);
#1919 = CARTESIAN_POINT('',(-11.190534371,-6.061725127739,8.));
#1920 = SURFACE_CURVE('',#1921,(#1925,#1931),.PCURVE_S1.);
#1921 = LINE('',#1922,#1923);
#1922 = CARTESIAN_POINT('',(-12.89602022805,-3.626038900458,8.));
#1923 = VECTOR('',#1924,1.);
#1924 = DIRECTION('',(0.573576436351,-0.819152044289,0.));
#1925 = PCURVE('',#344,#1926);
#1926 = DEFINITIONAL_REPRESENTATION('',(#1927),#1930);
#1927 = B_SPLINE_CURVE_WITH_KNOTS('',1,(#1928,#1929),.UNSPECIFIED.,.F.,
  .F.,(2,2),(2.973423852461,4.973423852461),.PIECEWISE_BEZIER_KNOTS.);
#1928 = CARTESIAN_POINT('',(-11.190534371,-6.061725127739));
#1929 = CARTESIAN_POINT('',(-10.0433814983,-7.700029216317));
#1930 = ( GEOMETRIC_REPRESENTATION_CONTEXT(2) 
PARAMETRIC_REPRESENTATION_CONTEXT() REPRESENTATION_CONTEXT('2D SPACE',''
  ) );
#1931 = PCURVE('',#1932,#1937);
#1932 = PLANE('',#1933);
#1933 = AXIS2_PLACEMENT_3D('',#1934,#1935,#1936);
#1934 = CARTESIAN_POINT('',(-15.435,0.,7.7));
#1935 = DIRECTION('',(-0.819152044289,-0.573576436351,0.));
#1936 = DIRECTION('',(0.573576436351,-0.819152044289,0.));
#1937 = DEFINITIONAL_REPRESENTATION('',(#1938),#1941);
#1938 = B_SPLINE_CURVE_WITH_KNOTS('',1,(#1939,#1940),.UNSPECIFIED.,.F.,
  .F.,(2,2),(2.973423852461,4.973423852461),.PIECEWISE_BEZIER_KNOTS.);
#1939 = CARTESIAN_POINT('',(7.4,0.3));
#1940 = CARTESIAN_POINT('',(9.4,0.3));
#1941 = ( GEOMETRIC_REPRESENTATION_CONTEXT(2) 
PARAMETRIC_REPRESENTATION_CONTEXT() REPRESENTATION_CONTEXT('2D SPACE',''
  ) );
#1942 = ORIENTED_EDGE('',*,*,#1943,.F.);
#1943 = EDGE_CURVE('',#1857,#1918,#1944,.T.);
#1944 = SURFACE_CURVE('',#1945,(#1950,#1961),.PCURVE_S1.);
#1945 = CIRCLE('',#1946,7.4);
#1946 = AXIS2_PLACEMENT_3D('',#1947,#1948,#1949);
#1947 = CARTESIAN_POINT('',(-15.435,5.669223955533E-16,8.));
#1948 = DIRECTION('',(0.,0.,-1.));
#1949 = DIRECTION('',(1.,0.,0.));
#1950 = PCURVE('',#344,#1951);
#1951 = DEFINITIONAL_REPRESENTATION('',(#1952),#1960);
#1952 = ( BOUNDED_CURVE() B_SPLINE_CURVE(2,(#1953,#1954,#1955,#1956,
#1957,#1958,#1959),.UNSPECIFIED.,.T.,.F.) B_SPLINE_CURVE_WITH_KNOTS((1,2
    ,2,2,2,1),(-2.094395102393,0.,2.094395102393,4.188790204786,
6.28318530718,8.377580409573),.UNSPECIFIED.) CURVE() 
GEOMETRIC_REPRESENTATION_ITEM() RATIONAL_B_SPLINE_CURVE((1.,0.5,1.,0.5,
1.,0.5,1.)) REPRESENTATION_ITEM('') );
#1953 = CARTESIAN_POINT('',(-8.035,5.669223955533E-16));
#1954 = CARTESIAN_POINT('',(-8.035,-12.81717597601));
#1955 = CARTESIAN_POINT('',(-19.135,-6.408587988005));
#1956 = CARTESIAN_POINT('',(-30.235,-1.245554867185E-15));
#1957 = CARTESIAN_POINT('',(-19.135,6.408587988005));
#1958 = CARTESIAN_POINT('',(-8.035,12.81717597601));
#1959 = CARTESIAN_POINT('',(-8.035,5.669223955533E-16));
#1960 = ( GEOMETRIC_REPRESENTATION_CONTEXT(2) 
PARAMETRIC_REPRESENTATION_CONTEXT() REPRESENTATION_CONTEXT('2D SPACE',''
  ) );
#1961 = PCURVE('',#1962,#1967);
#1962 = CYLINDRICAL_SURFACE('',#1963,7.4);
#1963 = AXIS2_PLACEMENT_3D('',#1964,#1965,#1966);
#1964 = CARTESIAN_POINT('',(-15.435,5.669223955533E-16,7.7));
#1965 = DIRECTION('',(-0.,-0.,-1.));
#1966 = DIRECTION('',(1.,0.,0.));
#1967 = DEFINITIONAL_REPRESENTATION('',(#1968),#1972);
#1968 = LINE('',#1969,#1970);
#1969 = CARTESIAN_POINT('',(-12.56637061435,-0.3));
#1970 = VECTOR('',#1971,1.);
#1971 = DIRECTION('',(1.,-0.));
#1972 = ( GEOMETRIC_REPRESENTATION_CONTEXT(2) 
PARAMETRIC_REPRESENTATION_CONTEXT() REPRESENTATION_CONTEXT('2D SPACE',''
  ) );
#1973 = FACE_BOUND('',#1974,.T.);
#1974 = EDGE_LOOP('',(#1975,#2003,#2036,#2062));
#1975 = ORIENTED_EDGE('',*,*,#1976,.T.);
#1976 = EDGE_CURVE('',#1977,#1979,#1981,.T.);
#1977 = VERTEX_POINT('',#1978);
#1978 = CARTESIAN_POINT('',(-8.896228625598,9.338333304895,8.));
#1979 = VERTEX_POINT('',#1980);
#1980 = CARTESIAN_POINT('',(-7.749075752896,10.976637393472,8.));
#1981 = SURFACE_CURVE('',#1982,(#1986,#1992),.PCURVE_S1.);
#1982 = LINE('',#1983,#1984);
#1983 = CARTESIAN_POINT('',(-12.89602022805,3.626038900458,8.));
#1984 = VECTOR('',#1985,1.);
#1985 = DIRECTION('',(0.573576436351,0.819152044289,-0.));
#1986 = PCURVE('',#344,#1987);
#1987 = DEFINITIONAL_REPRESENTATION('',(#1988),#1991);
#1988 = B_SPLINE_CURVE_WITH_KNOTS('',1,(#1989,#1990),.UNSPECIFIED.,.F.,
  .F.,(2,2),(6.973423852461,8.973423852461),.PIECEWISE_BEZIER_KNOTS.);
#1989 = CARTESIAN_POINT('',(-8.896228625598,9.338333304895));
#1990 = CARTESIAN_POINT('',(-7.749075752896,10.976637393472));
#1991 = ( GEOMETRIC_REPRESENTATION_CONTEXT(2) 
PARAMETRIC_REPRESENTATION_CONTEXT() REPRESENTATION_CONTEXT('2D SPACE',''
  ) );
#1992 = PCURVE('',#1993,#1998);
#1993 = PLANE('',#1994);
#1994 = AXIS2_PLACEMENT_3D('',#1995,#1996,#1997);
#1995 = CARTESIAN_POINT('',(-15.435,1.7763568394E-15,7.7));
#1996 = DIRECTION('',(0.819152044289,-0.573576436351,0.));
#1997 = DIRECTION('',(0.573576436351,0.819152044289,0.));
#1998 = DEFINITIONAL_REPRESENTATION('',(#1999),#2002);
#1999 = B_SPLINE_CURVE_WITH_KNOTS('',1,(#2000,#2001),.UNSPECIFIED.,.F.,
  .F.,(2,2),(6.973423852461,8.973423852461),.PIECEWISE_BEZIER_KNOTS.);
#2000 = CARTESIAN_POINT('',(11.4,0.3));
#2001 = CARTESIAN_POINT('',(13.4,0.3));
#2002 = ( GEOMETRIC_REPRESENTATION_CONTEXT(2) 
PARAMETRIC_REPRESENTATION_CONTEXT() REPRESENTATION_CONTEXT('2D SPACE',''
  ) );
#2003 = ORIENTED_EDGE('',*,*,#2004,.T.);
#2004 = EDGE_CURVE('',#1979,#2005,#2007,.T.);
#2005 = VERTEX_POINT('',#2006);
#2006 = CARTESIAN_POINT('',(-7.749075752896,-10.97663739347,8.));
#2007 = SURFACE_CURVE('',#2008,(#2013,#2024),.PCURVE_S1.);
#2008 = CIRCLE('',#2009,13.4);
#2009 = AXIS2_PLACEMENT_3D('',#2010,#2011,#2012);
#2010 = CARTESIAN_POINT('',(-15.435,0.,8.));
#2011 = DIRECTION('',(0.,0.,-1.));
#2012 = DIRECTION('',(1.,0.,0.));
#2013 = PCURVE('',#344,#2014);
#2014 = DEFINITIONAL_REPRESENTATION('',(#2015),#2023);
#2015 = ( BOUNDED_CURVE() B_SPLINE_CURVE(2,(#2016,#2017,#2018,#2019,
#2020,#2021,#2022),.UNSPECIFIED.,.T.,.F.) B_SPLINE_CURVE_WITH_KNOTS((1,2
    ,2,2,2,1),(-2.094395102393,0.,2.094395102393,4.188790204786,
6.28318530718,8.377580409573),.UNSPECIFIED.) CURVE() 
GEOMETRIC_REPRESENTATION_ITEM() RATIONAL_B_SPLINE_CURVE((1.,0.5,1.,0.5,
1.,0.5,1.)) REPRESENTATION_ITEM('') );
#2016 = CARTESIAN_POINT('',(-2.035,0.));
#2017 = CARTESIAN_POINT('',(-2.035,-23.20948082142));
#2018 = CARTESIAN_POINT('',(-22.135,-11.60474041071));
#2019 = CARTESIAN_POINT('',(-42.235,-3.282053421715E-15));
#2020 = CARTESIAN_POINT('',(-22.135,11.604740410711));
#2021 = CARTESIAN_POINT('',(-2.035,23.209480821423));
#2022 = CARTESIAN_POINT('',(-2.035,0.));
#2023 = ( GEOMETRIC_REPRESENTATION_CONTEXT(2) 
PARAMETRIC_REPRESENTATION_CONTEXT() REPRESENTATION_CONTEXT('2D SPACE',''
  ) );
#2024 = PCURVE('',#2025,#2030);
#2025 = CYLINDRICAL_SURFACE('',#2026,13.4);
#2026 = AXIS2_PLACEMENT_3D('',#2027,#2028,#2029);
#2027 = CARTESIAN_POINT('',(-15.435,0.,7.7));
#2028 = DIRECTION('',(-0.,-0.,-1.));
#2029 = DIRECTION('',(1.,0.,0.));
#2030 = DEFINITIONAL_REPRESENTATION('',(#2031),#2035);
#2031 = LINE('',#2032,#2033);
#2032 = CARTESIAN_POINT('',(-12.56637061435,-0.3));
#2033 = VECTOR('',#2034,1.);
#2034 = DIRECTION('',(1.,-0.));
#2035 = ( GEOMETRIC_REPRESENTATION_CONTEXT(2) 
PARAMETRIC_REPRESENTATION_CONTEXT() REPRESENTATION_CONTEXT('2D SPACE',''
  ) );
#2036 = ORIENTED_EDGE('',*,*,#2037,.F.);
#2037 = EDGE_CURVE('',#2038,#2005,#2040,.T.);
#2038 = VERTEX_POINT('',#2039);
#2039 = CARTESIAN_POINT('',(-8.896228625598,-9.338333304895,8.));
#2040 = SURFACE_CURVE('',#2041,(#2045,#2051),.PCURVE_S1.);
#2041 = LINE('',#2042,#2043);
#2042 = CARTESIAN_POINT('',(-12.89602022805,-3.626038900458,8.));
#2043 = VECTOR('',#2044,1.);
#2044 = DIRECTION('',(0.573576436351,-0.819152044289,0.));
#2045 = PCURVE('',#344,#2046);
#2046 = DEFINITIONAL_REPRESENTATION('',(#2047),#2050);
#2047 = B_SPLINE_CURVE_WITH_KNOTS('',1,(#2048,#2049),.UNSPECIFIED.,.F.,
  .F.,(2,2),(6.973423852461,8.973423852461),.PIECEWISE_BEZIER_KNOTS.);
#2048 = CARTESIAN_POINT('',(-8.896228625598,-9.338333304895));
#2049 = CARTESIAN_POINT('',(-7.749075752896,-10.97663739347));
#2050 = ( GEOMETRIC_REPRESENTATION_CONTEXT(2) 
PARAMETRIC_REPRESENTATION_CONTEXT() REPRESENTATION_CONTEXT('2D SPACE',''
  ) );
#2051 = PCURVE('',#2052,#2057);
#2052 = PLANE('',#2053);
#2053 = AXIS2_PLACEMENT_3D('',#2054,#2055,#2056);
#2054 = CARTESIAN_POINT('',(-15.435,0.,7.7));
#2055 = DIRECTION('',(-0.819152044289,-0.573576436351,0.));
#2056 = DIRECTION('',(0.573576436351,-0.819152044289,0.));
#2057 = DEFINITIONAL_REPRESENTATION('',(#2058),#2061);
#2058 = B_SPLINE_CURVE_WITH_KNOTS('',1,(#2059,#2060),.UNSPECIFIED.,.F.,
  .F.,(2,2),(6.973423852461,8.973423852461),.PIECEWISE_BEZIER_KNOTS.);
#2059 = CARTESIAN_POINT('',(11.4,0.3));
#2060 = CARTESIAN_POINT('',(13.4,0.3));
#2061 = ( GEOMETRIC_REPRESENTATION_CONTEXT(2) 
PARAMETRIC_REPRESENTATION_CONTEXT() REPRESENTATION_CONTEXT('2D SPACE',''
  ) );
#2062 = ORIENTED_EDGE('',*,*,#2063,.F.);
#2063 = EDGE_CURVE('',#1977,#2038,#2064,.T.);
#2064 = SURFACE_CURVE('',#2065,(#2070,#2081),.PCURVE_S1.);
#2065 = CIRCLE('',#2066,11.4);
#2066 = AXIS2_PLACEMENT_3D('',#2067,#2068,#2069);
#2067 = CARTESIAN_POINT('',(-15.435,0.,8.));
#2068 = DIRECTION('',(0.,0.,-1.));
#2069 = DIRECTION('',(1.,0.,0.));
#2070 = PCURVE('',#344,#2071);
#2071 = DEFINITIONAL_REPRESENTATION('',(#2072),#2080);
#2072 = ( BOUNDED_CURVE() B_SPLINE_CURVE(2,(#2073,#2074,#2075,#2076,
#2077,#2078,#2079),.UNSPECIFIED.,.T.,.F.) B_SPLINE_CURVE_WITH_KNOTS((1,2
    ,2,2,2,1),(-2.094395102393,0.,2.094395102393,4.188790204786,
6.28318530718,8.377580409573),.UNSPECIFIED.) CURVE() 
GEOMETRIC_REPRESENTATION_ITEM() RATIONAL_B_SPLINE_CURVE((1.,0.5,1.,0.5,
1.,0.5,1.)) REPRESENTATION_ITEM('') );
#2073 = CARTESIAN_POINT('',(-4.035,0.));
#2074 = CARTESIAN_POINT('',(-4.035,-19.74537920628));
#2075 = CARTESIAN_POINT('',(-21.135,-9.872689603143));
#2076 = CARTESIAN_POINT('',(-38.235,-2.792194702056E-15));
#2077 = CARTESIAN_POINT('',(-21.135,9.872689603143));
#2078 = CARTESIAN_POINT('',(-4.035,19.745379206285));
#2079 = CARTESIAN_POINT('',(-4.035,0.));
#2080 = ( GEOMETRIC_REPRESENTATION_CONTEXT(2) 
PARAMETRIC_REPRESENTATION_CONTEXT() REPRESENTATION_CONTEXT('2D SPACE',''
  ) );
#2081 = PCURVE('',#2082,#2087);
#2082 = CYLINDRICAL_SURFACE('',#2083,11.4);
#2083 = AXIS2_PLACEMENT_3D('',#2084,#2085,#2086);
#2084 = CARTESIAN_POINT('',(-15.435,0.,7.7));
#2085 = DIRECTION('',(-0.,-0.,-1.));
#2086 = DIRECTION('',(1.,0.,0.));
#2087 = DEFINITIONAL_REPRESENTATION('',(#2088),#2092);
#2088 = LINE('',#2089,#2090);
#2089 = CARTESIAN_POINT('',(-12.56637061435,-0.3));
#2090 = VECTOR('',#2091,1.);
#2091 = DIRECTION('',(1.,-0.));
#2092 = ( GEOMETRIC_REPRESENTATION_CONTEXT(2) 
PARAMETRIC_REPRESENTATION_CONTEXT() REPRESENTATION_CONTEXT('2D SPACE',''
  ) );
#2093 = ADVANCED_FACE('',(#2094),#370,.T.);
#2094 = FACE_BOUND('',#2095,.T.);
#2095 = EDGE_LOOP('',(#2096,#2097,#2098,#2118));
#2096 = ORIENTED_EDGE('',*,*,#356,.F.);
#2097 = ORIENTED_EDGE('',*,*,#438,.T.);
#2098 = ORIENTED_EDGE('',*,*,#2099,.T.);
#2099 = EDGE_CURVE('',#411,#1540,#2100,.T.);
#2100 = SURFACE_CURVE('',#2101,(#2106,#2112),.PCURVE_S1.);
#2101 = CIRCLE('',#2102,2.);
#2102 = AXIS2_PLACEMENT_3D('',#2103,#2104,#2105);
#2103 = CARTESIAN_POINT('',(61.9,-24.,6.));
#2104 = DIRECTION('',(-6.123233995737E-17,-1.,0.));
#2105 = DIRECTION('',(1.,-6.123233995737E-17,0.));
#2106 = PCURVE('',#370,#2107);
#2107 = DEFINITIONAL_REPRESENTATION('',(#2108),#2111);
#2108 = B_SPLINE_CURVE_WITH_KNOTS('',1,(#2109,#2110),.UNSPECIFIED.,.F.,
  .F.,(2,2),(0.,1.570796326795),.PIECEWISE_BEZIER_KNOTS.);
#2109 = CARTESIAN_POINT('',(1.570796326795,0.));
#2110 = CARTESIAN_POINT('',(1.570796326795,1.570796326795));
#2111 = ( GEOMETRIC_REPRESENTATION_CONTEXT(2) 
PARAMETRIC_REPRESENTATION_CONTEXT() REPRESENTATION_CONTEXT('2D SPACE',''
  ) );
#2112 = PCURVE('',#1579,#2113);
#2113 = DEFINITIONAL_REPRESENTATION('',(#2114),#2117);
#2114 = B_SPLINE_CURVE_WITH_KNOTS('',1,(#2115,#2116),.UNSPECIFIED.,.F.,
  .F.,(2,2),(0.,1.570796326795),.PIECEWISE_BEZIER_KNOTS.);
#2115 = CARTESIAN_POINT('',(0.,0.));
#2116 = CARTESIAN_POINT('',(-1.570796326795,0.));
#2117 = ( GEOMETRIC_REPRESENTATION_CONTEXT(2) 
PARAMETRIC_REPRESENTATION_CONTEXT() REPRESENTATION_CONTEXT('2D SPACE',''
  ) );
#2118 = ORIENTED_EDGE('',*,*,#1539,.F.);
#2119 = ADVANCED_FACE('',(#2120),#426,.F.);
#2120 = FACE_BOUND('',#2121,.F.);
#2121 = EDGE_LOOP('',(#2122,#2123,#2146,#2174));
#2122 = ORIENTED_EDGE('',*,*,#410,.T.);
#2123 = ORIENTED_EDGE('',*,*,#2124,.T.);
#2124 = EDGE_CURVE('',#411,#2125,#2127,.T.);
#2125 = VERTEX_POINT('',#2126);
#2126 = CARTESIAN_POINT('',(63.9,24.,6.));
#2127 = SURFACE_CURVE('',#2128,(#2132,#2139),.PCURVE_S1.);
#2128 = LINE('',#2129,#2130);
#2129 = CARTESIAN_POINT('',(63.9,-24.,6.));
#2130 = VECTOR('',#2131,1.);
#2131 = DIRECTION('',(0.,1.,0.));
#2132 = PCURVE('',#426,#2133);
#2133 = DEFINITIONAL_REPRESENTATION('',(#2134),#2138);
#2134 = LINE('',#2135,#2136);
#2135 = CARTESIAN_POINT('',(9.9,-6.));
#2136 = VECTOR('',#2137,1.);
#2137 = DIRECTION('',(1.,0.));
#2138 = ( GEOMETRIC_REPRESENTATION_CONTEXT(2) 
PARAMETRIC_REPRESENTATION_CONTEXT() REPRESENTATION_CONTEXT('2D SPACE',''
  ) );
#2139 = PCURVE('',#1579,#2140);
#2140 = DEFINITIONAL_REPRESENTATION('',(#2141),#2145);
#2141 = LINE('',#2142,#2143);
#2142 = CARTESIAN_POINT('',(-0.,0.));
#2143 = VECTOR('',#2144,1.);
#2144 = DIRECTION('',(-0.,1.));
#2145 = ( GEOMETRIC_REPRESENTATION_CONTEXT(2) 
PARAMETRIC_REPRESENTATION_CONTEXT() REPRESENTATION_CONTEXT('2D SPACE',''
  ) );
#2146 = ORIENTED_EDGE('',*,*,#2147,.F.);
#2147 = EDGE_CURVE('',#2148,#2125,#2150,.T.);
#2148 = VERTEX_POINT('',#2149);
#2149 = CARTESIAN_POINT('',(63.9,24.,0.3));
#2150 = SURFACE_CURVE('',#2151,(#2155,#2162),.PCURVE_S1.);
#2151 = LINE('',#2152,#2153);
#2152 = CARTESIAN_POINT('',(63.9,24.,0.));
#2153 = VECTOR('',#2154,1.);
#2154 = DIRECTION('',(0.,0.,1.));
#2155 = PCURVE('',#426,#2156);
#2156 = DEFINITIONAL_REPRESENTATION('',(#2157),#2161);
#2157 = LINE('',#2158,#2159);
#2158 = CARTESIAN_POINT('',(57.9,0.));
#2159 = VECTOR('',#2160,1.);
#2160 = DIRECTION('',(0.,-1.));
#2161 = ( GEOMETRIC_REPRESENTATION_CONTEXT(2) 
PARAMETRIC_REPRESENTATION_CONTEXT() REPRESENTATION_CONTEXT('2D SPACE',''
  ) );
#2162 = PCURVE('',#2163,#2168);
#2163 = CYLINDRICAL_SURFACE('',#2164,9.9);
#2164 = AXIS2_PLACEMENT_3D('',#2165,#2166,#2167);
#2165 = CARTESIAN_POINT('',(54.,24.,0.));
#2166 = DIRECTION('',(0.,0.,1.));
#2167 = DIRECTION('',(1.,0.,-0.));
#2168 = DEFINITIONAL_REPRESENTATION('',(#2169),#2173);
#2169 = LINE('',#2170,#2171);
#2170 = CARTESIAN_POINT('',(0.,0.));
#2171 = VECTOR('',#2172,1.);
#2172 = DIRECTION('',(0.,1.));
#2173 = ( GEOMETRIC_REPRESENTATION_CONTEXT(2) 
PARAMETRIC_REPRESENTATION_CONTEXT() REPRESENTATION_CONTEXT('2D SPACE',''
  ) );
#2174 = ORIENTED_EDGE('',*,*,#2175,.F.);
#2175 = EDGE_CURVE('',#387,#2148,#2176,.T.);
#2176 = SURFACE_CURVE('',#2177,(#2181,#2188),.PCURVE_S1.);
#2177 = LINE('',#2178,#2179);
#2178 = CARTESIAN_POINT('',(63.9,-24.,0.3));
#2179 = VECTOR('',#2180,1.);
#2180 = DIRECTION('',(0.,1.,0.));
#2181 = PCURVE('',#426,#2182);
#2182 = DEFINITIONAL_REPRESENTATION('',(#2183),#2187);
#2183 = LINE('',#2184,#2185);
#2184 = CARTESIAN_POINT('',(9.9,-0.3));
#2185 = VECTOR('',#2186,1.);
#2186 = DIRECTION('',(1.,0.));
#2187 = ( GEOMETRIC_REPRESENTATION_CONTEXT(2) 
PARAMETRIC_REPRESENTATION_CONTEXT() REPRESENTATION_CONTEXT('2D SPACE',''
  ) );
#2188 = PCURVE('',#687,#2189);
#2189 = DEFINITIONAL_REPRESENTATION('',(#2190),#2194);
#2190 = LINE('',#2191,#2192);
#2191 = CARTESIAN_POINT('',(-0.,-0.212132034356));
#2192 = VECTOR('',#2193,1.);
#2193 = DIRECTION('',(-1.,0.));
#2194 = ( GEOMETRIC_REPRESENTATION_CONTEXT(2) 
PARAMETRIC_REPRESENTATION_CONTEXT() REPRESENTATION_CONTEXT('2D SPACE',''
  ) );
#2195 = ADVANCED_FACE('',(#2196),#478,.T.);
#2196 = FACE_BOUND('',#2197,.F.);
#2197 = EDGE_LOOP('',(#2198,#2217,#2218,#2219));
#2198 = ORIENTED_EDGE('',*,*,#2199,.F.);
#2199 = EDGE_CURVE('',#571,#757,#2200,.T.);
#2200 = SURFACE_CURVE('',#2201,(#2205,#2211),.PCURVE_S1.);
#2201 = LINE('',#2202,#2203);
#2202 = CARTESIAN_POINT('',(-63.9,24.,0.3));
#2203 = VECTOR('',#2204,1.);
#2204 = DIRECTION('',(0.707106781187,-4.329780281177E-17,-0.707106781187
    ));
#2205 = PCURVE('',#478,#2206);
#2206 = DEFINITIONAL_REPRESENTATION('',(#2207),#2210);
#2207 = B_SPLINE_CURVE_WITH_KNOTS('',1,(#2208,#2209),.UNSPECIFIED.,.F.,
  .F.,(2,2),(0.,0.424264068712),.PIECEWISE_BEZIER_KNOTS.);
#2208 = CARTESIAN_POINT('',(0.,-0.212132034356));
#2209 = CARTESIAN_POINT('',(0.,0.212132034356));
#2210 = ( GEOMETRIC_REPRESENTATION_CONTEXT(2) 
PARAMETRIC_REPRESENTATION_CONTEXT() REPRESENTATION_CONTEXT('2D SPACE',''
  ) );
#2211 = PCURVE('',#773,#2212);
#2212 = DEFINITIONAL_REPRESENTATION('',(#2213),#2216);
#2213 = B_SPLINE_CURVE_WITH_KNOTS('',1,(#2214,#2215),.UNSPECIFIED.,.F.,
  .F.,(2,2),(0.,0.424264068712),.PIECEWISE_BEZIER_KNOTS.);
#2214 = CARTESIAN_POINT('',(1.570796326795,0.));
#2215 = CARTESIAN_POINT('',(1.570796326795,-0.3));
#2216 = ( GEOMETRIC_REPRESENTATION_CONTEXT(2) 
PARAMETRIC_REPRESENTATION_CONTEXT() REPRESENTATION_CONTEXT('2D SPACE',''
  ) );
#2217 = ORIENTED_EDGE('',*,*,#622,.T.);
#2218 = ORIENTED_EDGE('',*,*,#463,.T.);
#2219 = ORIENTED_EDGE('',*,*,#785,.F.);
#2220 = ADVANCED_FACE('',(#2221),#532,.T.);
#2221 = FACE_BOUND('',#2222,.F.);
#2222 = EDGE_LOOP('',(#2223,#2243,#2244,#2245));
#2223 = ORIENTED_EDGE('',*,*,#2224,.T.);
#2224 = EDGE_CURVE('',#573,#1649,#2225,.T.);
#2225 = SURFACE_CURVE('',#2226,(#2231,#2237),.PCURVE_S1.);
#2226 = CIRCLE('',#2227,2.);
#2227 = AXIS2_PLACEMENT_3D('',#2228,#2229,#2230);
#2228 = CARTESIAN_POINT('',(-61.9,24.,6.));
#2229 = DIRECTION('',(6.123233995737E-17,1.,-0.));
#2230 = DIRECTION('',(-1.,6.123233995737E-17,0.));
#2231 = PCURVE('',#532,#2232);
#2232 = DEFINITIONAL_REPRESENTATION('',(#2233),#2236);
#2233 = B_SPLINE_CURVE_WITH_KNOTS('',1,(#2234,#2235),.UNSPECIFIED.,.F.,
  .F.,(2,2),(0.,1.570796326795),.PIECEWISE_BEZIER_KNOTS.);
#2234 = CARTESIAN_POINT('',(0.,0.));
#2235 = CARTESIAN_POINT('',(-1.570796326795,0.));
#2236 = ( GEOMETRIC_REPRESENTATION_CONTEXT(2) 
PARAMETRIC_REPRESENTATION_CONTEXT() REPRESENTATION_CONTEXT('2D SPACE',''
  ) );
#2237 = PCURVE('',#1665,#2238);
#2238 = DEFINITIONAL_REPRESENTATION('',(#2239),#2242);
#2239 = B_SPLINE_CURVE_WITH_KNOTS('',1,(#2240,#2241),.UNSPECIFIED.,.F.,
  .F.,(2,2),(0.,1.570796326795),.PIECEWISE_BEZIER_KNOTS.);
#2240 = CARTESIAN_POINT('',(1.570796326795,0.));
#2241 = CARTESIAN_POINT('',(1.570796326795,1.570796326795));
#2242 = ( GEOMETRIC_REPRESENTATION_CONTEXT(2) 
PARAMETRIC_REPRESENTATION_CONTEXT() REPRESENTATION_CONTEXT('2D SPACE',''
  ) );
#2243 = ORIENTED_EDGE('',*,*,#1677,.T.);
#2244 = ORIENTED_EDGE('',*,*,#516,.F.);
#2245 = ORIENTED_EDGE('',*,*,#600,.F.);
#2246 = ADVANCED_FACE('',(#2247),#588,.T.);
#2247 = FACE_BOUND('',#2248,.T.);
#2248 = EDGE_LOOP('',(#2249,#2279,#2301,#2302));
#2249 = ORIENTED_EDGE('',*,*,#2250,.F.);
#2250 = EDGE_CURVE('',#2251,#2253,#2255,.T.);
#2251 = VERTEX_POINT('',#2252);
#2252 = CARTESIAN_POINT('',(-54.,33.9,0.3));
#2253 = VERTEX_POINT('',#2254);
#2254 = CARTESIAN_POINT('',(-54.,33.9,6.));
#2255 = SURFACE_CURVE('',#2256,(#2260,#2267),.PCURVE_S1.);
#2256 = LINE('',#2257,#2258);
#2257 = CARTESIAN_POINT('',(-54.,33.9,0.));
#2258 = VECTOR('',#2259,1.);
#2259 = DIRECTION('',(0.,0.,1.));
#2260 = PCURVE('',#588,#2261);
#2261 = DEFINITIONAL_REPRESENTATION('',(#2262),#2266);
#2262 = LINE('',#2263,#2264);
#2263 = CARTESIAN_POINT('',(0.,0.));
#2264 = VECTOR('',#2265,1.);
#2265 = DIRECTION('',(0.,1.));
#2266 = ( GEOMETRIC_REPRESENTATION_CONTEXT(2) 
PARAMETRIC_REPRESENTATION_CONTEXT() REPRESENTATION_CONTEXT('2D SPACE',''
  ) );
#2267 = PCURVE('',#2268,#2273);
#2268 = PLANE('',#2269);
#2269 = AXIS2_PLACEMENT_3D('',#2270,#2271,#2272);
#2270 = CARTESIAN_POINT('',(63.9,33.9,0.));
#2271 = DIRECTION('',(0.,-1.,0.));
#2272 = DIRECTION('',(-1.,0.,0.));
#2273 = DEFINITIONAL_REPRESENTATION('',(#2274),#2278);
#2274 = LINE('',#2275,#2276);
#2275 = CARTESIAN_POINT('',(117.9,0.));
#2276 = VECTOR('',#2277,1.);
#2277 = DIRECTION('',(0.,-1.));
#2278 = ( GEOMETRIC_REPRESENTATION_CONTEXT(2) 
PARAMETRIC_REPRESENTATION_CONTEXT() REPRESENTATION_CONTEXT('2D SPACE',''
  ) );
#2279 = ORIENTED_EDGE('',*,*,#2280,.T.);
#2280 = EDGE_CURVE('',#2251,#571,#2281,.T.);
#2281 = SURFACE_CURVE('',#2282,(#2287,#2294),.PCURVE_S1.);
#2282 = CIRCLE('',#2283,9.9);
#2283 = AXIS2_PLACEMENT_3D('',#2284,#2285,#2286);
#2284 = CARTESIAN_POINT('',(-54.,24.,0.3));
#2285 = DIRECTION('',(0.,-0.,1.));
#2286 = DIRECTION('',(0.,1.,0.));
#2287 = PCURVE('',#588,#2288);
#2288 = DEFINITIONAL_REPRESENTATION('',(#2289),#2293);
#2289 = LINE('',#2290,#2291);
#2290 = CARTESIAN_POINT('',(0.,0.3));
#2291 = VECTOR('',#2292,1.);
#2292 = DIRECTION('',(1.,0.));
#2293 = ( GEOMETRIC_REPRESENTATION_CONTEXT(2) 
PARAMETRIC_REPRESENTATION_CONTEXT() REPRESENTATION_CONTEXT('2D SPACE',''
  ) );
#2294 = PCURVE('',#773,#2295);
#2295 = DEFINITIONAL_REPRESENTATION('',(#2296),#2300);
#2296 = LINE('',#2297,#2298);
#2297 = CARTESIAN_POINT('',(0.,-0.));
#2298 = VECTOR('',#2299,1.);
#2299 = DIRECTION('',(1.,-0.));
#2300 = ( GEOMETRIC_REPRESENTATION_CONTEXT(2) 
PARAMETRIC_REPRESENTATION_CONTEXT() REPRESENTATION_CONTEXT('2D SPACE',''
  ) );
#2301 = ORIENTED_EDGE('',*,*,#570,.T.);
#2302 = ORIENTED_EDGE('',*,*,#2303,.F.);
#2303 = EDGE_CURVE('',#2253,#573,#2304,.T.);
#2304 = SURFACE_CURVE('',#2305,(#2310,#2317),.PCURVE_S1.);
#2305 = CIRCLE('',#2306,9.9);
#2306 = AXIS2_PLACEMENT_3D('',#2307,#2308,#2309);
#2307 = CARTESIAN_POINT('',(-54.,24.,6.));
#2308 = DIRECTION('',(0.,0.,1.));
#2309 = DIRECTION('',(0.,1.,-0.));
#2310 = PCURVE('',#588,#2311);
#2311 = DEFINITIONAL_REPRESENTATION('',(#2312),#2316);
#2312 = LINE('',#2313,#2314);
#2313 = CARTESIAN_POINT('',(0.,6.));
#2314 = VECTOR('',#2315,1.);
#2315 = DIRECTION('',(1.,0.));
#2316 = ( GEOMETRIC_REPRESENTATION_CONTEXT(2) 
PARAMETRIC_REPRESENTATION_CONTEXT() REPRESENTATION_CONTEXT('2D SPACE',''
  ) );
#2317 = PCURVE('',#1665,#2318);
#2318 = DEFINITIONAL_REPRESENTATION('',(#2319),#2323);
#2319 = LINE('',#2320,#2321);
#2320 = CARTESIAN_POINT('',(0.,0.));
#2321 = VECTOR('',#2322,1.);
#2322 = DIRECTION('',(1.,0.));
#2323 = ( GEOMETRIC_REPRESENTATION_CONTEXT(2) 
PARAMETRIC_REPRESENTATION_CONTEXT() REPRESENTATION_CONTEXT('2D SPACE',''
  ) );
#2324 = ADVANCED_FACE('',(#2325),#687,.T.);
#2325 = FACE_BOUND('',#2326,.F.);
#2326 = EDGE_LOOP('',(#2327,#2328,#2329,#2348));
#2327 = ORIENTED_EDGE('',*,*,#1515,.F.);
#2328 = ORIENTED_EDGE('',*,*,#2175,.T.);
#2329 = ORIENTED_EDGE('',*,*,#2330,.T.);
#2330 = EDGE_CURVE('',#2148,#672,#2331,.T.);
#2331 = SURFACE_CURVE('',#2332,(#2336,#2342),.PCURVE_S1.);
#2332 = LINE('',#2333,#2334);
#2333 = CARTESIAN_POINT('',(63.75,24.,0.15));
#2334 = VECTOR('',#2335,1.);
#2335 = DIRECTION('',(-0.707106781187,-0.,-0.707106781187));
#2336 = PCURVE('',#687,#2337);
#2337 = DEFINITIONAL_REPRESENTATION('',(#2338),#2341);
#2338 = B_SPLINE_CURVE_WITH_KNOTS('',1,(#2339,#2340),.UNSPECIFIED.,.F.,
  .F.,(2,2),(-0.212132034356,0.212132034356),.PIECEWISE_BEZIER_KNOTS.);
#2339 = CARTESIAN_POINT('',(-48.,-0.212132034356));
#2340 = CARTESIAN_POINT('',(-48.,0.212132034356));
#2341 = ( GEOMETRIC_REPRESENTATION_CONTEXT(2) 
PARAMETRIC_REPRESENTATION_CONTEXT() REPRESENTATION_CONTEXT('2D SPACE',''
  ) );
#2342 = PCURVE('',#716,#2343);
#2343 = DEFINITIONAL_REPRESENTATION('',(#2344),#2347);
#2344 = B_SPLINE_CURVE_WITH_KNOTS('',1,(#2345,#2346),.UNSPECIFIED.,.F.,
  .F.,(2,2),(-0.212132034356,0.212132034356),.PIECEWISE_BEZIER_KNOTS.);
#2345 = CARTESIAN_POINT('',(0.,0.));
#2346 = CARTESIAN_POINT('',(0.,-0.3));
#2347 = ( GEOMETRIC_REPRESENTATION_CONTEXT(2) 
PARAMETRIC_REPRESENTATION_CONTEXT() REPRESENTATION_CONTEXT('2D SPACE',''
  ) );
#2348 = ORIENTED_EDGE('',*,*,#671,.F.);
#2349 = ADVANCED_FACE('',(#2350),#773,.T.);
#2350 = FACE_BOUND('',#2351,.F.);
#2351 = EDGE_LOOP('',(#2352,#2371,#2372,#2373));
#2352 = ORIENTED_EDGE('',*,*,#2353,.F.);
#2353 = EDGE_CURVE('',#2251,#729,#2354,.T.);
#2354 = SURFACE_CURVE('',#2355,(#2359,#2365),.PCURVE_S1.);
#2355 = LINE('',#2356,#2357);
#2356 = CARTESIAN_POINT('',(-54.,33.75,0.15));
#2357 = VECTOR('',#2358,1.);
#2358 = DIRECTION('',(-0.,-0.707106781187,-0.707106781187));
#2359 = PCURVE('',#773,#2360);
#2360 = DEFINITIONAL_REPRESENTATION('',(#2361),#2364);
#2361 = B_SPLINE_CURVE_WITH_KNOTS('',1,(#2362,#2363),.UNSPECIFIED.,.F.,
  .F.,(2,2),(-0.212132034356,0.212132034356),.PIECEWISE_BEZIER_KNOTS.);
#2362 = CARTESIAN_POINT('',(0.,0.));
#2363 = CARTESIAN_POINT('',(0.,-0.3));
#2364 = ( GEOMETRIC_REPRESENTATION_CONTEXT(2) 
PARAMETRIC_REPRESENTATION_CONTEXT() REPRESENTATION_CONTEXT('2D SPACE',''
  ) );
#2365 = PCURVE('',#744,#2366);
#2366 = DEFINITIONAL_REPRESENTATION('',(#2367),#2370);
#2367 = B_SPLINE_CURVE_WITH_KNOTS('',1,(#2368,#2369),.UNSPECIFIED.,.F.,
  .F.,(2,2),(-0.212132034356,0.212132034356),.PIECEWISE_BEZIER_KNOTS.);
#2368 = CARTESIAN_POINT('',(-108.,-0.212132034356));
#2369 = CARTESIAN_POINT('',(-108.,0.212132034356));
#2370 = ( GEOMETRIC_REPRESENTATION_CONTEXT(2) 
PARAMETRIC_REPRESENTATION_CONTEXT() REPRESENTATION_CONTEXT('2D SPACE',''
  ) );
#2371 = ORIENTED_EDGE('',*,*,#2280,.T.);
#2372 = ORIENTED_EDGE('',*,*,#2199,.T.);
#2373 = ORIENTED_EDGE('',*,*,#756,.F.);
#2374 = ADVANCED_FACE('',(#2375),#716,.T.);
#2375 = FACE_BOUND('',#2376,.F.);
#2376 = EDGE_LOOP('',(#2377,#2378,#2402,#2421));
#2377 = ORIENTED_EDGE('',*,*,#2330,.F.);
#2378 = ORIENTED_EDGE('',*,*,#2379,.T.);
#2379 = EDGE_CURVE('',#2148,#2380,#2382,.T.);
#2380 = VERTEX_POINT('',#2381);
#2381 = CARTESIAN_POINT('',(54.,33.9,0.3));
#2382 = SURFACE_CURVE('',#2383,(#2388,#2395),.PCURVE_S1.);
#2383 = CIRCLE('',#2384,9.9);
#2384 = AXIS2_PLACEMENT_3D('',#2385,#2386,#2387);
#2385 = CARTESIAN_POINT('',(54.,24.,0.3));
#2386 = DIRECTION('',(0.,0.,1.));
#2387 = DIRECTION('',(1.,0.,-0.));
#2388 = PCURVE('',#716,#2389);
#2389 = DEFINITIONAL_REPRESENTATION('',(#2390),#2394);
#2390 = LINE('',#2391,#2392);
#2391 = CARTESIAN_POINT('',(0.,-0.));
#2392 = VECTOR('',#2393,1.);
#2393 = DIRECTION('',(1.,-0.));
#2394 = ( GEOMETRIC_REPRESENTATION_CONTEXT(2) 
PARAMETRIC_REPRESENTATION_CONTEXT() REPRESENTATION_CONTEXT('2D SPACE',''
  ) );
#2395 = PCURVE('',#2163,#2396);
#2396 = DEFINITIONAL_REPRESENTATION('',(#2397),#2401);
#2397 = LINE('',#2398,#2399);
#2398 = CARTESIAN_POINT('',(0.,0.3));
#2399 = VECTOR('',#2400,1.);
#2400 = DIRECTION('',(1.,0.));
#2401 = ( GEOMETRIC_REPRESENTATION_CONTEXT(2) 
PARAMETRIC_REPRESENTATION_CONTEXT() REPRESENTATION_CONTEXT('2D SPACE',''
  ) );
#2402 = ORIENTED_EDGE('',*,*,#2403,.T.);
#2403 = EDGE_CURVE('',#2380,#700,#2404,.T.);
#2404 = SURFACE_CURVE('',#2405,(#2409,#2415),.PCURVE_S1.);
#2405 = LINE('',#2406,#2407);
#2406 = CARTESIAN_POINT('',(54.,33.9,0.3));
#2407 = VECTOR('',#2408,1.);
#2408 = DIRECTION('',(-4.329780281177E-17,-0.707106781187,
    -0.707106781187));
#2409 = PCURVE('',#716,#2410);
#2410 = DEFINITIONAL_REPRESENTATION('',(#2411),#2414);
#2411 = B_SPLINE_CURVE_WITH_KNOTS('',1,(#2412,#2413),.UNSPECIFIED.,.F.,
  .F.,(2,2),(0.,0.424264068712),.PIECEWISE_BEZIER_KNOTS.);
#2412 = CARTESIAN_POINT('',(1.570796326795,0.));
#2413 = CARTESIAN_POINT('',(1.570796326795,-0.3));
#2414 = ( GEOMETRIC_REPRESENTATION_CONTEXT(2) 
PARAMETRIC_REPRESENTATION_CONTEXT() REPRESENTATION_CONTEXT('2D SPACE',''
  ) );
#2415 = PCURVE('',#744,#2416);
#2416 = DEFINITIONAL_REPRESENTATION('',(#2417),#2420);
#2417 = B_SPLINE_CURVE_WITH_KNOTS('',1,(#2418,#2419),.UNSPECIFIED.,.F.,
  .F.,(2,2),(0.,0.424264068712),.PIECEWISE_BEZIER_KNOTS.);
#2418 = CARTESIAN_POINT('',(0.,-0.212132034356));
#2419 = CARTESIAN_POINT('',(0.,0.212132034356));
#2420 = ( GEOMETRIC_REPRESENTATION_CONTEXT(2) 
PARAMETRIC_REPRESENTATION_CONTEXT() REPRESENTATION_CONTEXT('2D SPACE',''
  ) );
#2421 = ORIENTED_EDGE('',*,*,#699,.F.);
#2422 = ADVANCED_FACE('',(#2423),#744,.T.);
#2423 = FACE_BOUND('',#2424,.F.);
#2424 = EDGE_LOOP('',(#2425,#2426,#2447,#2448));
#2425 = ORIENTED_EDGE('',*,*,#2403,.F.);
#2426 = ORIENTED_EDGE('',*,*,#2427,.T.);
#2427 = EDGE_CURVE('',#2380,#2251,#2428,.T.);
#2428 = SURFACE_CURVE('',#2429,(#2433,#2440),.PCURVE_S1.);
#2429 = LINE('',#2430,#2431);
#2430 = CARTESIAN_POINT('',(54.,33.9,0.3));
#2431 = VECTOR('',#2432,1.);
#2432 = DIRECTION('',(-1.,0.,0.));
#2433 = PCURVE('',#744,#2434);
#2434 = DEFINITIONAL_REPRESENTATION('',(#2435),#2439);
#2435 = LINE('',#2436,#2437);
#2436 = CARTESIAN_POINT('',(-0.,-0.212132034356));
#2437 = VECTOR('',#2438,1.);
#2438 = DIRECTION('',(-1.,0.));
#2439 = ( GEOMETRIC_REPRESENTATION_CONTEXT(2) 
PARAMETRIC_REPRESENTATION_CONTEXT() REPRESENTATION_CONTEXT('2D SPACE',''
  ) );
#2440 = PCURVE('',#2268,#2441);
#2441 = DEFINITIONAL_REPRESENTATION('',(#2442),#2446);
#2442 = LINE('',#2443,#2444);
#2443 = CARTESIAN_POINT('',(9.9,-0.3));
#2444 = VECTOR('',#2445,1.);
#2445 = DIRECTION('',(1.,0.));
#2446 = ( GEOMETRIC_REPRESENTATION_CONTEXT(2) 
PARAMETRIC_REPRESENTATION_CONTEXT() REPRESENTATION_CONTEXT('2D SPACE',''
  ) );
#2447 = ORIENTED_EDGE('',*,*,#2353,.T.);
#2448 = ORIENTED_EDGE('',*,*,#728,.F.);
#2449 = ADVANCED_FACE('',(#2450),#827,.F.);
#2450 = FACE_BOUND('',#2451,.F.);
#2451 = EDGE_LOOP('',(#2452,#2482,#2503,#2504));
#2452 = ORIENTED_EDGE('',*,*,#2453,.F.);
#2453 = EDGE_CURVE('',#2454,#2456,#2458,.T.);
#2454 = VERTEX_POINT('',#2455);
#2455 = CARTESIAN_POINT('',(-54.,-30.35,-3.));
#2456 = VERTEX_POINT('',#2457);
#2457 = CARTESIAN_POINT('',(54.,-30.35,-3.));
#2458 = SURFACE_CURVE('',#2459,(#2463,#2470),.PCURVE_S1.);
#2459 = LINE('',#2460,#2461);
#2460 = CARTESIAN_POINT('',(-60.35,-30.35,-3.));
#2461 = VECTOR('',#2462,1.);
#2462 = DIRECTION('',(1.,0.,0.));
#2463 = PCURVE('',#827,#2464);
#2464 = DEFINITIONAL_REPRESENTATION('',(#2465),#2469);
#2465 = LINE('',#2466,#2467);
#2466 = CARTESIAN_POINT('',(0.,0.));
#2467 = VECTOR('',#2468,1.);
#2468 = DIRECTION('',(1.,0.));
#2469 = ( GEOMETRIC_REPRESENTATION_CONTEXT(2) 
PARAMETRIC_REPRESENTATION_CONTEXT() REPRESENTATION_CONTEXT('2D SPACE',''
  ) );
#2470 = PCURVE('',#2471,#2476);
#2471 = PLANE('',#2472);
#2472 = AXIS2_PLACEMENT_3D('',#2473,#2474,#2475);
#2473 = CARTESIAN_POINT('',(0.,0.,-3.));
#2474 = DIRECTION('',(0.,0.,1.));
#2475 = DIRECTION('',(1.,0.,-0.));
#2476 = DEFINITIONAL_REPRESENTATION('',(#2477),#2481);
#2477 = LINE('',#2478,#2479);
#2478 = CARTESIAN_POINT('',(-60.35,-30.35));
#2479 = VECTOR('',#2480,1.);
#2480 = DIRECTION('',(1.,0.));
#2481 = ( GEOMETRIC_REPRESENTATION_CONTEXT(2) 
PARAMETRIC_REPRESENTATION_CONTEXT() REPRESENTATION_CONTEXT('2D SPACE',''
  ) );
#2482 = ORIENTED_EDGE('',*,*,#2483,.T.);
#2483 = EDGE_CURVE('',#2454,#810,#2484,.T.);
#2484 = SURFACE_CURVE('',#2485,(#2489,#2496),.PCURVE_S1.);
#2485 = LINE('',#2486,#2487);
#2486 = CARTESIAN_POINT('',(-54.,-30.35,-3.));
#2487 = VECTOR('',#2488,1.);
#2488 = DIRECTION('',(0.,0.,1.));
#2489 = PCURVE('',#827,#2490);
#2490 = DEFINITIONAL_REPRESENTATION('',(#2491),#2495);
#2491 = LINE('',#2492,#2493);
#2492 = CARTESIAN_POINT('',(6.35,0.));
#2493 = VECTOR('',#2494,1.);
#2494 = DIRECTION('',(0.,-1.));
#2495 = ( GEOMETRIC_REPRESENTATION_CONTEXT(2) 
PARAMETRIC_REPRESENTATION_CONTEXT() REPRESENTATION_CONTEXT('2D SPACE',''
  ) );
#2496 = PCURVE('',#860,#2497);
#2497 = DEFINITIONAL_REPRESENTATION('',(#2498),#2502);
#2498 = LINE('',#2499,#2500);
#2499 = CARTESIAN_POINT('',(-0.,0.));
#2500 = VECTOR('',#2501,1.);
#2501 = DIRECTION('',(-0.,1.));
#2502 = ( GEOMETRIC_REPRESENTATION_CONTEXT(2) 
PARAMETRIC_REPRESENTATION_CONTEXT() REPRESENTATION_CONTEXT('2D SPACE',''
  ) );
#2503 = ORIENTED_EDGE('',*,*,#809,.T.);
#2504 = ORIENTED_EDGE('',*,*,#2505,.F.);
#2505 = EDGE_CURVE('',#2456,#812,#2506,.T.);
#2506 = SURFACE_CURVE('',#2507,(#2511,#2518),.PCURVE_S1.);
#2507 = LINE('',#2508,#2509);
#2508 = CARTESIAN_POINT('',(54.,-30.35,-3.));
#2509 = VECTOR('',#2510,1.);
#2510 = DIRECTION('',(0.,0.,1.));
#2511 = PCURVE('',#827,#2512);
#2512 = DEFINITIONAL_REPRESENTATION('',(#2513),#2517);
#2513 = LINE('',#2514,#2515);
#2514 = CARTESIAN_POINT('',(114.35,0.));
#2515 = VECTOR('',#2516,1.);
#2516 = DIRECTION('',(0.,-1.));
#2517 = ( GEOMETRIC_REPRESENTATION_CONTEXT(2) 
PARAMETRIC_REPRESENTATION_CONTEXT() REPRESENTATION_CONTEXT('2D SPACE',''
  ) );
#2518 = PCURVE('',#1463,#2519);
#2519 = DEFINITIONAL_REPRESENTATION('',(#2520),#2524);
#2520 = LINE('',#2521,#2522);
#2521 = CARTESIAN_POINT('',(0.,0.));
#2522 = VECTOR('',#2523,1.);
#2523 = DIRECTION('',(0.,1.));
#2524 = ( GEOMETRIC_REPRESENTATION_CONTEXT(2) 
PARAMETRIC_REPRESENTATION_CONTEXT() REPRESENTATION_CONTEXT('2D SPACE',''
  ) );
#2525 = ADVANCED_FACE('',(#2526),#860,.T.);
#2526 = FACE_BOUND('',#2527,.F.);
#2527 = EDGE_LOOP('',(#2528,#2529,#2557,#2578,#2579,#2600,#2629,#2648));
#2528 = ORIENTED_EDGE('',*,*,#2483,.F.);
#2529 = ORIENTED_EDGE('',*,*,#2530,.T.);
#2530 = EDGE_CURVE('',#2454,#2531,#2533,.T.);
#2531 = VERTEX_POINT('',#2532);
#2532 = CARTESIAN_POINT('',(-60.35,-24.,-3.));
#2533 = SURFACE_CURVE('',#2534,(#2539,#2546),.PCURVE_S1.);
#2534 = CIRCLE('',#2535,6.35);
#2535 = AXIS2_PLACEMENT_3D('',#2536,#2537,#2538);
#2536 = CARTESIAN_POINT('',(-54.,-24.,-3.));
#2537 = DIRECTION('',(-0.,-0.,-1.));
#2538 = DIRECTION('',(0.,-1.,0.));
#2539 = PCURVE('',#860,#2540);
#2540 = DEFINITIONAL_REPRESENTATION('',(#2541),#2545);
#2541 = LINE('',#2542,#2543);
#2542 = CARTESIAN_POINT('',(-0.,8.881784197001E-16));
#2543 = VECTOR('',#2544,1.);
#2544 = DIRECTION('',(-1.,0.));
#2545 = ( GEOMETRIC_REPRESENTATION_CONTEXT(2) 
PARAMETRIC_REPRESENTATION_CONTEXT() REPRESENTATION_CONTEXT('2D SPACE',''
  ) );
#2546 = PCURVE('',#2471,#2547);
#2547 = DEFINITIONAL_REPRESENTATION('',(#2548),#2556);
#2548 = ( BOUNDED_CURVE() B_SPLINE_CURVE(2,(#2549,#2550,#2551,#2552,
#2553,#2554,#2555),.UNSPECIFIED.,.T.,.F.) B_SPLINE_CURVE_WITH_KNOTS((1,2
    ,2,2,2,1),(-2.094395102393,0.,2.094395102393,4.188790204786,
6.28318530718,8.377580409573),.UNSPECIFIED.) CURVE() 
GEOMETRIC_REPRESENTATION_ITEM() RATIONAL_B_SPLINE_CURVE((1.,0.5,1.,0.5,
1.,0.5,1.)) REPRESENTATION_ITEM('') );
#2549 = CARTESIAN_POINT('',(-54.,-30.35));
#2550 = CARTESIAN_POINT('',(-64.99852262806,-30.35));
#2551 = CARTESIAN_POINT('',(-59.49926131403,-20.825));
#2552 = CARTESIAN_POINT('',(-54.,-11.3));
#2553 = CARTESIAN_POINT('',(-48.50073868596,-20.825));
#2554 = CARTESIAN_POINT('',(-43.00147737193,-30.35));
#2555 = CARTESIAN_POINT('',(-54.,-30.35));
#2556 = ( GEOMETRIC_REPRESENTATION_CONTEXT(2) 
PARAMETRIC_REPRESENTATION_CONTEXT() REPRESENTATION_CONTEXT('2D SPACE',''
  ) );
#2557 = ORIENTED_EDGE('',*,*,#2558,.T.);
#2558 = EDGE_CURVE('',#2531,#906,#2559,.T.);
#2559 = SURFACE_CURVE('',#2560,(#2564,#2571),.PCURVE_S1.);
#2560 = LINE('',#2561,#2562);
#2561 = CARTESIAN_POINT('',(-60.35,-24.,-3.));
#2562 = VECTOR('',#2563,1.);
#2563 = DIRECTION('',(0.,0.,1.));
#2564 = PCURVE('',#860,#2565);
#2565 = DEFINITIONAL_REPRESENTATION('',(#2566),#2570);
#2566 = LINE('',#2567,#2568);
#2567 = CARTESIAN_POINT('',(-1.570796326795,0.));
#2568 = VECTOR('',#2569,1.);
#2569 = DIRECTION('',(-0.,1.));
#2570 = ( GEOMETRIC_REPRESENTATION_CONTEXT(2) 
PARAMETRIC_REPRESENTATION_CONTEXT() REPRESENTATION_CONTEXT('2D SPACE',''
  ) );
#2571 = PCURVE('',#949,#2572);
#2572 = DEFINITIONAL_REPRESENTATION('',(#2573),#2577);
#2573 = LINE('',#2574,#2575);
#2574 = CARTESIAN_POINT('',(54.35,0.));
#2575 = VECTOR('',#2576,1.);
#2576 = DIRECTION('',(0.,-1.));
#2577 = ( GEOMETRIC_REPRESENTATION_CONTEXT(2) 
PARAMETRIC_REPRESENTATION_CONTEXT() REPRESENTATION_CONTEXT('2D SPACE',''
  ) );
#2578 = ORIENTED_EDGE('',*,*,#905,.F.);
#2579 = ORIENTED_EDGE('',*,*,#2580,.F.);
#2580 = EDGE_CURVE('',#2581,#873,#2583,.T.);
#2581 = VERTEX_POINT('',#2582);
#2582 = CARTESIAN_POINT('',(-59.39586743405,-27.34770288916,-0.1));
#2583 = SURFACE_CURVE('',#2584,(#2588,#2594),.PCURVE_S1.);
#2584 = LINE('',#2585,#2586);
#2585 = CARTESIAN_POINT('',(-59.39586743405,-27.34770288916,-3.));
#2586 = VECTOR('',#2587,1.);
#2587 = DIRECTION('',(0.,0.,1.));
#2588 = PCURVE('',#860,#2589);
#2589 = DEFINITIONAL_REPRESENTATION('',(#2590),#2593);
#2590 = B_SPLINE_CURVE_WITH_KNOTS('',1,(#2591,#2592),.UNSPECIFIED.,.F.,
  .F.,(2,2),(2.8999994,3.0000006),.PIECEWISE_BEZIER_KNOTS.);
#2591 = CARTESIAN_POINT('',(-1.015497434469,2.8999994));
#2592 = CARTESIAN_POINT('',(-1.015497434469,3.0000006));
#2593 = ( GEOMETRIC_REPRESENTATION_CONTEXT(2) 
PARAMETRIC_REPRESENTATION_CONTEXT() REPRESENTATION_CONTEXT('2D SPACE',''
  ) );
#2594 = PCURVE('',#893,#2595);
#2595 = DEFINITIONAL_REPRESENTATION('',(#2596),#2599);
#2596 = B_SPLINE_CURVE_WITH_KNOTS('',1,(#2597,#2598),.UNSPECIFIED.,.F.,
  .F.,(2,2),(2.8999994,3.0000006),.PIECEWISE_BEZIER_KNOTS.);
#2597 = CARTESIAN_POINT('',(-2.242623523888,5.999999999062E-07));
#2598 = CARTESIAN_POINT('',(-2.242623523888,-0.1000006));
#2599 = ( GEOMETRIC_REPRESENTATION_CONTEXT(2) 
PARAMETRIC_REPRESENTATION_CONTEXT() REPRESENTATION_CONTEXT('2D SPACE',''
  ) );
#2600 = ORIENTED_EDGE('',*,*,#2601,.T.);
#2601 = EDGE_CURVE('',#2581,#2602,#2604,.T.);
#2602 = VERTEX_POINT('',#2603);
#2603 = CARTESIAN_POINT('',(-57.10470018687,-29.53925416907,-0.1));
#2604 = SURFACE_CURVE('',#2605,(#2610,#2617),.PCURVE_S1.);
#2605 = CIRCLE('',#2606,6.35);
#2606 = AXIS2_PLACEMENT_3D('',#2607,#2608,#2609);
#2607 = CARTESIAN_POINT('',(-54.,-24.,-0.1));
#2608 = DIRECTION('',(0.,0.,1.));
#2609 = DIRECTION('',(0.,-1.,0.));
#2610 = PCURVE('',#860,#2611);
#2611 = DEFINITIONAL_REPRESENTATION('',(#2612),#2616);
#2612 = LINE('',#2613,#2614);
#2613 = CARTESIAN_POINT('',(-6.28318530718,2.9));
#2614 = VECTOR('',#2615,1.);
#2615 = DIRECTION('',(1.,-0.));
#2616 = ( GEOMETRIC_REPRESENTATION_CONTEXT(2) 
PARAMETRIC_REPRESENTATION_CONTEXT() REPRESENTATION_CONTEXT('2D SPACE',''
  ) );
#2617 = PCURVE('',#2618,#2623);
#2618 = PLANE('',#2619);
#2619 = AXIS2_PLACEMENT_3D('',#2620,#2621,#2622);
#2620 = CARTESIAN_POINT('',(-15.435,0.,-0.1));
#2621 = DIRECTION('',(0.,0.,1.));
#2622 = DIRECTION('',(1.,0.,-0.));
#2623 = DEFINITIONAL_REPRESENTATION('',(#2624),#2628);
#2624 = CIRCLE('',#2625,6.35);
#2625 = AXIS2_PLACEMENT_2D('',#2626,#2627);
#2626 = CARTESIAN_POINT('',(-38.565,-24.));
#2627 = DIRECTION('',(0.,-1.));
#2628 = ( GEOMETRIC_REPRESENTATION_CONTEXT(2) 
PARAMETRIC_REPRESENTATION_CONTEXT() REPRESENTATION_CONTEXT('2D SPACE',''
  ) );
#2629 = ORIENTED_EDGE('',*,*,#2630,.T.);
#2630 = EDGE_CURVE('',#2602,#840,#2631,.T.);
#2631 = SURFACE_CURVE('',#2632,(#2636,#2642),.PCURVE_S1.);
#2632 = LINE('',#2633,#2634);
#2633 = CARTESIAN_POINT('',(-57.10470018687,-29.53925416907,-3.));
#2634 = VECTOR('',#2635,1.);
#2635 = DIRECTION('',(0.,0.,1.));
#2636 = PCURVE('',#860,#2637);
#2637 = DEFINITIONAL_REPRESENTATION('',(#2638),#2641);
#2638 = B_SPLINE_CURVE_WITH_KNOTS('',1,(#2639,#2640),.UNSPECIFIED.,.F.,
  .F.,(2,2),(2.8999994,3.0000006),.PIECEWISE_BEZIER_KNOTS.);
#2639 = CARTESIAN_POINT('',(-0.510861761672,2.8999994));
#2640 = CARTESIAN_POINT('',(-0.510861761672,3.0000006));
#2641 = ( GEOMETRIC_REPRESENTATION_CONTEXT(2) 
PARAMETRIC_REPRESENTATION_CONTEXT() REPRESENTATION_CONTEXT('2D SPACE',''
  ) );
#2642 = PCURVE('',#893,#2643);
#2643 = DEFINITIONAL_REPRESENTATION('',(#2644),#2647);
#2644 = B_SPLINE_CURVE_WITH_KNOTS('',1,(#2645,#2646),.UNSPECIFIED.,.F.,
  .F.,(2,2),(2.8999994,3.0000006),.PIECEWISE_BEZIER_KNOTS.);
#2645 = CARTESIAN_POINT('',(-5.65579524074,5.999999999062E-07));
#2646 = CARTESIAN_POINT('',(-5.65579524074,-0.1000006));
#2647 = ( GEOMETRIC_REPRESENTATION_CONTEXT(2) 
PARAMETRIC_REPRESENTATION_CONTEXT() REPRESENTATION_CONTEXT('2D SPACE',''
  ) );
#2648 = ORIENTED_EDGE('',*,*,#839,.F.);
#2649 = ADVANCED_FACE('',(#2650),#1463,.T.);
#2650 = FACE_BOUND('',#2651,.T.);
#2651 = EDGE_LOOP('',(#2652,#2676,#2697,#2698));
#2652 = ORIENTED_EDGE('',*,*,#2653,.T.);
#2653 = EDGE_CURVE('',#2456,#2654,#2656,.T.);
#2654 = VERTEX_POINT('',#2655);
#2655 = CARTESIAN_POINT('',(60.35,-24.,-3.));
#2656 = SURFACE_CURVE('',#2657,(#2662,#2669),.PCURVE_S1.);
#2657 = CIRCLE('',#2658,6.35);
#2658 = AXIS2_PLACEMENT_3D('',#2659,#2660,#2661);
#2659 = CARTESIAN_POINT('',(54.,-24.,-3.));
#2660 = DIRECTION('',(0.,0.,1.));
#2661 = DIRECTION('',(0.,-1.,0.));
#2662 = PCURVE('',#1463,#2663);
#2663 = DEFINITIONAL_REPRESENTATION('',(#2664),#2668);
#2664 = LINE('',#2665,#2666);
#2665 = CARTESIAN_POINT('',(0.,8.881784197001E-16));
#2666 = VECTOR('',#2667,1.);
#2667 = DIRECTION('',(1.,0.));
#2668 = ( GEOMETRIC_REPRESENTATION_CONTEXT(2) 
PARAMETRIC_REPRESENTATION_CONTEXT() REPRESENTATION_CONTEXT('2D SPACE',''
  ) );
#2669 = PCURVE('',#2471,#2670);
#2670 = DEFINITIONAL_REPRESENTATION('',(#2671),#2675);
#2671 = CIRCLE('',#2672,6.35);
#2672 = AXIS2_PLACEMENT_2D('',#2673,#2674);
#2673 = CARTESIAN_POINT('',(54.,-24.));
#2674 = DIRECTION('',(0.,-1.));
#2675 = ( GEOMETRIC_REPRESENTATION_CONTEXT(2) 
PARAMETRIC_REPRESENTATION_CONTEXT() REPRESENTATION_CONTEXT('2D SPACE',''
  ) );
#2676 = ORIENTED_EDGE('',*,*,#2677,.T.);
#2677 = EDGE_CURVE('',#2654,#1421,#2678,.T.);
#2678 = SURFACE_CURVE('',#2679,(#2683,#2690),.PCURVE_S1.);
#2679 = LINE('',#2680,#2681);
#2680 = CARTESIAN_POINT('',(60.35,-24.,-3.));
#2681 = VECTOR('',#2682,1.);
#2682 = DIRECTION('',(0.,0.,1.));
#2683 = PCURVE('',#1463,#2684);
#2684 = DEFINITIONAL_REPRESENTATION('',(#2685),#2689);
#2685 = LINE('',#2686,#2687);
#2686 = CARTESIAN_POINT('',(1.570796326795,0.));
#2687 = VECTOR('',#2688,1.);
#2688 = DIRECTION('',(0.,1.));
#2689 = ( GEOMETRIC_REPRESENTATION_CONTEXT(2) 
PARAMETRIC_REPRESENTATION_CONTEXT() REPRESENTATION_CONTEXT('2D SPACE',''
  ) );
#2690 = PCURVE('',#1436,#2691);
#2691 = DEFINITIONAL_REPRESENTATION('',(#2692),#2696);
#2692 = LINE('',#2693,#2694);
#2693 = CARTESIAN_POINT('',(6.35,0.));
#2694 = VECTOR('',#2695,1.);
#2695 = DIRECTION('',(0.,-1.));
#2696 = ( GEOMETRIC_REPRESENTATION_CONTEXT(2) 
PARAMETRIC_REPRESENTATION_CONTEXT() REPRESENTATION_CONTEXT('2D SPACE',''
  ) );
#2697 = ORIENTED_EDGE('',*,*,#1448,.F.);
#2698 = ORIENTED_EDGE('',*,*,#2505,.F.);
#2699 = ADVANCED_FACE('',(#2700),#893,.F.);
#2700 = FACE_BOUND('',#2701,.T.);
#2701 = EDGE_LOOP('',(#2702,#2730,#2756,#2757,#2758,#2759,#2787,#2813,
    #2846,#2872,#2901,#2922));
#2702 = ORIENTED_EDGE('',*,*,#2703,.F.);
#2703 = EDGE_CURVE('',#2704,#2706,#2708,.T.);
#2704 = VERTEX_POINT('',#2705);
#2705 = CARTESIAN_POINT('',(-56.80031131676,-28.56843868323,-0.1));
#2706 = VERTEX_POINT('',#2707);
#2707 = CARTESIAN_POINT('',(-56.80031131676,-28.56843868323,3.4));
#2708 = SURFACE_CURVE('',#2709,(#2713,#2719),.PCURVE_S1.);
#2709 = LINE('',#2710,#2711);
#2710 = CARTESIAN_POINT('',(-56.80031131676,-28.56843868323,-0.1));
#2711 = VECTOR('',#2712,1.);
#2712 = DIRECTION('',(0.,0.,1.));
#2713 = PCURVE('',#893,#2714);
#2714 = DEFINITIONAL_REPRESENTATION('',(#2715),#2718);
#2715 = B_SPLINE_CURVE_WITH_KNOTS('',1,(#2716,#2717),.UNSPECIFIED.,.F.,
  .F.,(2,2),(0.,5.6),.PIECEWISE_BEZIER_KNOTS.);
#2716 = CARTESIAN_POINT('',(-6.302912409625,0.));
#2717 = CARTESIAN_POINT('',(-6.302912409625,-5.6));
#2718 = ( GEOMETRIC_REPRESENTATION_CONTEXT(2) 
PARAMETRIC_REPRESENTATION_CONTEXT() REPRESENTATION_CONTEXT('2D SPACE',''
  ) );
#2719 = PCURVE('',#2720,#2725);
#2720 = CYLINDRICAL_SURFACE('',#2721,2.5);
#2721 = AXIS2_PLACEMENT_3D('',#2722,#2723,#2724);
#2722 = CARTESIAN_POINT('',(-56.,-26.2,-0.1));
#2723 = DIRECTION('',(0.,0.,1.));
#2724 = DIRECTION('',(0.,-1.,0.));
#2725 = DEFINITIONAL_REPRESENTATION('',(#2726),#2729);
#2726 = B_SPLINE_CURVE_WITH_KNOTS('',1,(#2727,#2728),.UNSPECIFIED.,.F.,
  .F.,(2,2),(-6.000000000034E-07,5.6000006),.PIECEWISE_BEZIER_KNOTS.);
#2727 = CARTESIAN_POINT('',(-0.325860928252,-6.000000000034E-07));
#2728 = CARTESIAN_POINT('',(-0.325860928252,5.6000006));
#2729 = ( GEOMETRIC_REPRESENTATION_CONTEXT(2) 
PARAMETRIC_REPRESENTATION_CONTEXT() REPRESENTATION_CONTEXT('2D SPACE',''
  ) );
#2730 = ORIENTED_EDGE('',*,*,#2731,.T.);
#2731 = EDGE_CURVE('',#2704,#2602,#2732,.T.);
#2732 = SURFACE_CURVE('',#2733,(#2738,#2745),.PCURVE_S1.);
#2733 = CIRCLE('',#2734,1.6);
#2734 = AXIS2_PLACEMENT_3D('',#2735,#2736,#2737);
#2735 = CARTESIAN_POINT('',(-58.4,-28.6,-0.1));
#2736 = DIRECTION('',(0.,0.,-1.));
#2737 = DIRECTION('',(0.999805427025,1.972582297537E-02,0.));
#2738 = PCURVE('',#893,#2739);
#2739 = DEFINITIONAL_REPRESENTATION('',(#2740),#2744);
#2740 = LINE('',#2741,#2742);
#2741 = CARTESIAN_POINT('',(-6.302912409625,0.));
#2742 = VECTOR('',#2743,1.);
#2743 = DIRECTION('',(1.,-0.));
#2744 = ( GEOMETRIC_REPRESENTATION_CONTEXT(2) 
PARAMETRIC_REPRESENTATION_CONTEXT() REPRESENTATION_CONTEXT('2D SPACE',''
  ) );
#2745 = PCURVE('',#2618,#2746);
#2746 = DEFINITIONAL_REPRESENTATION('',(#2747),#2755);
#2747 = ( BOUNDED_CURVE() B_SPLINE_CURVE(2,(#2748,#2749,#2750,#2751,
#2752,#2753,#2754),.UNSPECIFIED.,.T.,.F.) B_SPLINE_CURVE_WITH_KNOTS((1,2
    ,2,2,2,1),(-2.094395102393,0.,2.094395102393,4.188790204786,
6.28318530718,8.377580409573),.UNSPECIFIED.) CURVE() 
GEOMETRIC_REPRESENTATION_ITEM() RATIONAL_B_SPLINE_CURVE((1.,0.5,1.,0.5,
1.,0.5,1.)) REPRESENTATION_ITEM('') );
#2748 = CARTESIAN_POINT('',(-41.36531131676,-28.56843868323));
#2749 = CARTESIAN_POINT('',(-41.31064551257,-31.3391807589));
#2750 = CARTESIAN_POINT('',(-43.73751143952,-30.00115169621));
#2751 = CARTESIAN_POINT('',(-46.16437736647,-28.66312263352));
#2752 = CARTESIAN_POINT('',(-43.79217724371,-27.23040962054));
#2753 = CARTESIAN_POINT('',(-41.41997712094,-25.79769660757));
#2754 = CARTESIAN_POINT('',(-41.36531131676,-28.56843868323));
#2755 = ( GEOMETRIC_REPRESENTATION_CONTEXT(2) 
PARAMETRIC_REPRESENTATION_CONTEXT() REPRESENTATION_CONTEXT('2D SPACE',''
  ) );
#2756 = ORIENTED_EDGE('',*,*,#2630,.T.);
#2757 = ORIENTED_EDGE('',*,*,#872,.T.);
#2758 = ORIENTED_EDGE('',*,*,#2580,.F.);
#2759 = ORIENTED_EDGE('',*,*,#2760,.T.);
#2760 = EDGE_CURVE('',#2581,#2761,#2763,.T.);
#2761 = VERTEX_POINT('',#2762);
#2762 = CARTESIAN_POINT('',(-58.36843868323,-27.00031131676,-0.1));
#2763 = SURFACE_CURVE('',#2764,(#2769,#2776),.PCURVE_S1.);
#2764 = CIRCLE('',#2765,1.6);
#2765 = AXIS2_PLACEMENT_3D('',#2766,#2767,#2768);
#2766 = CARTESIAN_POINT('',(-58.4,-28.6,-0.1));
#2767 = DIRECTION('',(0.,0.,-1.));
#2768 = DIRECTION('',(0.999805427025,1.972582297537E-02,0.));
#2769 = PCURVE('',#893,#2770);
#2770 = DEFINITIONAL_REPRESENTATION('',(#2771),#2775);
#2771 = LINE('',#2772,#2773);
#2772 = CARTESIAN_POINT('',(-6.302912409625,0.));
#2773 = VECTOR('',#2774,1.);
#2774 = DIRECTION('',(1.,-0.));
#2775 = ( GEOMETRIC_REPRESENTATION_CONTEXT(2) 
PARAMETRIC_REPRESENTATION_CONTEXT() REPRESENTATION_CONTEXT('2D SPACE',''
  ) );
#2776 = PCURVE('',#2618,#2777);
#2777 = DEFINITIONAL_REPRESENTATION('',(#2778),#2786);
#2778 = ( BOUNDED_CURVE() B_SPLINE_CURVE(2,(#2779,#2780,#2781,#2782,
#2783,#2784,#2785),.UNSPECIFIED.,.T.,.F.) B_SPLINE_CURVE_WITH_KNOTS((1,2
    ,2,2,2,1),(-2.094395102393,0.,2.094395102393,4.188790204786,
6.28318530718,8.377580409573),.UNSPECIFIED.) CURVE() 
GEOMETRIC_REPRESENTATION_ITEM() RATIONAL_B_SPLINE_CURVE((1.,0.5,1.,0.5,
1.,0.5,1.)) REPRESENTATION_ITEM('') );
#2779 = CARTESIAN_POINT('',(-41.36531131676,-28.56843868323));
#2780 = CARTESIAN_POINT('',(-41.31064551257,-31.3391807589));
#2781 = CARTESIAN_POINT('',(-43.73751143952,-30.00115169621));
#2782 = CARTESIAN_POINT('',(-46.16437736647,-28.66312263352));
#2783 = CARTESIAN_POINT('',(-43.79217724371,-27.23040962054));
#2784 = CARTESIAN_POINT('',(-41.41997712094,-25.79769660757));
#2785 = CARTESIAN_POINT('',(-41.36531131676,-28.56843868323));
#2786 = ( GEOMETRIC_REPRESENTATION_CONTEXT(2) 
PARAMETRIC_REPRESENTATION_CONTEXT() REPRESENTATION_CONTEXT('2D SPACE',''
  ) );
#2787 = ORIENTED_EDGE('',*,*,#2788,.T.);
#2788 = EDGE_CURVE('',#2761,#2789,#2791,.T.);
#2789 = VERTEX_POINT('',#2790);
#2790 = CARTESIAN_POINT('',(-58.36843868323,-27.00031131676,3.4));
#2791 = SURFACE_CURVE('',#2792,(#2796,#2802),.PCURVE_S1.);
#2792 = LINE('',#2793,#2794);
#2793 = CARTESIAN_POINT('',(-58.36843868323,-27.00031131676,-0.1));
#2794 = VECTOR('',#2795,1.);
#2795 = DIRECTION('',(0.,0.,1.));
#2796 = PCURVE('',#893,#2797);
#2797 = DEFINITIONAL_REPRESENTATION('',(#2798),#2801);
#2798 = B_SPLINE_CURVE_WITH_KNOTS('',1,(#2799,#2800),.UNSPECIFIED.,.F.,
  .F.,(2,2),(0.,5.6),.PIECEWISE_BEZIER_KNOTS.);
#2799 = CARTESIAN_POINT('',(-1.551069224349,0.));
#2800 = CARTESIAN_POINT('',(-1.551069224349,-5.6));
#2801 = ( GEOMETRIC_REPRESENTATION_CONTEXT(2) 
PARAMETRIC_REPRESENTATION_CONTEXT() REPRESENTATION_CONTEXT('2D SPACE',''
  ) );
#2802 = PCURVE('',#2803,#2808);
#2803 = CYLINDRICAL_SURFACE('',#2804,2.5);
#2804 = AXIS2_PLACEMENT_3D('',#2805,#2806,#2807);
#2805 = CARTESIAN_POINT('',(-56.,-26.2,-0.1));
#2806 = DIRECTION('',(0.,0.,1.));
#2807 = DIRECTION('',(0.,-1.,0.));
#2808 = DEFINITIONAL_REPRESENTATION('',(#2809),#2812);
#2809 = B_SPLINE_CURVE_WITH_KNOTS('',1,(#2810,#2811),.UNSPECIFIED.,.F.,
  .F.,(2,2),(-6.000000000034E-07,5.6000006),.PIECEWISE_BEZIER_KNOTS.);
#2810 = CARTESIAN_POINT('',(-1.244935398543,-6.000000000034E-07));
#2811 = CARTESIAN_POINT('',(-1.244935398543,5.6000006));
#2812 = ( GEOMETRIC_REPRESENTATION_CONTEXT(2) 
PARAMETRIC_REPRESENTATION_CONTEXT() REPRESENTATION_CONTEXT('2D SPACE',''
  ) );
#2813 = ORIENTED_EDGE('',*,*,#2814,.F.);
#2814 = EDGE_CURVE('',#2815,#2789,#2817,.T.);
#2815 = VERTEX_POINT('',#2816);
#2816 = CARTESIAN_POINT('',(-58.54686022491,-27.00675423291,3.4));
#2817 = SURFACE_CURVE('',#2818,(#2823,#2830),.PCURVE_S1.);
#2818 = CIRCLE('',#2819,1.6);
#2819 = AXIS2_PLACEMENT_3D('',#2820,#2821,#2822);
#2820 = CARTESIAN_POINT('',(-58.4,-28.6,3.4));
#2821 = DIRECTION('',(0.,0.,-1.));
#2822 = DIRECTION('',(1.,0.,0.));
#2823 = PCURVE('',#893,#2824);
#2824 = DEFINITIONAL_REPRESENTATION('',(#2825),#2829);
#2825 = LINE('',#2826,#2827);
#2826 = CARTESIAN_POINT('',(-12.56637061435,-3.5));
#2827 = VECTOR('',#2828,1.);
#2828 = DIRECTION('',(1.,-0.));
#2829 = ( GEOMETRIC_REPRESENTATION_CONTEXT(2) 
PARAMETRIC_REPRESENTATION_CONTEXT() REPRESENTATION_CONTEXT('2D SPACE',''
  ) );
#2830 = PCURVE('',#2831,#2836);
#2831 = PLANE('',#2832);
#2832 = AXIS2_PLACEMENT_3D('',#2833,#2834,#2835);
#2833 = CARTESIAN_POINT('',(-54.25,-24.45,3.4));
#2834 = DIRECTION('',(0.,0.,1.));
#2835 = DIRECTION('',(1.,0.,-0.));
#2836 = DEFINITIONAL_REPRESENTATION('',(#2837),#2845);
#2837 = ( BOUNDED_CURVE() B_SPLINE_CURVE(2,(#2838,#2839,#2840,#2841,
#2842,#2843,#2844),.UNSPECIFIED.,.T.,.F.) B_SPLINE_CURVE_WITH_KNOTS((1,2
    ,2,2,2,1),(-2.094395102393,0.,2.094395102393,4.188790204786,
6.28318530718,8.377580409573),.UNSPECIFIED.) CURVE() 
GEOMETRIC_REPRESENTATION_ITEM() RATIONAL_B_SPLINE_CURVE((1.,0.5,1.,0.5,
1.,0.5,1.)) REPRESENTATION_ITEM('') );
#2838 = CARTESIAN_POINT('',(-2.55,-4.15));
#2839 = CARTESIAN_POINT('',(-2.55,-6.92128129211));
#2840 = CARTESIAN_POINT('',(-4.95,-5.535640646055));
#2841 = CARTESIAN_POINT('',(-7.35,-4.15));
#2842 = CARTESIAN_POINT('',(-4.95,-2.764359353945));
#2843 = CARTESIAN_POINT('',(-2.55,-1.37871870789));
#2844 = CARTESIAN_POINT('',(-2.55,-4.15));
#2845 = ( GEOMETRIC_REPRESENTATION_CONTEXT(2) 
PARAMETRIC_REPRESENTATION_CONTEXT() REPRESENTATION_CONTEXT('2D SPACE',''
  ) );
#2846 = ORIENTED_EDGE('',*,*,#2847,.F.);
#2847 = EDGE_CURVE('',#2848,#2815,#2850,.T.);
#2848 = VERTEX_POINT('',#2849);
#2849 = CARTESIAN_POINT('',(-58.54686022491,-27.00675423291,5.5));
#2850 = SURFACE_CURVE('',#2851,(#2855,#2861),.PCURVE_S1.);
#2851 = LINE('',#2852,#2853);
#2852 = CARTESIAN_POINT('',(-58.54686022491,-27.00675423291,-0.1));
#2853 = VECTOR('',#2854,1.);
#2854 = DIRECTION('',(-0.,-0.,-1.));
#2855 = PCURVE('',#893,#2856);
#2856 = DEFINITIONAL_REPRESENTATION('',(#2857),#2860);
#2857 = B_SPLINE_CURVE_WITH_KNOTS('',1,(#2858,#2859),.UNSPECIFIED.,.F.,
  .F.,(2,2),(-5.6000006,-3.4999994),.PIECEWISE_BEZIER_KNOTS.);
#2858 = CARTESIAN_POINT('',(-1.662713343166,-5.6000006));
#2859 = CARTESIAN_POINT('',(-1.662713343166,-3.4999994));
#2860 = ( GEOMETRIC_REPRESENTATION_CONTEXT(2) 
PARAMETRIC_REPRESENTATION_CONTEXT() REPRESENTATION_CONTEXT('2D SPACE',''
  ) );
#2861 = PCURVE('',#2862,#2867);
#2862 = CYLINDRICAL_SURFACE('',#2863,5.);
#2863 = AXIS2_PLACEMENT_3D('',#2864,#2865,#2866);
#2864 = CARTESIAN_POINT('',(-54.25,-24.45,3.4));
#2865 = DIRECTION('',(-0.,-0.,-1.));
#2866 = DIRECTION('',(1.,0.,0.));
#2867 = DEFINITIONAL_REPRESENTATION('',(#2868),#2871);
#2868 = B_SPLINE_CURVE_WITH_KNOTS('',1,(#2869,#2870),.UNSPECIFIED.,.F.,
  .F.,(2,2),(-5.6000006,-3.4999994),.PIECEWISE_BEZIER_KNOTS.);
#2869 = CARTESIAN_POINT('',(-3.67834860969,-2.1000006));
#2870 = CARTESIAN_POINT('',(-3.67834860969,5.999999999062E-07));
#2871 = ( GEOMETRIC_REPRESENTATION_CONTEXT(2) 
PARAMETRIC_REPRESENTATION_CONTEXT() REPRESENTATION_CONTEXT('2D SPACE',''
  ) );
#2872 = ORIENTED_EDGE('',*,*,#2873,.T.);
#2873 = EDGE_CURVE('',#2848,#2874,#2876,.T.);
#2874 = VERTEX_POINT('',#2875);
#2875 = CARTESIAN_POINT('',(-56.80675423291,-28.74686022491,5.5));
#2876 = SURFACE_CURVE('',#2877,(#2882,#2889),.PCURVE_S1.);
#2877 = CIRCLE('',#2878,1.6);
#2878 = AXIS2_PLACEMENT_3D('',#2879,#2880,#2881);
#2879 = CARTESIAN_POINT('',(-58.4,-28.6,5.5));
#2880 = DIRECTION('',(0.,-0.,1.));
#2881 = DIRECTION('',(1.972582297537E-02,0.999805427025,0.));
#2882 = PCURVE('',#893,#2883);
#2883 = DEFINITIONAL_REPRESENTATION('',(#2884),#2888);
#2884 = LINE('',#2885,#2886);
#2885 = CARTESIAN_POINT('',(-1.551069224349,-5.6));
#2886 = VECTOR('',#2887,1.);
#2887 = DIRECTION('',(-1.,0.));
#2888 = ( GEOMETRIC_REPRESENTATION_CONTEXT(2) 
PARAMETRIC_REPRESENTATION_CONTEXT() REPRESENTATION_CONTEXT('2D SPACE',''
  ) );
#2889 = PCURVE('',#2890,#2895);
#2890 = PLANE('',#2891);
#2891 = AXIS2_PLACEMENT_3D('',#2892,#2893,#2894);
#2892 = CARTESIAN_POINT('',(-15.435,0.,5.5));
#2893 = DIRECTION('',(0.,0.,1.));
#2894 = DIRECTION('',(1.,0.,-0.));
#2895 = DEFINITIONAL_REPRESENTATION('',(#2896),#2900);
#2896 = CIRCLE('',#2897,1.6);
#2897 = AXIS2_PLACEMENT_2D('',#2898,#2899);
#2898 = CARTESIAN_POINT('',(-42.965,-28.6));
#2899 = DIRECTION('',(1.972582297537E-02,0.999805427025));
#2900 = ( GEOMETRIC_REPRESENTATION_CONTEXT(2) 
PARAMETRIC_REPRESENTATION_CONTEXT() REPRESENTATION_CONTEXT('2D SPACE',''
  ) );
#2901 = ORIENTED_EDGE('',*,*,#2902,.T.);
#2902 = EDGE_CURVE('',#2874,#2903,#2905,.T.);
#2903 = VERTEX_POINT('',#2904);
#2904 = CARTESIAN_POINT('',(-56.80675423291,-28.74686022491,3.4));
#2905 = SURFACE_CURVE('',#2906,(#2910,#2916),.PCURVE_S1.);
#2906 = LINE('',#2907,#2908);
#2907 = CARTESIAN_POINT('',(-56.80675423291,-28.74686022491,-0.1));
#2908 = VECTOR('',#2909,1.);
#2909 = DIRECTION('',(-0.,-0.,-1.));
#2910 = PCURVE('',#893,#2911);
#2911 = DEFINITIONAL_REPRESENTATION('',(#2912),#2915);
#2912 = B_SPLINE_CURVE_WITH_KNOTS('',1,(#2913,#2914),.UNSPECIFIED.,.F.,
  .F.,(2,2),(-5.6000006,-3.4999994),.PIECEWISE_BEZIER_KNOTS.);
#2913 = CARTESIAN_POINT('',(-6.191268290808,-5.6000006));
#2914 = CARTESIAN_POINT('',(-6.191268290808,-3.4999994));
#2915 = ( GEOMETRIC_REPRESENTATION_CONTEXT(2) 
PARAMETRIC_REPRESENTATION_CONTEXT() REPRESENTATION_CONTEXT('2D SPACE',''
  ) );
#2916 = PCURVE('',#2862,#2917);
#2917 = DEFINITIONAL_REPRESENTATION('',(#2918),#2921);
#2918 = B_SPLINE_CURVE_WITH_KNOTS('',1,(#2919,#2920),.UNSPECIFIED.,.F.,
  .F.,(2,2),(-5.6000006,-3.4999994),.PIECEWISE_BEZIER_KNOTS.);
#2919 = CARTESIAN_POINT('',(-4.175633024284,-2.1000006));
#2920 = CARTESIAN_POINT('',(-4.175633024284,5.999999999062E-07));
#2921 = ( GEOMETRIC_REPRESENTATION_CONTEXT(2) 
PARAMETRIC_REPRESENTATION_CONTEXT() REPRESENTATION_CONTEXT('2D SPACE',''
  ) );
#2922 = ORIENTED_EDGE('',*,*,#2923,.F.);
#2923 = EDGE_CURVE('',#2706,#2903,#2924,.T.);
#2924 = SURFACE_CURVE('',#2925,(#2930,#2937),.PCURVE_S1.);
#2925 = CIRCLE('',#2926,1.6);
#2926 = AXIS2_PLACEMENT_3D('',#2927,#2928,#2929);
#2927 = CARTESIAN_POINT('',(-58.4,-28.6,3.4));
#2928 = DIRECTION('',(0.,0.,-1.));
#2929 = DIRECTION('',(1.,0.,0.));
#2930 = PCURVE('',#893,#2931);
#2931 = DEFINITIONAL_REPRESENTATION('',(#2932),#2936);
#2932 = LINE('',#2933,#2934);
#2933 = CARTESIAN_POINT('',(-12.56637061435,-3.5));
#2934 = VECTOR('',#2935,1.);
#2935 = DIRECTION('',(1.,-0.));
#2936 = ( GEOMETRIC_REPRESENTATION_CONTEXT(2) 
PARAMETRIC_REPRESENTATION_CONTEXT() REPRESENTATION_CONTEXT('2D SPACE',''
  ) );
#2937 = PCURVE('',#2831,#2938);
#2938 = DEFINITIONAL_REPRESENTATION('',(#2939),#2947);
#2939 = ( BOUNDED_CURVE() B_SPLINE_CURVE(2,(#2940,#2941,#2942,#2943,
#2944,#2945,#2946),.UNSPECIFIED.,.T.,.F.) B_SPLINE_CURVE_WITH_KNOTS((1,2
    ,2,2,2,1),(-2.094395102393,0.,2.094395102393,4.188790204786,
6.28318530718,8.377580409573),.UNSPECIFIED.) CURVE() 
GEOMETRIC_REPRESENTATION_ITEM() RATIONAL_B_SPLINE_CURVE((1.,0.5,1.,0.5,
1.,0.5,1.)) REPRESENTATION_ITEM('') );
#2940 = CARTESIAN_POINT('',(-2.55,-4.15));
#2941 = CARTESIAN_POINT('',(-2.55,-6.92128129211));
#2942 = CARTESIAN_POINT('',(-4.95,-5.535640646055));
#2943 = CARTESIAN_POINT('',(-7.35,-4.15));
#2944 = CARTESIAN_POINT('',(-4.95,-2.764359353945));
#2945 = CARTESIAN_POINT('',(-2.55,-1.37871870789));
#2946 = CARTESIAN_POINT('',(-2.55,-4.15));
#2947 = ( GEOMETRIC_REPRESENTATION_CONTEXT(2) 
PARAMETRIC_REPRESENTATION_CONTEXT() REPRESENTATION_CONTEXT('2D SPACE',''
  ) );
#2948 = ADVANCED_FACE('',(#2949),#1436,.F.);
#2949 = FACE_BOUND('',#2950,.F.);
#2950 = EDGE_LOOP('',(#2951,#2974,#2975,#2976));
#2951 = ORIENTED_EDGE('',*,*,#2952,.F.);
#2952 = EDGE_CURVE('',#2654,#2953,#2955,.T.);
#2953 = VERTEX_POINT('',#2954);
#2954 = CARTESIAN_POINT('',(60.35,24.,-3.));
#2955 = SURFACE_CURVE('',#2956,(#2960,#2967),.PCURVE_S1.);
#2956 = LINE('',#2957,#2958);
#2957 = CARTESIAN_POINT('',(60.35,-30.35,-3.));
#2958 = VECTOR('',#2959,1.);
#2959 = DIRECTION('',(0.,1.,0.));
#2960 = PCURVE('',#1436,#2961);
#2961 = DEFINITIONAL_REPRESENTATION('',(#2962),#2966);
#2962 = LINE('',#2963,#2964);
#2963 = CARTESIAN_POINT('',(0.,0.));
#2964 = VECTOR('',#2965,1.);
#2965 = DIRECTION('',(1.,0.));
#2966 = ( GEOMETRIC_REPRESENTATION_CONTEXT(2) 
PARAMETRIC_REPRESENTATION_CONTEXT() REPRESENTATION_CONTEXT('2D SPACE',''
  ) );
#2967 = PCURVE('',#2471,#2968);
#2968 = DEFINITIONAL_REPRESENTATION('',(#2969),#2973);
#2969 = LINE('',#2970,#2971);
#2970 = CARTESIAN_POINT('',(60.35,-30.35));
#2971 = VECTOR('',#2972,1.);
#2972 = DIRECTION('',(0.,1.));
#2973 = ( GEOMETRIC_REPRESENTATION_CONTEXT(2) 
PARAMETRIC_REPRESENTATION_CONTEXT() REPRESENTATION_CONTEXT('2D SPACE',''
  ) );
#2974 = ORIENTED_EDGE('',*,*,#2677,.T.);
#2975 = ORIENTED_EDGE('',*,*,#1420,.T.);
#2976 = ORIENTED_EDGE('',*,*,#2977,.F.);
#2977 = EDGE_CURVE('',#2953,#1392,#2978,.T.);
#2978 = SURFACE_CURVE('',#2979,(#2983,#2990),.PCURVE_S1.);
#2979 = LINE('',#2980,#2981);
#2980 = CARTESIAN_POINT('',(60.35,24.,-3.));
#2981 = VECTOR('',#2982,1.);
#2982 = DIRECTION('',(0.,0.,1.));
#2983 = PCURVE('',#1436,#2984);
#2984 = DEFINITIONAL_REPRESENTATION('',(#2985),#2989);
#2985 = LINE('',#2986,#2987);
#2986 = CARTESIAN_POINT('',(54.35,0.));
#2987 = VECTOR('',#2988,1.);
#2988 = DIRECTION('',(0.,-1.));
#2989 = ( GEOMETRIC_REPRESENTATION_CONTEXT(2) 
PARAMETRIC_REPRESENTATION_CONTEXT() REPRESENTATION_CONTEXT('2D SPACE',''
  ) );
#2990 = PCURVE('',#1408,#2991);
#2991 = DEFINITIONAL_REPRESENTATION('',(#2992),#2996);
#2992 = LINE('',#2993,#2994);
#2993 = CARTESIAN_POINT('',(0.,0.));
#2994 = VECTOR('',#2995,1.);
#2995 = DIRECTION('',(0.,1.));
#2996 = ( GEOMETRIC_REPRESENTATION_CONTEXT(2) 
PARAMETRIC_REPRESENTATION_CONTEXT() REPRESENTATION_CONTEXT('2D SPACE',''
  ) );
#2997 = ADVANCED_FACE('',(#2998),#1408,.T.);
#2998 = FACE_BOUND('',#2999,.T.);
#2999 = EDGE_LOOP('',(#3000,#3001,#3025,#3044));
#3000 = ORIENTED_EDGE('',*,*,#2977,.F.);
#3001 = ORIENTED_EDGE('',*,*,#3002,.T.);
#3002 = EDGE_CURVE('',#2953,#3003,#3005,.T.);
#3003 = VERTEX_POINT('',#3004);
#3004 = CARTESIAN_POINT('',(60.330284353803,24.5,-3.));
#3005 = SURFACE_CURVE('',#3006,(#3011,#3018),.PCURVE_S1.);
#3006 = CIRCLE('',#3007,6.35);
#3007 = AXIS2_PLACEMENT_3D('',#3008,#3009,#3010);
#3008 = CARTESIAN_POINT('',(54.,24.,-3.));
#3009 = DIRECTION('',(0.,0.,1.));
#3010 = DIRECTION('',(0.,-1.,0.));
#3011 = PCURVE('',#1408,#3012);
#3012 = DEFINITIONAL_REPRESENTATION('',(#3013),#3017);
#3013 = LINE('',#3014,#3015);
#3014 = CARTESIAN_POINT('',(-1.570796326795,8.881784197001E-16));
#3015 = VECTOR('',#3016,1.);
#3016 = DIRECTION('',(1.,0.));
#3017 = ( GEOMETRIC_REPRESENTATION_CONTEXT(2) 
PARAMETRIC_REPRESENTATION_CONTEXT() REPRESENTATION_CONTEXT('2D SPACE',''
  ) );
#3018 = PCURVE('',#2471,#3019);
#3019 = DEFINITIONAL_REPRESENTATION('',(#3020),#3024);
#3020 = CIRCLE('',#3021,6.35);
#3021 = AXIS2_PLACEMENT_2D('',#3022,#3023);
#3022 = CARTESIAN_POINT('',(54.,24.));
#3023 = DIRECTION('',(0.,-1.));
#3024 = ( GEOMETRIC_REPRESENTATION_CONTEXT(2) 
PARAMETRIC_REPRESENTATION_CONTEXT() REPRESENTATION_CONTEXT('2D SPACE',''
  ) );
#3025 = ORIENTED_EDGE('',*,*,#3026,.T.);
#3026 = EDGE_CURVE('',#3003,#1365,#3027,.T.);
#3027 = SURFACE_CURVE('',#3028,(#3032,#3038),.PCURVE_S1.);
#3028 = LINE('',#3029,#3030);
#3029 = CARTESIAN_POINT('',(60.330284353803,24.5,-3.));
#3030 = VECTOR('',#3031,1.);
#3031 = DIRECTION('',(0.,0.,1.));
#3032 = PCURVE('',#1408,#3033);
#3033 = DEFINITIONAL_REPRESENTATION('',(#3034),#3037);
#3034 = B_SPLINE_CURVE_WITH_KNOTS('',1,(#3035,#3036),.UNSPECIFIED.,.F.,
  .F.,(2,2),(-5.999999990181E-07,3.0000006),.PIECEWISE_BEZIER_KNOTS.);
#3035 = CARTESIAN_POINT('',(7.882175032255E-02,-5.999999990181E-07));
#3036 = CARTESIAN_POINT('',(7.882175032255E-02,3.0000006));
#3037 = ( GEOMETRIC_REPRESENTATION_CONTEXT(2) 
PARAMETRIC_REPRESENTATION_CONTEXT() REPRESENTATION_CONTEXT('2D SPACE',''
  ) );
#3038 = PCURVE('',#1380,#3039);
#3039 = DEFINITIONAL_REPRESENTATION('',(#3040),#3043);
#3040 = B_SPLINE_CURVE_WITH_KNOTS('',1,(#3041,#3042),.UNSPECIFIED.,.F.,
  .F.,(2,2),(-5.999999990181E-07,3.0000006),.PIECEWISE_BEZIER_KNOTS.);
#3041 = CARTESIAN_POINT('',(31.565284353803,-9.99994E-02));
#3042 = CARTESIAN_POINT('',(31.565284353803,-3.1000006));
#3043 = ( GEOMETRIC_REPRESENTATION_CONTEXT(2) 
PARAMETRIC_REPRESENTATION_CONTEXT() REPRESENTATION_CONTEXT('2D SPACE',''
  ) );
#3044 = ORIENTED_EDGE('',*,*,#1391,.F.);
#3045 = ADVANCED_FACE('',(#3046),#949,.F.);
#3046 = FACE_BOUND('',#3047,.F.);
#3047 = EDGE_LOOP('',(#3048,#3071,#3092,#3093));
#3048 = ORIENTED_EDGE('',*,*,#3049,.F.);
#3049 = EDGE_CURVE('',#3050,#2531,#3052,.T.);
#3050 = VERTEX_POINT('',#3051);
#3051 = CARTESIAN_POINT('',(-60.35,24.,-3.));
#3052 = SURFACE_CURVE('',#3053,(#3057,#3064),.PCURVE_S1.);
#3053 = LINE('',#3054,#3055);
#3054 = CARTESIAN_POINT('',(-60.35,30.35,-3.));
#3055 = VECTOR('',#3056,1.);
#3056 = DIRECTION('',(0.,-1.,0.));
#3057 = PCURVE('',#949,#3058);
#3058 = DEFINITIONAL_REPRESENTATION('',(#3059),#3063);
#3059 = LINE('',#3060,#3061);
#3060 = CARTESIAN_POINT('',(0.,0.));
#3061 = VECTOR('',#3062,1.);
#3062 = DIRECTION('',(1.,0.));
#3063 = ( GEOMETRIC_REPRESENTATION_CONTEXT(2) 
PARAMETRIC_REPRESENTATION_CONTEXT() REPRESENTATION_CONTEXT('2D SPACE',''
  ) );
#3064 = PCURVE('',#2471,#3065);
#3065 = DEFINITIONAL_REPRESENTATION('',(#3066),#3070);
#3066 = LINE('',#3067,#3068);
#3067 = CARTESIAN_POINT('',(-60.35,30.35));
#3068 = VECTOR('',#3069,1.);
#3069 = DIRECTION('',(0.,-1.));
#3070 = ( GEOMETRIC_REPRESENTATION_CONTEXT(2) 
PARAMETRIC_REPRESENTATION_CONTEXT() REPRESENTATION_CONTEXT('2D SPACE',''
  ) );
#3071 = ORIENTED_EDGE('',*,*,#3072,.T.);
#3072 = EDGE_CURVE('',#3050,#934,#3073,.T.);
#3073 = SURFACE_CURVE('',#3074,(#3078,#3085),.PCURVE_S1.);
#3074 = LINE('',#3075,#3076);
#3075 = CARTESIAN_POINT('',(-60.35,24.,-3.));
#3076 = VECTOR('',#3077,1.);
#3077 = DIRECTION('',(0.,0.,1.));
#3078 = PCURVE('',#949,#3079);
#3079 = DEFINITIONAL_REPRESENTATION('',(#3080),#3084);
#3080 = LINE('',#3081,#3082);
#3081 = CARTESIAN_POINT('',(6.35,0.));
#3082 = VECTOR('',#3083,1.);
#3083 = DIRECTION('',(0.,-1.));
#3084 = ( GEOMETRIC_REPRESENTATION_CONTEXT(2) 
PARAMETRIC_REPRESENTATION_CONTEXT() REPRESENTATION_CONTEXT('2D SPACE',''
  ) );
#3085 = PCURVE('',#978,#3086);
#3086 = DEFINITIONAL_REPRESENTATION('',(#3087),#3091);
#3087 = LINE('',#3088,#3089);
#3088 = CARTESIAN_POINT('',(1.570796326795,0.));
#3089 = VECTOR('',#3090,1.);
#3090 = DIRECTION('',(0.,1.));
#3091 = ( GEOMETRIC_REPRESENTATION_CONTEXT(2) 
PARAMETRIC_REPRESENTATION_CONTEXT() REPRESENTATION_CONTEXT('2D SPACE',''
  ) );
#3092 = ORIENTED_EDGE('',*,*,#933,.T.);
#3093 = ORIENTED_EDGE('',*,*,#2558,.F.);
#3094 = ADVANCED_FACE('',(#3095),#1380,.T.);
#3095 = FACE_BOUND('',#3096,.T.);
#3096 = EDGE_LOOP('',(#3097,#3098,#3119,#3138));
#3097 = ORIENTED_EDGE('',*,*,#3026,.F.);
#3098 = ORIENTED_EDGE('',*,*,#3099,.T.);
#3099 = EDGE_CURVE('',#3003,#3100,#3102,.T.);
#3100 = VERTEX_POINT('',#3101);
#3101 = CARTESIAN_POINT('',(58.723610906923,24.5,-3.));
#3102 = SURFACE_CURVE('',#3103,(#3107,#3113),.PCURVE_S1.);
#3103 = LINE('',#3104,#3105);
#3104 = CARTESIAN_POINT('',(14.3825,24.5,-3.));
#3105 = VECTOR('',#3106,1.);
#3106 = DIRECTION('',(-1.,0.,0.));
#3107 = PCURVE('',#1380,#3108);
#3108 = DEFINITIONAL_REPRESENTATION('',(#3109),#3112);
#3109 = B_SPLINE_CURVE_WITH_KNOTS('',1,(#3110,#3111),.UNSPECIFIED.,.F.,
  .F.,(2,2),(-45.9675,-14.3825),.PIECEWISE_BEZIER_KNOTS.);
#3110 = CARTESIAN_POINT('',(31.585,-0.1));
#3111 = CARTESIAN_POINT('',(0.,-0.1));
#3112 = ( GEOMETRIC_REPRESENTATION_CONTEXT(2) 
PARAMETRIC_REPRESENTATION_CONTEXT() REPRESENTATION_CONTEXT('2D SPACE',''
  ) );
#3113 = PCURVE('',#2471,#3114);
#3114 = DEFINITIONAL_REPRESENTATION('',(#3115),#3118);
#3115 = B_SPLINE_CURVE_WITH_KNOTS('',1,(#3116,#3117),.UNSPECIFIED.,.F.,
  .F.,(2,2),(-45.9675,-14.3825),.PIECEWISE_BEZIER_KNOTS.);
#3116 = CARTESIAN_POINT('',(60.35,24.5));
#3117 = CARTESIAN_POINT('',(28.765,24.5));
#3118 = ( GEOMETRIC_REPRESENTATION_CONTEXT(2) 
PARAMETRIC_REPRESENTATION_CONTEXT() REPRESENTATION_CONTEXT('2D SPACE',''
  ) );
#3119 = ORIENTED_EDGE('',*,*,#3120,.T.);
#3120 = EDGE_CURVE('',#3100,#1336,#3121,.T.);
#3121 = SURFACE_CURVE('',#3122,(#3126,#3132),.PCURVE_S1.);
#3122 = LINE('',#3123,#3124);
#3123 = CARTESIAN_POINT('',(58.723610906923,24.5,-3.1));
#3124 = VECTOR('',#3125,1.);
#3125 = DIRECTION('',(0.,0.,1.));
#3126 = PCURVE('',#1380,#3127);
#3127 = DEFINITIONAL_REPRESENTATION('',(#3128),#3131);
#3128 = B_SPLINE_CURVE_WITH_KNOTS('',1,(#3129,#3130),.UNSPECIFIED.,.F.,
  .F.,(2,2),(9.99994E-02,3.1000006),.PIECEWISE_BEZIER_KNOTS.);
#3129 = CARTESIAN_POINT('',(29.958610906923,-9.99994E-02));
#3130 = CARTESIAN_POINT('',(29.958610906923,-3.1000006));
#3131 = ( GEOMETRIC_REPRESENTATION_CONTEXT(2) 
PARAMETRIC_REPRESENTATION_CONTEXT() REPRESENTATION_CONTEXT('2D SPACE',''
  ) );
#3132 = PCURVE('',#1352,#3133);
#3133 = DEFINITIONAL_REPRESENTATION('',(#3134),#3137);
#3134 = B_SPLINE_CURVE_WITH_KNOTS('',1,(#3135,#3136),.UNSPECIFIED.,.F.,
  .F.,(2,2),(9.99994E-02,3.1000006),.PIECEWISE_BEZIER_KNOTS.);
#3135 = CARTESIAN_POINT('',(0.105458525399,9.99994E-02));
#3136 = CARTESIAN_POINT('',(0.105458525399,3.1000006));
#3137 = ( GEOMETRIC_REPRESENTATION_CONTEXT(2) 
PARAMETRIC_REPRESENTATION_CONTEXT() REPRESENTATION_CONTEXT('2D SPACE',''
  ) );
#3138 = ORIENTED_EDGE('',*,*,#1364,.F.);
#3139 = ADVANCED_FACE('',(#3140),#978,.T.);
#3140 = FACE_BOUND('',#3141,.T.);
#3141 = EDGE_LOOP('',(#3142,#3165,#3187,#3188,#3189,#3210,#3239,#3258));
#3142 = ORIENTED_EDGE('',*,*,#3143,.F.);
#3143 = EDGE_CURVE('',#3144,#1024,#3146,.T.);
#3144 = VERTEX_POINT('',#3145);
#3145 = CARTESIAN_POINT('',(-54.,30.35,-3.));
#3146 = SURFACE_CURVE('',#3147,(#3151,#3158),.PCURVE_S1.);
#3147 = LINE('',#3148,#3149);
#3148 = CARTESIAN_POINT('',(-54.,30.35,-3.));
#3149 = VECTOR('',#3150,1.);
#3150 = DIRECTION('',(0.,0.,1.));
#3151 = PCURVE('',#978,#3152);
#3152 = DEFINITIONAL_REPRESENTATION('',(#3153),#3157);
#3153 = LINE('',#3154,#3155);
#3154 = CARTESIAN_POINT('',(0.,0.));
#3155 = VECTOR('',#3156,1.);
#3156 = DIRECTION('',(0.,1.));
#3157 = ( GEOMETRIC_REPRESENTATION_CONTEXT(2) 
PARAMETRIC_REPRESENTATION_CONTEXT() REPRESENTATION_CONTEXT('2D SPACE',''
  ) );
#3158 = PCURVE('',#1063,#3159);
#3159 = DEFINITIONAL_REPRESENTATION('',(#3160),#3164);
#3160 = LINE('',#3161,#3162);
#3161 = CARTESIAN_POINT('',(114.35,0.));
#3162 = VECTOR('',#3163,1.);
#3163 = DIRECTION('',(0.,-1.));
#3164 = ( GEOMETRIC_REPRESENTATION_CONTEXT(2) 
PARAMETRIC_REPRESENTATION_CONTEXT() REPRESENTATION_CONTEXT('2D SPACE',''
  ) );
#3165 = ORIENTED_EDGE('',*,*,#3166,.T.);
#3166 = EDGE_CURVE('',#3144,#3050,#3167,.T.);
#3167 = SURFACE_CURVE('',#3168,(#3173,#3180),.PCURVE_S1.);
#3168 = CIRCLE('',#3169,6.35);
#3169 = AXIS2_PLACEMENT_3D('',#3170,#3171,#3172);
#3170 = CARTESIAN_POINT('',(-54.,24.,-3.));
#3171 = DIRECTION('',(0.,0.,1.));
#3172 = DIRECTION('',(0.,-1.,0.));
#3173 = PCURVE('',#978,#3174);
#3174 = DEFINITIONAL_REPRESENTATION('',(#3175),#3179);
#3175 = LINE('',#3176,#3177);
#3176 = CARTESIAN_POINT('',(-3.14159265359,8.881784197001E-16));
#3177 = VECTOR('',#3178,1.);
#3178 = DIRECTION('',(1.,0.));
#3179 = ( GEOMETRIC_REPRESENTATION_CONTEXT(2) 
PARAMETRIC_REPRESENTATION_CONTEXT() REPRESENTATION_CONTEXT('2D SPACE',''
  ) );
#3180 = PCURVE('',#2471,#3181);
#3181 = DEFINITIONAL_REPRESENTATION('',(#3182),#3186);
#3182 = CIRCLE('',#3183,6.35);
#3183 = AXIS2_PLACEMENT_2D('',#3184,#3185);
#3184 = CARTESIAN_POINT('',(-54.,24.));
#3185 = DIRECTION('',(0.,-1.));
#3186 = ( GEOMETRIC_REPRESENTATION_CONTEXT(2) 
PARAMETRIC_REPRESENTATION_CONTEXT() REPRESENTATION_CONTEXT('2D SPACE',''
  ) );
#3187 = ORIENTED_EDGE('',*,*,#3072,.T.);
#3188 = ORIENTED_EDGE('',*,*,#961,.F.);
#3189 = ORIENTED_EDGE('',*,*,#3190,.F.);
#3190 = EDGE_CURVE('',#3191,#962,#3193,.T.);
#3191 = VERTEX_POINT('',#3192);
#3192 = CARTESIAN_POINT('',(-59.39586743405,27.347702889169,-0.1));
#3193 = SURFACE_CURVE('',#3194,(#3198,#3204),.PCURVE_S1.);
#3194 = LINE('',#3195,#3196);
#3195 = CARTESIAN_POINT('',(-59.39586743405,27.347702889169,-3.));
#3196 = VECTOR('',#3197,1.);
#3197 = DIRECTION('',(0.,0.,1.));
#3198 = PCURVE('',#978,#3199);
#3199 = DEFINITIONAL_REPRESENTATION('',(#3200),#3203);
#3200 = B_SPLINE_CURVE_WITH_KNOTS('',1,(#3201,#3202),.UNSPECIFIED.,.F.,
  .F.,(2,2),(2.8999994,3.0000006),.PIECEWISE_BEZIER_KNOTS.);
#3201 = CARTESIAN_POINT('',(1.015497434469,2.8999994));
#3202 = CARTESIAN_POINT('',(1.015497434469,3.0000006));
#3203 = ( GEOMETRIC_REPRESENTATION_CONTEXT(2) 
PARAMETRIC_REPRESENTATION_CONTEXT() REPRESENTATION_CONTEXT('2D SPACE',''
  ) );
#3204 = PCURVE('',#1011,#3205);
#3205 = DEFINITIONAL_REPRESENTATION('',(#3206),#3209);
#3206 = B_SPLINE_CURVE_WITH_KNOTS('',1,(#3207,#3208),.UNSPECIFIED.,.F.,
  .F.,(2,2),(2.8999994,3.0000006),.PIECEWISE_BEZIER_KNOTS.);
#3207 = CARTESIAN_POINT('',(-10.32374709047,5.999999999062E-07));
#3208 = CARTESIAN_POINT('',(-10.32374709047,-0.1000006));
#3209 = ( GEOMETRIC_REPRESENTATION_CONTEXT(2) 
PARAMETRIC_REPRESENTATION_CONTEXT() REPRESENTATION_CONTEXT('2D SPACE',''
  ) );
#3210 = ORIENTED_EDGE('',*,*,#3211,.F.);
#3211 = EDGE_CURVE('',#3212,#3191,#3214,.T.);
#3212 = VERTEX_POINT('',#3213);
#3213 = CARTESIAN_POINT('',(-57.10470018687,29.539254169074,-0.1));
#3214 = SURFACE_CURVE('',#3215,(#3220,#3227),.PCURVE_S1.);
#3215 = CIRCLE('',#3216,6.35);
#3216 = AXIS2_PLACEMENT_3D('',#3217,#3218,#3219);
#3217 = CARTESIAN_POINT('',(-54.,24.,-0.1));
#3218 = DIRECTION('',(0.,0.,1.));
#3219 = DIRECTION('',(-0.,1.,0.));
#3220 = PCURVE('',#978,#3221);
#3221 = DEFINITIONAL_REPRESENTATION('',(#3222),#3226);
#3222 = LINE('',#3223,#3224);
#3223 = CARTESIAN_POINT('',(0.,2.9));
#3224 = VECTOR('',#3225,1.);
#3225 = DIRECTION('',(1.,0.));
#3226 = ( GEOMETRIC_REPRESENTATION_CONTEXT(2) 
PARAMETRIC_REPRESENTATION_CONTEXT() REPRESENTATION_CONTEXT('2D SPACE',''
  ) );
#3227 = PCURVE('',#3228,#3233);
#3228 = PLANE('',#3229);
#3229 = AXIS2_PLACEMENT_3D('',#3230,#3231,#3232);
#3230 = CARTESIAN_POINT('',(-15.435,0.,-0.1));
#3231 = DIRECTION('',(0.,0.,1.));
#3232 = DIRECTION('',(1.,0.,-0.));
#3233 = DEFINITIONAL_REPRESENTATION('',(#3234),#3238);
#3234 = CIRCLE('',#3235,6.35);
#3235 = AXIS2_PLACEMENT_2D('',#3236,#3237);
#3236 = CARTESIAN_POINT('',(-38.565,24.));
#3237 = DIRECTION('',(0.,1.));
#3238 = ( GEOMETRIC_REPRESENTATION_CONTEXT(2) 
PARAMETRIC_REPRESENTATION_CONTEXT() REPRESENTATION_CONTEXT('2D SPACE',''
  ) );
#3239 = ORIENTED_EDGE('',*,*,#3240,.T.);
#3240 = EDGE_CURVE('',#3212,#991,#3241,.T.);
#3241 = SURFACE_CURVE('',#3242,(#3246,#3252),.PCURVE_S1.);
#3242 = LINE('',#3243,#3244);
#3243 = CARTESIAN_POINT('',(-57.10470018687,29.539254169074,-3.));
#3244 = VECTOR('',#3245,1.);
#3245 = DIRECTION('',(0.,0.,1.));
#3246 = PCURVE('',#978,#3247);
#3247 = DEFINITIONAL_REPRESENTATION('',(#3248),#3251);
#3248 = B_SPLINE_CURVE_WITH_KNOTS('',1,(#3249,#3250),.UNSPECIFIED.,.F.,
  .F.,(2,2),(2.8999994,3.0000006),.PIECEWISE_BEZIER_KNOTS.);
#3249 = CARTESIAN_POINT('',(0.510861761672,2.8999994));
#3250 = CARTESIAN_POINT('',(0.510861761672,3.0000006));
#3251 = ( GEOMETRIC_REPRESENTATION_CONTEXT(2) 
PARAMETRIC_REPRESENTATION_CONTEXT() REPRESENTATION_CONTEXT('2D SPACE',''
  ) );
#3252 = PCURVE('',#1011,#3253);
#3253 = DEFINITIONAL_REPRESENTATION('',(#3254),#3257);
#3254 = B_SPLINE_CURVE_WITH_KNOTS('',1,(#3255,#3256),.UNSPECIFIED.,.F.,
  .F.,(2,2),(2.8999994,3.0000006),.PIECEWISE_BEZIER_KNOTS.);
#3255 = CARTESIAN_POINT('',(-6.910575373619,5.999999999062E-07));
#3256 = CARTESIAN_POINT('',(-6.910575373619,-0.1000006));
#3257 = ( GEOMETRIC_REPRESENTATION_CONTEXT(2) 
PARAMETRIC_REPRESENTATION_CONTEXT() REPRESENTATION_CONTEXT('2D SPACE',''
  ) );
#3258 = ORIENTED_EDGE('',*,*,#1023,.F.);
#3259 = ADVANCED_FACE('',(#3260),#1352,.F.);
#3260 = FACE_BOUND('',#3261,.F.);
#3261 = EDGE_LOOP('',(#3262,#3285,#3307,#3308));
#3262 = ORIENTED_EDGE('',*,*,#3263,.F.);
#3263 = EDGE_CURVE('',#3264,#1309,#3266,.T.);
#3264 = VERTEX_POINT('',#3265);
#3265 = CARTESIAN_POINT('',(58.75,24.,-3.));
#3266 = SURFACE_CURVE('',#3267,(#3271,#3278),.PCURVE_S1.);
#3267 = LINE('',#3268,#3269);
#3268 = CARTESIAN_POINT('',(58.75,24.,-3.1));
#3269 = VECTOR('',#3270,1.);
#3270 = DIRECTION('',(0.,0.,1.));
#3271 = PCURVE('',#1352,#3272);
#3272 = DEFINITIONAL_REPRESENTATION('',(#3273),#3277);
#3273 = LINE('',#3274,#3275);
#3274 = CARTESIAN_POINT('',(0.,0.));
#3275 = VECTOR('',#3276,1.);
#3276 = DIRECTION('',(0.,1.));
#3277 = ( GEOMETRIC_REPRESENTATION_CONTEXT(2) 
PARAMETRIC_REPRESENTATION_CONTEXT() REPRESENTATION_CONTEXT('2D SPACE',''
  ) );
#3278 = PCURVE('',#1324,#3279);
#3279 = DEFINITIONAL_REPRESENTATION('',(#3280),#3284);
#3280 = LINE('',#3281,#3282);
#3281 = CARTESIAN_POINT('',(52.75,0.));
#3282 = VECTOR('',#3283,1.);
#3283 = DIRECTION('',(0.,-1.));
#3284 = ( GEOMETRIC_REPRESENTATION_CONTEXT(2) 
PARAMETRIC_REPRESENTATION_CONTEXT() REPRESENTATION_CONTEXT('2D SPACE',''
  ) );
#3285 = ORIENTED_EDGE('',*,*,#3286,.T.);
#3286 = EDGE_CURVE('',#3264,#3100,#3287,.T.);
#3287 = SURFACE_CURVE('',#3288,(#3293,#3300),.PCURVE_S1.);
#3288 = CIRCLE('',#3289,4.75);
#3289 = AXIS2_PLACEMENT_3D('',#3290,#3291,#3292);
#3290 = CARTESIAN_POINT('',(54.,24.,-3.));
#3291 = DIRECTION('',(0.,0.,1.));
#3292 = DIRECTION('',(1.,0.,-0.));
#3293 = PCURVE('',#1352,#3294);
#3294 = DEFINITIONAL_REPRESENTATION('',(#3295),#3299);
#3295 = LINE('',#3296,#3297);
#3296 = CARTESIAN_POINT('',(0.,0.1));
#3297 = VECTOR('',#3298,1.);
#3298 = DIRECTION('',(1.,0.));
#3299 = ( GEOMETRIC_REPRESENTATION_CONTEXT(2) 
PARAMETRIC_REPRESENTATION_CONTEXT() REPRESENTATION_CONTEXT('2D SPACE',''
  ) );
#3300 = PCURVE('',#2471,#3301);
#3301 = DEFINITIONAL_REPRESENTATION('',(#3302),#3306);
#3302 = CIRCLE('',#3303,4.75);
#3303 = AXIS2_PLACEMENT_2D('',#3304,#3305);
#3304 = CARTESIAN_POINT('',(54.,24.));
#3305 = DIRECTION('',(1.,0.));
#3306 = ( GEOMETRIC_REPRESENTATION_CONTEXT(2) 
PARAMETRIC_REPRESENTATION_CONTEXT() REPRESENTATION_CONTEXT('2D SPACE',''
  ) );
#3307 = ORIENTED_EDGE('',*,*,#3120,.T.);
#3308 = ORIENTED_EDGE('',*,*,#1335,.F.);
#3309 = ADVANCED_FACE('',(#3310),#1011,.F.);
#3310 = FACE_BOUND('',#3311,.T.);
#3311 = EDGE_LOOP('',(#3312,#3340,#3366,#3367,#3368,#3369,#3397,#3423,
    #3456,#3482,#3511,#3532));
#3312 = ORIENTED_EDGE('',*,*,#3313,.F.);
#3313 = EDGE_CURVE('',#3314,#3316,#3318,.T.);
#3314 = VERTEX_POINT('',#3315);
#3315 = CARTESIAN_POINT('',(-58.36843868323,27.000311316761,-0.1));
#3316 = VERTEX_POINT('',#3317);
#3317 = CARTESIAN_POINT('',(-58.36843868323,27.000311316761,3.4));
#3318 = SURFACE_CURVE('',#3319,(#3323,#3329),.PCURVE_S1.);
#3319 = LINE('',#3320,#3321);
#3320 = CARTESIAN_POINT('',(-58.36843868323,27.000311316761,-0.1));
#3321 = VECTOR('',#3322,1.);
#3322 = DIRECTION('',(0.,0.,1.));
#3323 = PCURVE('',#1011,#3324);
#3324 = DEFINITIONAL_REPRESENTATION('',(#3325),#3328);
#3325 = B_SPLINE_CURVE_WITH_KNOTS('',1,(#3326,#3327),.UNSPECIFIED.,.F.,
  .F.,(2,2),(0.,5.6),.PIECEWISE_BEZIER_KNOTS.);
#3326 = CARTESIAN_POINT('',(-11.01530139001,0.));
#3327 = CARTESIAN_POINT('',(-11.01530139001,-5.6));
#3328 = ( GEOMETRIC_REPRESENTATION_CONTEXT(2) 
PARAMETRIC_REPRESENTATION_CONTEXT() REPRESENTATION_CONTEXT('2D SPACE',''
  ) );
#3329 = PCURVE('',#3330,#3335);
#3330 = CYLINDRICAL_SURFACE('',#3331,2.5);
#3331 = AXIS2_PLACEMENT_3D('',#3332,#3333,#3334);
#3332 = CARTESIAN_POINT('',(-56.,26.2,-0.1));
#3333 = DIRECTION('',(0.,0.,1.));
#3334 = DIRECTION('',(-0.,1.,0.));
#3335 = DEFINITIONAL_REPRESENTATION('',(#3336),#3339);
#3336 = B_SPLINE_CURVE_WITH_KNOTS('',1,(#3337,#3338),.UNSPECIFIED.,.F.,
  .F.,(2,2),(-6.000000000034E-07,5.6000006),.PIECEWISE_BEZIER_KNOTS.);
#3337 = CARTESIAN_POINT('',(1.244935398543,-6.000000000034E-07));
#3338 = CARTESIAN_POINT('',(1.244935398543,5.6000006));
#3339 = ( GEOMETRIC_REPRESENTATION_CONTEXT(2) 
PARAMETRIC_REPRESENTATION_CONTEXT() REPRESENTATION_CONTEXT('2D SPACE',''
  ) );
#3340 = ORIENTED_EDGE('',*,*,#3341,.T.);
#3341 = EDGE_CURVE('',#3314,#3191,#3342,.T.);
#3342 = SURFACE_CURVE('',#3343,(#3348,#3355),.PCURVE_S1.);
#3343 = CIRCLE('',#3344,1.6);
#3344 = AXIS2_PLACEMENT_3D('',#3345,#3346,#3347);
#3345 = CARTESIAN_POINT('',(-58.4,28.6,-0.1));
#3346 = DIRECTION('',(0.,-0.,-1.));
#3347 = DIRECTION('',(1.972582297537E-02,-0.999805427025,0.));
#3348 = PCURVE('',#1011,#3349);
#3349 = DEFINITIONAL_REPRESENTATION('',(#3350),#3354);
#3350 = LINE('',#3351,#3352);
#3351 = CARTESIAN_POINT('',(-11.01530139001,0.));
#3352 = VECTOR('',#3353,1.);
#3353 = DIRECTION('',(1.,-0.));
#3354 = ( GEOMETRIC_REPRESENTATION_CONTEXT(2) 
PARAMETRIC_REPRESENTATION_CONTEXT() REPRESENTATION_CONTEXT('2D SPACE',''
  ) );
#3355 = PCURVE('',#3228,#3356);
#3356 = DEFINITIONAL_REPRESENTATION('',(#3357),#3365);
#3357 = ( BOUNDED_CURVE() B_SPLINE_CURVE(2,(#3358,#3359,#3360,#3361,
#3362,#3363,#3364),.UNSPECIFIED.,.T.,.F.) B_SPLINE_CURVE_WITH_KNOTS((1,2
    ,2,2,2,1),(-2.094395102393,0.,2.094395102393,4.188790204786,
6.28318530718,8.377580409573),.UNSPECIFIED.) CURVE() 
GEOMETRIC_REPRESENTATION_ITEM() RATIONAL_B_SPLINE_CURVE((1.,0.5,1.,0.5,
1.,0.5,1.)) REPRESENTATION_ITEM('') );
#3358 = CARTESIAN_POINT('',(-42.93343868323,27.000311316761));
#3359 = CARTESIAN_POINT('',(-45.7041807589,26.945645512577));
#3360 = CARTESIAN_POINT('',(-44.36615169621,29.372511439528));
#3361 = CARTESIAN_POINT('',(-43.02812263352,31.799377366479));
#3362 = CARTESIAN_POINT('',(-41.59540962054,29.427177243711));
#3363 = CARTESIAN_POINT('',(-40.16269660757,27.054977120944));
#3364 = CARTESIAN_POINT('',(-42.93343868323,27.000311316761));
#3365 = ( GEOMETRIC_REPRESENTATION_CONTEXT(2) 
PARAMETRIC_REPRESENTATION_CONTEXT() REPRESENTATION_CONTEXT('2D SPACE',''
  ) );
#3366 = ORIENTED_EDGE('',*,*,#3190,.T.);
#3367 = ORIENTED_EDGE('',*,*,#990,.T.);
#3368 = ORIENTED_EDGE('',*,*,#3240,.F.);
#3369 = ORIENTED_EDGE('',*,*,#3370,.T.);
#3370 = EDGE_CURVE('',#3212,#3371,#3373,.T.);
#3371 = VERTEX_POINT('',#3372);
#3372 = CARTESIAN_POINT('',(-56.80031131676,28.568438683239,-0.1));
#3373 = SURFACE_CURVE('',#3374,(#3379,#3386),.PCURVE_S1.);
#3374 = CIRCLE('',#3375,1.6);
#3375 = AXIS2_PLACEMENT_3D('',#3376,#3377,#3378);
#3376 = CARTESIAN_POINT('',(-58.4,28.6,-0.1));
#3377 = DIRECTION('',(0.,-0.,-1.));
#3378 = DIRECTION('',(1.972582297537E-02,-0.999805427025,0.));
#3379 = PCURVE('',#1011,#3380);
#3380 = DEFINITIONAL_REPRESENTATION('',(#3381),#3385);
#3381 = LINE('',#3382,#3383);
#3382 = CARTESIAN_POINT('',(-11.01530139001,0.));
#3383 = VECTOR('',#3384,1.);
#3384 = DIRECTION('',(1.,-0.));
#3385 = ( GEOMETRIC_REPRESENTATION_CONTEXT(2) 
PARAMETRIC_REPRESENTATION_CONTEXT() REPRESENTATION_CONTEXT('2D SPACE',''
  ) );
#3386 = PCURVE('',#3228,#3387);
#3387 = DEFINITIONAL_REPRESENTATION('',(#3388),#3396);
#3388 = ( BOUNDED_CURVE() B_SPLINE_CURVE(2,(#3389,#3390,#3391,#3392,
#3393,#3394,#3395),.UNSPECIFIED.,.T.,.F.) B_SPLINE_CURVE_WITH_KNOTS((1,2
    ,2,2,2,1),(-2.094395102393,0.,2.094395102393,4.188790204786,
6.28318530718,8.377580409573),.UNSPECIFIED.) CURVE() 
GEOMETRIC_REPRESENTATION_ITEM() RATIONAL_B_SPLINE_CURVE((1.,0.5,1.,0.5,
1.,0.5,1.)) REPRESENTATION_ITEM('') );
#3389 = CARTESIAN_POINT('',(-42.93343868323,27.000311316761));
#3390 = CARTESIAN_POINT('',(-45.7041807589,26.945645512577));
#3391 = CARTESIAN_POINT('',(-44.36615169621,29.372511439528));
#3392 = CARTESIAN_POINT('',(-43.02812263352,31.799377366479));
#3393 = CARTESIAN_POINT('',(-41.59540962054,29.427177243711));
#3394 = CARTESIAN_POINT('',(-40.16269660757,27.054977120944));
#3395 = CARTESIAN_POINT('',(-42.93343868323,27.000311316761));
#3396 = ( GEOMETRIC_REPRESENTATION_CONTEXT(2) 
PARAMETRIC_REPRESENTATION_CONTEXT() REPRESENTATION_CONTEXT('2D SPACE',''
  ) );
#3397 = ORIENTED_EDGE('',*,*,#3398,.T.);
#3398 = EDGE_CURVE('',#3371,#3399,#3401,.T.);
#3399 = VERTEX_POINT('',#3400);
#3400 = CARTESIAN_POINT('',(-56.80031131676,28.568438683239,3.4));
#3401 = SURFACE_CURVE('',#3402,(#3406,#3412),.PCURVE_S1.);
#3402 = LINE('',#3403,#3404);
#3403 = CARTESIAN_POINT('',(-56.80031131676,28.568438683239,-0.1));
#3404 = VECTOR('',#3405,1.);
#3405 = DIRECTION('',(0.,0.,1.));
#3406 = PCURVE('',#1011,#3407);
#3407 = DEFINITIONAL_REPRESENTATION('',(#3408),#3411);
#3408 = B_SPLINE_CURVE_WITH_KNOTS('',1,(#3409,#3410),.UNSPECIFIED.,.F.,
  .F.,(2,2),(0.,5.6),.PIECEWISE_BEZIER_KNOTS.);
#3409 = CARTESIAN_POINT('',(-6.263458204734,0.));
#3410 = CARTESIAN_POINT('',(-6.263458204734,-5.6));
#3411 = ( GEOMETRIC_REPRESENTATION_CONTEXT(2) 
PARAMETRIC_REPRESENTATION_CONTEXT() REPRESENTATION_CONTEXT('2D SPACE',''
  ) );
#3412 = PCURVE('',#3413,#3418);
#3413 = CYLINDRICAL_SURFACE('',#3414,2.5);
#3414 = AXIS2_PLACEMENT_3D('',#3415,#3416,#3417);
#3415 = CARTESIAN_POINT('',(-56.,26.2,-0.1));
#3416 = DIRECTION('',(0.,0.,1.));
#3417 = DIRECTION('',(-0.,1.,0.));
#3418 = DEFINITIONAL_REPRESENTATION('',(#3419),#3422);
#3419 = B_SPLINE_CURVE_WITH_KNOTS('',1,(#3420,#3421),.UNSPECIFIED.,.F.,
  .F.,(2,2),(-6.000000000034E-07,5.6000006),.PIECEWISE_BEZIER_KNOTS.);
#3420 = CARTESIAN_POINT('',(0.325860928252,-6.000000000034E-07));
#3421 = CARTESIAN_POINT('',(0.325860928252,5.6000006));
#3422 = ( GEOMETRIC_REPRESENTATION_CONTEXT(2) 
PARAMETRIC_REPRESENTATION_CONTEXT() REPRESENTATION_CONTEXT('2D SPACE',''
  ) );
#3423 = ORIENTED_EDGE('',*,*,#3424,.F.);
#3424 = EDGE_CURVE('',#3425,#3399,#3427,.T.);
#3425 = VERTEX_POINT('',#3426);
#3426 = CARTESIAN_POINT('',(-56.80675423291,28.746860224917,3.4));
#3427 = SURFACE_CURVE('',#3428,(#3433,#3440),.PCURVE_S1.);
#3428 = CIRCLE('',#3429,1.6);
#3429 = AXIS2_PLACEMENT_3D('',#3430,#3431,#3432);
#3430 = CARTESIAN_POINT('',(-58.4,28.6,3.4));
#3431 = DIRECTION('',(0.,0.,-1.));
#3432 = DIRECTION('',(1.,0.,0.));
#3433 = PCURVE('',#1011,#3434);
#3434 = DEFINITIONAL_REPRESENTATION('',(#3435),#3439);
#3435 = LINE('',#3436,#3437);
#3436 = CARTESIAN_POINT('',(-12.56637061435,-3.5));
#3437 = VECTOR('',#3438,1.);
#3438 = DIRECTION('',(1.,-0.));
#3439 = ( GEOMETRIC_REPRESENTATION_CONTEXT(2) 
PARAMETRIC_REPRESENTATION_CONTEXT() REPRESENTATION_CONTEXT('2D SPACE',''
  ) );
#3440 = PCURVE('',#3441,#3446);
#3441 = PLANE('',#3442);
#3442 = AXIS2_PLACEMENT_3D('',#3443,#3444,#3445);
#3443 = CARTESIAN_POINT('',(-54.25,24.45,3.4));
#3444 = DIRECTION('',(0.,0.,1.));
#3445 = DIRECTION('',(1.,0.,-0.));
#3446 = DEFINITIONAL_REPRESENTATION('',(#3447),#3455);
#3447 = ( BOUNDED_CURVE() B_SPLINE_CURVE(2,(#3448,#3449,#3450,#3451,
#3452,#3453,#3454),.UNSPECIFIED.,.T.,.F.) B_SPLINE_CURVE_WITH_KNOTS((1,2
    ,2,2,2,1),(-2.094395102393,0.,2.094395102393,4.188790204786,
6.28318530718,8.377580409573),.UNSPECIFIED.) CURVE() 
GEOMETRIC_REPRESENTATION_ITEM() RATIONAL_B_SPLINE_CURVE((1.,0.5,1.,0.5,
1.,0.5,1.)) REPRESENTATION_ITEM('') );
#3448 = CARTESIAN_POINT('',(-2.55,4.15));
#3449 = CARTESIAN_POINT('',(-2.55,1.37871870789));
#3450 = CARTESIAN_POINT('',(-4.95,2.764359353945));
#3451 = CARTESIAN_POINT('',(-7.35,4.15));
#3452 = CARTESIAN_POINT('',(-4.95,5.535640646055));
#3453 = CARTESIAN_POINT('',(-2.55,6.92128129211));
#3454 = CARTESIAN_POINT('',(-2.55,4.15));
#3455 = ( GEOMETRIC_REPRESENTATION_CONTEXT(2) 
PARAMETRIC_REPRESENTATION_CONTEXT() REPRESENTATION_CONTEXT('2D SPACE',''
  ) );
#3456 = ORIENTED_EDGE('',*,*,#3457,.F.);
#3457 = EDGE_CURVE('',#3458,#3425,#3460,.T.);
#3458 = VERTEX_POINT('',#3459);
#3459 = CARTESIAN_POINT('',(-56.80675423291,28.746860224917,5.5));
#3460 = SURFACE_CURVE('',#3461,(#3465,#3471),.PCURVE_S1.);
#3461 = LINE('',#3462,#3463);
#3462 = CARTESIAN_POINT('',(-56.80675423291,28.746860224917,-0.1));
#3463 = VECTOR('',#3464,1.);
#3464 = DIRECTION('',(-0.,-0.,-1.));
#3465 = PCURVE('',#1011,#3466);
#3466 = DEFINITIONAL_REPRESENTATION('',(#3467),#3470);
#3467 = B_SPLINE_CURVE_WITH_KNOTS('',1,(#3468,#3469),.UNSPECIFIED.,.F.,
  .F.,(2,2),(-5.6000006,-3.4999994),.PIECEWISE_BEZIER_KNOTS.);
#3468 = CARTESIAN_POINT('',(-6.375102323551,-5.6000006));
#3469 = CARTESIAN_POINT('',(-6.375102323551,-3.4999994));
#3470 = ( GEOMETRIC_REPRESENTATION_CONTEXT(2) 
PARAMETRIC_REPRESENTATION_CONTEXT() REPRESENTATION_CONTEXT('2D SPACE',''
  ) );
#3471 = PCURVE('',#3472,#3477);
#3472 = CYLINDRICAL_SURFACE('',#3473,5.);
#3473 = AXIS2_PLACEMENT_3D('',#3474,#3475,#3476);
#3474 = CARTESIAN_POINT('',(-54.25,24.45,3.4));
#3475 = DIRECTION('',(-0.,-0.,-1.));
#3476 = DIRECTION('',(1.,0.,0.));
#3477 = DEFINITIONAL_REPRESENTATION('',(#3478),#3481);
#3478 = B_SPLINE_CURVE_WITH_KNOTS('',1,(#3479,#3480),.UNSPECIFIED.,.F.,
  .F.,(2,2),(-5.6000006,-3.4999994),.PIECEWISE_BEZIER_KNOTS.);
#3479 = CARTESIAN_POINT('',(-2.107552282895,-2.1000006));
#3480 = CARTESIAN_POINT('',(-2.107552282895,5.999999999062E-07));
#3481 = ( GEOMETRIC_REPRESENTATION_CONTEXT(2) 
PARAMETRIC_REPRESENTATION_CONTEXT() REPRESENTATION_CONTEXT('2D SPACE',''
  ) );
#3482 = ORIENTED_EDGE('',*,*,#3483,.T.);
#3483 = EDGE_CURVE('',#3458,#3484,#3486,.T.);
#3484 = VERTEX_POINT('',#3485);
#3485 = CARTESIAN_POINT('',(-58.54686022491,27.006754232914,5.5));
#3486 = SURFACE_CURVE('',#3487,(#3492,#3499),.PCURVE_S1.);
#3487 = CIRCLE('',#3488,1.6);
#3488 = AXIS2_PLACEMENT_3D('',#3489,#3490,#3491);
#3489 = CARTESIAN_POINT('',(-58.4,28.6,5.5));
#3490 = DIRECTION('',(-0.,0.,1.));
#3491 = DIRECTION('',(0.999805427025,-1.972582297537E-02,0.));
#3492 = PCURVE('',#1011,#3493);
#3493 = DEFINITIONAL_REPRESENTATION('',(#3494),#3498);
#3494 = LINE('',#3495,#3496);
#3495 = CARTESIAN_POINT('',(-6.263458204734,-5.6));
#3496 = VECTOR('',#3497,1.);
#3497 = DIRECTION('',(-1.,0.));
#3498 = ( GEOMETRIC_REPRESENTATION_CONTEXT(2) 
PARAMETRIC_REPRESENTATION_CONTEXT() REPRESENTATION_CONTEXT('2D SPACE',''
  ) );
#3499 = PCURVE('',#3500,#3505);
#3500 = PLANE('',#3501);
#3501 = AXIS2_PLACEMENT_3D('',#3502,#3503,#3504);
#3502 = CARTESIAN_POINT('',(-15.435,0.,5.5));
#3503 = DIRECTION('',(0.,0.,1.));
#3504 = DIRECTION('',(1.,0.,-0.));
#3505 = DEFINITIONAL_REPRESENTATION('',(#3506),#3510);
#3506 = CIRCLE('',#3507,1.6);
#3507 = AXIS2_PLACEMENT_2D('',#3508,#3509);
#3508 = CARTESIAN_POINT('',(-42.965,28.6));
#3509 = DIRECTION('',(0.999805427025,-1.972582297537E-02));
#3510 = ( GEOMETRIC_REPRESENTATION_CONTEXT(2) 
PARAMETRIC_REPRESENTATION_CONTEXT() REPRESENTATION_CONTEXT('2D SPACE',''
  ) );
#3511 = ORIENTED_EDGE('',*,*,#3512,.T.);
#3512 = EDGE_CURVE('',#3484,#3513,#3515,.T.);
#3513 = VERTEX_POINT('',#3514);
#3514 = CARTESIAN_POINT('',(-58.54686022491,27.006754232914,3.4));
#3515 = SURFACE_CURVE('',#3516,(#3520,#3526),.PCURVE_S1.);
#3516 = LINE('',#3517,#3518);
#3517 = CARTESIAN_POINT('',(-58.54686022491,27.006754232914,-0.1));
#3518 = VECTOR('',#3519,1.);
#3519 = DIRECTION('',(-0.,-0.,-1.));
#3520 = PCURVE('',#1011,#3521);
#3521 = DEFINITIONAL_REPRESENTATION('',(#3522),#3525);
#3522 = B_SPLINE_CURVE_WITH_KNOTS('',1,(#3523,#3524),.UNSPECIFIED.,.F.,
  .F.,(2,2),(-5.6000006,-3.4999994),.PIECEWISE_BEZIER_KNOTS.);
#3523 = CARTESIAN_POINT('',(-10.90365727119,-5.6000006));
#3524 = CARTESIAN_POINT('',(-10.90365727119,-3.4999994));
#3525 = ( GEOMETRIC_REPRESENTATION_CONTEXT(2) 
PARAMETRIC_REPRESENTATION_CONTEXT() REPRESENTATION_CONTEXT('2D SPACE',''
  ) );
#3526 = PCURVE('',#3472,#3527);
#3527 = DEFINITIONAL_REPRESENTATION('',(#3528),#3531);
#3528 = B_SPLINE_CURVE_WITH_KNOTS('',1,(#3529,#3530),.UNSPECIFIED.,.F.,
  .F.,(2,2),(-5.6000006,-3.4999994),.PIECEWISE_BEZIER_KNOTS.);
#3529 = CARTESIAN_POINT('',(-2.604836697489,-2.1000006));
#3530 = CARTESIAN_POINT('',(-2.604836697489,5.999999999062E-07));
#3531 = ( GEOMETRIC_REPRESENTATION_CONTEXT(2) 
PARAMETRIC_REPRESENTATION_CONTEXT() REPRESENTATION_CONTEXT('2D SPACE',''
  ) );
#3532 = ORIENTED_EDGE('',*,*,#3533,.F.);
#3533 = EDGE_CURVE('',#3316,#3513,#3534,.T.);
#3534 = SURFACE_CURVE('',#3535,(#3540,#3547),.PCURVE_S1.);
#3535 = CIRCLE('',#3536,1.6);
#3536 = AXIS2_PLACEMENT_3D('',#3537,#3538,#3539);
#3537 = CARTESIAN_POINT('',(-58.4,28.6,3.4));
#3538 = DIRECTION('',(0.,0.,-1.));
#3539 = DIRECTION('',(1.,0.,0.));
#3540 = PCURVE('',#1011,#3541);
#3541 = DEFINITIONAL_REPRESENTATION('',(#3542),#3546);
#3542 = LINE('',#3543,#3544);
#3543 = CARTESIAN_POINT('',(-12.56637061435,-3.5));
#3544 = VECTOR('',#3545,1.);
#3545 = DIRECTION('',(1.,-0.));
#3546 = ( GEOMETRIC_REPRESENTATION_CONTEXT(2) 
PARAMETRIC_REPRESENTATION_CONTEXT() REPRESENTATION_CONTEXT('2D SPACE',''
  ) );
#3547 = PCURVE('',#3441,#3548);
#3548 = DEFINITIONAL_REPRESENTATION('',(#3549),#3557);
#3549 = ( BOUNDED_CURVE() B_SPLINE_CURVE(2,(#3550,#3551,#3552,#3553,
#3554,#3555,#3556),.UNSPECIFIED.,.T.,.F.) B_SPLINE_CURVE_WITH_KNOTS((1,2
    ,2,2,2,1),(-2.094395102393,0.,2.094395102393,4.188790204786,
6.28318530718,8.377580409573),.UNSPECIFIED.) CURVE() 
GEOMETRIC_REPRESENTATION_ITEM() RATIONAL_B_SPLINE_CURVE((1.,0.5,1.,0.5,
1.,0.5,1.)) REPRESENTATION_ITEM('') );
#3550 = CARTESIAN_POINT('',(-2.55,4.15));
#3551 = CARTESIAN_POINT('',(-2.55,1.37871870789));
#3552 = CARTESIAN_POINT('',(-4.95,2.764359353945));
#3553 = CARTESIAN_POINT('',(-7.35,4.15));
#3554 = CARTESIAN_POINT('',(-4.95,5.535640646055));
#3555 = CARTESIAN_POINT('',(-2.55,6.92128129211));
#3556 = CARTESIAN_POINT('',(-2.55,4.15));
#3557 = ( GEOMETRIC_REPRESENTATION_CONTEXT(2) 
PARAMETRIC_REPRESENTATION_CONTEXT() REPRESENTATION_CONTEXT('2D SPACE',''
  ) );
#3558 = ADVANCED_FACE('',(#3559),#1324,.T.);
#3559 = FACE_BOUND('',#3560,.T.);
#3560 = EDGE_LOOP('',(#3561,#3582,#3603,#3604));
#3561 = ORIENTED_EDGE('',*,*,#3562,.T.);
#3562 = EDGE_CURVE('',#3264,#3563,#3565,.T.);
#3563 = VERTEX_POINT('',#3564);
#3564 = CARTESIAN_POINT('',(58.75,-24.,-3.));
#3565 = SURFACE_CURVE('',#3566,(#3570,#3576),.PCURVE_S1.);
#3566 = LINE('',#3567,#3568);
#3567 = CARTESIAN_POINT('',(58.75,-14.375,-3.));
#3568 = VECTOR('',#3569,1.);
#3569 = DIRECTION('',(0.,-1.,0.));
#3570 = PCURVE('',#1324,#3571);
#3571 = DEFINITIONAL_REPRESENTATION('',(#3572),#3575);
#3572 = B_SPLINE_CURVE_WITH_KNOTS('',1,(#3573,#3574),.UNSPECIFIED.,.F.,
  .F.,(2,2),(-38.375,9.625),.PIECEWISE_BEZIER_KNOTS.);
#3573 = CARTESIAN_POINT('',(52.75,-0.1));
#3574 = CARTESIAN_POINT('',(4.75,-0.1));
#3575 = ( GEOMETRIC_REPRESENTATION_CONTEXT(2) 
PARAMETRIC_REPRESENTATION_CONTEXT() REPRESENTATION_CONTEXT('2D SPACE',''
  ) );
#3576 = PCURVE('',#2471,#3577);
#3577 = DEFINITIONAL_REPRESENTATION('',(#3578),#3581);
#3578 = B_SPLINE_CURVE_WITH_KNOTS('',1,(#3579,#3580),.UNSPECIFIED.,.F.,
  .F.,(2,2),(-38.375,9.625),.PIECEWISE_BEZIER_KNOTS.);
#3579 = CARTESIAN_POINT('',(58.75,24.));
#3580 = CARTESIAN_POINT('',(58.75,-24.));
#3581 = ( GEOMETRIC_REPRESENTATION_CONTEXT(2) 
PARAMETRIC_REPRESENTATION_CONTEXT() REPRESENTATION_CONTEXT('2D SPACE',''
  ) );
#3582 = ORIENTED_EDGE('',*,*,#3583,.T.);
#3583 = EDGE_CURVE('',#3563,#1280,#3584,.T.);
#3584 = SURFACE_CURVE('',#3585,(#3589,#3596),.PCURVE_S1.);
#3585 = LINE('',#3586,#3587);
#3586 = CARTESIAN_POINT('',(58.75,-24.,-3.1));
#3587 = VECTOR('',#3588,1.);
#3588 = DIRECTION('',(0.,0.,1.));
#3589 = PCURVE('',#1324,#3590);
#3590 = DEFINITIONAL_REPRESENTATION('',(#3591),#3595);
#3591 = LINE('',#3592,#3593);
#3592 = CARTESIAN_POINT('',(4.75,0.));
#3593 = VECTOR('',#3594,1.);
#3594 = DIRECTION('',(0.,-1.));
#3595 = ( GEOMETRIC_REPRESENTATION_CONTEXT(2) 
PARAMETRIC_REPRESENTATION_CONTEXT() REPRESENTATION_CONTEXT('2D SPACE',''
  ) );
#3596 = PCURVE('',#1296,#3597);
#3597 = DEFINITIONAL_REPRESENTATION('',(#3598),#3602);
#3598 = LINE('',#3599,#3600);
#3599 = CARTESIAN_POINT('',(1.570796326795,0.));
#3600 = VECTOR('',#3601,1.);
#3601 = DIRECTION('',(0.,1.));
#3602 = ( GEOMETRIC_REPRESENTATION_CONTEXT(2) 
PARAMETRIC_REPRESENTATION_CONTEXT() REPRESENTATION_CONTEXT('2D SPACE',''
  ) );
#3603 = ORIENTED_EDGE('',*,*,#1308,.F.);
#3604 = ORIENTED_EDGE('',*,*,#3263,.F.);
#3605 = ADVANCED_FACE('',(#3606),#1296,.F.);
#3606 = FACE_BOUND('',#3607,.F.);
#3607 = EDGE_LOOP('',(#3608,#3631,#3653,#3654));
#3608 = ORIENTED_EDGE('',*,*,#3609,.F.);
#3609 = EDGE_CURVE('',#3610,#1253,#3612,.T.);
#3610 = VERTEX_POINT('',#3611);
#3611 = CARTESIAN_POINT('',(54.,-28.75,-3.));
#3612 = SURFACE_CURVE('',#3613,(#3617,#3624),.PCURVE_S1.);
#3613 = LINE('',#3614,#3615);
#3614 = CARTESIAN_POINT('',(54.,-28.75,-3.1));
#3615 = VECTOR('',#3616,1.);
#3616 = DIRECTION('',(0.,0.,1.));
#3617 = PCURVE('',#1296,#3618);
#3618 = DEFINITIONAL_REPRESENTATION('',(#3619),#3623);
#3619 = LINE('',#3620,#3621);
#3620 = CARTESIAN_POINT('',(0.,0.));
#3621 = VECTOR('',#3622,1.);
#3622 = DIRECTION('',(0.,1.));
#3623 = ( GEOMETRIC_REPRESENTATION_CONTEXT(2) 
PARAMETRIC_REPRESENTATION_CONTEXT() REPRESENTATION_CONTEXT('2D SPACE',''
  ) );
#3624 = PCURVE('',#1268,#3625);
#3625 = DEFINITIONAL_REPRESENTATION('',(#3626),#3630);
#3626 = LINE('',#3627,#3628);
#3627 = CARTESIAN_POINT('',(112.75,0.));
#3628 = VECTOR('',#3629,1.);
#3629 = DIRECTION('',(0.,-1.));
#3630 = ( GEOMETRIC_REPRESENTATION_CONTEXT(2) 
PARAMETRIC_REPRESENTATION_CONTEXT() REPRESENTATION_CONTEXT('2D SPACE',''
  ) );
#3631 = ORIENTED_EDGE('',*,*,#3632,.T.);
#3632 = EDGE_CURVE('',#3610,#3563,#3633,.T.);
#3633 = SURFACE_CURVE('',#3634,(#3639,#3646),.PCURVE_S1.);
#3634 = CIRCLE('',#3635,4.75);
#3635 = AXIS2_PLACEMENT_3D('',#3636,#3637,#3638);
#3636 = CARTESIAN_POINT('',(54.,-24.,-3.));
#3637 = DIRECTION('',(0.,0.,1.));
#3638 = DIRECTION('',(0.,-1.,0.));
#3639 = PCURVE('',#1296,#3640);
#3640 = DEFINITIONAL_REPRESENTATION('',(#3641),#3645);
#3641 = LINE('',#3642,#3643);
#3642 = CARTESIAN_POINT('',(0.,0.1));
#3643 = VECTOR('',#3644,1.);
#3644 = DIRECTION('',(1.,0.));
#3645 = ( GEOMETRIC_REPRESENTATION_CONTEXT(2) 
PARAMETRIC_REPRESENTATION_CONTEXT() REPRESENTATION_CONTEXT('2D SPACE',''
  ) );
#3646 = PCURVE('',#2471,#3647);
#3647 = DEFINITIONAL_REPRESENTATION('',(#3648),#3652);
#3648 = CIRCLE('',#3649,4.75);
#3649 = AXIS2_PLACEMENT_2D('',#3650,#3651);
#3650 = CARTESIAN_POINT('',(54.,-24.));
#3651 = DIRECTION('',(0.,-1.));
#3652 = ( GEOMETRIC_REPRESENTATION_CONTEXT(2) 
PARAMETRIC_REPRESENTATION_CONTEXT() REPRESENTATION_CONTEXT('2D SPACE',''
  ) );
#3653 = ORIENTED_EDGE('',*,*,#3583,.T.);
#3654 = ORIENTED_EDGE('',*,*,#1279,.F.);
#3655 = ADVANCED_FACE('',(#3656),#1063,.F.);
#3656 = FACE_BOUND('',#3657,.F.);
#3657 = EDGE_LOOP('',(#3658,#3681,#3700,#3701));
#3658 = ORIENTED_EDGE('',*,*,#3659,.F.);
#3659 = EDGE_CURVE('',#3660,#3144,#3662,.T.);
#3660 = VERTEX_POINT('',#3661);
#3661 = CARTESIAN_POINT('',(28.765,30.35,-3.));
#3662 = SURFACE_CURVE('',#3663,(#3667,#3674),.PCURVE_S1.);
#3663 = LINE('',#3664,#3665);
#3664 = CARTESIAN_POINT('',(60.35,30.35,-3.));
#3665 = VECTOR('',#3666,1.);
#3666 = DIRECTION('',(-1.,0.,0.));
#3667 = PCURVE('',#1063,#3668);
#3668 = DEFINITIONAL_REPRESENTATION('',(#3669),#3673);
#3669 = LINE('',#3670,#3671);
#3670 = CARTESIAN_POINT('',(0.,-0.));
#3671 = VECTOR('',#3672,1.);
#3672 = DIRECTION('',(1.,0.));
#3673 = ( GEOMETRIC_REPRESENTATION_CONTEXT(2) 
PARAMETRIC_REPRESENTATION_CONTEXT() REPRESENTATION_CONTEXT('2D SPACE',''
  ) );
#3674 = PCURVE('',#2471,#3675);
#3675 = DEFINITIONAL_REPRESENTATION('',(#3676),#3680);
#3676 = LINE('',#3677,#3678);
#3677 = CARTESIAN_POINT('',(60.35,30.35));
#3678 = VECTOR('',#3679,1.);
#3679 = DIRECTION('',(-1.,0.));
#3680 = ( GEOMETRIC_REPRESENTATION_CONTEXT(2) 
PARAMETRIC_REPRESENTATION_CONTEXT() REPRESENTATION_CONTEXT('2D SPACE',''
  ) );
#3681 = ORIENTED_EDGE('',*,*,#3682,.T.);
#3682 = EDGE_CURVE('',#3660,#1048,#3683,.T.);
#3683 = SURFACE_CURVE('',#3684,(#3688,#3694),.PCURVE_S1.);
#3684 = LINE('',#3685,#3686);
#3685 = CARTESIAN_POINT('',(28.765,30.35,-3.05));
#3686 = VECTOR('',#3687,1.);
#3687 = DIRECTION('',(0.,0.,1.));
#3688 = PCURVE('',#1063,#3689);
#3689 = DEFINITIONAL_REPRESENTATION('',(#3690),#3693);
#3690 = B_SPLINE_CURVE_WITH_KNOTS('',1,(#3691,#3692),.UNSPECIFIED.,.F.,
  .F.,(2,2),(5.E-02,3.05),.PIECEWISE_BEZIER_KNOTS.);
#3691 = CARTESIAN_POINT('',(31.585,0.));
#3692 = CARTESIAN_POINT('',(31.585,-3.));
#3693 = ( GEOMETRIC_REPRESENTATION_CONTEXT(2) 
PARAMETRIC_REPRESENTATION_CONTEXT() REPRESENTATION_CONTEXT('2D SPACE',''
  ) );
#3694 = PCURVE('',#1091,#3695);
#3695 = DEFINITIONAL_REPRESENTATION('',(#3696),#3699);
#3696 = B_SPLINE_CURVE_WITH_KNOTS('',1,(#3697,#3698),.UNSPECIFIED.,.F.,
  .F.,(2,2),(5.E-02,3.05),.PIECEWISE_BEZIER_KNOTS.);
#3697 = CARTESIAN_POINT('',(2.15,-0.1));
#3698 = CARTESIAN_POINT('',(2.15,-3.1));
#3699 = ( GEOMETRIC_REPRESENTATION_CONTEXT(2) 
PARAMETRIC_REPRESENTATION_CONTEXT() REPRESENTATION_CONTEXT('2D SPACE',''
  ) );
#3700 = ORIENTED_EDGE('',*,*,#1047,.T.);
#3701 = ORIENTED_EDGE('',*,*,#3143,.F.);
#3702 = ADVANCED_FACE('',(#3703),#1268,.T.);
#3703 = FACE_BOUND('',#3704,.T.);
#3704 = EDGE_LOOP('',(#3705,#3706,#3727,#3755,#3782,#3803,#3829,#3848));
#3705 = ORIENTED_EDGE('',*,*,#3609,.F.);
#3706 = ORIENTED_EDGE('',*,*,#3707,.T.);
#3707 = EDGE_CURVE('',#3610,#3708,#3710,.T.);
#3708 = VERTEX_POINT('',#3709);
#3709 = CARTESIAN_POINT('',(-54.,-28.75,-3.));
#3710 = SURFACE_CURVE('',#3711,(#3715,#3721),.PCURVE_S1.);
#3711 = LINE('',#3712,#3713);
#3712 = CARTESIAN_POINT('',(-29.375,-28.75,-3.));
#3713 = VECTOR('',#3714,1.);
#3714 = DIRECTION('',(-1.,0.,0.));
#3715 = PCURVE('',#1268,#3716);
#3716 = DEFINITIONAL_REPRESENTATION('',(#3717),#3720);
#3717 = B_SPLINE_CURVE_WITH_KNOTS('',1,(#3718,#3719),.UNSPECIFIED.,.F.,
  .F.,(2,2),(-83.375,24.625),.PIECEWISE_BEZIER_KNOTS.);
#3718 = CARTESIAN_POINT('',(112.75,-0.1));
#3719 = CARTESIAN_POINT('',(4.75,-0.1));
#3720 = ( GEOMETRIC_REPRESENTATION_CONTEXT(2) 
PARAMETRIC_REPRESENTATION_CONTEXT() REPRESENTATION_CONTEXT('2D SPACE',''
  ) );
#3721 = PCURVE('',#2471,#3722);
#3722 = DEFINITIONAL_REPRESENTATION('',(#3723),#3726);
#3723 = B_SPLINE_CURVE_WITH_KNOTS('',1,(#3724,#3725),.UNSPECIFIED.,.F.,
  .F.,(2,2),(-83.375,24.625),.PIECEWISE_BEZIER_KNOTS.);
#3724 = CARTESIAN_POINT('',(54.,-28.75));
#3725 = CARTESIAN_POINT('',(-54.,-28.75));
#3726 = ( GEOMETRIC_REPRESENTATION_CONTEXT(2) 
PARAMETRIC_REPRESENTATION_CONTEXT() REPRESENTATION_CONTEXT('2D SPACE',''
  ) );
#3727 = ORIENTED_EDGE('',*,*,#3728,.T.);
#3728 = EDGE_CURVE('',#3708,#3729,#3731,.T.);
#3729 = VERTEX_POINT('',#3730);
#3730 = CARTESIAN_POINT('',(-54.,-28.75,8.881784197001E-16));
#3731 = SURFACE_CURVE('',#3732,(#3736,#3743),.PCURVE_S1.);
#3732 = LINE('',#3733,#3734);
#3733 = CARTESIAN_POINT('',(-54.,-28.75,-3.1));
#3734 = VECTOR('',#3735,1.);
#3735 = DIRECTION('',(0.,0.,1.));
#3736 = PCURVE('',#1268,#3737);
#3737 = DEFINITIONAL_REPRESENTATION('',(#3738),#3742);
#3738 = LINE('',#3739,#3740);
#3739 = CARTESIAN_POINT('',(4.75,0.));
#3740 = VECTOR('',#3741,1.);
#3741 = DIRECTION('',(0.,-1.));
#3742 = ( GEOMETRIC_REPRESENTATION_CONTEXT(2) 
PARAMETRIC_REPRESENTATION_CONTEXT() REPRESENTATION_CONTEXT('2D SPACE',''
  ) );
#3743 = PCURVE('',#3744,#3749);
#3744 = CYLINDRICAL_SURFACE('',#3745,4.75);
#3745 = AXIS2_PLACEMENT_3D('',#3746,#3747,#3748);
#3746 = CARTESIAN_POINT('',(-54.,-24.,-3.1));
#3747 = DIRECTION('',(0.,0.,1.));
#3748 = DIRECTION('',(0.,-1.,0.));
#3749 = DEFINITIONAL_REPRESENTATION('',(#3750),#3754);
#3750 = LINE('',#3751,#3752);
#3751 = CARTESIAN_POINT('',(-0.,0.));
#3752 = VECTOR('',#3753,1.);
#3753 = DIRECTION('',(-0.,1.));
#3754 = ( GEOMETRIC_REPRESENTATION_CONTEXT(2) 
PARAMETRIC_REPRESENTATION_CONTEXT() REPRESENTATION_CONTEXT('2D SPACE',''
  ) );
#3755 = ORIENTED_EDGE('',*,*,#3756,.F.);
#3756 = EDGE_CURVE('',#3757,#3729,#3759,.T.);
#3757 = VERTEX_POINT('',#3758);
#3758 = CARTESIAN_POINT('',(25.937046767793,-28.75,8.881784197001E-16));
#3759 = SURFACE_CURVE('',#3760,(#3764,#3770),.PCURVE_S1.);
#3760 = LINE('',#3761,#3762);
#3761 = CARTESIAN_POINT('',(-29.375,-28.75,8.881784197001E-16));
#3762 = VECTOR('',#3763,1.);
#3763 = DIRECTION('',(-1.,0.,0.));
#3764 = PCURVE('',#1268,#3765);
#3765 = DEFINITIONAL_REPRESENTATION('',(#3766),#3769);
#3766 = B_SPLINE_CURVE_WITH_KNOTS('',1,(#3767,#3768),.UNSPECIFIED.,.F.,
  .F.,(2,2),(-83.375,24.625),.PIECEWISE_BEZIER_KNOTS.);
#3767 = CARTESIAN_POINT('',(112.75,-3.1));
#3768 = CARTESIAN_POINT('',(4.75,-3.1));
#3769 = ( GEOMETRIC_REPRESENTATION_CONTEXT(2) 
PARAMETRIC_REPRESENTATION_CONTEXT() REPRESENTATION_CONTEXT('2D SPACE',''
  ) );
#3770 = PCURVE('',#3771,#3776);
#3771 = PLANE('',#3772);
#3772 = AXIS2_PLACEMENT_3D('',#3773,#3774,#3775);
#3773 = CARTESIAN_POINT('',(2.324884206986E-15,0.,0.));
#3774 = DIRECTION('',(0.,0.,1.));
#3775 = DIRECTION('',(1.,0.,-0.));
#3776 = DEFINITIONAL_REPRESENTATION('',(#3777),#3781);
#3777 = LINE('',#3778,#3779);
#3778 = CARTESIAN_POINT('',(-29.375,-28.75));
#3779 = VECTOR('',#3780,1.);
#3780 = DIRECTION('',(-1.,0.));
#3781 = ( GEOMETRIC_REPRESENTATION_CONTEXT(2) 
PARAMETRIC_REPRESENTATION_CONTEXT() REPRESENTATION_CONTEXT('2D SPACE',''
  ) );
#3782 = ORIENTED_EDGE('',*,*,#3783,.T.);
#3783 = EDGE_CURVE('',#3757,#3784,#3786,.T.);
#3784 = VERTEX_POINT('',#3785);
#3785 = CARTESIAN_POINT('',(25.937046767793,-28.75,-0.1));
#3786 = SURFACE_CURVE('',#3787,(#3791,#3797),.PCURVE_S1.);
#3787 = LINE('',#3788,#3789);
#3788 = CARTESIAN_POINT('',(25.937046767793,-28.75,-0.1));
#3789 = VECTOR('',#3790,1.);
#3790 = DIRECTION('',(-0.,-0.,-1.));
#3791 = PCURVE('',#1268,#3792);
#3792 = DEFINITIONAL_REPRESENTATION('',(#3793),#3796);
#3793 = B_SPLINE_CURVE_WITH_KNOTS('',1,(#3794,#3795),.UNSPECIFIED.,.F.,
  .F.,(2,2),(-0.4,6.000000000034E-07),.PIECEWISE_BEZIER_KNOTS.);
#3794 = CARTESIAN_POINT('',(84.687046767793,-3.4));
#3795 = CARTESIAN_POINT('',(84.687046767793,-2.9999994));
#3796 = ( GEOMETRIC_REPRESENTATION_CONTEXT(2) 
PARAMETRIC_REPRESENTATION_CONTEXT() REPRESENTATION_CONTEXT('2D SPACE',''
  ) );
#3797 = PCURVE('',#1240,#3798);
#3798 = DEFINITIONAL_REPRESENTATION('',(#3799),#3802);
#3799 = B_SPLINE_CURVE_WITH_KNOTS('',1,(#3800,#3801),.UNSPECIFIED.,.F.,
  .F.,(2,2),(-0.4,6.000000000034E-07),.PIECEWISE_BEZIER_KNOTS.);
#3800 = CARTESIAN_POINT('',(-3.235480528697,-0.4));
#3801 = CARTESIAN_POINT('',(-3.235480528697,6.000000000034E-07));
#3802 = ( GEOMETRIC_REPRESENTATION_CONTEXT(2) 
PARAMETRIC_REPRESENTATION_CONTEXT() REPRESENTATION_CONTEXT('2D SPACE',''
  ) );
#3803 = ORIENTED_EDGE('',*,*,#3804,.T.);
#3804 = EDGE_CURVE('',#3784,#3805,#3807,.T.);
#3805 = VERTEX_POINT('',#3806);
#3806 = CARTESIAN_POINT('',(29.122953232207,-28.75,-0.1));
#3807 = SURFACE_CURVE('',#3808,(#3812,#3818),.PCURVE_S1.);
#3808 = LINE('',#3809,#3810);
#3809 = CARTESIAN_POINT('',(-37.0925,-28.75,-0.1));
#3810 = VECTOR('',#3811,1.);
#3811 = DIRECTION('',(1.,0.,0.));
#3812 = PCURVE('',#1268,#3813);
#3813 = DEFINITIONAL_REPRESENTATION('',(#3814),#3817);
#3814 = B_SPLINE_CURVE_WITH_KNOTS('',1,(#3815,#3816),.UNSPECIFIED.,.F.,
  .F.,(2,2),(-16.9075,66.2225),.PIECEWISE_BEZIER_KNOTS.);
#3815 = CARTESIAN_POINT('',(4.75,-3.));
#3816 = CARTESIAN_POINT('',(87.88,-3.));
#3817 = ( GEOMETRIC_REPRESENTATION_CONTEXT(2) 
PARAMETRIC_REPRESENTATION_CONTEXT() REPRESENTATION_CONTEXT('2D SPACE',''
  ) );
#3818 = PCURVE('',#3819,#3824);
#3819 = PLANE('',#3820);
#3820 = AXIS2_PLACEMENT_3D('',#3821,#3822,#3823);
#3821 = CARTESIAN_POINT('',(-15.435,0.,-0.1));
#3822 = DIRECTION('',(0.,0.,1.));
#3823 = DIRECTION('',(1.,0.,-0.));
#3824 = DEFINITIONAL_REPRESENTATION('',(#3825),#3828);
#3825 = B_SPLINE_CURVE_WITH_KNOTS('',1,(#3826,#3827),.UNSPECIFIED.,.F.,
  .F.,(2,2),(-16.9075,66.2225),.PIECEWISE_BEZIER_KNOTS.);
#3826 = CARTESIAN_POINT('',(-38.565,-28.75));
#3827 = CARTESIAN_POINT('',(44.565,-28.75));
#3828 = ( GEOMETRIC_REPRESENTATION_CONTEXT(2) 
PARAMETRIC_REPRESENTATION_CONTEXT() REPRESENTATION_CONTEXT('2D SPACE',''
  ) );
#3829 = ORIENTED_EDGE('',*,*,#3830,.F.);
#3830 = EDGE_CURVE('',#1220,#3805,#3831,.T.);
#3831 = SURFACE_CURVE('',#3832,(#3836,#3842),.PCURVE_S1.);
#3832 = LINE('',#3833,#3834);
#3833 = CARTESIAN_POINT('',(29.122953232207,-28.75,-0.1));
#3834 = VECTOR('',#3835,1.);
#3835 = DIRECTION('',(-0.,-0.,-1.));
#3836 = PCURVE('',#1268,#3837);
#3837 = DEFINITIONAL_REPRESENTATION('',(#3838),#3841);
#3838 = B_SPLINE_CURVE_WITH_KNOTS('',1,(#3839,#3840),.UNSPECIFIED.,.F.,
  .F.,(2,2),(-0.4,6.000000000034E-07),.PIECEWISE_BEZIER_KNOTS.);
#3839 = CARTESIAN_POINT('',(87.872953232207,-3.4));
#3840 = CARTESIAN_POINT('',(87.872953232207,-2.9999994));
#3841 = ( GEOMETRIC_REPRESENTATION_CONTEXT(2) 
PARAMETRIC_REPRESENTATION_CONTEXT() REPRESENTATION_CONTEXT('2D SPACE',''
  ) );
#3842 = PCURVE('',#1240,#3843);
#3843 = DEFINITIONAL_REPRESENTATION('',(#3844),#3847);
#3844 = B_SPLINE_CURVE_WITH_KNOTS('',1,(#3845,#3846),.UNSPECIFIED.,.F.,
  .F.,(2,2),(-0.4,6.000000000034E-07),.PIECEWISE_BEZIER_KNOTS.);
#3845 = CARTESIAN_POINT('',(-6.189297432072,-0.4));
#3846 = CARTESIAN_POINT('',(-6.189297432072,6.000000000034E-07));
#3847 = ( GEOMETRIC_REPRESENTATION_CONTEXT(2) 
PARAMETRIC_REPRESENTATION_CONTEXT() REPRESENTATION_CONTEXT('2D SPACE',''
  ) );
#3848 = ORIENTED_EDGE('',*,*,#1252,.F.);
#3849 = ADVANCED_FACE('',(#3850),#1091,.T.);
#3850 = FACE_BOUND('',#3851,.T.);
#3851 = EDGE_LOOP('',(#3852,#3880,#3899,#3900,#3901,#3922));
#3852 = ORIENTED_EDGE('',*,*,#3853,.F.);
#3853 = EDGE_CURVE('',#3854,#3856,#3858,.T.);
#3854 = VERTEX_POINT('',#3855);
#3855 = CARTESIAN_POINT('',(28.765,28.75,-3.));
#3856 = VERTEX_POINT('',#3857);
#3857 = CARTESIAN_POINT('',(28.765,28.75,-0.1));
#3858 = SURFACE_CURVE('',#3859,(#3863,#3869),.PCURVE_S1.);
#3859 = LINE('',#3860,#3861);
#3860 = CARTESIAN_POINT('',(28.765,28.75,-3.1));
#3861 = VECTOR('',#3862,1.);
#3862 = DIRECTION('',(0.,0.,1.));
#3863 = PCURVE('',#1091,#3864);
#3864 = DEFINITIONAL_REPRESENTATION('',(#3865),#3868);
#3865 = B_SPLINE_CURVE_WITH_KNOTS('',1,(#3866,#3867),.UNSPECIFIED.,.F.,
  .F.,(2,2),(0.1,3.1),.PIECEWISE_BEZIER_KNOTS.);
#3866 = CARTESIAN_POINT('',(3.75,-0.1));
#3867 = CARTESIAN_POINT('',(3.75,-3.1));
#3868 = ( GEOMETRIC_REPRESENTATION_CONTEXT(2) 
PARAMETRIC_REPRESENTATION_CONTEXT() REPRESENTATION_CONTEXT('2D SPACE',''
  ) );
#3869 = PCURVE('',#3870,#3875);
#3870 = PLANE('',#3871);
#3871 = AXIS2_PLACEMENT_3D('',#3872,#3873,#3874);
#3872 = CARTESIAN_POINT('',(58.75,28.75,-3.1));
#3873 = DIRECTION('',(0.,-1.,0.));
#3874 = DIRECTION('',(-1.,0.,0.));
#3875 = DEFINITIONAL_REPRESENTATION('',(#3876),#3879);
#3876 = B_SPLINE_CURVE_WITH_KNOTS('',1,(#3877,#3878),.UNSPECIFIED.,.F.,
  .F.,(2,2),(0.1,3.1),.PIECEWISE_BEZIER_KNOTS.);
#3877 = CARTESIAN_POINT('',(29.985,-0.1));
#3878 = CARTESIAN_POINT('',(29.985,-3.1));
#3879 = ( GEOMETRIC_REPRESENTATION_CONTEXT(2) 
PARAMETRIC_REPRESENTATION_CONTEXT() REPRESENTATION_CONTEXT('2D SPACE',''
  ) );
#3880 = ORIENTED_EDGE('',*,*,#3881,.T.);
#3881 = EDGE_CURVE('',#3854,#3660,#3882,.T.);
#3882 = SURFACE_CURVE('',#3883,(#3887,#3893),.PCURVE_S1.);
#3883 = LINE('',#3884,#3885);
#3884 = CARTESIAN_POINT('',(28.765,16.25,-3.));
#3885 = VECTOR('',#3886,1.);
#3886 = DIRECTION('',(-0.,1.,0.));
#3887 = PCURVE('',#1091,#3888);
#3888 = DEFINITIONAL_REPRESENTATION('',(#3889),#3892);
#3889 = B_SPLINE_CURVE_WITH_KNOTS('',1,(#3890,#3891),.UNSPECIFIED.,.F.,
  .F.,(2,2),(8.25,14.1),.PIECEWISE_BEZIER_KNOTS.);
#3890 = CARTESIAN_POINT('',(8.,-0.1));
#3891 = CARTESIAN_POINT('',(2.15,-0.1));
#3892 = ( GEOMETRIC_REPRESENTATION_CONTEXT(2) 
PARAMETRIC_REPRESENTATION_CONTEXT() REPRESENTATION_CONTEXT('2D SPACE',''
  ) );
#3893 = PCURVE('',#2471,#3894);
#3894 = DEFINITIONAL_REPRESENTATION('',(#3895),#3898);
#3895 = B_SPLINE_CURVE_WITH_KNOTS('',1,(#3896,#3897),.UNSPECIFIED.,.F.,
  .F.,(2,2),(8.25,14.1),.PIECEWISE_BEZIER_KNOTS.);
#3896 = CARTESIAN_POINT('',(28.765,24.5));
#3897 = CARTESIAN_POINT('',(28.765,30.35));
#3898 = ( GEOMETRIC_REPRESENTATION_CONTEXT(2) 
PARAMETRIC_REPRESENTATION_CONTEXT() REPRESENTATION_CONTEXT('2D SPACE',''
  ) );
#3899 = ORIENTED_EDGE('',*,*,#3682,.T.);
#3900 = ORIENTED_EDGE('',*,*,#1075,.F.);
#3901 = ORIENTED_EDGE('',*,*,#3902,.T.);
#3902 = EDGE_CURVE('',#1076,#3903,#3905,.T.);
#3903 = VERTEX_POINT('',#3904);
#3904 = CARTESIAN_POINT('',(28.765,29.617238909991,-0.1));
#3905 = SURFACE_CURVE('',#3906,(#3910,#3916),.PCURVE_S1.);
#3906 = LINE('',#3907,#3908);
#3907 = CARTESIAN_POINT('',(28.765,29.617238909991,-0.1));
#3908 = VECTOR('',#3909,1.);
#3909 = DIRECTION('',(-0.,-0.,-1.));
#3910 = PCURVE('',#1091,#3911);
#3911 = DEFINITIONAL_REPRESENTATION('',(#3912),#3915);
#3912 = B_SPLINE_CURVE_WITH_KNOTS('',1,(#3913,#3914),.UNSPECIFIED.,.F.,
  .F.,(2,2),(-0.4,6.000000000034E-07),.PIECEWISE_BEZIER_KNOTS.);
#3913 = CARTESIAN_POINT('',(2.882761090009,-3.4));
#3914 = CARTESIAN_POINT('',(2.882761090009,-2.9999994));
#3915 = ( GEOMETRIC_REPRESENTATION_CONTEXT(2) 
PARAMETRIC_REPRESENTATION_CONTEXT() REPRESENTATION_CONTEXT('2D SPACE',''
  ) );
#3916 = PCURVE('',#1123,#3917);
#3917 = DEFINITIONAL_REPRESENTATION('',(#3918),#3921);
#3918 = B_SPLINE_CURVE_WITH_KNOTS('',1,(#3919,#3920),.UNSPECIFIED.,.F.,
  .F.,(2,2),(-0.4,6.000000000034E-07),.PIECEWISE_BEZIER_KNOTS.);
#3919 = CARTESIAN_POINT('',(-6.97219657926,-0.4));
#3920 = CARTESIAN_POINT('',(-6.97219657926,6.000000000034E-07));
#3921 = ( GEOMETRIC_REPRESENTATION_CONTEXT(2) 
PARAMETRIC_REPRESENTATION_CONTEXT() REPRESENTATION_CONTEXT('2D SPACE',''
  ) );
#3922 = ORIENTED_EDGE('',*,*,#3923,.T.);
#3923 = EDGE_CURVE('',#3903,#3856,#3924,.T.);
#3924 = SURFACE_CURVE('',#3925,(#3929,#3935),.PCURVE_S1.);
#3925 = LINE('',#3926,#3927);
#3926 = CARTESIAN_POINT('',(28.765,16.25,-0.1));
#3927 = VECTOR('',#3928,1.);
#3928 = DIRECTION('',(0.,-1.,0.));
#3929 = PCURVE('',#1091,#3930);
#3930 = DEFINITIONAL_REPRESENTATION('',(#3931),#3934);
#3931 = B_SPLINE_CURVE_WITH_KNOTS('',1,(#3932,#3933),.UNSPECIFIED.,.F.,
  .F.,(2,2),(-13.95,-12.5),.PIECEWISE_BEZIER_KNOTS.);
#3932 = CARTESIAN_POINT('',(2.3,-3.));
#3933 = CARTESIAN_POINT('',(3.75,-3.));
#3934 = ( GEOMETRIC_REPRESENTATION_CONTEXT(2) 
PARAMETRIC_REPRESENTATION_CONTEXT() REPRESENTATION_CONTEXT('2D SPACE',''
  ) );
#3935 = PCURVE('',#3936,#3941);
#3936 = PLANE('',#3937);
#3937 = AXIS2_PLACEMENT_3D('',#3938,#3939,#3940);
#3938 = CARTESIAN_POINT('',(-15.435,0.,-0.1));
#3939 = DIRECTION('',(0.,0.,1.));
#3940 = DIRECTION('',(1.,0.,-0.));
#3941 = DEFINITIONAL_REPRESENTATION('',(#3942),#3945);
#3942 = B_SPLINE_CURVE_WITH_KNOTS('',1,(#3943,#3944),.UNSPECIFIED.,.F.,
  .F.,(2,2),(-13.95,-12.5),.PIECEWISE_BEZIER_KNOTS.);
#3943 = CARTESIAN_POINT('',(44.2,30.2));
#3944 = CARTESIAN_POINT('',(44.2,28.75));
#3945 = ( GEOMETRIC_REPRESENTATION_CONTEXT(2) 
PARAMETRIC_REPRESENTATION_CONTEXT() REPRESENTATION_CONTEXT('2D SPACE',''
  ) );
#3946 = ADVANCED_FACE('',(#3947),#1240,.F.);
#3947 = FACE_BOUND('',#3948,.T.);
#3948 = EDGE_LOOP('',(#3949,#3977,#4006,#4025,#4026,#4027,#4053,#4054));
#3949 = ORIENTED_EDGE('',*,*,#3950,.T.);
#3950 = EDGE_CURVE('',#3951,#3953,#3955,.T.);
#3951 = VERTEX_POINT('',#3952);
#3952 = CARTESIAN_POINT('',(25.930311316761,-28.56843868323,0.));
#3953 = VERTEX_POINT('',#3954);
#3954 = CARTESIAN_POINT('',(25.930311316761,-28.56843868323,5.5));
#3955 = SURFACE_CURVE('',#3956,(#3960,#3966),.PCURVE_S1.);
#3956 = LINE('',#3957,#3958);
#3957 = CARTESIAN_POINT('',(25.930311316761,-28.56843868323,-0.1));
#3958 = VECTOR('',#3959,1.);
#3959 = DIRECTION('',(0.,0.,1.));
#3960 = PCURVE('',#1240,#3961);
#3961 = DEFINITIONAL_REPRESENTATION('',(#3962),#3965);
#3962 = B_SPLINE_CURVE_WITH_KNOTS('',1,(#3963,#3964),.UNSPECIFIED.,.F.,
  .F.,(2,2),(0.,5.6),.PIECEWISE_BEZIER_KNOTS.);
#3963 = CARTESIAN_POINT('',(-3.121865551144,0.));
#3964 = CARTESIAN_POINT('',(-3.121865551144,-5.6));
#3965 = ( GEOMETRIC_REPRESENTATION_CONTEXT(2) 
PARAMETRIC_REPRESENTATION_CONTEXT() REPRESENTATION_CONTEXT('2D SPACE',''
  ) );
#3966 = PCURVE('',#3967,#3972);
#3967 = CYLINDRICAL_SURFACE('',#3968,2.5);
#3968 = AXIS2_PLACEMENT_3D('',#3969,#3970,#3971);
#3969 = CARTESIAN_POINT('',(25.13,-26.2,-0.1));
#3970 = DIRECTION('',(0.,0.,1.));
#3971 = DIRECTION('',(0.,-1.,0.));
#3972 = DEFINITIONAL_REPRESENTATION('',(#3973),#3976);
#3973 = B_SPLINE_CURVE_WITH_KNOTS('',1,(#3974,#3975),.UNSPECIFIED.,.F.,
  .F.,(2,2),(-6.000000000034E-07,5.6000006),.PIECEWISE_BEZIER_KNOTS.);
#3974 = CARTESIAN_POINT('',(0.325860928252,-6.000000000034E-07));
#3975 = CARTESIAN_POINT('',(0.325860928252,5.6000006));
#3976 = ( GEOMETRIC_REPRESENTATION_CONTEXT(2) 
PARAMETRIC_REPRESENTATION_CONTEXT() REPRESENTATION_CONTEXT('2D SPACE',''
  ) );
#3977 = ORIENTED_EDGE('',*,*,#3978,.T.);
#3978 = EDGE_CURVE('',#3953,#3979,#3981,.T.);
#3979 = VERTEX_POINT('',#3980);
#3980 = CARTESIAN_POINT('',(27.498438683239,-27.00031131676,5.5));
#3981 = SURFACE_CURVE('',#3982,(#3987,#3994),.PCURVE_S1.);
#3982 = CIRCLE('',#3983,1.6);
#3983 = AXIS2_PLACEMENT_3D('',#3984,#3985,#3986);
#3984 = CARTESIAN_POINT('',(27.53,-28.6,5.5));
#3985 = DIRECTION('',(0.,0.,1.));
#3986 = DIRECTION('',(-0.999805427025,1.972582297537E-02,0.));
#3987 = PCURVE('',#1240,#3988);
#3988 = DEFINITIONAL_REPRESENTATION('',(#3989),#3993);
#3989 = LINE('',#3990,#3991);
#3990 = CARTESIAN_POINT('',(-3.121865551144,-5.6));
#3991 = VECTOR('',#3992,1.);
#3992 = DIRECTION('',(-1.,0.));
#3993 = ( GEOMETRIC_REPRESENTATION_CONTEXT(2) 
PARAMETRIC_REPRESENTATION_CONTEXT() REPRESENTATION_CONTEXT('2D SPACE',''
  ) );
#3994 = PCURVE('',#3995,#4000);
#3995 = PLANE('',#3996);
#3996 = AXIS2_PLACEMENT_3D('',#3997,#3998,#3999);
#3997 = CARTESIAN_POINT('',(-15.435,0.,5.5));
#3998 = DIRECTION('',(0.,0.,1.));
#3999 = DIRECTION('',(1.,0.,-0.));
#4000 = DEFINITIONAL_REPRESENTATION('',(#4001),#4005);
#4001 = CIRCLE('',#4002,1.6);
#4002 = AXIS2_PLACEMENT_2D('',#4003,#4004);
#4003 = CARTESIAN_POINT('',(42.965,-28.6));
#4004 = DIRECTION('',(-0.999805427025,1.972582297537E-02));
#4005 = ( GEOMETRIC_REPRESENTATION_CONTEXT(2) 
PARAMETRIC_REPRESENTATION_CONTEXT() REPRESENTATION_CONTEXT('2D SPACE',''
  ) );
#4006 = ORIENTED_EDGE('',*,*,#4007,.F.);
#4007 = EDGE_CURVE('',#1191,#3979,#4008,.T.);
#4008 = SURFACE_CURVE('',#4009,(#4013,#4019),.PCURVE_S1.);
#4009 = LINE('',#4010,#4011);
#4010 = CARTESIAN_POINT('',(27.498438683239,-27.00031131676,-0.1));
#4011 = VECTOR('',#4012,1.);
#4012 = DIRECTION('',(0.,0.,1.));
#4013 = PCURVE('',#1240,#4014);
#4014 = DEFINITIONAL_REPRESENTATION('',(#4015),#4018);
#4015 = B_SPLINE_CURVE_WITH_KNOTS('',1,(#4016,#4017),.UNSPECIFIED.,.F.,
  .F.,(2,2),(0.,5.6),.PIECEWISE_BEZIER_KNOTS.);
#4016 = CARTESIAN_POINT('',(-7.87370873642,0.));
#4017 = CARTESIAN_POINT('',(-7.87370873642,-5.6));
#4018 = ( GEOMETRIC_REPRESENTATION_CONTEXT(2) 
PARAMETRIC_REPRESENTATION_CONTEXT() REPRESENTATION_CONTEXT('2D SPACE',''
  ) );
#4019 = PCURVE('',#1207,#4020);
#4020 = DEFINITIONAL_REPRESENTATION('',(#4021),#4024);
#4021 = B_SPLINE_CURVE_WITH_KNOTS('',1,(#4022,#4023),.UNSPECIFIED.,.F.,
  .F.,(2,2),(-6.000000000034E-07,5.6000006),.PIECEWISE_BEZIER_KNOTS.);
#4022 = CARTESIAN_POINT('',(1.244935398543,-6.000000000034E-07));
#4023 = CARTESIAN_POINT('',(1.244935398543,5.6000006));
#4024 = ( GEOMETRIC_REPRESENTATION_CONTEXT(2) 
PARAMETRIC_REPRESENTATION_CONTEXT() REPRESENTATION_CONTEXT('2D SPACE',''
  ) );
#4025 = ORIENTED_EDGE('',*,*,#1219,.T.);
#4026 = ORIENTED_EDGE('',*,*,#3830,.T.);
#4027 = ORIENTED_EDGE('',*,*,#4028,.T.);
#4028 = EDGE_CURVE('',#3805,#3784,#4029,.T.);
#4029 = SURFACE_CURVE('',#4030,(#4035,#4042),.PCURVE_S1.);
#4030 = CIRCLE('',#4031,1.6);
#4031 = AXIS2_PLACEMENT_3D('',#4032,#4033,#4034);
#4032 = CARTESIAN_POINT('',(27.53,-28.6,-0.1));
#4033 = DIRECTION('',(0.,0.,-1.));
#4034 = DIRECTION('',(-1.972582297537E-02,0.999805427025,0.));
#4035 = PCURVE('',#1240,#4036);
#4036 = DEFINITIONAL_REPRESENTATION('',(#4037),#4041);
#4037 = LINE('',#4038,#4039);
#4038 = CARTESIAN_POINT('',(-7.87370873642,0.));
#4039 = VECTOR('',#4040,1.);
#4040 = DIRECTION('',(1.,-0.));
#4041 = ( GEOMETRIC_REPRESENTATION_CONTEXT(2) 
PARAMETRIC_REPRESENTATION_CONTEXT() REPRESENTATION_CONTEXT('2D SPACE',''
  ) );
#4042 = PCURVE('',#3819,#4043);
#4043 = DEFINITIONAL_REPRESENTATION('',(#4044),#4052);
#4044 = ( BOUNDED_CURVE() B_SPLINE_CURVE(2,(#4045,#4046,#4047,#4048,
#4049,#4050,#4051),.UNSPECIFIED.,.T.,.F.) B_SPLINE_CURVE_WITH_KNOTS((1,2
    ,2,2,2,1),(-2.094395102393,0.,2.094395102393,4.188790204786,
6.28318530718,8.377580409573),.UNSPECIFIED.) CURVE() 
GEOMETRIC_REPRESENTATION_ITEM() RATIONAL_B_SPLINE_CURVE((1.,0.5,1.,0.5,
1.,0.5,1.)) REPRESENTATION_ITEM('') );
#4045 = CARTESIAN_POINT('',(42.933438683239,-27.00031131676));
#4046 = CARTESIAN_POINT('',(45.704180758903,-26.94564551257));
#4047 = CARTESIAN_POINT('',(44.366151696212,-29.37251143952));
#4048 = CARTESIAN_POINT('',(43.028122633521,-31.79937736647));
#4049 = CARTESIAN_POINT('',(41.595409620548,-29.42717724371));
#4050 = CARTESIAN_POINT('',(40.162696607576,-27.05497712094));
#4051 = CARTESIAN_POINT('',(42.933438683239,-27.00031131676));
#4052 = ( GEOMETRIC_REPRESENTATION_CONTEXT(2) 
PARAMETRIC_REPRESENTATION_CONTEXT() REPRESENTATION_CONTEXT('2D SPACE',''
  ) );
#4053 = ORIENTED_EDGE('',*,*,#3783,.F.);
#4054 = ORIENTED_EDGE('',*,*,#4055,.T.);
#4055 = EDGE_CURVE('',#3757,#3951,#4056,.T.);
#4056 = SURFACE_CURVE('',#4057,(#4062,#4069),.PCURVE_S1.);
#4057 = CIRCLE('',#4058,1.6);
#4058 = AXIS2_PLACEMENT_3D('',#4059,#4060,#4061);
#4059 = CARTESIAN_POINT('',(27.53,-28.6,0.));
#4060 = DIRECTION('',(0.,0.,-1.));
#4061 = DIRECTION('',(1.,0.,0.));
#4062 = PCURVE('',#1240,#4063);
#4063 = DEFINITIONAL_REPRESENTATION('',(#4064),#4068);
#4064 = LINE('',#4065,#4066);
#4065 = CARTESIAN_POINT('',(-12.56637061435,-0.1));
#4066 = VECTOR('',#4067,1.);
#4067 = DIRECTION('',(1.,-0.));
#4068 = ( GEOMETRIC_REPRESENTATION_CONTEXT(2) 
PARAMETRIC_REPRESENTATION_CONTEXT() REPRESENTATION_CONTEXT('2D SPACE',''
  ) );
#4069 = PCURVE('',#3771,#4070);
#4070 = DEFINITIONAL_REPRESENTATION('',(#4071),#4079);
#4071 = ( BOUNDED_CURVE() B_SPLINE_CURVE(2,(#4072,#4073,#4074,#4075,
#4076,#4077,#4078),.UNSPECIFIED.,.T.,.F.) B_SPLINE_CURVE_WITH_KNOTS((1,2
    ,2,2,2,1),(-2.094395102393,0.,2.094395102393,4.188790204786,
6.28318530718,8.377580409573),.UNSPECIFIED.) CURVE() 
GEOMETRIC_REPRESENTATION_ITEM() RATIONAL_B_SPLINE_CURVE((1.,0.5,1.,0.5,
1.,0.5,1.)) REPRESENTATION_ITEM('') );
#4072 = CARTESIAN_POINT('',(29.13,-28.6));
#4073 = CARTESIAN_POINT('',(29.13,-31.37128129211));
#4074 = CARTESIAN_POINT('',(26.73,-29.98564064605));
#4075 = CARTESIAN_POINT('',(24.33,-28.6));
#4076 = CARTESIAN_POINT('',(26.73,-27.21435935394));
#4077 = CARTESIAN_POINT('',(29.13,-25.82871870789));
#4078 = CARTESIAN_POINT('',(29.13,-28.6));
#4079 = ( GEOMETRIC_REPRESENTATION_CONTEXT(2) 
PARAMETRIC_REPRESENTATION_CONTEXT() REPRESENTATION_CONTEXT('2D SPACE',''
  ) );
#4080 = ADVANCED_FACE('',(#4081),#1123,.F.);
#4081 = FACE_BOUND('',#4082,.T.);
#4082 = EDGE_LOOP('',(#4083,#4106,#4132,#4133,#4134,#4155,#4179,#4205));
#4083 = ORIENTED_EDGE('',*,*,#4084,.T.);
#4084 = EDGE_CURVE('',#4085,#4087,#4089,.T.);
#4085 = VERTEX_POINT('',#4086);
#4086 = CARTESIAN_POINT('',(25.937046767793,28.75,8.881784197001E-16));
#4087 = VERTEX_POINT('',#4088);
#4088 = CARTESIAN_POINT('',(25.937046767793,28.75,-0.1));
#4089 = SURFACE_CURVE('',#4090,(#4094,#4100),.PCURVE_S1.);
#4090 = LINE('',#4091,#4092);
#4091 = CARTESIAN_POINT('',(25.937046767793,28.75,-0.1));
#4092 = VECTOR('',#4093,1.);
#4093 = DIRECTION('',(-0.,-0.,-1.));
#4094 = PCURVE('',#1123,#4095);
#4095 = DEFINITIONAL_REPRESENTATION('',(#4096),#4099);
#4096 = B_SPLINE_CURVE_WITH_KNOTS('',1,(#4097,#4098),.UNSPECIFIED.,.F.,
  .F.,(2,2),(-0.4,6.000000000034E-07),.PIECEWISE_BEZIER_KNOTS.);
#4097 = CARTESIAN_POINT('',(-9.330890085662,-0.4));
#4098 = CARTESIAN_POINT('',(-9.330890085662,6.000000000034E-07));
#4099 = ( GEOMETRIC_REPRESENTATION_CONTEXT(2) 
PARAMETRIC_REPRESENTATION_CONTEXT() REPRESENTATION_CONTEXT('2D SPACE',''
  ) );
#4100 = PCURVE('',#3870,#4101);
#4101 = DEFINITIONAL_REPRESENTATION('',(#4102),#4105);
#4102 = B_SPLINE_CURVE_WITH_KNOTS('',1,(#4103,#4104),.UNSPECIFIED.,.F.,
  .F.,(2,2),(-0.4,6.000000000034E-07),.PIECEWISE_BEZIER_KNOTS.);
#4103 = CARTESIAN_POINT('',(32.812953232207,-3.4));
#4104 = CARTESIAN_POINT('',(32.812953232207,-2.9999994));
#4105 = ( GEOMETRIC_REPRESENTATION_CONTEXT(2) 
PARAMETRIC_REPRESENTATION_CONTEXT() REPRESENTATION_CONTEXT('2D SPACE',''
  ) );
#4106 = ORIENTED_EDGE('',*,*,#4107,.T.);
#4107 = EDGE_CURVE('',#4087,#3903,#4108,.T.);
#4108 = SURFACE_CURVE('',#4109,(#4114,#4121),.PCURVE_S1.);
#4109 = CIRCLE('',#4110,1.6);
#4110 = AXIS2_PLACEMENT_3D('',#4111,#4112,#4113);
#4111 = CARTESIAN_POINT('',(27.53,28.6,-0.1));
#4112 = DIRECTION('',(-0.,0.,-1.));
#4113 = DIRECTION('',(-0.999805427025,-1.972582297537E-02,0.));
#4114 = PCURVE('',#1123,#4115);
#4115 = DEFINITIONAL_REPRESENTATION('',(#4116),#4120);
#4116 = LINE('',#4117,#4118);
#4117 = CARTESIAN_POINT('',(-9.444505063215,0.));
#4118 = VECTOR('',#4119,1.);
#4119 = DIRECTION('',(1.,-0.));
#4120 = ( GEOMETRIC_REPRESENTATION_CONTEXT(2) 
PARAMETRIC_REPRESENTATION_CONTEXT() REPRESENTATION_CONTEXT('2D SPACE',''
  ) );
#4121 = PCURVE('',#3936,#4122);
#4122 = DEFINITIONAL_REPRESENTATION('',(#4123),#4131);
#4123 = ( BOUNDED_CURVE() B_SPLINE_CURVE(2,(#4124,#4125,#4126,#4127,
#4128,#4129,#4130),.UNSPECIFIED.,.T.,.F.) B_SPLINE_CURVE_WITH_KNOTS((1,2
    ,2,2,2,1),(-2.094395102393,0.,2.094395102393,4.188790204786,
6.28318530718,8.377580409573),.UNSPECIFIED.) CURVE() 
GEOMETRIC_REPRESENTATION_ITEM() RATIONAL_B_SPLINE_CURVE((1.,0.5,1.,0.5,
1.,0.5,1.)) REPRESENTATION_ITEM('') );
#4124 = CARTESIAN_POINT('',(41.365311316761,28.568438683239));
#4125 = CARTESIAN_POINT('',(41.310645512577,31.339180758903));
#4126 = CARTESIAN_POINT('',(43.737511439528,30.001151696212));
#4127 = CARTESIAN_POINT('',(46.164377366479,28.663122633521));
#4128 = CARTESIAN_POINT('',(43.792177243711,27.230409620548));
#4129 = CARTESIAN_POINT('',(41.419977120944,25.797696607576));
#4130 = CARTESIAN_POINT('',(41.365311316761,28.568438683239));
#4131 = ( GEOMETRIC_REPRESENTATION_CONTEXT(2) 
PARAMETRIC_REPRESENTATION_CONTEXT() REPRESENTATION_CONTEXT('2D SPACE',''
  ) );
#4132 = ORIENTED_EDGE('',*,*,#3902,.F.);
#4133 = ORIENTED_EDGE('',*,*,#1102,.T.);
#4134 = ORIENTED_EDGE('',*,*,#4135,.T.);
#4135 = EDGE_CURVE('',#1103,#4136,#4138,.T.);
#4136 = VERTEX_POINT('',#4137);
#4137 = CARTESIAN_POINT('',(27.498438683239,27.000311316761,5.5));
#4138 = SURFACE_CURVE('',#4139,(#4143,#4149),.PCURVE_S1.);
#4139 = LINE('',#4140,#4141);
#4140 = CARTESIAN_POINT('',(27.498438683239,27.000311316761,-0.1));
#4141 = VECTOR('',#4142,1.);
#4142 = DIRECTION('',(0.,0.,1.));
#4143 = PCURVE('',#1123,#4144);
#4144 = DEFINITIONAL_REPRESENTATION('',(#4145),#4148);
#4145 = B_SPLINE_CURVE_WITH_KNOTS('',1,(#4146,#4147),.UNSPECIFIED.,.F.,
  .F.,(2,2),(0.,5.6),.PIECEWISE_BEZIER_KNOTS.);
#4146 = CARTESIAN_POINT('',(-4.692661877939,0.));
#4147 = CARTESIAN_POINT('',(-4.692661877939,-5.6));
#4148 = ( GEOMETRIC_REPRESENTATION_CONTEXT(2) 
PARAMETRIC_REPRESENTATION_CONTEXT() REPRESENTATION_CONTEXT('2D SPACE',''
  ) );
#4149 = PCURVE('',#1152,#4150);
#4150 = DEFINITIONAL_REPRESENTATION('',(#4151),#4154);
#4151 = B_SPLINE_CURVE_WITH_KNOTS('',1,(#4152,#4153),.UNSPECIFIED.,.F.,
  .F.,(2,2),(-6.000000000034E-07,5.6000006),.PIECEWISE_BEZIER_KNOTS.);
#4152 = CARTESIAN_POINT('',(0.325860928252,-6.000000000034E-07));
#4153 = CARTESIAN_POINT('',(0.325860928252,5.6000006));
#4154 = ( GEOMETRIC_REPRESENTATION_CONTEXT(2) 
PARAMETRIC_REPRESENTATION_CONTEXT() REPRESENTATION_CONTEXT('2D SPACE',''
  ) );
#4155 = ORIENTED_EDGE('',*,*,#4156,.T.);
#4156 = EDGE_CURVE('',#4136,#4157,#4159,.T.);
#4157 = VERTEX_POINT('',#4158);
#4158 = CARTESIAN_POINT('',(25.930311316761,28.568438683239,5.5));
#4159 = SURFACE_CURVE('',#4160,(#4165,#4172),.PCURVE_S1.);
#4160 = CIRCLE('',#4161,1.6);
#4161 = AXIS2_PLACEMENT_3D('',#4162,#4163,#4164);
#4162 = CARTESIAN_POINT('',(27.53,28.6,5.5));
#4163 = DIRECTION('',(0.,0.,1.));
#4164 = DIRECTION('',(-1.972582297537E-02,-0.999805427025,0.));
#4165 = PCURVE('',#1123,#4166);
#4166 = DEFINITIONAL_REPRESENTATION('',(#4167),#4171);
#4167 = LINE('',#4168,#4169);
#4168 = CARTESIAN_POINT('',(-4.692661877939,-5.6));
#4169 = VECTOR('',#4170,1.);
#4170 = DIRECTION('',(-1.,0.));
#4171 = ( GEOMETRIC_REPRESENTATION_CONTEXT(2) 
PARAMETRIC_REPRESENTATION_CONTEXT() REPRESENTATION_CONTEXT('2D SPACE',''
  ) );
#4172 = PCURVE('',#3995,#4173);
#4173 = DEFINITIONAL_REPRESENTATION('',(#4174),#4178);
#4174 = CIRCLE('',#4175,1.6);
#4175 = AXIS2_PLACEMENT_2D('',#4176,#4177);
#4176 = CARTESIAN_POINT('',(42.965,28.6));
#4177 = DIRECTION('',(-1.972582297537E-02,-0.999805427025));
#4178 = ( GEOMETRIC_REPRESENTATION_CONTEXT(2) 
PARAMETRIC_REPRESENTATION_CONTEXT() REPRESENTATION_CONTEXT('2D SPACE',''
  ) );
#4179 = ORIENTED_EDGE('',*,*,#4180,.F.);
#4180 = EDGE_CURVE('',#4181,#4157,#4183,.T.);
#4181 = VERTEX_POINT('',#4182);
#4182 = CARTESIAN_POINT('',(25.930311316761,28.568438683239,0.));
#4183 = SURFACE_CURVE('',#4184,(#4188,#4194),.PCURVE_S1.);
#4184 = LINE('',#4185,#4186);
#4185 = CARTESIAN_POINT('',(25.930311316761,28.568438683239,-0.1));
#4186 = VECTOR('',#4187,1.);
#4187 = DIRECTION('',(0.,0.,1.));
#4188 = PCURVE('',#1123,#4189);
#4189 = DEFINITIONAL_REPRESENTATION('',(#4190),#4193);
#4190 = B_SPLINE_CURVE_WITH_KNOTS('',1,(#4191,#4192),.UNSPECIFIED.,.F.,
  .F.,(2,2),(0.,5.6),.PIECEWISE_BEZIER_KNOTS.);
#4191 = CARTESIAN_POINT('',(-9.444505063215,0.));
#4192 = CARTESIAN_POINT('',(-9.444505063215,-5.6));
#4193 = ( GEOMETRIC_REPRESENTATION_CONTEXT(2) 
PARAMETRIC_REPRESENTATION_CONTEXT() REPRESENTATION_CONTEXT('2D SPACE',''
  ) );
#4194 = PCURVE('',#4195,#4200);
#4195 = CYLINDRICAL_SURFACE('',#4196,2.5);
#4196 = AXIS2_PLACEMENT_3D('',#4197,#4198,#4199);
#4197 = CARTESIAN_POINT('',(25.13,26.2,-0.1));
#4198 = DIRECTION('',(0.,0.,1.));
#4199 = DIRECTION('',(1.,0.,-0.));
#4200 = DEFINITIONAL_REPRESENTATION('',(#4201),#4204);
#4201 = B_SPLINE_CURVE_WITH_KNOTS('',1,(#4202,#4203),.UNSPECIFIED.,.F.,
  .F.,(2,2),(-6.000000000034E-07,5.6000006),.PIECEWISE_BEZIER_KNOTS.);
#4202 = CARTESIAN_POINT('',(1.244935398543,-6.000000000034E-07));
#4203 = CARTESIAN_POINT('',(1.244935398543,5.6000006));
#4204 = ( GEOMETRIC_REPRESENTATION_CONTEXT(2) 
PARAMETRIC_REPRESENTATION_CONTEXT() REPRESENTATION_CONTEXT('2D SPACE',''
  ) );
#4205 = ORIENTED_EDGE('',*,*,#4206,.T.);
#4206 = EDGE_CURVE('',#4181,#4085,#4207,.T.);
#4207 = SURFACE_CURVE('',#4208,(#4213,#4220),.PCURVE_S1.);
#4208 = CIRCLE('',#4209,1.6);
#4209 = AXIS2_PLACEMENT_3D('',#4210,#4211,#4212);
#4210 = CARTESIAN_POINT('',(27.53,28.6,0.));
#4211 = DIRECTION('',(0.,0.,-1.));
#4212 = DIRECTION('',(1.,0.,0.));
#4213 = PCURVE('',#1123,#4214);
#4214 = DEFINITIONAL_REPRESENTATION('',(#4215),#4219);
#4215 = LINE('',#4216,#4217);
#4216 = CARTESIAN_POINT('',(-12.56637061435,-0.1));
#4217 = VECTOR('',#4218,1.);
#4218 = DIRECTION('',(1.,-0.));
#4219 = ( GEOMETRIC_REPRESENTATION_CONTEXT(2) 
PARAMETRIC_REPRESENTATION_CONTEXT() REPRESENTATION_CONTEXT('2D SPACE',''
  ) );
#4220 = PCURVE('',#4221,#4226);
#4221 = PLANE('',#4222);
#4222 = AXIS2_PLACEMENT_3D('',#4223,#4224,#4225);
#4223 = CARTESIAN_POINT('',(2.324884206986E-15,0.,0.));
#4224 = DIRECTION('',(0.,0.,1.));
#4225 = DIRECTION('',(1.,0.,-0.));
#4226 = DEFINITIONAL_REPRESENTATION('',(#4227),#4235);
#4227 = ( BOUNDED_CURVE() B_SPLINE_CURVE(2,(#4228,#4229,#4230,#4231,
#4232,#4233,#4234),.UNSPECIFIED.,.T.,.F.) B_SPLINE_CURVE_WITH_KNOTS((1,2
    ,2,2,2,1),(-2.094395102393,0.,2.094395102393,4.188790204786,
6.28318530718,8.377580409573),.UNSPECIFIED.) CURVE() 
GEOMETRIC_REPRESENTATION_ITEM() RATIONAL_B_SPLINE_CURVE((1.,0.5,1.,0.5,
1.,0.5,1.)) REPRESENTATION_ITEM('') );
#4228 = CARTESIAN_POINT('',(29.13,28.6));
#4229 = CARTESIAN_POINT('',(29.13,25.82871870789));
#4230 = CARTESIAN_POINT('',(26.73,27.214359353945));
#4231 = CARTESIAN_POINT('',(24.33,28.6));
#4232 = CARTESIAN_POINT('',(26.73,29.985640646055));
#4233 = CARTESIAN_POINT('',(29.13,31.37128129211));
#4234 = CARTESIAN_POINT('',(29.13,28.6));
#4235 = ( GEOMETRIC_REPRESENTATION_CONTEXT(2) 
PARAMETRIC_REPRESENTATION_CONTEXT() REPRESENTATION_CONTEXT('2D SPACE',''
  ) );
#4236 = ADVANCED_FACE('',(#4237),#1207,.F.);
#4237 = FACE_BOUND('',#4238,.F.);
#4238 = EDGE_LOOP('',(#4239,#4240,#4241,#4264));
#4239 = ORIENTED_EDGE('',*,*,#4007,.F.);
#4240 = ORIENTED_EDGE('',*,*,#1190,.T.);
#4241 = ORIENTED_EDGE('',*,*,#4242,.T.);
#4242 = EDGE_CURVE('',#1165,#4243,#4245,.T.);
#4243 = VERTEX_POINT('',#4244);
#4244 = CARTESIAN_POINT('',(27.63,-26.2,5.5));
#4245 = SURFACE_CURVE('',#4246,(#4250,#4257),.PCURVE_S1.);
#4246 = LINE('',#4247,#4248);
#4247 = CARTESIAN_POINT('',(27.63,-26.2,-0.1));
#4248 = VECTOR('',#4249,1.);
#4249 = DIRECTION('',(0.,0.,1.));
#4250 = PCURVE('',#1207,#4251);
#4251 = DEFINITIONAL_REPRESENTATION('',(#4252),#4256);
#4252 = LINE('',#4253,#4254);
#4253 = CARTESIAN_POINT('',(1.570796326795,0.));
#4254 = VECTOR('',#4255,1.);
#4255 = DIRECTION('',(0.,1.));
#4256 = ( GEOMETRIC_REPRESENTATION_CONTEXT(2) 
PARAMETRIC_REPRESENTATION_CONTEXT() REPRESENTATION_CONTEXT('2D SPACE',''
  ) );
#4257 = PCURVE('',#1179,#4258);
#4258 = DEFINITIONAL_REPRESENTATION('',(#4259),#4263);
#4259 = LINE('',#4260,#4261);
#4260 = CARTESIAN_POINT('',(2.5,0.));
#4261 = VECTOR('',#4262,1.);
#4262 = DIRECTION('',(0.,-1.));
#4263 = ( GEOMETRIC_REPRESENTATION_CONTEXT(2) 
PARAMETRIC_REPRESENTATION_CONTEXT() REPRESENTATION_CONTEXT('2D SPACE',''
  ) );
#4264 = ORIENTED_EDGE('',*,*,#4265,.F.);
#4265 = EDGE_CURVE('',#3979,#4243,#4266,.T.);
#4266 = SURFACE_CURVE('',#4267,(#4272,#4279),.PCURVE_S1.);
#4267 = CIRCLE('',#4268,2.5);
#4268 = AXIS2_PLACEMENT_3D('',#4269,#4270,#4271);
#4269 = CARTESIAN_POINT('',(25.13,-26.2,5.5));
#4270 = DIRECTION('',(0.,0.,1.));
#4271 = DIRECTION('',(0.,-1.,0.));
#4272 = PCURVE('',#1207,#4273);
#4273 = DEFINITIONAL_REPRESENTATION('',(#4274),#4278);
#4274 = LINE('',#4275,#4276);
#4275 = CARTESIAN_POINT('',(0.,5.6));
#4276 = VECTOR('',#4277,1.);
#4277 = DIRECTION('',(1.,0.));
#4278 = ( GEOMETRIC_REPRESENTATION_CONTEXT(2) 
PARAMETRIC_REPRESENTATION_CONTEXT() REPRESENTATION_CONTEXT('2D SPACE',''
  ) );
#4279 = PCURVE('',#3995,#4280);
#4280 = DEFINITIONAL_REPRESENTATION('',(#4281),#4285);
#4281 = CIRCLE('',#4282,2.5);
#4282 = AXIS2_PLACEMENT_2D('',#4283,#4284);
#4283 = CARTESIAN_POINT('',(40.565,-26.2));
#4284 = DIRECTION('',(0.,-1.));
#4285 = ( GEOMETRIC_REPRESENTATION_CONTEXT(2) 
PARAMETRIC_REPRESENTATION_CONTEXT() REPRESENTATION_CONTEXT('2D SPACE',''
  ) );
#4286 = ADVANCED_FACE('',(#4287),#1152,.F.);
#4287 = FACE_BOUND('',#4288,.F.);
#4288 = EDGE_LOOP('',(#4289,#4312,#4313,#4314));
#4289 = ORIENTED_EDGE('',*,*,#4290,.F.);
#4290 = EDGE_CURVE('',#1136,#4291,#4293,.T.);
#4291 = VERTEX_POINT('',#4292);
#4292 = CARTESIAN_POINT('',(27.63,26.2,5.5));
#4293 = SURFACE_CURVE('',#4294,(#4298,#4305),.PCURVE_S1.);
#4294 = LINE('',#4295,#4296);
#4295 = CARTESIAN_POINT('',(27.63,26.2,-0.1));
#4296 = VECTOR('',#4297,1.);
#4297 = DIRECTION('',(0.,0.,1.));
#4298 = PCURVE('',#1152,#4299);
#4299 = DEFINITIONAL_REPRESENTATION('',(#4300),#4304);
#4300 = LINE('',#4301,#4302);
#4301 = CARTESIAN_POINT('',(0.,0.));
#4302 = VECTOR('',#4303,1.);
#4303 = DIRECTION('',(0.,1.));
#4304 = ( GEOMETRIC_REPRESENTATION_CONTEXT(2) 
PARAMETRIC_REPRESENTATION_CONTEXT() REPRESENTATION_CONTEXT('2D SPACE',''
  ) );
#4305 = PCURVE('',#1179,#4306);
#4306 = DEFINITIONAL_REPRESENTATION('',(#4307),#4311);
#4307 = LINE('',#4308,#4309);
#4308 = CARTESIAN_POINT('',(54.9,0.));
#4309 = VECTOR('',#4310,1.);
#4310 = DIRECTION('',(0.,-1.));
#4311 = ( GEOMETRIC_REPRESENTATION_CONTEXT(2) 
PARAMETRIC_REPRESENTATION_CONTEXT() REPRESENTATION_CONTEXT('2D SPACE',''
  ) );
#4312 = ORIENTED_EDGE('',*,*,#1135,.T.);
#4313 = ORIENTED_EDGE('',*,*,#4135,.T.);
#4314 = ORIENTED_EDGE('',*,*,#4315,.F.);
#4315 = EDGE_CURVE('',#4291,#4136,#4316,.T.);
#4316 = SURFACE_CURVE('',#4317,(#4322,#4329),.PCURVE_S1.);
#4317 = CIRCLE('',#4318,2.5);
#4318 = AXIS2_PLACEMENT_3D('',#4319,#4320,#4321);
#4319 = CARTESIAN_POINT('',(25.13,26.2,5.5));
#4320 = DIRECTION('',(0.,0.,1.));
#4321 = DIRECTION('',(0.,-1.,0.));
#4322 = PCURVE('',#1152,#4323);
#4323 = DEFINITIONAL_REPRESENTATION('',(#4324),#4328);
#4324 = LINE('',#4325,#4326);
#4325 = CARTESIAN_POINT('',(-1.570796326795,5.6));
#4326 = VECTOR('',#4327,1.);
#4327 = DIRECTION('',(1.,0.));
#4328 = ( GEOMETRIC_REPRESENTATION_CONTEXT(2) 
PARAMETRIC_REPRESENTATION_CONTEXT() REPRESENTATION_CONTEXT('2D SPACE',''
  ) );
#4329 = PCURVE('',#3995,#4330);
#4330 = DEFINITIONAL_REPRESENTATION('',(#4331),#4335);
#4331 = CIRCLE('',#4332,2.5);
#4332 = AXIS2_PLACEMENT_2D('',#4333,#4334);
#4333 = CARTESIAN_POINT('',(40.565,26.2));
#4334 = DIRECTION('',(0.,-1.));
#4335 = ( GEOMETRIC_REPRESENTATION_CONTEXT(2) 
PARAMETRIC_REPRESENTATION_CONTEXT() REPRESENTATION_CONTEXT('2D SPACE',''
  ) );
#4336 = ADVANCED_FACE('',(#4337),#1179,.T.);
#4337 = FACE_BOUND('',#4338,.T.);
#4338 = EDGE_LOOP('',(#4339,#4340,#4341,#4362));
#4339 = ORIENTED_EDGE('',*,*,#1164,.T.);
#4340 = ORIENTED_EDGE('',*,*,#4242,.T.);
#4341 = ORIENTED_EDGE('',*,*,#4342,.T.);
#4342 = EDGE_CURVE('',#4243,#4291,#4343,.T.);
#4343 = SURFACE_CURVE('',#4344,(#4348,#4355),.PCURVE_S1.);
#4344 = LINE('',#4345,#4346);
#4345 = CARTESIAN_POINT('',(27.63,-28.7,5.5));
#4346 = VECTOR('',#4347,1.);
#4347 = DIRECTION('',(0.,1.,0.));
#4348 = PCURVE('',#1179,#4349);
#4349 = DEFINITIONAL_REPRESENTATION('',(#4350),#4354);
#4350 = LINE('',#4351,#4352);
#4351 = CARTESIAN_POINT('',(0.,-5.6));
#4352 = VECTOR('',#4353,1.);
#4353 = DIRECTION('',(1.,0.));
#4354 = ( GEOMETRIC_REPRESENTATION_CONTEXT(2) 
PARAMETRIC_REPRESENTATION_CONTEXT() REPRESENTATION_CONTEXT('2D SPACE',''
  ) );
#4355 = PCURVE('',#3995,#4356);
#4356 = DEFINITIONAL_REPRESENTATION('',(#4357),#4361);
#4357 = LINE('',#4358,#4359);
#4358 = CARTESIAN_POINT('',(43.065,-28.7));
#4359 = VECTOR('',#4360,1.);
#4360 = DIRECTION('',(0.,1.));
#4361 = ( GEOMETRIC_REPRESENTATION_CONTEXT(2) 
PARAMETRIC_REPRESENTATION_CONTEXT() REPRESENTATION_CONTEXT('2D SPACE',''
  ) );
#4362 = ORIENTED_EDGE('',*,*,#4290,.F.);
#4363 = ADVANCED_FACE('',(#4364),#1498,.F.);
#4364 = FACE_BOUND('',#4365,.T.);
#4365 = EDGE_LOOP('',(#4366,#4367,#4390,#4417));
#4366 = ORIENTED_EDGE('',*,*,#1477,.T.);
#4367 = ORIENTED_EDGE('',*,*,#4368,.T.);
#4368 = EDGE_CURVE('',#1478,#4369,#4371,.T.);
#4369 = VERTEX_POINT('',#4370);
#4370 = CARTESIAN_POINT('',(48.265,1.625,6.8));
#4371 = SEAM_CURVE('',#4372,(#4376,#4383),.PCURVE_S1.);
#4372 = LINE('',#4373,#4374);
#4373 = CARTESIAN_POINT('',(48.265,1.625,-0.1));
#4374 = VECTOR('',#4375,1.);
#4375 = DIRECTION('',(0.,0.,1.));
#4376 = PCURVE('',#1498,#4377);
#4377 = DEFINITIONAL_REPRESENTATION('',(#4378),#4382);
#4378 = LINE('',#4379,#4380);
#4379 = CARTESIAN_POINT('',(-6.28318530718,0.));
#4380 = VECTOR('',#4381,1.);
#4381 = DIRECTION('',(-0.,-1.));
#4382 = ( GEOMETRIC_REPRESENTATION_CONTEXT(2) 
PARAMETRIC_REPRESENTATION_CONTEXT() REPRESENTATION_CONTEXT('2D SPACE',''
  ) );
#4383 = PCURVE('',#1498,#4384);
#4384 = DEFINITIONAL_REPRESENTATION('',(#4385),#4389);
#4385 = LINE('',#4386,#4387);
#4386 = CARTESIAN_POINT('',(-0.,0.));
#4387 = VECTOR('',#4388,1.);
#4388 = DIRECTION('',(-0.,-1.));
#4389 = ( GEOMETRIC_REPRESENTATION_CONTEXT(2) 
PARAMETRIC_REPRESENTATION_CONTEXT() REPRESENTATION_CONTEXT('2D SPACE',''
  ) );
#4390 = ORIENTED_EDGE('',*,*,#4391,.T.);
#4391 = EDGE_CURVE('',#4369,#4369,#4392,.T.);
#4392 = SURFACE_CURVE('',#4393,(#4398,#4405),.PCURVE_S1.);
#4393 = CIRCLE('',#4394,3.);
#4394 = AXIS2_PLACEMENT_3D('',#4395,#4396,#4397);
#4395 = CARTESIAN_POINT('',(45.265,1.625,6.8));
#4396 = DIRECTION('',(0.,0.,1.));
#4397 = DIRECTION('',(1.,0.,0.));
#4398 = PCURVE('',#1498,#4399);
#4399 = DEFINITIONAL_REPRESENTATION('',(#4400),#4404);
#4400 = LINE('',#4401,#4402);
#4401 = CARTESIAN_POINT('',(-0.,-6.9));
#4402 = VECTOR('',#4403,1.);
#4403 = DIRECTION('',(-1.,0.));
#4404 = ( GEOMETRIC_REPRESENTATION_CONTEXT(2) 
PARAMETRIC_REPRESENTATION_CONTEXT() REPRESENTATION_CONTEXT('2D SPACE',''
  ) );
#4405 = PCURVE('',#4406,#4411);
#4406 = PLANE('',#4407);
#4407 = AXIS2_PLACEMENT_3D('',#4408,#4409,#4410);
#4408 = CARTESIAN_POINT('',(45.265,1.625,6.8));
#4409 = DIRECTION('',(0.,0.,1.));
#4410 = DIRECTION('',(1.,0.,-0.));
#4411 = DEFINITIONAL_REPRESENTATION('',(#4412),#4416);
#4412 = CIRCLE('',#4413,3.);
#4413 = AXIS2_PLACEMENT_2D('',#4414,#4415);
#4414 = CARTESIAN_POINT('',(0.,0.));
#4415 = DIRECTION('',(1.,0.));
#4416 = ( GEOMETRIC_REPRESENTATION_CONTEXT(2) 
PARAMETRIC_REPRESENTATION_CONTEXT() REPRESENTATION_CONTEXT('2D SPACE',''
  ) );
#4417 = ORIENTED_EDGE('',*,*,#4368,.F.);
#4418 = ADVANCED_FACE('',(#4419),#1579,.T.);
#4419 = FACE_BOUND('',#4420,.F.);
#4420 = EDGE_LOOP('',(#4421,#4422,#4423,#4443));
#4421 = ORIENTED_EDGE('',*,*,#2099,.T.);
#4422 = ORIENTED_EDGE('',*,*,#1563,.T.);
#4423 = ORIENTED_EDGE('',*,*,#4424,.F.);
#4424 = EDGE_CURVE('',#2125,#1564,#4425,.T.);
#4425 = SURFACE_CURVE('',#4426,(#4431,#4437),.PCURVE_S1.);
#4426 = CIRCLE('',#4427,2.);
#4427 = AXIS2_PLACEMENT_3D('',#4428,#4429,#4430);
#4428 = CARTESIAN_POINT('',(61.9,24.,6.));
#4429 = DIRECTION('',(0.,-1.,-0.));
#4430 = DIRECTION('',(1.,0.,-0.));
#4431 = PCURVE('',#1579,#4432);
#4432 = DEFINITIONAL_REPRESENTATION('',(#4433),#4436);
#4433 = B_SPLINE_CURVE_WITH_KNOTS('',1,(#4434,#4435),.UNSPECIFIED.,.F.,
  .F.,(2,2),(0.,1.570796326795),.PIECEWISE_BEZIER_KNOTS.);
#4434 = CARTESIAN_POINT('',(0.,48.));
#4435 = CARTESIAN_POINT('',(-1.570796326795,48.));
#4436 = ( GEOMETRIC_REPRESENTATION_CONTEXT(2) 
PARAMETRIC_REPRESENTATION_CONTEXT() REPRESENTATION_CONTEXT('2D SPACE',''
  ) );
#4437 = PCURVE('',#1608,#4438);
#4438 = DEFINITIONAL_REPRESENTATION('',(#4439),#4442);
#4439 = B_SPLINE_CURVE_WITH_KNOTS('',1,(#4440,#4441),.UNSPECIFIED.,.F.,
  .F.,(2,2),(0.,1.570796326795),.PIECEWISE_BEZIER_KNOTS.);
#4440 = CARTESIAN_POINT('',(0.,0.));
#4441 = CARTESIAN_POINT('',(0.,1.570796326795));
#4442 = ( GEOMETRIC_REPRESENTATION_CONTEXT(2) 
PARAMETRIC_REPRESENTATION_CONTEXT() REPRESENTATION_CONTEXT('2D SPACE',''
  ) );
#4443 = ORIENTED_EDGE('',*,*,#2124,.F.);
#4444 = ADVANCED_FACE('',(#4445),#1665,.T.);
#4445 = FACE_BOUND('',#4446,.T.);
#4446 = EDGE_LOOP('',(#4447,#4467,#4468,#4469));
#4447 = ORIENTED_EDGE('',*,*,#4448,.F.);
#4448 = EDGE_CURVE('',#2253,#1621,#4449,.T.);
#4449 = SURFACE_CURVE('',#4450,(#4455,#4461),.PCURVE_S1.);
#4450 = CIRCLE('',#4451,2.);
#4451 = AXIS2_PLACEMENT_3D('',#4452,#4453,#4454);
#4452 = CARTESIAN_POINT('',(-54.,31.9,6.));
#4453 = DIRECTION('',(1.,0.,-0.));
#4454 = DIRECTION('',(0.,1.,0.));
#4455 = PCURVE('',#1665,#4456);
#4456 = DEFINITIONAL_REPRESENTATION('',(#4457),#4460);
#4457 = B_SPLINE_CURVE_WITH_KNOTS('',1,(#4458,#4459),.UNSPECIFIED.,.F.,
  .F.,(2,2),(0.,1.570796326795),.PIECEWISE_BEZIER_KNOTS.);
#4458 = CARTESIAN_POINT('',(0.,0.));
#4459 = CARTESIAN_POINT('',(0.,1.570796326795));
#4460 = ( GEOMETRIC_REPRESENTATION_CONTEXT(2) 
PARAMETRIC_REPRESENTATION_CONTEXT() REPRESENTATION_CONTEXT('2D SPACE',''
  ) );
#4461 = PCURVE('',#1636,#4462);
#4462 = DEFINITIONAL_REPRESENTATION('',(#4463),#4466);
#4463 = B_SPLINE_CURVE_WITH_KNOTS('',1,(#4464,#4465),.UNSPECIFIED.,.F.,
  .F.,(2,2),(0.,1.570796326795),.PIECEWISE_BEZIER_KNOTS.);
#4464 = CARTESIAN_POINT('',(0.,108.));
#4465 = CARTESIAN_POINT('',(-1.570796326795,108.));
#4466 = ( GEOMETRIC_REPRESENTATION_CONTEXT(2) 
PARAMETRIC_REPRESENTATION_CONTEXT() REPRESENTATION_CONTEXT('2D SPACE',''
  ) );
#4467 = ORIENTED_EDGE('',*,*,#2303,.T.);
#4468 = ORIENTED_EDGE('',*,*,#2224,.T.);
#4469 = ORIENTED_EDGE('',*,*,#1648,.F.);
#4470 = ADVANCED_FACE('',(#4471),#1608,.T.);
#4471 = FACE_BOUND('',#4472,.T.);
#4472 = EDGE_LOOP('',(#4473,#4474,#4498,#4518));
#4473 = ORIENTED_EDGE('',*,*,#4424,.F.);
#4474 = ORIENTED_EDGE('',*,*,#4475,.T.);
#4475 = EDGE_CURVE('',#2125,#4476,#4478,.T.);
#4476 = VERTEX_POINT('',#4477);
#4477 = CARTESIAN_POINT('',(54.,33.9,6.));
#4478 = SURFACE_CURVE('',#4479,(#4484,#4491),.PCURVE_S1.);
#4479 = CIRCLE('',#4480,9.9);
#4480 = AXIS2_PLACEMENT_3D('',#4481,#4482,#4483);
#4481 = CARTESIAN_POINT('',(54.,24.,6.));
#4482 = DIRECTION('',(0.,0.,1.));
#4483 = DIRECTION('',(1.,0.,-0.));
#4484 = PCURVE('',#1608,#4485);
#4485 = DEFINITIONAL_REPRESENTATION('',(#4486),#4490);
#4486 = LINE('',#4487,#4488);
#4487 = CARTESIAN_POINT('',(0.,0.));
#4488 = VECTOR('',#4489,1.);
#4489 = DIRECTION('',(1.,0.));
#4490 = ( GEOMETRIC_REPRESENTATION_CONTEXT(2) 
PARAMETRIC_REPRESENTATION_CONTEXT() REPRESENTATION_CONTEXT('2D SPACE',''
  ) );
#4491 = PCURVE('',#2163,#4492);
#4492 = DEFINITIONAL_REPRESENTATION('',(#4493),#4497);
#4493 = LINE('',#4494,#4495);
#4494 = CARTESIAN_POINT('',(0.,6.));
#4495 = VECTOR('',#4496,1.);
#4496 = DIRECTION('',(1.,0.));
#4497 = ( GEOMETRIC_REPRESENTATION_CONTEXT(2) 
PARAMETRIC_REPRESENTATION_CONTEXT() REPRESENTATION_CONTEXT('2D SPACE',''
  ) );
#4498 = ORIENTED_EDGE('',*,*,#4499,.T.);
#4499 = EDGE_CURVE('',#4476,#1592,#4500,.T.);
#4500 = SURFACE_CURVE('',#4501,(#4506,#4512),.PCURVE_S1.);
#4501 = CIRCLE('',#4502,2.);
#4502 = AXIS2_PLACEMENT_3D('',#4503,#4504,#4505);
#4503 = CARTESIAN_POINT('',(54.,31.9,6.));
#4504 = DIRECTION('',(1.,-6.123233995737E-17,0.));
#4505 = DIRECTION('',(6.123233995737E-17,1.,0.));
#4506 = PCURVE('',#1608,#4507);
#4507 = DEFINITIONAL_REPRESENTATION('',(#4508),#4511);
#4508 = B_SPLINE_CURVE_WITH_KNOTS('',1,(#4509,#4510),.UNSPECIFIED.,.F.,
  .F.,(2,2),(0.,1.570796326795),.PIECEWISE_BEZIER_KNOTS.);
#4509 = CARTESIAN_POINT('',(1.570796326795,0.));
#4510 = CARTESIAN_POINT('',(1.570796326795,1.570796326795));
#4511 = ( GEOMETRIC_REPRESENTATION_CONTEXT(2) 
PARAMETRIC_REPRESENTATION_CONTEXT() REPRESENTATION_CONTEXT('2D SPACE',''
  ) );
#4512 = PCURVE('',#1636,#4513);
#4513 = DEFINITIONAL_REPRESENTATION('',(#4514),#4517);
#4514 = B_SPLINE_CURVE_WITH_KNOTS('',1,(#4515,#4516),.UNSPECIFIED.,.F.,
  .F.,(2,2),(0.,1.570796326795),.PIECEWISE_BEZIER_KNOTS.);
#4515 = CARTESIAN_POINT('',(0.,0.));
#4516 = CARTESIAN_POINT('',(-1.570796326795,0.));
#4517 = ( GEOMETRIC_REPRESENTATION_CONTEXT(2) 
PARAMETRIC_REPRESENTATION_CONTEXT() REPRESENTATION_CONTEXT('2D SPACE',''
  ) );
#4518 = ORIENTED_EDGE('',*,*,#1591,.F.);
#4519 = ADVANCED_FACE('',(#4520),#1636,.T.);
#4520 = FACE_BOUND('',#4521,.F.);
#4521 = EDGE_LOOP('',(#4522,#4523,#4524,#4525));
#4522 = ORIENTED_EDGE('',*,*,#4499,.T.);
#4523 = ORIENTED_EDGE('',*,*,#1620,.T.);
#4524 = ORIENTED_EDGE('',*,*,#4448,.F.);
#4525 = ORIENTED_EDGE('',*,*,#4526,.F.);
#4526 = EDGE_CURVE('',#4476,#2253,#4527,.T.);
#4527 = SURFACE_CURVE('',#4528,(#4532,#4539),.PCURVE_S1.);
#4528 = LINE('',#4529,#4530);
#4529 = CARTESIAN_POINT('',(54.,33.9,6.));
#4530 = VECTOR('',#4531,1.);
#4531 = DIRECTION('',(-1.,0.,0.));
#4532 = PCURVE('',#1636,#4533);
#4533 = DEFINITIONAL_REPRESENTATION('',(#4534),#4538);
#4534 = LINE('',#4535,#4536);
#4535 = CARTESIAN_POINT('',(-0.,0.));
#4536 = VECTOR('',#4537,1.);
#4537 = DIRECTION('',(-0.,1.));
#4538 = ( GEOMETRIC_REPRESENTATION_CONTEXT(2) 
PARAMETRIC_REPRESENTATION_CONTEXT() REPRESENTATION_CONTEXT('2D SPACE',''
  ) );
#4539 = PCURVE('',#2268,#4540);
#4540 = DEFINITIONAL_REPRESENTATION('',(#4541),#4545);
#4541 = LINE('',#4542,#4543);
#4542 = CARTESIAN_POINT('',(9.9,-6.));
#4543 = VECTOR('',#4544,1.);
#4544 = DIRECTION('',(1.,0.));
#4545 = ( GEOMETRIC_REPRESENTATION_CONTEXT(2) 
PARAMETRIC_REPRESENTATION_CONTEXT() REPRESENTATION_CONTEXT('2D SPACE',''
  ) );
#4546 = ADVANCED_FACE('',(#4547),#1722,.F.);
#4547 = FACE_BOUND('',#4548,.T.);
#4548 = EDGE_LOOP('',(#4549,#4578,#4599,#4600));
#4549 = ORIENTED_EDGE('',*,*,#4550,.F.);
#4550 = EDGE_CURVE('',#4551,#4551,#4553,.T.);
#4551 = VERTEX_POINT('',#4552);
#4552 = CARTESIAN_POINT('',(-13.935,0.,7.7));
#4553 = SURFACE_CURVE('',#4554,(#4559,#4566),.PCURVE_S1.);
#4554 = CIRCLE('',#4555,1.5);
#4555 = AXIS2_PLACEMENT_3D('',#4556,#4557,#4558);
#4556 = CARTESIAN_POINT('',(-15.435,0.,7.7));
#4557 = DIRECTION('',(0.,0.,1.));
#4558 = DIRECTION('',(1.,0.,0.));
#4559 = PCURVE('',#1722,#4560);
#4560 = DEFINITIONAL_REPRESENTATION('',(#4561),#4565);
#4561 = LINE('',#4562,#4563);
#4562 = CARTESIAN_POINT('',(-0.,0.));
#4563 = VECTOR('',#4564,1.);
#4564 = DIRECTION('',(-1.,0.));
#4565 = ( GEOMETRIC_REPRESENTATION_CONTEXT(2) 
PARAMETRIC_REPRESENTATION_CONTEXT() REPRESENTATION_CONTEXT('2D SPACE',''
  ) );
#4566 = PCURVE('',#4567,#4572);
#4567 = PLANE('',#4568);
#4568 = AXIS2_PLACEMENT_3D('',#4569,#4570,#4571);
#4569 = CARTESIAN_POINT('',(-15.435,1.096976766101E-16,7.7));
#4570 = DIRECTION('',(0.,0.,1.));
#4571 = DIRECTION('',(1.,0.,-0.));
#4572 = DEFINITIONAL_REPRESENTATION('',(#4573),#4577);
#4573 = CIRCLE('',#4574,1.5);
#4574 = AXIS2_PLACEMENT_2D('',#4575,#4576);
#4575 = CARTESIAN_POINT('',(-1.7763568394E-15,-1.096976766101E-16));
#4576 = DIRECTION('',(1.,0.));
#4577 = ( GEOMETRIC_REPRESENTATION_CONTEXT(2) 
PARAMETRIC_REPRESENTATION_CONTEXT() REPRESENTATION_CONTEXT('2D SPACE',''
  ) );
#4578 = ORIENTED_EDGE('',*,*,#4579,.T.);
#4579 = EDGE_CURVE('',#4551,#1702,#4580,.T.);
#4580 = SEAM_CURVE('',#4581,(#4585,#4592),.PCURVE_S1.);
#4581 = LINE('',#4582,#4583);
#4582 = CARTESIAN_POINT('',(-13.935,0.,7.7));
#4583 = VECTOR('',#4584,1.);
#4584 = DIRECTION('',(0.,0.,1.));
#4585 = PCURVE('',#1722,#4586);
#4586 = DEFINITIONAL_REPRESENTATION('',(#4587),#4591);
#4587 = LINE('',#4588,#4589);
#4588 = CARTESIAN_POINT('',(-6.28318530718,0.));
#4589 = VECTOR('',#4590,1.);
#4590 = DIRECTION('',(-0.,-1.));
#4591 = ( GEOMETRIC_REPRESENTATION_CONTEXT(2) 
PARAMETRIC_REPRESENTATION_CONTEXT() REPRESENTATION_CONTEXT('2D SPACE',''
  ) );
#4592 = PCURVE('',#1722,#4593);
#4593 = DEFINITIONAL_REPRESENTATION('',(#4594),#4598);
#4594 = LINE('',#4595,#4596);
#4595 = CARTESIAN_POINT('',(-0.,0.));
#4596 = VECTOR('',#4597,1.);
#4597 = DIRECTION('',(-0.,-1.));
#4598 = ( GEOMETRIC_REPRESENTATION_CONTEXT(2) 
PARAMETRIC_REPRESENTATION_CONTEXT() REPRESENTATION_CONTEXT('2D SPACE',''
  ) );
#4599 = ORIENTED_EDGE('',*,*,#1701,.F.);
#4600 = ORIENTED_EDGE('',*,*,#4579,.F.);
#4601 = ADVANCED_FACE('',(#4602),#1753,.T.);
#4602 = FACE_BOUND('',#4603,.T.);
#4603 = EDGE_LOOP('',(#4604,#4605,#4626,#4654));
#4604 = ORIENTED_EDGE('',*,*,#1736,.F.);
#4605 = ORIENTED_EDGE('',*,*,#4606,.T.);
#4606 = EDGE_CURVE('',#1737,#4607,#4609,.T.);
#4607 = VERTEX_POINT('',#4608);
#4608 = CARTESIAN_POINT('',(-13.4848401164,2.785116950583,7.7));
#4609 = SURFACE_CURVE('',#4610,(#4614,#4620),.PCURVE_S1.);
#4610 = LINE('',#4611,#4612);
#4611 = CARTESIAN_POINT('',(-13.4848401164,2.785116950583,7.7));
#4612 = VECTOR('',#4613,1.);
#4613 = DIRECTION('',(-0.,-0.,-1.));
#4614 = PCURVE('',#1753,#4615);
#4615 = DEFINITIONAL_REPRESENTATION('',(#4616),#4619);
#4616 = B_SPLINE_CURVE_WITH_KNOTS('',1,(#4617,#4618),.UNSPECIFIED.,.F.,
  .F.,(2,2),(-0.4000006,5.999999999062E-07),.PIECEWISE_BEZIER_KNOTS.);
#4617 = CARTESIAN_POINT('',(3.4,0.4000006));
#4618 = CARTESIAN_POINT('',(3.4,-5.999999999062E-07));
#4619 = ( GEOMETRIC_REPRESENTATION_CONTEXT(2) 
PARAMETRIC_REPRESENTATION_CONTEXT() REPRESENTATION_CONTEXT('2D SPACE',''
  ) );
#4620 = PCURVE('',#1842,#4621);
#4621 = DEFINITIONAL_REPRESENTATION('',(#4622),#4625);
#4622 = B_SPLINE_CURVE_WITH_KNOTS('',1,(#4623,#4624),.UNSPECIFIED.,.F.,
  .F.,(2,2),(-0.4,0.),.PIECEWISE_BEZIER_KNOTS.);
#4623 = CARTESIAN_POINT('',(-7.243116395776,-0.4));
#4624 = CARTESIAN_POINT('',(-7.243116395776,0.));
#4625 = ( GEOMETRIC_REPRESENTATION_CONTEXT(2) 
PARAMETRIC_REPRESENTATION_CONTEXT() REPRESENTATION_CONTEXT('2D SPACE',''
  ) );
#4626 = ORIENTED_EDGE('',*,*,#4627,.T.);
#4627 = EDGE_CURVE('',#4607,#4628,#4630,.T.);
#4628 = VERTEX_POINT('',#4629);
#4629 = CARTESIAN_POINT('',(-12.3376872437,4.423421039161,7.7));
#4630 = SURFACE_CURVE('',#4631,(#4635,#4642),.PCURVE_S1.);
#4631 = LINE('',#4632,#4633);
#4632 = CARTESIAN_POINT('',(-15.435,1.7763568394E-15,7.7));
#4633 = VECTOR('',#4634,1.);
#4634 = DIRECTION('',(0.573576436351,0.819152044289,0.));
#4635 = PCURVE('',#1753,#4636);
#4636 = DEFINITIONAL_REPRESENTATION('',(#4637),#4641);
#4637 = LINE('',#4638,#4639);
#4638 = CARTESIAN_POINT('',(0.,0.));
#4639 = VECTOR('',#4640,1.);
#4640 = DIRECTION('',(1.,0.));
#4641 = ( GEOMETRIC_REPRESENTATION_CONTEXT(2) 
PARAMETRIC_REPRESENTATION_CONTEXT() REPRESENTATION_CONTEXT('2D SPACE',''
  ) );
#4642 = PCURVE('',#4643,#4648);
#4643 = PLANE('',#4644);
#4644 = AXIS2_PLACEMENT_3D('',#4645,#4646,#4647);
#4645 = CARTESIAN_POINT('',(-15.435,3.279323032744E-17,7.7));
#4646 = DIRECTION('',(0.,0.,1.));
#4647 = DIRECTION('',(1.,0.,-0.));
#4648 = DEFINITIONAL_REPRESENTATION('',(#4649),#4653);
#4649 = LINE('',#4650,#4651);
#4650 = CARTESIAN_POINT('',(-3.552713678801E-15,1.743563609073E-15));
#4651 = VECTOR('',#4652,1.);
#4652 = DIRECTION('',(0.573576436351,0.819152044289));
#4653 = ( GEOMETRIC_REPRESENTATION_CONTEXT(2) 
PARAMETRIC_REPRESENTATION_CONTEXT() REPRESENTATION_CONTEXT('2D SPACE',''
  ) );
#4654 = ORIENTED_EDGE('',*,*,#4655,.F.);
#4655 = EDGE_CURVE('',#1739,#4628,#4656,.T.);
#4656 = SURFACE_CURVE('',#4657,(#4661,#4667),.PCURVE_S1.);
#4657 = LINE('',#4658,#4659);
#4658 = CARTESIAN_POINT('',(-12.3376872437,4.423421039161,7.7));
#4659 = VECTOR('',#4660,1.);
#4660 = DIRECTION('',(-0.,-0.,-1.));
#4661 = PCURVE('',#1753,#4662);
#4662 = DEFINITIONAL_REPRESENTATION('',(#4663),#4666);
#4663 = B_SPLINE_CURVE_WITH_KNOTS('',1,(#4664,#4665),.UNSPECIFIED.,.F.,
  .F.,(2,2),(-0.4000006,5.999999999062E-07),.PIECEWISE_BEZIER_KNOTS.);
#4664 = CARTESIAN_POINT('',(5.4,0.4000006));
#4665 = CARTESIAN_POINT('',(5.4,-5.999999999062E-07));
#4666 = ( GEOMETRIC_REPRESENTATION_CONTEXT(2) 
PARAMETRIC_REPRESENTATION_CONTEXT() REPRESENTATION_CONTEXT('2D SPACE',''
  ) );
#4667 = PCURVE('',#1785,#4668);
#4668 = DEFINITIONAL_REPRESENTATION('',(#4669),#4672);
#4669 = B_SPLINE_CURVE_WITH_KNOTS('',1,(#4670,#4671),.UNSPECIFIED.,.F.,
  .F.,(2,2),(-0.4,0.),.PIECEWISE_BEZIER_KNOTS.);
#4670 = CARTESIAN_POINT('',(-7.243116395776,-0.4));
#4671 = CARTESIAN_POINT('',(-7.243116395776,0.));
#4672 = ( GEOMETRIC_REPRESENTATION_CONTEXT(2) 
PARAMETRIC_REPRESENTATION_CONTEXT() REPRESENTATION_CONTEXT('2D SPACE',''
  ) );
#4673 = ADVANCED_FACE('',(#4674),#1842,.T.);
#4674 = FACE_BOUND('',#4675,.F.);
#4675 = EDGE_LOOP('',(#4676,#4677,#4678,#4702));
#4676 = ORIENTED_EDGE('',*,*,#1823,.F.);
#4677 = ORIENTED_EDGE('',*,*,#4606,.T.);
#4678 = ORIENTED_EDGE('',*,*,#4679,.F.);
#4679 = EDGE_CURVE('',#4680,#4607,#4682,.T.);
#4680 = VERTEX_POINT('',#4681);
#4681 = CARTESIAN_POINT('',(-13.4848401164,-2.785116950583,7.7));
#4682 = SURFACE_CURVE('',#4683,(#4688,#4695),.PCURVE_S1.);
#4683 = CIRCLE('',#4684,3.4);
#4684 = AXIS2_PLACEMENT_3D('',#4685,#4686,#4687);
#4685 = CARTESIAN_POINT('',(-15.435,-1.233581138472E-16,7.7));
#4686 = DIRECTION('',(0.,0.,1.));
#4687 = DIRECTION('',(0.573576436351,-0.819152044289,0.));
#4688 = PCURVE('',#1842,#4689);
#4689 = DEFINITIONAL_REPRESENTATION('',(#4690),#4694);
#4690 = LINE('',#4691,#4692);
#4691 = CARTESIAN_POINT('',(-5.323254218583,0.));
#4692 = VECTOR('',#4693,1.);
#4693 = DIRECTION('',(-1.,0.));
#4694 = ( GEOMETRIC_REPRESENTATION_CONTEXT(2) 
PARAMETRIC_REPRESENTATION_CONTEXT() REPRESENTATION_CONTEXT('2D SPACE',''
  ) );
#4695 = PCURVE('',#4643,#4696);
#4696 = DEFINITIONAL_REPRESENTATION('',(#4697),#4701);
#4697 = CIRCLE('',#4698,3.4);
#4698 = AXIS2_PLACEMENT_2D('',#4699,#4700);
#4699 = CARTESIAN_POINT('',(2.30926389122E-14,-1.561513441747E-16));
#4700 = DIRECTION('',(0.573576436351,-0.819152044289));
#4701 = ( GEOMETRIC_REPRESENTATION_CONTEXT(2) 
PARAMETRIC_REPRESENTATION_CONTEXT() REPRESENTATION_CONTEXT('2D SPACE',''
  ) );
#4702 = ORIENTED_EDGE('',*,*,#4703,.F.);
#4703 = EDGE_CURVE('',#1798,#4680,#4704,.T.);
#4704 = SURFACE_CURVE('',#4705,(#4709,#4715),.PCURVE_S1.);
#4705 = LINE('',#4706,#4707);
#4706 = CARTESIAN_POINT('',(-13.4848401164,-2.785116950583,7.7));
#4707 = VECTOR('',#4708,1.);
#4708 = DIRECTION('',(-0.,-0.,-1.));
#4709 = PCURVE('',#1842,#4710);
#4710 = DEFINITIONAL_REPRESENTATION('',(#4711),#4714);
#4711 = B_SPLINE_CURVE_WITH_KNOTS('',1,(#4712,#4713),.UNSPECIFIED.,.F.,
  .F.,(2,2),(-0.4,0.),.PIECEWISE_BEZIER_KNOTS.);
#4712 = CARTESIAN_POINT('',(-5.323254218583,-0.4));
#4713 = CARTESIAN_POINT('',(-5.323254218583,0.));
#4714 = ( GEOMETRIC_REPRESENTATION_CONTEXT(2) 
PARAMETRIC_REPRESENTATION_CONTEXT() REPRESENTATION_CONTEXT('2D SPACE',''
  ) );
#4715 = PCURVE('',#1812,#4716);
#4716 = DEFINITIONAL_REPRESENTATION('',(#4717),#4720);
#4717 = B_SPLINE_CURVE_WITH_KNOTS('',1,(#4718,#4719),.UNSPECIFIED.,.F.,
  .F.,(2,2),(-0.4000006,5.999999999062E-07),.PIECEWISE_BEZIER_KNOTS.);
#4718 = CARTESIAN_POINT('',(3.4,0.4000006));
#4719 = CARTESIAN_POINT('',(3.4,-5.999999999062E-07));
#4720 = ( GEOMETRIC_REPRESENTATION_CONTEXT(2) 
PARAMETRIC_REPRESENTATION_CONTEXT() REPRESENTATION_CONTEXT('2D SPACE',''
  ) );
#4721 = ADVANCED_FACE('',(#4722),#1812,.F.);
#4722 = FACE_BOUND('',#4723,.F.);
#4723 = EDGE_LOOP('',(#4724,#4725,#4726,#4749));
#4724 = ORIENTED_EDGE('',*,*,#1797,.F.);
#4725 = ORIENTED_EDGE('',*,*,#4703,.T.);
#4726 = ORIENTED_EDGE('',*,*,#4727,.T.);
#4727 = EDGE_CURVE('',#4680,#4728,#4730,.T.);
#4728 = VERTEX_POINT('',#4729);
#4729 = CARTESIAN_POINT('',(-12.3376872437,-4.423421039161,7.7));
#4730 = SURFACE_CURVE('',#4731,(#4735,#4742),.PCURVE_S1.);
#4731 = LINE('',#4732,#4733);
#4732 = CARTESIAN_POINT('',(-15.435,0.,7.7));
#4733 = VECTOR('',#4734,1.);
#4734 = DIRECTION('',(0.573576436351,-0.819152044289,0.));
#4735 = PCURVE('',#1812,#4736);
#4736 = DEFINITIONAL_REPRESENTATION('',(#4737),#4741);
#4737 = LINE('',#4738,#4739);
#4738 = CARTESIAN_POINT('',(0.,0.));
#4739 = VECTOR('',#4740,1.);
#4740 = DIRECTION('',(1.,0.));
#4741 = ( GEOMETRIC_REPRESENTATION_CONTEXT(2) 
PARAMETRIC_REPRESENTATION_CONTEXT() REPRESENTATION_CONTEXT('2D SPACE',''
  ) );
#4742 = PCURVE('',#4643,#4743);
#4743 = DEFINITIONAL_REPRESENTATION('',(#4744),#4748);
#4744 = LINE('',#4745,#4746);
#4745 = CARTESIAN_POINT('',(-1.7763568394E-15,-3.279323032744E-17));
#4746 = VECTOR('',#4747,1.);
#4747 = DIRECTION('',(0.573576436351,-0.819152044289));
#4748 = ( GEOMETRIC_REPRESENTATION_CONTEXT(2) 
PARAMETRIC_REPRESENTATION_CONTEXT() REPRESENTATION_CONTEXT('2D SPACE',''
  ) );
#4749 = ORIENTED_EDGE('',*,*,#4750,.F.);
#4750 = EDGE_CURVE('',#1765,#4728,#4751,.T.);
#4751 = SURFACE_CURVE('',#4752,(#4756,#4762),.PCURVE_S1.);
#4752 = LINE('',#4753,#4754);
#4753 = CARTESIAN_POINT('',(-12.3376872437,-4.423421039161,7.7));
#4754 = VECTOR('',#4755,1.);
#4755 = DIRECTION('',(-0.,-0.,-1.));
#4756 = PCURVE('',#1812,#4757);
#4757 = DEFINITIONAL_REPRESENTATION('',(#4758),#4761);
#4758 = B_SPLINE_CURVE_WITH_KNOTS('',1,(#4759,#4760),.UNSPECIFIED.,.F.,
  .F.,(2,2),(-0.4000006,5.999999999062E-07),.PIECEWISE_BEZIER_KNOTS.);
#4759 = CARTESIAN_POINT('',(5.4,0.4000006));
#4760 = CARTESIAN_POINT('',(5.4,-5.999999999062E-07));
#4761 = ( GEOMETRIC_REPRESENTATION_CONTEXT(2) 
PARAMETRIC_REPRESENTATION_CONTEXT() REPRESENTATION_CONTEXT('2D SPACE',''
  ) );
#4762 = PCURVE('',#1785,#4763);
#4763 = DEFINITIONAL_REPRESENTATION('',(#4764),#4767);
#4764 = B_SPLINE_CURVE_WITH_KNOTS('',1,(#4765,#4766),.UNSPECIFIED.,.F.,
  .F.,(2,2),(-0.4,-0.),.PIECEWISE_BEZIER_KNOTS.);
#4765 = CARTESIAN_POINT('',(-5.323254218583,-0.4));
#4766 = CARTESIAN_POINT('',(-5.323254218583,0.));
#4767 = ( GEOMETRIC_REPRESENTATION_CONTEXT(2) 
PARAMETRIC_REPRESENTATION_CONTEXT() REPRESENTATION_CONTEXT('2D SPACE',''
  ) );
#4768 = ADVANCED_FACE('',(#4769),#1785,.F.);
#4769 = FACE_BOUND('',#4770,.T.);
#4770 = EDGE_LOOP('',(#4771,#4793,#4794,#4795));
#4771 = ORIENTED_EDGE('',*,*,#4772,.F.);
#4772 = EDGE_CURVE('',#4728,#4628,#4773,.T.);
#4773 = SURFACE_CURVE('',#4774,(#4779,#4786),.PCURVE_S1.);
#4774 = CIRCLE('',#4775,5.4);
#4775 = AXIS2_PLACEMENT_3D('',#4776,#4777,#4778);
#4776 = CARTESIAN_POINT('',(-15.435,0.,7.7));
#4777 = DIRECTION('',(0.,0.,1.));
#4778 = DIRECTION('',(0.573576436351,-0.819152044289,0.));
#4779 = PCURVE('',#1785,#4780);
#4780 = DEFINITIONAL_REPRESENTATION('',(#4781),#4785);
#4781 = LINE('',#4782,#4783);
#4782 = CARTESIAN_POINT('',(-5.323254218583,0.));
#4783 = VECTOR('',#4784,1.);
#4784 = DIRECTION('',(-1.,0.));
#4785 = ( GEOMETRIC_REPRESENTATION_CONTEXT(2) 
PARAMETRIC_REPRESENTATION_CONTEXT() REPRESENTATION_CONTEXT('2D SPACE',''
  ) );
#4786 = PCURVE('',#4643,#4787);
#4787 = DEFINITIONAL_REPRESENTATION('',(#4788),#4792);
#4788 = CIRCLE('',#4789,5.4);
#4789 = AXIS2_PLACEMENT_2D('',#4790,#4791);
#4790 = CARTESIAN_POINT('',(-1.7763568394E-15,-3.279323032744E-17));
#4791 = DIRECTION('',(0.573576436351,-0.819152044289));
#4792 = ( GEOMETRIC_REPRESENTATION_CONTEXT(2) 
PARAMETRIC_REPRESENTATION_CONTEXT() REPRESENTATION_CONTEXT('2D SPACE',''
  ) );
#4793 = ORIENTED_EDGE('',*,*,#4750,.F.);
#4794 = ORIENTED_EDGE('',*,*,#1764,.F.);
#4795 = ORIENTED_EDGE('',*,*,#4655,.T.);
#4796 = ADVANCED_FACE('',(#4797),#1873,.T.);
#4797 = FACE_BOUND('',#4798,.T.);
#4798 = EDGE_LOOP('',(#4799,#4800,#4821,#4849));
#4799 = ORIENTED_EDGE('',*,*,#1856,.F.);
#4800 = ORIENTED_EDGE('',*,*,#4801,.T.);
#4801 = EDGE_CURVE('',#1857,#4802,#4804,.T.);
#4802 = VERTEX_POINT('',#4803);
#4803 = CARTESIAN_POINT('',(-11.190534371,6.061725127739,7.7));
#4804 = SURFACE_CURVE('',#4805,(#4809,#4815),.PCURVE_S1.);
#4805 = LINE('',#4806,#4807);
#4806 = CARTESIAN_POINT('',(-11.190534371,6.061725127739,7.7));
#4807 = VECTOR('',#4808,1.);
#4808 = DIRECTION('',(-0.,-0.,-1.));
#4809 = PCURVE('',#1873,#4810);
#4810 = DEFINITIONAL_REPRESENTATION('',(#4811),#4814);
#4811 = B_SPLINE_CURVE_WITH_KNOTS('',1,(#4812,#4813),.UNSPECIFIED.,.F.,
  .F.,(2,2),(-0.4000006,5.999999999062E-07),.PIECEWISE_BEZIER_KNOTS.);
#4812 = CARTESIAN_POINT('',(7.4,0.4000006));
#4813 = CARTESIAN_POINT('',(7.4,-5.999999999062E-07));
#4814 = ( GEOMETRIC_REPRESENTATION_CONTEXT(2) 
PARAMETRIC_REPRESENTATION_CONTEXT() REPRESENTATION_CONTEXT('2D SPACE',''
  ) );
#4815 = PCURVE('',#1962,#4816);
#4816 = DEFINITIONAL_REPRESENTATION('',(#4817),#4820);
#4817 = B_SPLINE_CURVE_WITH_KNOTS('',1,(#4818,#4819),.UNSPECIFIED.,.F.,
  .F.,(2,2),(-0.4,0.),.PIECEWISE_BEZIER_KNOTS.);
#4818 = CARTESIAN_POINT('',(-7.243116395776,-0.4));
#4819 = CARTESIAN_POINT('',(-7.243116395776,0.));
#4820 = ( GEOMETRIC_REPRESENTATION_CONTEXT(2) 
PARAMETRIC_REPRESENTATION_CONTEXT() REPRESENTATION_CONTEXT('2D SPACE',''
  ) );
#4821 = ORIENTED_EDGE('',*,*,#4822,.T.);
#4822 = EDGE_CURVE('',#4802,#4823,#4825,.T.);
#4823 = VERTEX_POINT('',#4824);
#4824 = CARTESIAN_POINT('',(-10.0433814983,7.700029216317,7.7));
#4825 = SURFACE_CURVE('',#4826,(#4830,#4837),.PCURVE_S1.);
#4826 = LINE('',#4827,#4828);
#4827 = CARTESIAN_POINT('',(-15.435,1.7763568394E-15,7.7));
#4828 = VECTOR('',#4829,1.);
#4829 = DIRECTION('',(0.573576436351,0.819152044289,0.));
#4830 = PCURVE('',#1873,#4831);
#4831 = DEFINITIONAL_REPRESENTATION('',(#4832),#4836);
#4832 = LINE('',#4833,#4834);
#4833 = CARTESIAN_POINT('',(0.,0.));
#4834 = VECTOR('',#4835,1.);
#4835 = DIRECTION('',(1.,0.));
#4836 = ( GEOMETRIC_REPRESENTATION_CONTEXT(2) 
PARAMETRIC_REPRESENTATION_CONTEXT() REPRESENTATION_CONTEXT('2D SPACE',''
  ) );
#4837 = PCURVE('',#4838,#4843);
#4838 = PLANE('',#4839);
#4839 = AXIS2_PLACEMENT_3D('',#4840,#4841,#4842);
#4840 = CARTESIAN_POINT('',(-15.435,1.98166754369E-16,7.7));
#4841 = DIRECTION('',(0.,0.,1.));
#4842 = DIRECTION('',(1.,0.,-0.));
#4843 = DEFINITIONAL_REPRESENTATION('',(#4844),#4848);
#4844 = LINE('',#4845,#4846);
#4845 = CARTESIAN_POINT('',(1.7763568394E-15,1.578190085031E-15));
#4846 = VECTOR('',#4847,1.);
#4847 = DIRECTION('',(0.573576436351,0.819152044289));
#4848 = ( GEOMETRIC_REPRESENTATION_CONTEXT(2) 
PARAMETRIC_REPRESENTATION_CONTEXT() REPRESENTATION_CONTEXT('2D SPACE',''
  ) );
#4849 = ORIENTED_EDGE('',*,*,#4850,.F.);
#4850 = EDGE_CURVE('',#1859,#4823,#4851,.T.);
#4851 = SURFACE_CURVE('',#4852,(#4856,#4862),.PCURVE_S1.);
#4852 = LINE('',#4853,#4854);
#4853 = CARTESIAN_POINT('',(-10.0433814983,7.700029216317,7.7));
#4854 = VECTOR('',#4855,1.);
#4855 = DIRECTION('',(-0.,-0.,-1.));
#4856 = PCURVE('',#1873,#4857);
#4857 = DEFINITIONAL_REPRESENTATION('',(#4858),#4861);
#4858 = B_SPLINE_CURVE_WITH_KNOTS('',1,(#4859,#4860),.UNSPECIFIED.,.F.,
  .F.,(2,2),(-0.4000006,5.999999999062E-07),.PIECEWISE_BEZIER_KNOTS.);
#4859 = CARTESIAN_POINT('',(9.4,0.4000006));
#4860 = CARTESIAN_POINT('',(9.4,-5.999999999062E-07));
#4861 = ( GEOMETRIC_REPRESENTATION_CONTEXT(2) 
PARAMETRIC_REPRESENTATION_CONTEXT() REPRESENTATION_CONTEXT('2D SPACE',''
  ) );
#4862 = PCURVE('',#1905,#4863);
#4863 = DEFINITIONAL_REPRESENTATION('',(#4864),#4867);
#4864 = B_SPLINE_CURVE_WITH_KNOTS('',1,(#4865,#4866),.UNSPECIFIED.,.F.,
  .F.,(2,2),(-0.4,0.),.PIECEWISE_BEZIER_KNOTS.);
#4865 = CARTESIAN_POINT('',(-7.243116395776,-0.4));
#4866 = CARTESIAN_POINT('',(-7.243116395776,0.));
#4867 = ( GEOMETRIC_REPRESENTATION_CONTEXT(2) 
PARAMETRIC_REPRESENTATION_CONTEXT() REPRESENTATION_CONTEXT('2D SPACE',''
  ) );
#4868 = ADVANCED_FACE('',(#4869),#1962,.T.);
#4869 = FACE_BOUND('',#4870,.F.);
#4870 = EDGE_LOOP('',(#4871,#4872,#4873,#4897));
#4871 = ORIENTED_EDGE('',*,*,#1943,.F.);
#4872 = ORIENTED_EDGE('',*,*,#4801,.T.);
#4873 = ORIENTED_EDGE('',*,*,#4874,.F.);
#4874 = EDGE_CURVE('',#4875,#4802,#4877,.T.);
#4875 = VERTEX_POINT('',#4876);
#4876 = CARTESIAN_POINT('',(-11.190534371,-6.061725127739,7.7));
#4877 = SURFACE_CURVE('',#4878,(#4883,#4890),.PCURVE_S1.);
#4878 = CIRCLE('',#4879,7.4);
#4879 = AXIS2_PLACEMENT_3D('',#4880,#4881,#4882);
#4880 = CARTESIAN_POINT('',(-15.435,5.669223955533E-16,7.7));
#4881 = DIRECTION('',(0.,0.,1.));
#4882 = DIRECTION('',(0.573576436351,-0.819152044289,0.));
#4883 = PCURVE('',#1962,#4884);
#4884 = DEFINITIONAL_REPRESENTATION('',(#4885),#4889);
#4885 = LINE('',#4886,#4887);
#4886 = CARTESIAN_POINT('',(-5.323254218583,0.));
#4887 = VECTOR('',#4888,1.);
#4888 = DIRECTION('',(-1.,0.));
#4889 = ( GEOMETRIC_REPRESENTATION_CONTEXT(2) 
PARAMETRIC_REPRESENTATION_CONTEXT() REPRESENTATION_CONTEXT('2D SPACE',''
  ) );
#4890 = PCURVE('',#4838,#4891);
#4891 = DEFINITIONAL_REPRESENTATION('',(#4892),#4896);
#4892 = CIRCLE('',#4893,7.4);
#4893 = AXIS2_PLACEMENT_2D('',#4894,#4895);
#4894 = CARTESIAN_POINT('',(4.796163466381E-14,3.687556411842E-16));
#4895 = DIRECTION('',(0.573576436351,-0.819152044289));
#4896 = ( GEOMETRIC_REPRESENTATION_CONTEXT(2) 
PARAMETRIC_REPRESENTATION_CONTEXT() REPRESENTATION_CONTEXT('2D SPACE',''
  ) );
#4897 = ORIENTED_EDGE('',*,*,#4898,.F.);
#4898 = EDGE_CURVE('',#1918,#4875,#4899,.T.);
#4899 = SURFACE_CURVE('',#4900,(#4904,#4910),.PCURVE_S1.);
#4900 = LINE('',#4901,#4902);
#4901 = CARTESIAN_POINT('',(-11.190534371,-6.061725127739,7.7));
#4902 = VECTOR('',#4903,1.);
#4903 = DIRECTION('',(-0.,-0.,-1.));
#4904 = PCURVE('',#1962,#4905);
#4905 = DEFINITIONAL_REPRESENTATION('',(#4906),#4909);
#4906 = B_SPLINE_CURVE_WITH_KNOTS('',1,(#4907,#4908),.UNSPECIFIED.,.F.,
  .F.,(2,2),(-0.4,0.),.PIECEWISE_BEZIER_KNOTS.);
#4907 = CARTESIAN_POINT('',(-5.323254218583,-0.4));
#4908 = CARTESIAN_POINT('',(-5.323254218583,0.));
#4909 = ( GEOMETRIC_REPRESENTATION_CONTEXT(2) 
PARAMETRIC_REPRESENTATION_CONTEXT() REPRESENTATION_CONTEXT('2D SPACE',''
  ) );
#4910 = PCURVE('',#1932,#4911);
#4911 = DEFINITIONAL_REPRESENTATION('',(#4912),#4915);
#4912 = B_SPLINE_CURVE_WITH_KNOTS('',1,(#4913,#4914),.UNSPECIFIED.,.F.,
  .F.,(2,2),(-0.4000006,5.999999999062E-07),.PIECEWISE_BEZIER_KNOTS.);
#4913 = CARTESIAN_POINT('',(7.4,0.4000006));
#4914 = CARTESIAN_POINT('',(7.4,-5.999999999062E-07));
#4915 = ( GEOMETRIC_REPRESENTATION_CONTEXT(2) 
PARAMETRIC_REPRESENTATION_CONTEXT() REPRESENTATION_CONTEXT('2D SPACE',''
  ) );
#4916 = ADVANCED_FACE('',(#4917),#1932,.F.);
#4917 = FACE_BOUND('',#4918,.F.);
#4918 = EDGE_LOOP('',(#4919,#4920,#4921,#4944));
#4919 = ORIENTED_EDGE('',*,*,#1917,.F.);
#4920 = ORIENTED_EDGE('',*,*,#4898,.T.);
#4921 = ORIENTED_EDGE('',*,*,#4922,.T.);
#4922 = EDGE_CURVE('',#4875,#4923,#4925,.T.);
#4923 = VERTEX_POINT('',#4924);
#4924 = CARTESIAN_POINT('',(-10.0433814983,-7.700029216317,7.7));
#4925 = SURFACE_CURVE('',#4926,(#4930,#4937),.PCURVE_S1.);
#4926 = LINE('',#4927,#4928);
#4927 = CARTESIAN_POINT('',(-15.435,0.,7.7));
#4928 = VECTOR('',#4929,1.);
#4929 = DIRECTION('',(0.573576436351,-0.819152044289,0.));
#4930 = PCURVE('',#1932,#4931);
#4931 = DEFINITIONAL_REPRESENTATION('',(#4932),#4936);
#4932 = LINE('',#4933,#4934);
#4933 = CARTESIAN_POINT('',(0.,0.));
#4934 = VECTOR('',#4935,1.);
#4935 = DIRECTION('',(1.,0.));
#4936 = ( GEOMETRIC_REPRESENTATION_CONTEXT(2) 
PARAMETRIC_REPRESENTATION_CONTEXT() REPRESENTATION_CONTEXT('2D SPACE',''
  ) );
#4937 = PCURVE('',#4838,#4938);
#4938 = DEFINITIONAL_REPRESENTATION('',(#4939),#4943);
#4939 = LINE('',#4940,#4941);
#4940 = CARTESIAN_POINT('',(3.552713678801E-15,-1.98166754369E-16));
#4941 = VECTOR('',#4942,1.);
#4942 = DIRECTION('',(0.573576436351,-0.819152044289));
#4943 = ( GEOMETRIC_REPRESENTATION_CONTEXT(2) 
PARAMETRIC_REPRESENTATION_CONTEXT() REPRESENTATION_CONTEXT('2D SPACE',''
  ) );
#4944 = ORIENTED_EDGE('',*,*,#4945,.F.);
#4945 = EDGE_CURVE('',#1885,#4923,#4946,.T.);
#4946 = SURFACE_CURVE('',#4947,(#4951,#4957),.PCURVE_S1.);
#4947 = LINE('',#4948,#4949);
#4948 = CARTESIAN_POINT('',(-10.0433814983,-7.700029216317,7.7));
#4949 = VECTOR('',#4950,1.);
#4950 = DIRECTION('',(-0.,-0.,-1.));
#4951 = PCURVE('',#1932,#4952);
#4952 = DEFINITIONAL_REPRESENTATION('',(#4953),#4956);
#4953 = B_SPLINE_CURVE_WITH_KNOTS('',1,(#4954,#4955),.UNSPECIFIED.,.F.,
  .F.,(2,2),(-0.4000006,5.999999999062E-07),.PIECEWISE_BEZIER_KNOTS.);
#4954 = CARTESIAN_POINT('',(9.4,0.4000006));
#4955 = CARTESIAN_POINT('',(9.4,-5.999999999062E-07));
#4956 = ( GEOMETRIC_REPRESENTATION_CONTEXT(2) 
PARAMETRIC_REPRESENTATION_CONTEXT() REPRESENTATION_CONTEXT('2D SPACE',''
  ) );
#4957 = PCURVE('',#1905,#4958);
#4958 = DEFINITIONAL_REPRESENTATION('',(#4959),#4962);
#4959 = B_SPLINE_CURVE_WITH_KNOTS('',1,(#4960,#4961),.UNSPECIFIED.,.F.,
  .F.,(2,2),(-0.4,0.),.PIECEWISE_BEZIER_KNOTS.);
#4960 = CARTESIAN_POINT('',(-5.323254218583,-0.4));
#4961 = CARTESIAN_POINT('',(-5.323254218583,0.));
#4962 = ( GEOMETRIC_REPRESENTATION_CONTEXT(2) 
PARAMETRIC_REPRESENTATION_CONTEXT() REPRESENTATION_CONTEXT('2D SPACE',''
  ) );
#4963 = ADVANCED_FACE('',(#4964),#1905,.F.);
#4964 = FACE_BOUND('',#4965,.T.);
#4965 = EDGE_LOOP('',(#4966,#4988,#4989,#4990));
#4966 = ORIENTED_EDGE('',*,*,#4967,.F.);
#4967 = EDGE_CURVE('',#4923,#4823,#4968,.T.);
#4968 = SURFACE_CURVE('',#4969,(#4974,#4981),.PCURVE_S1.);
#4969 = CIRCLE('',#4970,9.4);
#4970 = AXIS2_PLACEMENT_3D('',#4971,#4972,#4973);
#4971 = CARTESIAN_POINT('',(-15.435,0.,7.7));
#4972 = DIRECTION('',(0.,0.,1.));
#4973 = DIRECTION('',(0.573576436351,-0.819152044289,0.));
#4974 = PCURVE('',#1905,#4975);
#4975 = DEFINITIONAL_REPRESENTATION('',(#4976),#4980);
#4976 = LINE('',#4977,#4978);
#4977 = CARTESIAN_POINT('',(-5.323254218583,0.));
#4978 = VECTOR('',#4979,1.);
#4979 = DIRECTION('',(-1.,0.));
#4980 = ( GEOMETRIC_REPRESENTATION_CONTEXT(2) 
PARAMETRIC_REPRESENTATION_CONTEXT() REPRESENTATION_CONTEXT('2D SPACE',''
  ) );
#4981 = PCURVE('',#4838,#4982);
#4982 = DEFINITIONAL_REPRESENTATION('',(#4983),#4987);
#4983 = CIRCLE('',#4984,9.4);
#4984 = AXIS2_PLACEMENT_2D('',#4985,#4986);
#4985 = CARTESIAN_POINT('',(3.552713678801E-15,-1.98166754369E-16));
#4986 = DIRECTION('',(0.573576436351,-0.819152044289));
#4987 = ( GEOMETRIC_REPRESENTATION_CONTEXT(2) 
PARAMETRIC_REPRESENTATION_CONTEXT() REPRESENTATION_CONTEXT('2D SPACE',''
  ) );
#4988 = ORIENTED_EDGE('',*,*,#4945,.F.);
#4989 = ORIENTED_EDGE('',*,*,#1884,.F.);
#4990 = ORIENTED_EDGE('',*,*,#4850,.T.);
#4991 = ADVANCED_FACE('',(#4992),#1993,.T.);
#4992 = FACE_BOUND('',#4993,.T.);
#4993 = EDGE_LOOP('',(#4994,#4995,#5016,#5044));
#4994 = ORIENTED_EDGE('',*,*,#1976,.F.);
#4995 = ORIENTED_EDGE('',*,*,#4996,.T.);
#4996 = EDGE_CURVE('',#1977,#4997,#4999,.T.);
#4997 = VERTEX_POINT('',#4998);
#4998 = CARTESIAN_POINT('',(-8.896228625598,9.338333304894,7.7));
#4999 = SURFACE_CURVE('',#5000,(#5004,#5010),.PCURVE_S1.);
#5000 = LINE('',#5001,#5002);
#5001 = CARTESIAN_POINT('',(-8.896228625598,9.338333304895,7.7));
#5002 = VECTOR('',#5003,1.);
#5003 = DIRECTION('',(-0.,-0.,-1.));
#5004 = PCURVE('',#1993,#5005);
#5005 = DEFINITIONAL_REPRESENTATION('',(#5006),#5009);
#5006 = B_SPLINE_CURVE_WITH_KNOTS('',1,(#5007,#5008),.UNSPECIFIED.,.F.,
  .F.,(2,2),(-0.4000006,5.999999999062E-07),.PIECEWISE_BEZIER_KNOTS.);
#5007 = CARTESIAN_POINT('',(11.4,0.4000006));
#5008 = CARTESIAN_POINT('',(11.4,-5.999999999062E-07));
#5009 = ( GEOMETRIC_REPRESENTATION_CONTEXT(2) 
PARAMETRIC_REPRESENTATION_CONTEXT() REPRESENTATION_CONTEXT('2D SPACE',''
  ) );
#5010 = PCURVE('',#2082,#5011);
#5011 = DEFINITIONAL_REPRESENTATION('',(#5012),#5015);
#5012 = B_SPLINE_CURVE_WITH_KNOTS('',1,(#5013,#5014),.UNSPECIFIED.,.F.,
  .F.,(2,2),(-0.4,0.),.PIECEWISE_BEZIER_KNOTS.);
#5013 = CARTESIAN_POINT('',(-7.243116395776,-0.4));
#5014 = CARTESIAN_POINT('',(-7.243116395776,0.));
#5015 = ( GEOMETRIC_REPRESENTATION_CONTEXT(2) 
PARAMETRIC_REPRESENTATION_CONTEXT() REPRESENTATION_CONTEXT('2D SPACE',''
  ) );
#5016 = ORIENTED_EDGE('',*,*,#5017,.T.);
#5017 = EDGE_CURVE('',#4997,#5018,#5020,.T.);
#5018 = VERTEX_POINT('',#5019);
#5019 = CARTESIAN_POINT('',(-7.749075752896,10.976637393473,7.7));
#5020 = SURFACE_CURVE('',#5021,(#5025,#5032),.PCURVE_S1.);
#5021 = LINE('',#5022,#5023);
#5022 = CARTESIAN_POINT('',(-15.435,1.7763568394E-15,7.7));
#5023 = VECTOR('',#5024,1.);
#5024 = DIRECTION('',(0.573576436351,0.819152044289,0.));
#5025 = PCURVE('',#1993,#5026);
#5026 = DEFINITIONAL_REPRESENTATION('',(#5027),#5031);
#5027 = LINE('',#5028,#5029);
#5028 = CARTESIAN_POINT('',(0.,0.));
#5029 = VECTOR('',#5030,1.);
#5030 = DIRECTION('',(1.,0.));
#5031 = ( GEOMETRIC_REPRESENTATION_CONTEXT(2) 
PARAMETRIC_REPRESENTATION_CONTEXT() REPRESENTATION_CONTEXT('2D SPACE',''
  ) );
#5032 = PCURVE('',#5033,#5038);
#5033 = PLANE('',#5034);
#5034 = AXIS2_PLACEMENT_3D('',#5035,#5036,#5037);
#5035 = CARTESIAN_POINT('',(-15.435,-5.470089036192E-16,7.7));
#5036 = DIRECTION('',(0.,0.,1.));
#5037 = DIRECTION('',(1.,0.,-0.));
#5038 = DEFINITIONAL_REPRESENTATION('',(#5039),#5043);
#5039 = LINE('',#5040,#5041);
#5040 = CARTESIAN_POINT('',(-1.7763568394E-15,2.323365743019E-15));
#5041 = VECTOR('',#5042,1.);
#5042 = DIRECTION('',(0.573576436351,0.819152044289));
#5043 = ( GEOMETRIC_REPRESENTATION_CONTEXT(2) 
PARAMETRIC_REPRESENTATION_CONTEXT() REPRESENTATION_CONTEXT('2D SPACE',''
  ) );
#5044 = ORIENTED_EDGE('',*,*,#5045,.F.);
#5045 = EDGE_CURVE('',#1979,#5018,#5046,.T.);
#5046 = SURFACE_CURVE('',#5047,(#5051,#5057),.PCURVE_S1.);
#5047 = LINE('',#5048,#5049);
#5048 = CARTESIAN_POINT('',(-7.749075752896,10.976637393472,7.7));
#5049 = VECTOR('',#5050,1.);
#5050 = DIRECTION('',(-0.,-0.,-1.));
#5051 = PCURVE('',#1993,#5052);
#5052 = DEFINITIONAL_REPRESENTATION('',(#5053),#5056);
#5053 = B_SPLINE_CURVE_WITH_KNOTS('',1,(#5054,#5055),.UNSPECIFIED.,.F.,
  .F.,(2,2),(-0.4000006,5.999999999062E-07),.PIECEWISE_BEZIER_KNOTS.);
#5054 = CARTESIAN_POINT('',(13.4,0.4000006));
#5055 = CARTESIAN_POINT('',(13.4,-5.999999999062E-07));
#5056 = ( GEOMETRIC_REPRESENTATION_CONTEXT(2) 
PARAMETRIC_REPRESENTATION_CONTEXT() REPRESENTATION_CONTEXT('2D SPACE',''
  ) );
#5057 = PCURVE('',#2025,#5058);
#5058 = DEFINITIONAL_REPRESENTATION('',(#5059),#5062);
#5059 = B_SPLINE_CURVE_WITH_KNOTS('',1,(#5060,#5061),.UNSPECIFIED.,.F.,
  .F.,(2,2),(-0.4,0.),.PIECEWISE_BEZIER_KNOTS.);
#5060 = CARTESIAN_POINT('',(-7.243116395776,-0.4));
#5061 = CARTESIAN_POINT('',(-7.243116395776,0.));
#5062 = ( GEOMETRIC_REPRESENTATION_CONTEXT(2) 
PARAMETRIC_REPRESENTATION_CONTEXT() REPRESENTATION_CONTEXT('2D SPACE',''
  ) );
#5063 = ADVANCED_FACE('',(#5064),#2082,.T.);
#5064 = FACE_BOUND('',#5065,.F.);
#5065 = EDGE_LOOP('',(#5066,#5067,#5068,#5092));
#5066 = ORIENTED_EDGE('',*,*,#2063,.F.);
#5067 = ORIENTED_EDGE('',*,*,#4996,.T.);
#5068 = ORIENTED_EDGE('',*,*,#5069,.F.);
#5069 = EDGE_CURVE('',#5070,#4997,#5072,.T.);
#5070 = VERTEX_POINT('',#5071);
#5071 = CARTESIAN_POINT('',(-8.896228625598,-9.338333304895,7.7));
#5072 = SURFACE_CURVE('',#5073,(#5078,#5085),.PCURVE_S1.);
#5073 = CIRCLE('',#5074,11.4);
#5074 = AXIS2_PLACEMENT_3D('',#5075,#5076,#5077);
#5075 = CARTESIAN_POINT('',(-15.435,0.,7.7));
#5076 = DIRECTION('',(0.,0.,1.));
#5077 = DIRECTION('',(0.573576436351,-0.819152044289,0.));
#5078 = PCURVE('',#2082,#5079);
#5079 = DEFINITIONAL_REPRESENTATION('',(#5080),#5084);
#5080 = LINE('',#5081,#5082);
#5081 = CARTESIAN_POINT('',(-5.323254218583,0.));
#5082 = VECTOR('',#5083,1.);
#5083 = DIRECTION('',(-1.,0.));
#5084 = ( GEOMETRIC_REPRESENTATION_CONTEXT(2) 
PARAMETRIC_REPRESENTATION_CONTEXT() REPRESENTATION_CONTEXT('2D SPACE',''
  ) );
#5085 = PCURVE('',#5033,#5086);
#5086 = DEFINITIONAL_REPRESENTATION('',(#5087),#5091);
#5087 = CIRCLE('',#5088,11.4);
#5088 = AXIS2_PLACEMENT_2D('',#5089,#5090);
#5089 = CARTESIAN_POINT('',(6.394884621841E-14,5.470089036192E-16));
#5090 = DIRECTION('',(0.573576436351,-0.819152044289));
#5091 = ( GEOMETRIC_REPRESENTATION_CONTEXT(2) 
PARAMETRIC_REPRESENTATION_CONTEXT() REPRESENTATION_CONTEXT('2D SPACE',''
  ) );
#5092 = ORIENTED_EDGE('',*,*,#5093,.F.);
#5093 = EDGE_CURVE('',#2038,#5070,#5094,.T.);
#5094 = SURFACE_CURVE('',#5095,(#5099,#5105),.PCURVE_S1.);
#5095 = LINE('',#5096,#5097);
#5096 = CARTESIAN_POINT('',(-8.896228625598,-9.338333304895,7.7));
#5097 = VECTOR('',#5098,1.);
#5098 = DIRECTION('',(-0.,-0.,-1.));
#5099 = PCURVE('',#2082,#5100);
#5100 = DEFINITIONAL_REPRESENTATION('',(#5101),#5104);
#5101 = B_SPLINE_CURVE_WITH_KNOTS('',1,(#5102,#5103),.UNSPECIFIED.,.F.,
  .F.,(2,2),(-0.4,0.),.PIECEWISE_BEZIER_KNOTS.);
#5102 = CARTESIAN_POINT('',(-5.323254218583,-0.4));
#5103 = CARTESIAN_POINT('',(-5.323254218583,0.));
#5104 = ( GEOMETRIC_REPRESENTATION_CONTEXT(2) 
PARAMETRIC_REPRESENTATION_CONTEXT() REPRESENTATION_CONTEXT('2D SPACE',''
  ) );
#5105 = PCURVE('',#2052,#5106);
#5106 = DEFINITIONAL_REPRESENTATION('',(#5107),#5110);
#5107 = B_SPLINE_CURVE_WITH_KNOTS('',1,(#5108,#5109),.UNSPECIFIED.,.F.,
  .F.,(2,2),(-0.4000006,5.999999999062E-07),.PIECEWISE_BEZIER_KNOTS.);
#5108 = CARTESIAN_POINT('',(11.4,0.4000006));
#5109 = CARTESIAN_POINT('',(11.4,-5.999999999062E-07));
#5110 = ( GEOMETRIC_REPRESENTATION_CONTEXT(2) 
PARAMETRIC_REPRESENTATION_CONTEXT() REPRESENTATION_CONTEXT('2D SPACE',''
  ) );
#5111 = ADVANCED_FACE('',(#5112),#2052,.F.);
#5112 = FACE_BOUND('',#5113,.F.);
#5113 = EDGE_LOOP('',(#5114,#5115,#5116,#5139));
#5114 = ORIENTED_EDGE('',*,*,#2037,.F.);
#5115 = ORIENTED_EDGE('',*,*,#5093,.T.);
#5116 = ORIENTED_EDGE('',*,*,#5117,.T.);
#5117 = EDGE_CURVE('',#5070,#5118,#5120,.T.);
#5118 = VERTEX_POINT('',#5119);
#5119 = CARTESIAN_POINT('',(-7.749075752896,-10.97663739347,7.7));
#5120 = SURFACE_CURVE('',#5121,(#5125,#5132),.PCURVE_S1.);
#5121 = LINE('',#5122,#5123);
#5122 = CARTESIAN_POINT('',(-15.435,0.,7.7));
#5123 = VECTOR('',#5124,1.);
#5124 = DIRECTION('',(0.573576436351,-0.819152044289,0.));
#5125 = PCURVE('',#2052,#5126);
#5126 = DEFINITIONAL_REPRESENTATION('',(#5127),#5131);
#5127 = LINE('',#5128,#5129);
#5128 = CARTESIAN_POINT('',(0.,0.));
#5129 = VECTOR('',#5130,1.);
#5130 = DIRECTION('',(1.,0.));
#5131 = ( GEOMETRIC_REPRESENTATION_CONTEXT(2) 
PARAMETRIC_REPRESENTATION_CONTEXT() REPRESENTATION_CONTEXT('2D SPACE',''
  ) );
#5132 = PCURVE('',#5033,#5133);
#5133 = DEFINITIONAL_REPRESENTATION('',(#5134),#5138);
#5134 = LINE('',#5135,#5136);
#5135 = CARTESIAN_POINT('',(0.,5.470089036192E-16));
#5136 = VECTOR('',#5137,1.);
#5137 = DIRECTION('',(0.573576436351,-0.819152044289));
#5138 = ( GEOMETRIC_REPRESENTATION_CONTEXT(2) 
PARAMETRIC_REPRESENTATION_CONTEXT() REPRESENTATION_CONTEXT('2D SPACE',''
  ) );
#5139 = ORIENTED_EDGE('',*,*,#5140,.F.);
#5140 = EDGE_CURVE('',#2005,#5118,#5141,.T.);
#5141 = SURFACE_CURVE('',#5142,(#5146,#5152),.PCURVE_S1.);
#5142 = LINE('',#5143,#5144);
#5143 = CARTESIAN_POINT('',(-7.749075752896,-10.97663739347,7.7));
#5144 = VECTOR('',#5145,1.);
#5145 = DIRECTION('',(-0.,-0.,-1.));
#5146 = PCURVE('',#2052,#5147);
#5147 = DEFINITIONAL_REPRESENTATION('',(#5148),#5151);
#5148 = B_SPLINE_CURVE_WITH_KNOTS('',1,(#5149,#5150),.UNSPECIFIED.,.F.,
  .F.,(2,2),(-0.4000006,5.999999999062E-07),.PIECEWISE_BEZIER_KNOTS.);
#5149 = CARTESIAN_POINT('',(13.4,0.4000006));
#5150 = CARTESIAN_POINT('',(13.4,-5.999999999062E-07));
#5151 = ( GEOMETRIC_REPRESENTATION_CONTEXT(2) 
PARAMETRIC_REPRESENTATION_CONTEXT() REPRESENTATION_CONTEXT('2D SPACE',''
  ) );
#5152 = PCURVE('',#2025,#5153);
#5153 = DEFINITIONAL_REPRESENTATION('',(#5154),#5157);
#5154 = B_SPLINE_CURVE_WITH_KNOTS('',1,(#5155,#5156),.UNSPECIFIED.,.F.,
  .F.,(2,2),(-0.4,0.),.PIECEWISE_BEZIER_KNOTS.);
#5155 = CARTESIAN_POINT('',(-5.323254218583,-0.4));
#5156 = CARTESIAN_POINT('',(-5.323254218583,0.));
#5157 = ( GEOMETRIC_REPRESENTATION_CONTEXT(2) 
PARAMETRIC_REPRESENTATION_CONTEXT() REPRESENTATION_CONTEXT('2D SPACE',''
  ) );
#5158 = ADVANCED_FACE('',(#5159),#2025,.F.);
#5159 = FACE_BOUND('',#5160,.T.);
#5160 = EDGE_LOOP('',(#5161,#5183,#5184,#5185));
#5161 = ORIENTED_EDGE('',*,*,#5162,.F.);
#5162 = EDGE_CURVE('',#5118,#5018,#5163,.T.);
#5163 = SURFACE_CURVE('',#5164,(#5169,#5176),.PCURVE_S1.);
#5164 = CIRCLE('',#5165,13.4);
#5165 = AXIS2_PLACEMENT_3D('',#5166,#5167,#5168);
#5166 = CARTESIAN_POINT('',(-15.435,0.,7.7));
#5167 = DIRECTION('',(0.,0.,1.));
#5168 = DIRECTION('',(0.573576436351,-0.819152044289,0.));
#5169 = PCURVE('',#2025,#5170);
#5170 = DEFINITIONAL_REPRESENTATION('',(#5171),#5175);
#5171 = LINE('',#5172,#5173);
#5172 = CARTESIAN_POINT('',(-5.323254218583,0.));
#5173 = VECTOR('',#5174,1.);
#5174 = DIRECTION('',(-1.,0.));
#5175 = ( GEOMETRIC_REPRESENTATION_CONTEXT(2) 
PARAMETRIC_REPRESENTATION_CONTEXT() REPRESENTATION_CONTEXT('2D SPACE',''
  ) );
#5176 = PCURVE('',#5033,#5177);
#5177 = DEFINITIONAL_REPRESENTATION('',(#5178),#5182);
#5178 = CIRCLE('',#5179,13.4);
#5179 = AXIS2_PLACEMENT_2D('',#5180,#5181);
#5180 = CARTESIAN_POINT('',(0.,5.470089036192E-16));
#5181 = DIRECTION('',(0.573576436351,-0.819152044289));
#5182 = ( GEOMETRIC_REPRESENTATION_CONTEXT(2) 
PARAMETRIC_REPRESENTATION_CONTEXT() REPRESENTATION_CONTEXT('2D SPACE',''
  ) );
#5183 = ORIENTED_EDGE('',*,*,#5140,.F.);
#5184 = ORIENTED_EDGE('',*,*,#2004,.F.);
#5185 = ORIENTED_EDGE('',*,*,#5045,.T.);
#5186 = ADVANCED_FACE('',(#5187),#2163,.T.);
#5187 = FACE_BOUND('',#5188,.T.);
#5188 = EDGE_LOOP('',(#5189,#5190,#5191,#5212));
#5189 = ORIENTED_EDGE('',*,*,#2147,.F.);
#5190 = ORIENTED_EDGE('',*,*,#2379,.T.);
#5191 = ORIENTED_EDGE('',*,*,#5192,.T.);
#5192 = EDGE_CURVE('',#2380,#4476,#5193,.T.);
#5193 = SURFACE_CURVE('',#5194,(#5198,#5205),.PCURVE_S1.);
#5194 = LINE('',#5195,#5196);
#5195 = CARTESIAN_POINT('',(54.,33.9,0.));
#5196 = VECTOR('',#5197,1.);
#5197 = DIRECTION('',(0.,0.,1.));
#5198 = PCURVE('',#2163,#5199);
#5199 = DEFINITIONAL_REPRESENTATION('',(#5200),#5204);
#5200 = LINE('',#5201,#5202);
#5201 = CARTESIAN_POINT('',(1.570796326795,0.));
#5202 = VECTOR('',#5203,1.);
#5203 = DIRECTION('',(0.,1.));
#5204 = ( GEOMETRIC_REPRESENTATION_CONTEXT(2) 
PARAMETRIC_REPRESENTATION_CONTEXT() REPRESENTATION_CONTEXT('2D SPACE',''
  ) );
#5205 = PCURVE('',#2268,#5206);
#5206 = DEFINITIONAL_REPRESENTATION('',(#5207),#5211);
#5207 = LINE('',#5208,#5209);
#5208 = CARTESIAN_POINT('',(9.9,0.));
#5209 = VECTOR('',#5210,1.);
#5210 = DIRECTION('',(0.,-1.));
#5211 = ( GEOMETRIC_REPRESENTATION_CONTEXT(2) 
PARAMETRIC_REPRESENTATION_CONTEXT() REPRESENTATION_CONTEXT('2D SPACE',''
  ) );
#5212 = ORIENTED_EDGE('',*,*,#4475,.F.);
#5213 = ADVANCED_FACE('',(#5214),#2268,.F.);
#5214 = FACE_BOUND('',#5215,.F.);
#5215 = EDGE_LOOP('',(#5216,#5217,#5218,#5219));
#5216 = ORIENTED_EDGE('',*,*,#5192,.T.);
#5217 = ORIENTED_EDGE('',*,*,#4526,.T.);
#5218 = ORIENTED_EDGE('',*,*,#2250,.F.);
#5219 = ORIENTED_EDGE('',*,*,#2427,.F.);
#5220 = ADVANCED_FACE('',(#5221),#2471,.F.);
#5221 = FACE_BOUND('',#5222,.F.);
#5222 = EDGE_LOOP('',(#5223,#5224,#5225,#5226,#5227,#5228,#5229,#5230,
    #5231,#5232,#5233,#5257,#5283,#5312,#5331,#5332,#5333,#5334));
#5223 = ORIENTED_EDGE('',*,*,#2530,.F.);
#5224 = ORIENTED_EDGE('',*,*,#2453,.T.);
#5225 = ORIENTED_EDGE('',*,*,#2653,.T.);
#5226 = ORIENTED_EDGE('',*,*,#2952,.T.);
#5227 = ORIENTED_EDGE('',*,*,#3002,.T.);
#5228 = ORIENTED_EDGE('',*,*,#3099,.T.);
#5229 = ORIENTED_EDGE('',*,*,#3286,.F.);
#5230 = ORIENTED_EDGE('',*,*,#3562,.T.);
#5231 = ORIENTED_EDGE('',*,*,#3632,.F.);
#5232 = ORIENTED_EDGE('',*,*,#3707,.T.);
#5233 = ORIENTED_EDGE('',*,*,#5234,.F.);
#5234 = EDGE_CURVE('',#5235,#3708,#5237,.T.);
#5235 = VERTEX_POINT('',#5236);
#5236 = CARTESIAN_POINT('',(-58.75,-24.,-3.));
#5237 = SURFACE_CURVE('',#5238,(#5243,#5250),.PCURVE_S1.);
#5238 = CIRCLE('',#5239,4.75);
#5239 = AXIS2_PLACEMENT_3D('',#5240,#5241,#5242);
#5240 = CARTESIAN_POINT('',(-54.,-24.,-3.));
#5241 = DIRECTION('',(0.,0.,1.));
#5242 = DIRECTION('',(0.,-1.,0.));
#5243 = PCURVE('',#2471,#5244);
#5244 = DEFINITIONAL_REPRESENTATION('',(#5245),#5249);
#5245 = CIRCLE('',#5246,4.75);
#5246 = AXIS2_PLACEMENT_2D('',#5247,#5248);
#5247 = CARTESIAN_POINT('',(-54.,-24.));
#5248 = DIRECTION('',(0.,-1.));
#5249 = ( GEOMETRIC_REPRESENTATION_CONTEXT(2) 
PARAMETRIC_REPRESENTATION_CONTEXT() REPRESENTATION_CONTEXT('2D SPACE',''
  ) );
#5250 = PCURVE('',#3744,#5251);
#5251 = DEFINITIONAL_REPRESENTATION('',(#5252),#5256);
#5252 = LINE('',#5253,#5254);
#5253 = CARTESIAN_POINT('',(-6.28318530718,0.1));
#5254 = VECTOR('',#5255,1.);
#5255 = DIRECTION('',(1.,-0.));
#5256 = ( GEOMETRIC_REPRESENTATION_CONTEXT(2) 
PARAMETRIC_REPRESENTATION_CONTEXT() REPRESENTATION_CONTEXT('2D SPACE',''
  ) );
#5257 = ORIENTED_EDGE('',*,*,#5258,.T.);
#5258 = EDGE_CURVE('',#5235,#5259,#5261,.T.);
#5259 = VERTEX_POINT('',#5260);
#5260 = CARTESIAN_POINT('',(-58.75,24.,-3.));
#5261 = SURFACE_CURVE('',#5262,(#5266,#5272),.PCURVE_S1.);
#5262 = LINE('',#5263,#5264);
#5263 = CARTESIAN_POINT('',(-58.75,14.375,-3.));
#5264 = VECTOR('',#5265,1.);
#5265 = DIRECTION('',(-0.,1.,0.));
#5266 = PCURVE('',#2471,#5267);
#5267 = DEFINITIONAL_REPRESENTATION('',(#5268),#5271);
#5268 = B_SPLINE_CURVE_WITH_KNOTS('',1,(#5269,#5270),.UNSPECIFIED.,.F.,
  .F.,(2,2),(-38.375,9.625),.PIECEWISE_BEZIER_KNOTS.);
#5269 = CARTESIAN_POINT('',(-58.75,-24.));
#5270 = CARTESIAN_POINT('',(-58.75,24.));
#5271 = ( GEOMETRIC_REPRESENTATION_CONTEXT(2) 
PARAMETRIC_REPRESENTATION_CONTEXT() REPRESENTATION_CONTEXT('2D SPACE',''
  ) );
#5272 = PCURVE('',#5273,#5278);
#5273 = PLANE('',#5274);
#5274 = AXIS2_PLACEMENT_3D('',#5275,#5276,#5277);
#5275 = CARTESIAN_POINT('',(-58.75,28.75,-3.1));
#5276 = DIRECTION('',(1.,0.,-0.));
#5277 = DIRECTION('',(0.,-1.,0.));
#5278 = DEFINITIONAL_REPRESENTATION('',(#5279),#5282);
#5279 = B_SPLINE_CURVE_WITH_KNOTS('',1,(#5280,#5281),.UNSPECIFIED.,.F.,
  .F.,(2,2),(-38.375,9.625),.PIECEWISE_BEZIER_KNOTS.);
#5280 = CARTESIAN_POINT('',(52.75,-0.1));
#5281 = CARTESIAN_POINT('',(4.75,-0.1));
#5282 = ( GEOMETRIC_REPRESENTATION_CONTEXT(2) 
PARAMETRIC_REPRESENTATION_CONTEXT() REPRESENTATION_CONTEXT('2D SPACE',''
  ) );
#5283 = ORIENTED_EDGE('',*,*,#5284,.F.);
#5284 = EDGE_CURVE('',#5285,#5259,#5287,.T.);
#5285 = VERTEX_POINT('',#5286);
#5286 = CARTESIAN_POINT('',(-54.,28.75,-3.));
#5287 = SURFACE_CURVE('',#5288,(#5293,#5300),.PCURVE_S1.);
#5288 = CIRCLE('',#5289,4.75);
#5289 = AXIS2_PLACEMENT_3D('',#5290,#5291,#5292);
#5290 = CARTESIAN_POINT('',(-54.,24.,-3.));
#5291 = DIRECTION('',(0.,0.,1.));
#5292 = DIRECTION('',(-0.,1.,0.));
#5293 = PCURVE('',#2471,#5294);
#5294 = DEFINITIONAL_REPRESENTATION('',(#5295),#5299);
#5295 = CIRCLE('',#5296,4.75);
#5296 = AXIS2_PLACEMENT_2D('',#5297,#5298);
#5297 = CARTESIAN_POINT('',(-54.,24.));
#5298 = DIRECTION('',(0.,1.));
#5299 = ( GEOMETRIC_REPRESENTATION_CONTEXT(2) 
PARAMETRIC_REPRESENTATION_CONTEXT() REPRESENTATION_CONTEXT('2D SPACE',''
  ) );
#5300 = PCURVE('',#5301,#5306);
#5301 = CYLINDRICAL_SURFACE('',#5302,4.75);
#5302 = AXIS2_PLACEMENT_3D('',#5303,#5304,#5305);
#5303 = CARTESIAN_POINT('',(-54.,24.,-3.1));
#5304 = DIRECTION('',(0.,0.,1.));
#5305 = DIRECTION('',(-0.,1.,0.));
#5306 = DEFINITIONAL_REPRESENTATION('',(#5307),#5311);
#5307 = LINE('',#5308,#5309);
#5308 = CARTESIAN_POINT('',(0.,0.1));
#5309 = VECTOR('',#5310,1.);
#5310 = DIRECTION('',(1.,0.));
#5311 = ( GEOMETRIC_REPRESENTATION_CONTEXT(2) 
PARAMETRIC_REPRESENTATION_CONTEXT() REPRESENTATION_CONTEXT('2D SPACE',''
  ) );
#5312 = ORIENTED_EDGE('',*,*,#5313,.T.);
#5313 = EDGE_CURVE('',#5285,#3854,#5314,.T.);
#5314 = SURFACE_CURVE('',#5315,(#5319,#5325),.PCURVE_S1.);
#5315 = LINE('',#5316,#5317);
#5316 = CARTESIAN_POINT('',(29.375,28.75,-3.));
#5317 = VECTOR('',#5318,1.);
#5318 = DIRECTION('',(1.,0.,-0.));
#5319 = PCURVE('',#2471,#5320);
#5320 = DEFINITIONAL_REPRESENTATION('',(#5321),#5324);
#5321 = B_SPLINE_CURVE_WITH_KNOTS('',1,(#5322,#5323),.UNSPECIFIED.,.F.,
  .F.,(2,2),(-83.375,24.625),.PIECEWISE_BEZIER_KNOTS.);
#5322 = CARTESIAN_POINT('',(-54.,28.75));
#5323 = CARTESIAN_POINT('',(54.,28.75));
#5324 = ( GEOMETRIC_REPRESENTATION_CONTEXT(2) 
PARAMETRIC_REPRESENTATION_CONTEXT() REPRESENTATION_CONTEXT('2D SPACE',''
  ) );
#5325 = PCURVE('',#3870,#5326);
#5326 = DEFINITIONAL_REPRESENTATION('',(#5327),#5330);
#5327 = B_SPLINE_CURVE_WITH_KNOTS('',1,(#5328,#5329),.UNSPECIFIED.,.F.,
  .F.,(2,2),(-83.375,24.625),.PIECEWISE_BEZIER_KNOTS.);
#5328 = CARTESIAN_POINT('',(112.75,-0.1));
#5329 = CARTESIAN_POINT('',(4.75,-0.1));
#5330 = ( GEOMETRIC_REPRESENTATION_CONTEXT(2) 
PARAMETRIC_REPRESENTATION_CONTEXT() REPRESENTATION_CONTEXT('2D SPACE',''
  ) );
#5331 = ORIENTED_EDGE('',*,*,#3881,.T.);
#5332 = ORIENTED_EDGE('',*,*,#3659,.T.);
#5333 = ORIENTED_EDGE('',*,*,#3166,.T.);
#5334 = ORIENTED_EDGE('',*,*,#3049,.T.);
#5335 = ADVANCED_FACE('',(#5336),#2618,.T.);
#5336 = FACE_BOUND('',#5337,.T.);
#5337 = EDGE_LOOP('',(#5338,#5366,#5394,#5418,#5446,#5472,#5473,#5474));
#5338 = ORIENTED_EDGE('',*,*,#5339,.F.);
#5339 = EDGE_CURVE('',#5340,#2704,#5342,.T.);
#5340 = VERTEX_POINT('',#5341);
#5341 = CARTESIAN_POINT('',(-56.,-28.7,-0.1));
#5342 = SURFACE_CURVE('',#5343,(#5348,#5359),.PCURVE_S1.);
#5343 = CIRCLE('',#5344,2.5);
#5344 = AXIS2_PLACEMENT_3D('',#5345,#5346,#5347);
#5345 = CARTESIAN_POINT('',(-56.,-26.2,-0.1));
#5346 = DIRECTION('',(-0.,-0.,-1.));
#5347 = DIRECTION('',(0.,-1.,0.));
#5348 = PCURVE('',#2618,#5349);
#5349 = DEFINITIONAL_REPRESENTATION('',(#5350),#5358);
#5350 = ( BOUNDED_CURVE() B_SPLINE_CURVE(2,(#5351,#5352,#5353,#5354,
#5355,#5356,#5357),.UNSPECIFIED.,.T.,.F.) B_SPLINE_CURVE_WITH_KNOTS((1,2
    ,2,2,2,1),(-2.094395102393,0.,2.094395102393,4.188790204786,
6.28318530718,8.377580409573),.UNSPECIFIED.) CURVE() 
GEOMETRIC_REPRESENTATION_ITEM() RATIONAL_B_SPLINE_CURVE((1.,0.5,1.,0.5,
1.,0.5,1.)) REPRESENTATION_ITEM('') );
#5351 = CARTESIAN_POINT('',(-40.565,-28.7));
#5352 = CARTESIAN_POINT('',(-44.89512701892,-28.7));
#5353 = CARTESIAN_POINT('',(-42.73006350946,-24.95));
#5354 = CARTESIAN_POINT('',(-40.565,-21.2));
#5355 = CARTESIAN_POINT('',(-38.39993649053,-24.95));
#5356 = CARTESIAN_POINT('',(-36.23487298107,-28.7));
#5357 = CARTESIAN_POINT('',(-40.565,-28.7));
#5358 = ( GEOMETRIC_REPRESENTATION_CONTEXT(2) 
PARAMETRIC_REPRESENTATION_CONTEXT() REPRESENTATION_CONTEXT('2D SPACE',''
  ) );
#5359 = PCURVE('',#2720,#5360);
#5360 = DEFINITIONAL_REPRESENTATION('',(#5361),#5365);
#5361 = LINE('',#5362,#5363);
#5362 = CARTESIAN_POINT('',(-0.,0.));
#5363 = VECTOR('',#5364,1.);
#5364 = DIRECTION('',(-1.,0.));
#5365 = ( GEOMETRIC_REPRESENTATION_CONTEXT(2) 
PARAMETRIC_REPRESENTATION_CONTEXT() REPRESENTATION_CONTEXT('2D SPACE',''
  ) );
#5366 = ORIENTED_EDGE('',*,*,#5367,.T.);
#5367 = EDGE_CURVE('',#5340,#5368,#5370,.T.);
#5368 = VERTEX_POINT('',#5369);
#5369 = CARTESIAN_POINT('',(-54.68738635424,-28.7,-0.1));
#5370 = SURFACE_CURVE('',#5371,(#5375,#5382),.PCURVE_S1.);
#5371 = LINE('',#5372,#5373);
#5372 = CARTESIAN_POINT('',(-58.5,-28.7,-0.1));
#5373 = VECTOR('',#5374,1.);
#5374 = DIRECTION('',(1.,0.,0.));
#5375 = PCURVE('',#2618,#5376);
#5376 = DEFINITIONAL_REPRESENTATION('',(#5377),#5381);
#5377 = LINE('',#5378,#5379);
#5378 = CARTESIAN_POINT('',(-43.065,-28.7));
#5379 = VECTOR('',#5380,1.);
#5380 = DIRECTION('',(1.,0.));
#5381 = ( GEOMETRIC_REPRESENTATION_CONTEXT(2) 
PARAMETRIC_REPRESENTATION_CONTEXT() REPRESENTATION_CONTEXT('2D SPACE',''
  ) );
#5382 = PCURVE('',#5383,#5388);
#5383 = PLANE('',#5384);
#5384 = AXIS2_PLACEMENT_3D('',#5385,#5386,#5387);
#5385 = CARTESIAN_POINT('',(-58.5,-28.7,-0.1));
#5386 = DIRECTION('',(0.,1.,0.));
#5387 = DIRECTION('',(1.,0.,0.));
#5388 = DEFINITIONAL_REPRESENTATION('',(#5389),#5393);
#5389 = LINE('',#5390,#5391);
#5390 = CARTESIAN_POINT('',(0.,0.));
#5391 = VECTOR('',#5392,1.);
#5392 = DIRECTION('',(1.,0.));
#5393 = ( GEOMETRIC_REPRESENTATION_CONTEXT(2) 
PARAMETRIC_REPRESENTATION_CONTEXT() REPRESENTATION_CONTEXT('2D SPACE',''
  ) );
#5394 = ORIENTED_EDGE('',*,*,#5395,.F.);
#5395 = EDGE_CURVE('',#5396,#5368,#5398,.T.);
#5396 = VERTEX_POINT('',#5397);
#5397 = CARTESIAN_POINT('',(-58.5,-25.52069063257,-0.1));
#5398 = SURFACE_CURVE('',#5399,(#5404,#5411),.PCURVE_S1.);
#5399 = CIRCLE('',#5400,4.75);
#5400 = AXIS2_PLACEMENT_3D('',#5401,#5402,#5403);
#5401 = CARTESIAN_POINT('',(-54.,-24.,-0.1));
#5402 = DIRECTION('',(0.,0.,1.));
#5403 = DIRECTION('',(0.,-1.,0.));
#5404 = PCURVE('',#2618,#5405);
#5405 = DEFINITIONAL_REPRESENTATION('',(#5406),#5410);
#5406 = CIRCLE('',#5407,4.75);
#5407 = AXIS2_PLACEMENT_2D('',#5408,#5409);
#5408 = CARTESIAN_POINT('',(-38.565,-24.));
#5409 = DIRECTION('',(0.,-1.));
#5410 = ( GEOMETRIC_REPRESENTATION_CONTEXT(2) 
PARAMETRIC_REPRESENTATION_CONTEXT() REPRESENTATION_CONTEXT('2D SPACE',''
  ) );
#5411 = PCURVE('',#3744,#5412);
#5412 = DEFINITIONAL_REPRESENTATION('',(#5413),#5417);
#5413 = LINE('',#5414,#5415);
#5414 = CARTESIAN_POINT('',(-6.28318530718,3.));
#5415 = VECTOR('',#5416,1.);
#5416 = DIRECTION('',(1.,-0.));
#5417 = ( GEOMETRIC_REPRESENTATION_CONTEXT(2) 
PARAMETRIC_REPRESENTATION_CONTEXT() REPRESENTATION_CONTEXT('2D SPACE',''
  ) );
#5418 = ORIENTED_EDGE('',*,*,#5419,.T.);
#5419 = EDGE_CURVE('',#5396,#5420,#5422,.T.);
#5420 = VERTEX_POINT('',#5421);
#5421 = CARTESIAN_POINT('',(-58.5,-26.2,-0.1));
#5422 = SURFACE_CURVE('',#5423,(#5427,#5434),.PCURVE_S1.);
#5423 = LINE('',#5424,#5425);
#5424 = CARTESIAN_POINT('',(-58.5,28.7,-0.1));
#5425 = VECTOR('',#5426,1.);
#5426 = DIRECTION('',(0.,-1.,0.));
#5427 = PCURVE('',#2618,#5428);
#5428 = DEFINITIONAL_REPRESENTATION('',(#5429),#5433);
#5429 = LINE('',#5430,#5431);
#5430 = CARTESIAN_POINT('',(-43.065,28.7));
#5431 = VECTOR('',#5432,1.);
#5432 = DIRECTION('',(0.,-1.));
#5433 = ( GEOMETRIC_REPRESENTATION_CONTEXT(2) 
PARAMETRIC_REPRESENTATION_CONTEXT() REPRESENTATION_CONTEXT('2D SPACE',''
  ) );
#5434 = PCURVE('',#5435,#5440);
#5435 = PLANE('',#5436);
#5436 = AXIS2_PLACEMENT_3D('',#5437,#5438,#5439);
#5437 = CARTESIAN_POINT('',(-58.5,28.7,-0.1));
#5438 = DIRECTION('',(1.,0.,-0.));
#5439 = DIRECTION('',(0.,-1.,0.));
#5440 = DEFINITIONAL_REPRESENTATION('',(#5441),#5445);
#5441 = LINE('',#5442,#5443);
#5442 = CARTESIAN_POINT('',(0.,0.));
#5443 = VECTOR('',#5444,1.);
#5444 = DIRECTION('',(1.,0.));
#5445 = ( GEOMETRIC_REPRESENTATION_CONTEXT(2) 
PARAMETRIC_REPRESENTATION_CONTEXT() REPRESENTATION_CONTEXT('2D SPACE',''
  ) );
#5446 = ORIENTED_EDGE('',*,*,#5447,.F.);
#5447 = EDGE_CURVE('',#2761,#5420,#5448,.T.);
#5448 = SURFACE_CURVE('',#5449,(#5454,#5465),.PCURVE_S1.);
#5449 = CIRCLE('',#5450,2.5);
#5450 = AXIS2_PLACEMENT_3D('',#5451,#5452,#5453);
#5451 = CARTESIAN_POINT('',(-56.,-26.2,-0.1));
#5452 = DIRECTION('',(-0.,-0.,-1.));
#5453 = DIRECTION('',(0.,-1.,0.));
#5454 = PCURVE('',#2618,#5455);
#5455 = DEFINITIONAL_REPRESENTATION('',(#5456),#5464);
#5456 = ( BOUNDED_CURVE() B_SPLINE_CURVE(2,(#5457,#5458,#5459,#5460,
#5461,#5462,#5463),.UNSPECIFIED.,.T.,.F.) B_SPLINE_CURVE_WITH_KNOTS((1,2
    ,2,2,2,1),(-2.094395102393,0.,2.094395102393,4.188790204786,
6.28318530718,8.377580409573),.UNSPECIFIED.) CURVE() 
GEOMETRIC_REPRESENTATION_ITEM() RATIONAL_B_SPLINE_CURVE((1.,0.5,1.,0.5,
1.,0.5,1.)) REPRESENTATION_ITEM('') );
#5457 = CARTESIAN_POINT('',(-40.565,-28.7));
#5458 = CARTESIAN_POINT('',(-44.89512701892,-28.7));
#5459 = CARTESIAN_POINT('',(-42.73006350946,-24.95));
#5460 = CARTESIAN_POINT('',(-40.565,-21.2));
#5461 = CARTESIAN_POINT('',(-38.39993649053,-24.95));
#5462 = CARTESIAN_POINT('',(-36.23487298107,-28.7));
#5463 = CARTESIAN_POINT('',(-40.565,-28.7));
#5464 = ( GEOMETRIC_REPRESENTATION_CONTEXT(2) 
PARAMETRIC_REPRESENTATION_CONTEXT() REPRESENTATION_CONTEXT('2D SPACE',''
  ) );
#5465 = PCURVE('',#2803,#5466);
#5466 = DEFINITIONAL_REPRESENTATION('',(#5467),#5471);
#5467 = LINE('',#5468,#5469);
#5468 = CARTESIAN_POINT('',(-0.,0.));
#5469 = VECTOR('',#5470,1.);
#5470 = DIRECTION('',(-1.,0.));
#5471 = ( GEOMETRIC_REPRESENTATION_CONTEXT(2) 
PARAMETRIC_REPRESENTATION_CONTEXT() REPRESENTATION_CONTEXT('2D SPACE',''
  ) );
#5472 = ORIENTED_EDGE('',*,*,#2760,.F.);
#5473 = ORIENTED_EDGE('',*,*,#2601,.T.);
#5474 = ORIENTED_EDGE('',*,*,#2731,.F.);
#5475 = ADVANCED_FACE('',(#5476),#2720,.F.);
#5476 = FACE_BOUND('',#5477,.T.);
#5477 = EDGE_LOOP('',(#5478,#5501,#5502,#5503));
#5478 = ORIENTED_EDGE('',*,*,#5479,.F.);
#5479 = EDGE_CURVE('',#5340,#5480,#5482,.T.);
#5480 = VERTEX_POINT('',#5481);
#5481 = CARTESIAN_POINT('',(-56.,-28.7,3.4));
#5482 = SURFACE_CURVE('',#5483,(#5487,#5494),.PCURVE_S1.);
#5483 = LINE('',#5484,#5485);
#5484 = CARTESIAN_POINT('',(-56.,-28.7,-0.1));
#5485 = VECTOR('',#5486,1.);
#5486 = DIRECTION('',(0.,0.,1.));
#5487 = PCURVE('',#2720,#5488);
#5488 = DEFINITIONAL_REPRESENTATION('',(#5489),#5493);
#5489 = LINE('',#5490,#5491);
#5490 = CARTESIAN_POINT('',(-0.,0.));
#5491 = VECTOR('',#5492,1.);
#5492 = DIRECTION('',(-0.,1.));
#5493 = ( GEOMETRIC_REPRESENTATION_CONTEXT(2) 
PARAMETRIC_REPRESENTATION_CONTEXT() REPRESENTATION_CONTEXT('2D SPACE',''
  ) );
#5494 = PCURVE('',#5383,#5495);
#5495 = DEFINITIONAL_REPRESENTATION('',(#5496),#5500);
#5496 = LINE('',#5497,#5498);
#5497 = CARTESIAN_POINT('',(2.5,0.));
#5498 = VECTOR('',#5499,1.);
#5499 = DIRECTION('',(0.,-1.));
#5500 = ( GEOMETRIC_REPRESENTATION_CONTEXT(2) 
PARAMETRIC_REPRESENTATION_CONTEXT() REPRESENTATION_CONTEXT('2D SPACE',''
  ) );
#5501 = ORIENTED_EDGE('',*,*,#5339,.T.);
#5502 = ORIENTED_EDGE('',*,*,#2703,.T.);
#5503 = ORIENTED_EDGE('',*,*,#5504,.T.);
#5504 = EDGE_CURVE('',#2706,#5480,#5505,.T.);
#5505 = SURFACE_CURVE('',#5506,(#5511,#5518),.PCURVE_S1.);
#5506 = CIRCLE('',#5507,2.5);
#5507 = AXIS2_PLACEMENT_3D('',#5508,#5509,#5510);
#5508 = CARTESIAN_POINT('',(-56.,-26.2,3.4));
#5509 = DIRECTION('',(0.,0.,1.));
#5510 = DIRECTION('',(0.,-1.,0.));
#5511 = PCURVE('',#2720,#5512);
#5512 = DEFINITIONAL_REPRESENTATION('',(#5513),#5517);
#5513 = LINE('',#5514,#5515);
#5514 = CARTESIAN_POINT('',(-6.28318530718,3.5));
#5515 = VECTOR('',#5516,1.);
#5516 = DIRECTION('',(1.,-0.));
#5517 = ( GEOMETRIC_REPRESENTATION_CONTEXT(2) 
PARAMETRIC_REPRESENTATION_CONTEXT() REPRESENTATION_CONTEXT('2D SPACE',''
  ) );
#5518 = PCURVE('',#2831,#5519);
#5519 = DEFINITIONAL_REPRESENTATION('',(#5520),#5524);
#5520 = CIRCLE('',#5521,2.5);
#5521 = AXIS2_PLACEMENT_2D('',#5522,#5523);
#5522 = CARTESIAN_POINT('',(-1.75,-1.75));
#5523 = DIRECTION('',(0.,-1.));
#5524 = ( GEOMETRIC_REPRESENTATION_CONTEXT(2) 
PARAMETRIC_REPRESENTATION_CONTEXT() REPRESENTATION_CONTEXT('2D SPACE',''
  ) );
#5525 = ADVANCED_FACE('',(#5526,#5650),#2831,.F.);
#5526 = FACE_BOUND('',#5527,.F.);
#5527 = EDGE_LOOP('',(#5528,#5549,#5582,#5603,#5625,#5626,#5648,#5649));
#5528 = ORIENTED_EDGE('',*,*,#5529,.T.);
#5529 = EDGE_CURVE('',#5480,#5530,#5532,.T.);
#5530 = VERTEX_POINT('',#5531);
#5531 = CARTESIAN_POINT('',(-51.61608656178,-28.7,3.4));
#5532 = SURFACE_CURVE('',#5533,(#5537,#5543),.PCURVE_S1.);
#5533 = LINE('',#5534,#5535);
#5534 = CARTESIAN_POINT('',(-56.375,-28.7,3.4));
#5535 = VECTOR('',#5536,1.);
#5536 = DIRECTION('',(1.,0.,0.));
#5537 = PCURVE('',#2831,#5538);
#5538 = DEFINITIONAL_REPRESENTATION('',(#5539),#5542);
#5539 = B_SPLINE_CURVE_WITH_KNOTS('',1,(#5540,#5541),.UNSPECIFIED.,.F.,
  .F.,(2,2),(0.375,7.125),.PIECEWISE_BEZIER_KNOTS.);
#5540 = CARTESIAN_POINT('',(-1.75,-4.25));
#5541 = CARTESIAN_POINT('',(5.,-4.25));
#5542 = ( GEOMETRIC_REPRESENTATION_CONTEXT(2) 
PARAMETRIC_REPRESENTATION_CONTEXT() REPRESENTATION_CONTEXT('2D SPACE',''
  ) );
#5543 = PCURVE('',#5383,#5544);
#5544 = DEFINITIONAL_REPRESENTATION('',(#5545),#5548);
#5545 = B_SPLINE_CURVE_WITH_KNOTS('',1,(#5546,#5547),.UNSPECIFIED.,.F.,
  .F.,(2,2),(0.375,7.125),.PIECEWISE_BEZIER_KNOTS.);
#5546 = CARTESIAN_POINT('',(2.5,-3.5));
#5547 = CARTESIAN_POINT('',(9.25,-3.5));
#5548 = ( GEOMETRIC_REPRESENTATION_CONTEXT(2) 
PARAMETRIC_REPRESENTATION_CONTEXT() REPRESENTATION_CONTEXT('2D SPACE',''
  ) );
#5549 = ORIENTED_EDGE('',*,*,#5550,.F.);
#5550 = EDGE_CURVE('',#5551,#5530,#5553,.T.);
#5551 = VERTEX_POINT('',#5552);
#5552 = CARTESIAN_POINT('',(-58.5,-21.81608656178,3.4));
#5553 = SURFACE_CURVE('',#5554,(#5559,#5570),.PCURVE_S1.);
#5554 = CIRCLE('',#5555,5.);
#5555 = AXIS2_PLACEMENT_3D('',#5556,#5557,#5558);
#5556 = CARTESIAN_POINT('',(-54.25,-24.45,3.4));
#5557 = DIRECTION('',(0.,0.,-1.));
#5558 = DIRECTION('',(-0.85,0.526782687643,0.));
#5559 = PCURVE('',#2831,#5560);
#5560 = DEFINITIONAL_REPRESENTATION('',(#5561),#5569);
#5561 = ( BOUNDED_CURVE() B_SPLINE_CURVE(2,(#5562,#5563,#5564,#5565,
#5566,#5567,#5568),.UNSPECIFIED.,.T.,.F.) B_SPLINE_CURVE_WITH_KNOTS((1,2
    ,2,2,2,1),(-2.094395102393,0.,2.094395102393,4.188790204786,
6.28318530718,8.377580409573),.UNSPECIFIED.) CURVE() 
GEOMETRIC_REPRESENTATION_ITEM() RATIONAL_B_SPLINE_CURVE((1.,0.5,1.,0.5,
1.,0.5,1.)) REPRESENTATION_ITEM('') );
#5562 = CARTESIAN_POINT('',(-4.25,2.633913438213));
#5563 = CARTESIAN_POINT('',(0.312071897724,9.995129370381));
#5564 = CARTESIAN_POINT('',(4.406035948862,2.363651246977));
#5565 = CARTESIAN_POINT('',(8.5,-5.267826876426));
#5566 = CARTESIAN_POINT('',(-0.156035948862,-4.99756468519));
#5567 = CARTESIAN_POINT('',(-8.812071897724,-4.727302493955));
#5568 = CARTESIAN_POINT('',(-4.25,2.633913438213));
#5569 = ( GEOMETRIC_REPRESENTATION_CONTEXT(2) 
PARAMETRIC_REPRESENTATION_CONTEXT() REPRESENTATION_CONTEXT('2D SPACE',''
  ) );
#5570 = PCURVE('',#5571,#5576);
#5571 = CYLINDRICAL_SURFACE('',#5572,5.);
#5572 = AXIS2_PLACEMENT_3D('',#5573,#5574,#5575);
#5573 = CARTESIAN_POINT('',(-54.25,-24.45,3.4));
#5574 = DIRECTION('',(-0.,-0.,-1.));
#5575 = DIRECTION('',(1.,0.,0.));
#5576 = DEFINITIONAL_REPRESENTATION('',(#5577),#5581);
#5577 = LINE('',#5578,#5579);
#5578 = CARTESIAN_POINT('',(-8.869966927789,0.));
#5579 = VECTOR('',#5580,1.);
#5580 = DIRECTION('',(1.,-0.));
#5581 = ( GEOMETRIC_REPRESENTATION_CONTEXT(2) 
PARAMETRIC_REPRESENTATION_CONTEXT() REPRESENTATION_CONTEXT('2D SPACE',''
  ) );
#5582 = ORIENTED_EDGE('',*,*,#5583,.T.);
#5583 = EDGE_CURVE('',#5551,#5584,#5586,.T.);
#5584 = VERTEX_POINT('',#5585);
#5585 = CARTESIAN_POINT('',(-58.5,-26.2,3.4));
#5586 = SURFACE_CURVE('',#5587,(#5591,#5597),.PCURVE_S1.);
#5587 = LINE('',#5588,#5589);
#5588 = CARTESIAN_POINT('',(-58.5,2.125,3.4));
#5589 = VECTOR('',#5590,1.);
#5590 = DIRECTION('',(0.,-1.,0.));
#5591 = PCURVE('',#2831,#5592);
#5592 = DEFINITIONAL_REPRESENTATION('',(#5593),#5596);
#5593 = B_SPLINE_CURVE_WITH_KNOTS('',1,(#5594,#5595),.UNSPECIFIED.,.F.,
  .F.,(2,2),(21.575,28.325),.PIECEWISE_BEZIER_KNOTS.);
#5594 = CARTESIAN_POINT('',(-4.25,5.));
#5595 = CARTESIAN_POINT('',(-4.25,-1.75));
#5596 = ( GEOMETRIC_REPRESENTATION_CONTEXT(2) 
PARAMETRIC_REPRESENTATION_CONTEXT() REPRESENTATION_CONTEXT('2D SPACE',''
  ) );
#5597 = PCURVE('',#5435,#5598);
#5598 = DEFINITIONAL_REPRESENTATION('',(#5599),#5602);
#5599 = B_SPLINE_CURVE_WITH_KNOTS('',1,(#5600,#5601),.UNSPECIFIED.,.F.,
  .F.,(2,2),(21.575,28.325),.PIECEWISE_BEZIER_KNOTS.);
#5600 = CARTESIAN_POINT('',(48.15,-3.5));
#5601 = CARTESIAN_POINT('',(54.9,-3.5));
#5602 = ( GEOMETRIC_REPRESENTATION_CONTEXT(2) 
PARAMETRIC_REPRESENTATION_CONTEXT() REPRESENTATION_CONTEXT('2D SPACE',''
  ) );
#5603 = ORIENTED_EDGE('',*,*,#5604,.T.);
#5604 = EDGE_CURVE('',#5584,#2789,#5605,.T.);
#5605 = SURFACE_CURVE('',#5606,(#5611,#5618),.PCURVE_S1.);
#5606 = CIRCLE('',#5607,2.5);
#5607 = AXIS2_PLACEMENT_3D('',#5608,#5609,#5610);
#5608 = CARTESIAN_POINT('',(-56.,-26.2,3.4));
#5609 = DIRECTION('',(0.,0.,1.));
#5610 = DIRECTION('',(0.,-1.,0.));
#5611 = PCURVE('',#2831,#5612);
#5612 = DEFINITIONAL_REPRESENTATION('',(#5613),#5617);
#5613 = CIRCLE('',#5614,2.5);
#5614 = AXIS2_PLACEMENT_2D('',#5615,#5616);
#5615 = CARTESIAN_POINT('',(-1.75,-1.75));
#5616 = DIRECTION('',(0.,-1.));
#5617 = ( GEOMETRIC_REPRESENTATION_CONTEXT(2) 
PARAMETRIC_REPRESENTATION_CONTEXT() REPRESENTATION_CONTEXT('2D SPACE',''
  ) );
#5618 = PCURVE('',#2803,#5619);
#5619 = DEFINITIONAL_REPRESENTATION('',(#5620),#5624);
#5620 = LINE('',#5621,#5622);
#5621 = CARTESIAN_POINT('',(-6.28318530718,3.5));
#5622 = VECTOR('',#5623,1.);
#5623 = DIRECTION('',(1.,-0.));
#5624 = ( GEOMETRIC_REPRESENTATION_CONTEXT(2) 
PARAMETRIC_REPRESENTATION_CONTEXT() REPRESENTATION_CONTEXT('2D SPACE',''
  ) );
#5625 = ORIENTED_EDGE('',*,*,#2814,.F.);
#5626 = ORIENTED_EDGE('',*,*,#5627,.T.);
#5627 = EDGE_CURVE('',#2815,#2903,#5628,.T.);
#5628 = SURFACE_CURVE('',#5629,(#5634,#5641),.PCURVE_S1.);
#5629 = CIRCLE('',#5630,5.);
#5630 = AXIS2_PLACEMENT_3D('',#5631,#5632,#5633);
#5631 = CARTESIAN_POINT('',(-54.25,-24.45,3.4));
#5632 = DIRECTION('',(0.,0.,1.));
#5633 = DIRECTION('',(1.,0.,0.));
#5634 = PCURVE('',#2831,#5635);
#5635 = DEFINITIONAL_REPRESENTATION('',(#5636),#5640);
#5636 = CIRCLE('',#5637,5.);
#5637 = AXIS2_PLACEMENT_2D('',#5638,#5639);
#5638 = CARTESIAN_POINT('',(-7.105427357601E-15,-3.552713678801E-15));
#5639 = DIRECTION('',(1.,0.));
#5640 = ( GEOMETRIC_REPRESENTATION_CONTEXT(2) 
PARAMETRIC_REPRESENTATION_CONTEXT() REPRESENTATION_CONTEXT('2D SPACE',''
  ) );
#5641 = PCURVE('',#2862,#5642);
#5642 = DEFINITIONAL_REPRESENTATION('',(#5643),#5647);
#5643 = LINE('',#5644,#5645);
#5644 = CARTESIAN_POINT('',(-0.,0.));
#5645 = VECTOR('',#5646,1.);
#5646 = DIRECTION('',(-1.,0.));
#5647 = ( GEOMETRIC_REPRESENTATION_CONTEXT(2) 
PARAMETRIC_REPRESENTATION_CONTEXT() REPRESENTATION_CONTEXT('2D SPACE',''
  ) );
#5648 = ORIENTED_EDGE('',*,*,#2923,.F.);
#5649 = ORIENTED_EDGE('',*,*,#5504,.T.);
#5650 = FACE_BOUND('',#5651,.F.);
#5651 = EDGE_LOOP('',(#5652));
#5652 = ORIENTED_EDGE('',*,*,#5653,.T.);
#5653 = EDGE_CURVE('',#5654,#5654,#5656,.T.);
#5654 = VERTEX_POINT('',#5655);
#5655 = CARTESIAN_POINT('',(-53.,-24.45,3.4));
#5656 = SURFACE_CURVE('',#5657,(#5662,#5673),.PCURVE_S1.);
#5657 = CIRCLE('',#5658,1.25);
#5658 = AXIS2_PLACEMENT_3D('',#5659,#5660,#5661);
#5659 = CARTESIAN_POINT('',(-54.25,-24.45,3.4));
#5660 = DIRECTION('',(0.,0.,-1.));
#5661 = DIRECTION('',(1.,0.,0.));
#5662 = PCURVE('',#2831,#5663);
#5663 = DEFINITIONAL_REPRESENTATION('',(#5664),#5672);
#5664 = ( BOUNDED_CURVE() B_SPLINE_CURVE(2,(#5665,#5666,#5667,#5668,
#5669,#5670,#5671),.UNSPECIFIED.,.T.,.F.) B_SPLINE_CURVE_WITH_KNOTS((1,2
    ,2,2,2,1),(-2.094395102393,0.,2.094395102393,4.188790204786,
6.28318530718,8.377580409573),.UNSPECIFIED.) CURVE() 
GEOMETRIC_REPRESENTATION_ITEM() RATIONAL_B_SPLINE_CURVE((1.,0.5,1.,0.5,
1.,0.5,1.)) REPRESENTATION_ITEM('') );
#5665 = CARTESIAN_POINT('',(1.25,-3.552713678801E-15));
#5666 = CARTESIAN_POINT('',(1.25,-2.165063509461));
#5667 = CARTESIAN_POINT('',(-0.625,-1.082531754731));
#5668 = CARTESIAN_POINT('',(-2.5,-3.858875378587E-15));
#5669 = CARTESIAN_POINT('',(-0.625,1.082531754731));
#5670 = CARTESIAN_POINT('',(1.25,2.165063509461));
#5671 = CARTESIAN_POINT('',(1.25,-3.552713678801E-15));
#5672 = ( GEOMETRIC_REPRESENTATION_CONTEXT(2) 
PARAMETRIC_REPRESENTATION_CONTEXT() REPRESENTATION_CONTEXT('2D SPACE',''
  ) );
#5673 = PCURVE('',#5674,#5679);
#5674 = CYLINDRICAL_SURFACE('',#5675,1.25);
#5675 = AXIS2_PLACEMENT_3D('',#5676,#5677,#5678);
#5676 = CARTESIAN_POINT('',(-54.25,-24.45,3.39));
#5677 = DIRECTION('',(-0.,-0.,-1.));
#5678 = DIRECTION('',(1.,0.,0.));
#5679 = DEFINITIONAL_REPRESENTATION('',(#5680),#5684);
#5680 = LINE('',#5681,#5682);
#5681 = CARTESIAN_POINT('',(-6.28318530718,-1.E-02));
#5682 = VECTOR('',#5683,1.);
#5683 = DIRECTION('',(1.,-0.));
#5684 = ( GEOMETRIC_REPRESENTATION_CONTEXT(2) 
PARAMETRIC_REPRESENTATION_CONTEXT() REPRESENTATION_CONTEXT('2D SPACE',''
  ) );
#5685 = ADVANCED_FACE('',(#5686),#2862,.T.);
#5686 = FACE_BOUND('',#5687,.F.);
#5687 = EDGE_LOOP('',(#5688,#5689,#5690,#5712));
#5688 = ORIENTED_EDGE('',*,*,#5627,.F.);
#5689 = ORIENTED_EDGE('',*,*,#2847,.F.);
#5690 = ORIENTED_EDGE('',*,*,#5691,.T.);
#5691 = EDGE_CURVE('',#2848,#2874,#5692,.T.);
#5692 = SURFACE_CURVE('',#5693,(#5698,#5705),.PCURVE_S1.);
#5693 = CIRCLE('',#5694,5.);
#5694 = AXIS2_PLACEMENT_3D('',#5695,#5696,#5697);
#5695 = CARTESIAN_POINT('',(-54.25,-24.45,5.5));
#5696 = DIRECTION('',(0.,0.,1.));
#5697 = DIRECTION('',(1.,0.,0.));
#5698 = PCURVE('',#2862,#5699);
#5699 = DEFINITIONAL_REPRESENTATION('',(#5700),#5704);
#5700 = LINE('',#5701,#5702);
#5701 = CARTESIAN_POINT('',(-0.,-2.1));
#5702 = VECTOR('',#5703,1.);
#5703 = DIRECTION('',(-1.,0.));
#5704 = ( GEOMETRIC_REPRESENTATION_CONTEXT(2) 
PARAMETRIC_REPRESENTATION_CONTEXT() REPRESENTATION_CONTEXT('2D SPACE',''
  ) );
#5705 = PCURVE('',#2890,#5706);
#5706 = DEFINITIONAL_REPRESENTATION('',(#5707),#5711);
#5707 = CIRCLE('',#5708,5.);
#5708 = AXIS2_PLACEMENT_2D('',#5709,#5710);
#5709 = CARTESIAN_POINT('',(-38.815,-24.45));
#5710 = DIRECTION('',(1.,0.));
#5711 = ( GEOMETRIC_REPRESENTATION_CONTEXT(2) 
PARAMETRIC_REPRESENTATION_CONTEXT() REPRESENTATION_CONTEXT('2D SPACE',''
  ) );
#5712 = ORIENTED_EDGE('',*,*,#2902,.T.);
#5713 = ADVANCED_FACE('',(#5714),#2890,.F.);
#5714 = FACE_BOUND('',#5715,.F.);
#5715 = EDGE_LOOP('',(#5716,#5717));
#5716 = ORIENTED_EDGE('',*,*,#2873,.T.);
#5717 = ORIENTED_EDGE('',*,*,#5691,.F.);
#5718 = ADVANCED_FACE('',(#5719),#2803,.F.);
#5719 = FACE_BOUND('',#5720,.T.);
#5720 = EDGE_LOOP('',(#5721,#5722,#5723,#5744));
#5721 = ORIENTED_EDGE('',*,*,#2788,.F.);
#5722 = ORIENTED_EDGE('',*,*,#5447,.T.);
#5723 = ORIENTED_EDGE('',*,*,#5724,.T.);
#5724 = EDGE_CURVE('',#5420,#5584,#5725,.T.);
#5725 = SURFACE_CURVE('',#5726,(#5730,#5737),.PCURVE_S1.);
#5726 = LINE('',#5727,#5728);
#5727 = CARTESIAN_POINT('',(-58.5,-26.2,-0.1));
#5728 = VECTOR('',#5729,1.);
#5729 = DIRECTION('',(0.,0.,1.));
#5730 = PCURVE('',#2803,#5731);
#5731 = DEFINITIONAL_REPRESENTATION('',(#5732),#5736);
#5732 = LINE('',#5733,#5734);
#5733 = CARTESIAN_POINT('',(-1.570796326795,0.));
#5734 = VECTOR('',#5735,1.);
#5735 = DIRECTION('',(-0.,1.));
#5736 = ( GEOMETRIC_REPRESENTATION_CONTEXT(2) 
PARAMETRIC_REPRESENTATION_CONTEXT() REPRESENTATION_CONTEXT('2D SPACE',''
  ) );
#5737 = PCURVE('',#5435,#5738);
#5738 = DEFINITIONAL_REPRESENTATION('',(#5739),#5743);
#5739 = LINE('',#5740,#5741);
#5740 = CARTESIAN_POINT('',(54.9,0.));
#5741 = VECTOR('',#5742,1.);
#5742 = DIRECTION('',(0.,-1.));
#5743 = ( GEOMETRIC_REPRESENTATION_CONTEXT(2) 
PARAMETRIC_REPRESENTATION_CONTEXT() REPRESENTATION_CONTEXT('2D SPACE',''
  ) );
#5744 = ORIENTED_EDGE('',*,*,#5604,.T.);
#5745 = ADVANCED_FACE('',(#5746),#3228,.T.);
#5746 = FACE_BOUND('',#5747,.T.);
#5747 = EDGE_LOOP('',(#5748,#5773,#5797,#5825,#5847,#5848,#5849,#5850));
#5748 = ORIENTED_EDGE('',*,*,#5749,.T.);
#5749 = EDGE_CURVE('',#5750,#5752,#5754,.T.);
#5750 = VERTEX_POINT('',#5751);
#5751 = CARTESIAN_POINT('',(-58.5,26.2,-0.1));
#5752 = VERTEX_POINT('',#5753);
#5753 = CARTESIAN_POINT('',(-58.5,25.520690632575,-0.1));
#5754 = SURFACE_CURVE('',#5755,(#5759,#5766),.PCURVE_S1.);
#5755 = LINE('',#5756,#5757);
#5756 = CARTESIAN_POINT('',(-58.5,28.7,-0.1));
#5757 = VECTOR('',#5758,1.);
#5758 = DIRECTION('',(0.,-1.,0.));
#5759 = PCURVE('',#3228,#5760);
#5760 = DEFINITIONAL_REPRESENTATION('',(#5761),#5765);
#5761 = LINE('',#5762,#5763);
#5762 = CARTESIAN_POINT('',(-43.065,28.7));
#5763 = VECTOR('',#5764,1.);
#5764 = DIRECTION('',(0.,-1.));
#5765 = ( GEOMETRIC_REPRESENTATION_CONTEXT(2) 
PARAMETRIC_REPRESENTATION_CONTEXT() REPRESENTATION_CONTEXT('2D SPACE',''
  ) );
#5766 = PCURVE('',#5435,#5767);
#5767 = DEFINITIONAL_REPRESENTATION('',(#5768),#5772);
#5768 = LINE('',#5769,#5770);
#5769 = CARTESIAN_POINT('',(0.,0.));
#5770 = VECTOR('',#5771,1.);
#5771 = DIRECTION('',(1.,0.));
#5772 = ( GEOMETRIC_REPRESENTATION_CONTEXT(2) 
PARAMETRIC_REPRESENTATION_CONTEXT() REPRESENTATION_CONTEXT('2D SPACE',''
  ) );
#5773 = ORIENTED_EDGE('',*,*,#5774,.F.);
#5774 = EDGE_CURVE('',#5775,#5752,#5777,.T.);
#5775 = VERTEX_POINT('',#5776);
#5776 = CARTESIAN_POINT('',(-54.68738635424,28.7,-0.1));
#5777 = SURFACE_CURVE('',#5778,(#5783,#5790),.PCURVE_S1.);
#5778 = CIRCLE('',#5779,4.75);
#5779 = AXIS2_PLACEMENT_3D('',#5780,#5781,#5782);
#5780 = CARTESIAN_POINT('',(-54.,24.,-0.1));
#5781 = DIRECTION('',(0.,0.,1.));
#5782 = DIRECTION('',(-0.,1.,0.));
#5783 = PCURVE('',#3228,#5784);
#5784 = DEFINITIONAL_REPRESENTATION('',(#5785),#5789);
#5785 = CIRCLE('',#5786,4.75);
#5786 = AXIS2_PLACEMENT_2D('',#5787,#5788);
#5787 = CARTESIAN_POINT('',(-38.565,24.));
#5788 = DIRECTION('',(0.,1.));
#5789 = ( GEOMETRIC_REPRESENTATION_CONTEXT(2) 
PARAMETRIC_REPRESENTATION_CONTEXT() REPRESENTATION_CONTEXT('2D SPACE',''
  ) );
#5790 = PCURVE('',#5301,#5791);
#5791 = DEFINITIONAL_REPRESENTATION('',(#5792),#5796);
#5792 = LINE('',#5793,#5794);
#5793 = CARTESIAN_POINT('',(0.,3.));
#5794 = VECTOR('',#5795,1.);
#5795 = DIRECTION('',(1.,0.));
#5796 = ( GEOMETRIC_REPRESENTATION_CONTEXT(2) 
PARAMETRIC_REPRESENTATION_CONTEXT() REPRESENTATION_CONTEXT('2D SPACE',''
  ) );
#5797 = ORIENTED_EDGE('',*,*,#5798,.T.);
#5798 = EDGE_CURVE('',#5775,#5799,#5801,.T.);
#5799 = VERTEX_POINT('',#5800);
#5800 = CARTESIAN_POINT('',(-56.,28.7,-0.1));
#5801 = SURFACE_CURVE('',#5802,(#5806,#5813),.PCURVE_S1.);
#5802 = LINE('',#5803,#5804);
#5803 = CARTESIAN_POINT('',(27.63,28.7,-0.1));
#5804 = VECTOR('',#5805,1.);
#5805 = DIRECTION('',(-1.,0.,0.));
#5806 = PCURVE('',#3228,#5807);
#5807 = DEFINITIONAL_REPRESENTATION('',(#5808),#5812);
#5808 = LINE('',#5809,#5810);
#5809 = CARTESIAN_POINT('',(43.065,28.7));
#5810 = VECTOR('',#5811,1.);
#5811 = DIRECTION('',(-1.,0.));
#5812 = ( GEOMETRIC_REPRESENTATION_CONTEXT(2) 
PARAMETRIC_REPRESENTATION_CONTEXT() REPRESENTATION_CONTEXT('2D SPACE',''
  ) );
#5813 = PCURVE('',#5814,#5819);
#5814 = PLANE('',#5815);
#5815 = AXIS2_PLACEMENT_3D('',#5816,#5817,#5818);
#5816 = CARTESIAN_POINT('',(27.63,28.7,-0.1));
#5817 = DIRECTION('',(0.,-1.,0.));
#5818 = DIRECTION('',(-1.,0.,0.));
#5819 = DEFINITIONAL_REPRESENTATION('',(#5820),#5824);
#5820 = LINE('',#5821,#5822);
#5821 = CARTESIAN_POINT('',(0.,-0.));
#5822 = VECTOR('',#5823,1.);
#5823 = DIRECTION('',(1.,0.));
#5824 = ( GEOMETRIC_REPRESENTATION_CONTEXT(2) 
PARAMETRIC_REPRESENTATION_CONTEXT() REPRESENTATION_CONTEXT('2D SPACE',''
  ) );
#5825 = ORIENTED_EDGE('',*,*,#5826,.T.);
#5826 = EDGE_CURVE('',#5799,#3371,#5827,.T.);
#5827 = SURFACE_CURVE('',#5828,(#5833,#5840),.PCURVE_S1.);
#5828 = CIRCLE('',#5829,2.5);
#5829 = AXIS2_PLACEMENT_3D('',#5830,#5831,#5832);
#5830 = CARTESIAN_POINT('',(-56.,26.2,-0.1));
#5831 = DIRECTION('',(0.,0.,1.));
#5832 = DIRECTION('',(0.,-1.,0.));
#5833 = PCURVE('',#3228,#5834);
#5834 = DEFINITIONAL_REPRESENTATION('',(#5835),#5839);
#5835 = CIRCLE('',#5836,2.5);
#5836 = AXIS2_PLACEMENT_2D('',#5837,#5838);
#5837 = CARTESIAN_POINT('',(-40.565,26.2));
#5838 = DIRECTION('',(0.,-1.));
#5839 = ( GEOMETRIC_REPRESENTATION_CONTEXT(2) 
PARAMETRIC_REPRESENTATION_CONTEXT() REPRESENTATION_CONTEXT('2D SPACE',''
  ) );
#5840 = PCURVE('',#3413,#5841);
#5841 = DEFINITIONAL_REPRESENTATION('',(#5842),#5846);
#5842 = LINE('',#5843,#5844);
#5843 = CARTESIAN_POINT('',(-3.14159265359,0.));
#5844 = VECTOR('',#5845,1.);
#5845 = DIRECTION('',(1.,0.));
#5846 = ( GEOMETRIC_REPRESENTATION_CONTEXT(2) 
PARAMETRIC_REPRESENTATION_CONTEXT() REPRESENTATION_CONTEXT('2D SPACE',''
  ) );
#5847 = ORIENTED_EDGE('',*,*,#3370,.F.);
#5848 = ORIENTED_EDGE('',*,*,#3211,.T.);
#5849 = ORIENTED_EDGE('',*,*,#3341,.F.);
#5850 = ORIENTED_EDGE('',*,*,#5851,.T.);
#5851 = EDGE_CURVE('',#3314,#5750,#5852,.T.);
#5852 = SURFACE_CURVE('',#5853,(#5858,#5865),.PCURVE_S1.);
#5853 = CIRCLE('',#5854,2.5);
#5854 = AXIS2_PLACEMENT_3D('',#5855,#5856,#5857);
#5855 = CARTESIAN_POINT('',(-56.,26.2,-0.1));
#5856 = DIRECTION('',(0.,0.,1.));
#5857 = DIRECTION('',(0.,-1.,0.));
#5858 = PCURVE('',#3228,#5859);
#5859 = DEFINITIONAL_REPRESENTATION('',(#5860),#5864);
#5860 = CIRCLE('',#5861,2.5);
#5861 = AXIS2_PLACEMENT_2D('',#5862,#5863);
#5862 = CARTESIAN_POINT('',(-40.565,26.2));
#5863 = DIRECTION('',(0.,-1.));
#5864 = ( GEOMETRIC_REPRESENTATION_CONTEXT(2) 
PARAMETRIC_REPRESENTATION_CONTEXT() REPRESENTATION_CONTEXT('2D SPACE',''
  ) );
#5865 = PCURVE('',#3330,#5866);
#5866 = DEFINITIONAL_REPRESENTATION('',(#5867),#5871);
#5867 = LINE('',#5868,#5869);
#5868 = CARTESIAN_POINT('',(-3.14159265359,0.));
#5869 = VECTOR('',#5870,1.);
#5870 = DIRECTION('',(1.,0.));
#5871 = ( GEOMETRIC_REPRESENTATION_CONTEXT(2) 
PARAMETRIC_REPRESENTATION_CONTEXT() REPRESENTATION_CONTEXT('2D SPACE',''
  ) );
#5872 = ADVANCED_FACE('',(#5873),#3330,.F.);
#5873 = FACE_BOUND('',#5874,.F.);
#5874 = EDGE_LOOP('',(#5875,#5876,#5877,#5900));
#5875 = ORIENTED_EDGE('',*,*,#3313,.F.);
#5876 = ORIENTED_EDGE('',*,*,#5851,.T.);
#5877 = ORIENTED_EDGE('',*,*,#5878,.T.);
#5878 = EDGE_CURVE('',#5750,#5879,#5881,.T.);
#5879 = VERTEX_POINT('',#5880);
#5880 = CARTESIAN_POINT('',(-58.5,26.2,3.4));
#5881 = SURFACE_CURVE('',#5882,(#5886,#5893),.PCURVE_S1.);
#5882 = LINE('',#5883,#5884);
#5883 = CARTESIAN_POINT('',(-58.5,26.2,-0.1));
#5884 = VECTOR('',#5885,1.);
#5885 = DIRECTION('',(0.,0.,1.));
#5886 = PCURVE('',#3330,#5887);
#5887 = DEFINITIONAL_REPRESENTATION('',(#5888),#5892);
#5888 = LINE('',#5889,#5890);
#5889 = CARTESIAN_POINT('',(1.570796326795,0.));
#5890 = VECTOR('',#5891,1.);
#5891 = DIRECTION('',(0.,1.));
#5892 = ( GEOMETRIC_REPRESENTATION_CONTEXT(2) 
PARAMETRIC_REPRESENTATION_CONTEXT() REPRESENTATION_CONTEXT('2D SPACE',''
  ) );
#5893 = PCURVE('',#5435,#5894);
#5894 = DEFINITIONAL_REPRESENTATION('',(#5895),#5899);
#5895 = LINE('',#5896,#5897);
#5896 = CARTESIAN_POINT('',(2.5,0.));
#5897 = VECTOR('',#5898,1.);
#5898 = DIRECTION('',(0.,-1.));
#5899 = ( GEOMETRIC_REPRESENTATION_CONTEXT(2) 
PARAMETRIC_REPRESENTATION_CONTEXT() REPRESENTATION_CONTEXT('2D SPACE',''
  ) );
#5900 = ORIENTED_EDGE('',*,*,#5901,.F.);
#5901 = EDGE_CURVE('',#3316,#5879,#5902,.T.);
#5902 = SURFACE_CURVE('',#5903,(#5908,#5915),.PCURVE_S1.);
#5903 = CIRCLE('',#5904,2.5);
#5904 = AXIS2_PLACEMENT_3D('',#5905,#5906,#5907);
#5905 = CARTESIAN_POINT('',(-56.,26.2,3.4));
#5906 = DIRECTION('',(0.,0.,1.));
#5907 = DIRECTION('',(-0.,1.,0.));
#5908 = PCURVE('',#3330,#5909);
#5909 = DEFINITIONAL_REPRESENTATION('',(#5910),#5914);
#5910 = LINE('',#5911,#5912);
#5911 = CARTESIAN_POINT('',(0.,3.5));
#5912 = VECTOR('',#5913,1.);
#5913 = DIRECTION('',(1.,0.));
#5914 = ( GEOMETRIC_REPRESENTATION_CONTEXT(2) 
PARAMETRIC_REPRESENTATION_CONTEXT() REPRESENTATION_CONTEXT('2D SPACE',''
  ) );
#5915 = PCURVE('',#3441,#5916);
#5916 = DEFINITIONAL_REPRESENTATION('',(#5917),#5921);
#5917 = CIRCLE('',#5918,2.5);
#5918 = AXIS2_PLACEMENT_2D('',#5919,#5920);
#5919 = CARTESIAN_POINT('',(-1.75,1.75));
#5920 = DIRECTION('',(0.,1.));
#5921 = ( GEOMETRIC_REPRESENTATION_CONTEXT(2) 
PARAMETRIC_REPRESENTATION_CONTEXT() REPRESENTATION_CONTEXT('2D SPACE',''
  ) );
#5922 = ADVANCED_FACE('',(#5923,#6047),#3441,.F.);
#5923 = FACE_BOUND('',#5924,.F.);
#5924 = EDGE_LOOP('',(#5925,#5946,#5979,#6000,#6022,#6023,#6045,#6046));
#5925 = ORIENTED_EDGE('',*,*,#5926,.T.);
#5926 = EDGE_CURVE('',#5879,#5927,#5929,.T.);
#5927 = VERTEX_POINT('',#5928);
#5928 = CARTESIAN_POINT('',(-58.5,21.816086561787,3.4));
#5929 = SURFACE_CURVE('',#5930,(#5934,#5940),.PCURVE_S1.);
#5930 = LINE('',#5931,#5932);
#5931 = CARTESIAN_POINT('',(-58.5,26.575,3.4));
#5932 = VECTOR('',#5933,1.);
#5933 = DIRECTION('',(0.,-1.,0.));
#5934 = PCURVE('',#3441,#5935);
#5935 = DEFINITIONAL_REPRESENTATION('',(#5936),#5939);
#5936 = B_SPLINE_CURVE_WITH_KNOTS('',1,(#5937,#5938),.UNSPECIFIED.,.F.,
  .F.,(2,2),(0.375,7.125),.PIECEWISE_BEZIER_KNOTS.);
#5937 = CARTESIAN_POINT('',(-4.25,1.75));
#5938 = CARTESIAN_POINT('',(-4.25,-5.));
#5939 = ( GEOMETRIC_REPRESENTATION_CONTEXT(2) 
PARAMETRIC_REPRESENTATION_CONTEXT() REPRESENTATION_CONTEXT('2D SPACE',''
  ) );
#5940 = PCURVE('',#5435,#5941);
#5941 = DEFINITIONAL_REPRESENTATION('',(#5942),#5945);
#5942 = B_SPLINE_CURVE_WITH_KNOTS('',1,(#5943,#5944),.UNSPECIFIED.,.F.,
  .F.,(2,2),(0.375,7.125),.PIECEWISE_BEZIER_KNOTS.);
#5943 = CARTESIAN_POINT('',(2.5,-3.5));
#5944 = CARTESIAN_POINT('',(9.25,-3.5));
#5945 = ( GEOMETRIC_REPRESENTATION_CONTEXT(2) 
PARAMETRIC_REPRESENTATION_CONTEXT() REPRESENTATION_CONTEXT('2D SPACE',''
  ) );
#5946 = ORIENTED_EDGE('',*,*,#5947,.F.);
#5947 = EDGE_CURVE('',#5948,#5927,#5950,.T.);
#5948 = VERTEX_POINT('',#5949);
#5949 = CARTESIAN_POINT('',(-51.61608656178,28.7,3.4));
#5950 = SURFACE_CURVE('',#5951,(#5956,#5967),.PCURVE_S1.);
#5951 = CIRCLE('',#5952,5.);
#5952 = AXIS2_PLACEMENT_3D('',#5953,#5954,#5955);
#5953 = CARTESIAN_POINT('',(-54.25,24.45,3.4));
#5954 = DIRECTION('',(0.,0.,-1.));
#5955 = DIRECTION('',(0.526782687643,0.85,0.));
#5956 = PCURVE('',#3441,#5957);
#5957 = DEFINITIONAL_REPRESENTATION('',(#5958),#5966);
#5958 = ( BOUNDED_CURVE() B_SPLINE_CURVE(2,(#5959,#5960,#5961,#5962,
#5963,#5964,#5965),.UNSPECIFIED.,.T.,.F.) B_SPLINE_CURVE_WITH_KNOTS((1,2
    ,2,2,2,1),(-2.094395102393,0.,2.094395102393,4.188790204786,
6.28318530718,8.377580409573),.UNSPECIFIED.) CURVE() 
GEOMETRIC_REPRESENTATION_ITEM() RATIONAL_B_SPLINE_CURVE((1.,0.5,1.,0.5,
1.,0.5,1.)) REPRESENTATION_ITEM('') );
#5959 = CARTESIAN_POINT('',(2.633913438213,4.25));
#5960 = CARTESIAN_POINT('',(9.995129370381,-0.312071897724));
#5961 = CARTESIAN_POINT('',(2.363651246977,-4.406035948862));
#5962 = CARTESIAN_POINT('',(-5.267826876426,-8.5));
#5963 = CARTESIAN_POINT('',(-4.99756468519,0.156035948862));
#5964 = CARTESIAN_POINT('',(-4.727302493955,8.812071897724));
#5965 = CARTESIAN_POINT('',(2.633913438213,4.25));
#5966 = ( GEOMETRIC_REPRESENTATION_CONTEXT(2) 
PARAMETRIC_REPRESENTATION_CONTEXT() REPRESENTATION_CONTEXT('2D SPACE',''
  ) );
#5967 = PCURVE('',#5968,#5973);
#5968 = CYLINDRICAL_SURFACE('',#5969,5.);
#5969 = AXIS2_PLACEMENT_3D('',#5970,#5971,#5972);
#5970 = CARTESIAN_POINT('',(-54.25,24.45,3.4));
#5971 = DIRECTION('',(-0.,-0.,-1.));
#5972 = DIRECTION('',(1.,0.,0.));
#5973 = DEFINITIONAL_REPRESENTATION('',(#5974),#5978);
#5974 = LINE('',#5975,#5976);
#5975 = CARTESIAN_POINT('',(-7.299170600994,0.));
#5976 = VECTOR('',#5977,1.);
#5977 = DIRECTION('',(1.,-0.));
#5978 = ( GEOMETRIC_REPRESENTATION_CONTEXT(2) 
PARAMETRIC_REPRESENTATION_CONTEXT() REPRESENTATION_CONTEXT('2D SPACE',''
  ) );
#5979 = ORIENTED_EDGE('',*,*,#5980,.T.);
#5980 = EDGE_CURVE('',#5948,#5981,#5983,.T.);
#5981 = VERTEX_POINT('',#5982);
#5982 = CARTESIAN_POINT('',(-56.,28.7,3.4));
#5983 = SURFACE_CURVE('',#5984,(#5988,#5994),.PCURVE_S1.);
#5984 = LINE('',#5985,#5986);
#5985 = CARTESIAN_POINT('',(-13.31,28.7,3.4));
#5986 = VECTOR('',#5987,1.);
#5987 = DIRECTION('',(-1.,0.,0.));
#5988 = PCURVE('',#3441,#5989);
#5989 = DEFINITIONAL_REPRESENTATION('',(#5990),#5993);
#5990 = B_SPLINE_CURVE_WITH_KNOTS('',1,(#5991,#5992),.UNSPECIFIED.,.F.,
  .F.,(2,2),(35.94,42.69),.PIECEWISE_BEZIER_KNOTS.);
#5991 = CARTESIAN_POINT('',(5.,4.25));
#5992 = CARTESIAN_POINT('',(-1.75,4.25));
#5993 = ( GEOMETRIC_REPRESENTATION_CONTEXT(2) 
PARAMETRIC_REPRESENTATION_CONTEXT() REPRESENTATION_CONTEXT('2D SPACE',''
  ) );
#5994 = PCURVE('',#5814,#5995);
#5995 = DEFINITIONAL_REPRESENTATION('',(#5996),#5999);
#5996 = B_SPLINE_CURVE_WITH_KNOTS('',1,(#5997,#5998),.UNSPECIFIED.,.F.,
  .F.,(2,2),(35.94,42.69),.PIECEWISE_BEZIER_KNOTS.);
#5997 = CARTESIAN_POINT('',(76.88,-3.5));
#5998 = CARTESIAN_POINT('',(83.63,-3.5));
#5999 = ( GEOMETRIC_REPRESENTATION_CONTEXT(2) 
PARAMETRIC_REPRESENTATION_CONTEXT() REPRESENTATION_CONTEXT('2D SPACE',''
  ) );
#6000 = ORIENTED_EDGE('',*,*,#6001,.T.);
#6001 = EDGE_CURVE('',#5981,#3399,#6002,.T.);
#6002 = SURFACE_CURVE('',#6003,(#6008,#6015),.PCURVE_S1.);
#6003 = CIRCLE('',#6004,2.5);
#6004 = AXIS2_PLACEMENT_3D('',#6005,#6006,#6007);
#6005 = CARTESIAN_POINT('',(-56.,26.2,3.4));
#6006 = DIRECTION('',(0.,0.,1.));
#6007 = DIRECTION('',(-0.,1.,0.));
#6008 = PCURVE('',#3441,#6009);
#6009 = DEFINITIONAL_REPRESENTATION('',(#6010),#6014);
#6010 = CIRCLE('',#6011,2.5);
#6011 = AXIS2_PLACEMENT_2D('',#6012,#6013);
#6012 = CARTESIAN_POINT('',(-1.75,1.75));
#6013 = DIRECTION('',(0.,1.));
#6014 = ( GEOMETRIC_REPRESENTATION_CONTEXT(2) 
PARAMETRIC_REPRESENTATION_CONTEXT() REPRESENTATION_CONTEXT('2D SPACE',''
  ) );
#6015 = PCURVE('',#3413,#6016);
#6016 = DEFINITIONAL_REPRESENTATION('',(#6017),#6021);
#6017 = LINE('',#6018,#6019);
#6018 = CARTESIAN_POINT('',(0.,3.5));
#6019 = VECTOR('',#6020,1.);
#6020 = DIRECTION('',(1.,0.));
#6021 = ( GEOMETRIC_REPRESENTATION_CONTEXT(2) 
PARAMETRIC_REPRESENTATION_CONTEXT() REPRESENTATION_CONTEXT('2D SPACE',''
  ) );
#6022 = ORIENTED_EDGE('',*,*,#3424,.F.);
#6023 = ORIENTED_EDGE('',*,*,#6024,.T.);
#6024 = EDGE_CURVE('',#3425,#3513,#6025,.T.);
#6025 = SURFACE_CURVE('',#6026,(#6031,#6038),.PCURVE_S1.);
#6026 = CIRCLE('',#6027,5.);
#6027 = AXIS2_PLACEMENT_3D('',#6028,#6029,#6030);
#6028 = CARTESIAN_POINT('',(-54.25,24.45,3.4));
#6029 = DIRECTION('',(0.,0.,1.));
#6030 = DIRECTION('',(1.,0.,0.));
#6031 = PCURVE('',#3441,#6032);
#6032 = DEFINITIONAL_REPRESENTATION('',(#6033),#6037);
#6033 = CIRCLE('',#6034,5.);
#6034 = AXIS2_PLACEMENT_2D('',#6035,#6036);
#6035 = CARTESIAN_POINT('',(-7.105427357601E-15,3.552713678801E-15));
#6036 = DIRECTION('',(1.,0.));
#6037 = ( GEOMETRIC_REPRESENTATION_CONTEXT(2) 
PARAMETRIC_REPRESENTATION_CONTEXT() REPRESENTATION_CONTEXT('2D SPACE',''
  ) );
#6038 = PCURVE('',#3472,#6039);
#6039 = DEFINITIONAL_REPRESENTATION('',(#6040),#6044);
#6040 = LINE('',#6041,#6042);
#6041 = CARTESIAN_POINT('',(-0.,0.));
#6042 = VECTOR('',#6043,1.);
#6043 = DIRECTION('',(-1.,0.));
#6044 = ( GEOMETRIC_REPRESENTATION_CONTEXT(2) 
PARAMETRIC_REPRESENTATION_CONTEXT() REPRESENTATION_CONTEXT('2D SPACE',''
  ) );
#6045 = ORIENTED_EDGE('',*,*,#3533,.F.);
#6046 = ORIENTED_EDGE('',*,*,#5901,.T.);
#6047 = FACE_BOUND('',#6048,.F.);
#6048 = EDGE_LOOP('',(#6049));
#6049 = ORIENTED_EDGE('',*,*,#6050,.T.);
#6050 = EDGE_CURVE('',#6051,#6051,#6053,.T.);
#6051 = VERTEX_POINT('',#6052);
#6052 = CARTESIAN_POINT('',(-53.,24.45,3.4));
#6053 = SURFACE_CURVE('',#6054,(#6059,#6070),.PCURVE_S1.);
#6054 = CIRCLE('',#6055,1.25);
#6055 = AXIS2_PLACEMENT_3D('',#6056,#6057,#6058);
#6056 = CARTESIAN_POINT('',(-54.25,24.45,3.4));
#6057 = DIRECTION('',(0.,0.,-1.));
#6058 = DIRECTION('',(1.,0.,0.));
#6059 = PCURVE('',#3441,#6060);
#6060 = DEFINITIONAL_REPRESENTATION('',(#6061),#6069);
#6061 = ( BOUNDED_CURVE() B_SPLINE_CURVE(2,(#6062,#6063,#6064,#6065,
#6066,#6067,#6068),.UNSPECIFIED.,.T.,.F.) B_SPLINE_CURVE_WITH_KNOTS((1,2
    ,2,2,2,1),(-2.094395102393,0.,2.094395102393,4.188790204786,
6.28318530718,8.377580409573),.UNSPECIFIED.) CURVE() 
GEOMETRIC_REPRESENTATION_ITEM() RATIONAL_B_SPLINE_CURVE((1.,0.5,1.,0.5,
1.,0.5,1.)) REPRESENTATION_ITEM('') );
#6062 = CARTESIAN_POINT('',(1.25,3.552713678801E-15));
#6063 = CARTESIAN_POINT('',(1.25,-2.165063509461));
#6064 = CARTESIAN_POINT('',(-0.625,-1.082531754731));
#6065 = CARTESIAN_POINT('',(-2.5,3.246551979014E-15));
#6066 = CARTESIAN_POINT('',(-0.625,1.082531754731));
#6067 = CARTESIAN_POINT('',(1.25,2.165063509461));
#6068 = CARTESIAN_POINT('',(1.25,3.552713678801E-15));
#6069 = ( GEOMETRIC_REPRESENTATION_CONTEXT(2) 
PARAMETRIC_REPRESENTATION_CONTEXT() REPRESENTATION_CONTEXT('2D SPACE',''
  ) );
#6070 = PCURVE('',#6071,#6076);
#6071 = CYLINDRICAL_SURFACE('',#6072,1.25);
#6072 = AXIS2_PLACEMENT_3D('',#6073,#6074,#6075);
#6073 = CARTESIAN_POINT('',(-54.25,24.45,3.39));
#6074 = DIRECTION('',(-0.,-0.,-1.));
#6075 = DIRECTION('',(1.,0.,0.));
#6076 = DEFINITIONAL_REPRESENTATION('',(#6077),#6081);
#6077 = LINE('',#6078,#6079);
#6078 = CARTESIAN_POINT('',(-6.28318530718,-1.E-02));
#6079 = VECTOR('',#6080,1.);
#6080 = DIRECTION('',(1.,-0.));
#6081 = ( GEOMETRIC_REPRESENTATION_CONTEXT(2) 
PARAMETRIC_REPRESENTATION_CONTEXT() REPRESENTATION_CONTEXT('2D SPACE',''
  ) );
#6082 = ADVANCED_FACE('',(#6083),#3472,.T.);
#6083 = FACE_BOUND('',#6084,.F.);
#6084 = EDGE_LOOP('',(#6085,#6086,#6087,#6109));
#6085 = ORIENTED_EDGE('',*,*,#6024,.F.);
#6086 = ORIENTED_EDGE('',*,*,#3457,.F.);
#6087 = ORIENTED_EDGE('',*,*,#6088,.T.);
#6088 = EDGE_CURVE('',#3458,#3484,#6089,.T.);
#6089 = SURFACE_CURVE('',#6090,(#6095,#6102),.PCURVE_S1.);
#6090 = CIRCLE('',#6091,5.);
#6091 = AXIS2_PLACEMENT_3D('',#6092,#6093,#6094);
#6092 = CARTESIAN_POINT('',(-54.25,24.45,5.5));
#6093 = DIRECTION('',(0.,0.,1.));
#6094 = DIRECTION('',(1.,0.,0.));
#6095 = PCURVE('',#3472,#6096);
#6096 = DEFINITIONAL_REPRESENTATION('',(#6097),#6101);
#6097 = LINE('',#6098,#6099);
#6098 = CARTESIAN_POINT('',(-0.,-2.1));
#6099 = VECTOR('',#6100,1.);
#6100 = DIRECTION('',(-1.,0.));
#6101 = ( GEOMETRIC_REPRESENTATION_CONTEXT(2) 
PARAMETRIC_REPRESENTATION_CONTEXT() REPRESENTATION_CONTEXT('2D SPACE',''
  ) );
#6102 = PCURVE('',#3500,#6103);
#6103 = DEFINITIONAL_REPRESENTATION('',(#6104),#6108);
#6104 = CIRCLE('',#6105,5.);
#6105 = AXIS2_PLACEMENT_2D('',#6106,#6107);
#6106 = CARTESIAN_POINT('',(-38.815,24.45));
#6107 = DIRECTION('',(1.,0.));
#6108 = ( GEOMETRIC_REPRESENTATION_CONTEXT(2) 
PARAMETRIC_REPRESENTATION_CONTEXT() REPRESENTATION_CONTEXT('2D SPACE',''
  ) );
#6109 = ORIENTED_EDGE('',*,*,#3512,.T.);
#6110 = ADVANCED_FACE('',(#6111),#3500,.F.);
#6111 = FACE_BOUND('',#6112,.F.);
#6112 = EDGE_LOOP('',(#6113,#6114));
#6113 = ORIENTED_EDGE('',*,*,#3483,.T.);
#6114 = ORIENTED_EDGE('',*,*,#6088,.F.);
#6115 = ADVANCED_FACE('',(#6116),#3413,.F.);
#6116 = FACE_BOUND('',#6117,.F.);
#6117 = EDGE_LOOP('',(#6118,#6139,#6140,#6141));
#6118 = ORIENTED_EDGE('',*,*,#6119,.F.);
#6119 = EDGE_CURVE('',#5799,#5981,#6120,.T.);
#6120 = SURFACE_CURVE('',#6121,(#6125,#6132),.PCURVE_S1.);
#6121 = LINE('',#6122,#6123);
#6122 = CARTESIAN_POINT('',(-56.,28.7,-0.1));
#6123 = VECTOR('',#6124,1.);
#6124 = DIRECTION('',(0.,0.,1.));
#6125 = PCURVE('',#3413,#6126);
#6126 = DEFINITIONAL_REPRESENTATION('',(#6127),#6131);
#6127 = LINE('',#6128,#6129);
#6128 = CARTESIAN_POINT('',(0.,0.));
#6129 = VECTOR('',#6130,1.);
#6130 = DIRECTION('',(0.,1.));
#6131 = ( GEOMETRIC_REPRESENTATION_CONTEXT(2) 
PARAMETRIC_REPRESENTATION_CONTEXT() REPRESENTATION_CONTEXT('2D SPACE',''
  ) );
#6132 = PCURVE('',#5814,#6133);
#6133 = DEFINITIONAL_REPRESENTATION('',(#6134),#6138);
#6134 = LINE('',#6135,#6136);
#6135 = CARTESIAN_POINT('',(83.63,0.));
#6136 = VECTOR('',#6137,1.);
#6137 = DIRECTION('',(0.,-1.));
#6138 = ( GEOMETRIC_REPRESENTATION_CONTEXT(2) 
PARAMETRIC_REPRESENTATION_CONTEXT() REPRESENTATION_CONTEXT('2D SPACE',''
  ) );
#6139 = ORIENTED_EDGE('',*,*,#5826,.T.);
#6140 = ORIENTED_EDGE('',*,*,#3398,.T.);
#6141 = ORIENTED_EDGE('',*,*,#6001,.F.);
#6142 = ADVANCED_FACE('',(#6143),#3819,.T.);
#6143 = FACE_BOUND('',#6144,.T.);
#6144 = EDGE_LOOP('',(#6145,#6146));
#6145 = ORIENTED_EDGE('',*,*,#3804,.F.);
#6146 = ORIENTED_EDGE('',*,*,#4028,.F.);
#6147 = ADVANCED_FACE('',(#6148),#3771,.F.);
#6148 = FACE_BOUND('',#6149,.F.);
#6149 = EDGE_LOOP('',(#6150,#6151,#6152,#6176,#6197));
#6150 = ORIENTED_EDGE('',*,*,#3756,.F.);
#6151 = ORIENTED_EDGE('',*,*,#4055,.T.);
#6152 = ORIENTED_EDGE('',*,*,#6153,.F.);
#6153 = EDGE_CURVE('',#6154,#3951,#6156,.T.);
#6154 = VERTEX_POINT('',#6155);
#6155 = CARTESIAN_POINT('',(25.13,-28.7,0.));
#6156 = SURFACE_CURVE('',#6157,(#6162,#6169),.PCURVE_S1.);
#6157 = CIRCLE('',#6158,2.5);
#6158 = AXIS2_PLACEMENT_3D('',#6159,#6160,#6161);
#6159 = CARTESIAN_POINT('',(25.13,-26.2,0.));
#6160 = DIRECTION('',(0.,0.,1.));
#6161 = DIRECTION('',(0.,-1.,0.));
#6162 = PCURVE('',#3771,#6163);
#6163 = DEFINITIONAL_REPRESENTATION('',(#6164),#6168);
#6164 = CIRCLE('',#6165,2.5);
#6165 = AXIS2_PLACEMENT_2D('',#6166,#6167);
#6166 = CARTESIAN_POINT('',(25.13,-26.2));
#6167 = DIRECTION('',(0.,-1.));
#6168 = ( GEOMETRIC_REPRESENTATION_CONTEXT(2) 
PARAMETRIC_REPRESENTATION_CONTEXT() REPRESENTATION_CONTEXT('2D SPACE',''
  ) );
#6169 = PCURVE('',#3967,#6170);
#6170 = DEFINITIONAL_REPRESENTATION('',(#6171),#6175);
#6171 = LINE('',#6172,#6173);
#6172 = CARTESIAN_POINT('',(0.,0.1));
#6173 = VECTOR('',#6174,1.);
#6174 = DIRECTION('',(1.,0.));
#6175 = ( GEOMETRIC_REPRESENTATION_CONTEXT(2) 
PARAMETRIC_REPRESENTATION_CONTEXT() REPRESENTATION_CONTEXT('2D SPACE',''
  ) );
#6176 = ORIENTED_EDGE('',*,*,#6177,.T.);
#6177 = EDGE_CURVE('',#6154,#6178,#6180,.T.);
#6178 = VERTEX_POINT('',#6179);
#6179 = CARTESIAN_POINT('',(-54.68738635424,-28.7,8.881784197001E-16));
#6180 = SURFACE_CURVE('',#6181,(#6185,#6191),.PCURVE_S1.);
#6181 = LINE('',#6182,#6183);
#6182 = CARTESIAN_POINT('',(-29.25,-28.7,0.));
#6183 = VECTOR('',#6184,1.);
#6184 = DIRECTION('',(-1.,0.,0.));
#6185 = PCURVE('',#3771,#6186);
#6186 = DEFINITIONAL_REPRESENTATION('',(#6187),#6190);
#6187 = B_SPLINE_CURVE_WITH_KNOTS('',1,(#6188,#6189),.UNSPECIFIED.,.F.,
  .F.,(2,2),(-54.38,26.75),.PIECEWISE_BEZIER_KNOTS.);
#6188 = CARTESIAN_POINT('',(25.13,-28.7));
#6189 = CARTESIAN_POINT('',(-56.,-28.7));
#6190 = ( GEOMETRIC_REPRESENTATION_CONTEXT(2) 
PARAMETRIC_REPRESENTATION_CONTEXT() REPRESENTATION_CONTEXT('2D SPACE',''
  ) );
#6191 = PCURVE('',#5383,#6192);
#6192 = DEFINITIONAL_REPRESENTATION('',(#6193),#6196);
#6193 = B_SPLINE_CURVE_WITH_KNOTS('',1,(#6194,#6195),.UNSPECIFIED.,.F.,
  .F.,(2,2),(-54.38,26.75),.PIECEWISE_BEZIER_KNOTS.);
#6194 = CARTESIAN_POINT('',(83.63,-0.1));
#6195 = CARTESIAN_POINT('',(2.5,-0.1));
#6196 = ( GEOMETRIC_REPRESENTATION_CONTEXT(2) 
PARAMETRIC_REPRESENTATION_CONTEXT() REPRESENTATION_CONTEXT('2D SPACE',''
  ) );
#6197 = ORIENTED_EDGE('',*,*,#6198,.T.);
#6198 = EDGE_CURVE('',#6178,#3729,#6199,.T.);
#6199 = SURFACE_CURVE('',#6200,(#6205,#6212),.PCURVE_S1.);
#6200 = CIRCLE('',#6201,4.75);
#6201 = AXIS2_PLACEMENT_3D('',#6202,#6203,#6204);
#6202 = CARTESIAN_POINT('',(-54.,-24.,8.881784197001E-16));
#6203 = DIRECTION('',(0.,0.,1.));
#6204 = DIRECTION('',(0.,-1.,0.));
#6205 = PCURVE('',#3771,#6206);
#6206 = DEFINITIONAL_REPRESENTATION('',(#6207),#6211);
#6207 = CIRCLE('',#6208,4.75);
#6208 = AXIS2_PLACEMENT_2D('',#6209,#6210);
#6209 = CARTESIAN_POINT('',(-54.,-24.));
#6210 = DIRECTION('',(0.,-1.));
#6211 = ( GEOMETRIC_REPRESENTATION_CONTEXT(2) 
PARAMETRIC_REPRESENTATION_CONTEXT() REPRESENTATION_CONTEXT('2D SPACE',''
  ) );
#6212 = PCURVE('',#3744,#6213);
#6213 = DEFINITIONAL_REPRESENTATION('',(#6214),#6218);
#6214 = LINE('',#6215,#6216);
#6215 = CARTESIAN_POINT('',(-6.28318530718,3.1));
#6216 = VECTOR('',#6217,1.);
#6217 = DIRECTION('',(1.,-0.));
#6218 = ( GEOMETRIC_REPRESENTATION_CONTEXT(2) 
PARAMETRIC_REPRESENTATION_CONTEXT() REPRESENTATION_CONTEXT('2D SPACE',''
  ) );
#6219 = ADVANCED_FACE('',(#6220),#3744,.F.);
#6220 = FACE_BOUND('',#6221,.T.);
#6221 = EDGE_LOOP('',(#6222,#6223,#6224,#6247,#6276,#6295,#6296,#6315));
#6222 = ORIENTED_EDGE('',*,*,#3728,.F.);
#6223 = ORIENTED_EDGE('',*,*,#5234,.F.);
#6224 = ORIENTED_EDGE('',*,*,#6225,.T.);
#6225 = EDGE_CURVE('',#5235,#6226,#6228,.T.);
#6226 = VERTEX_POINT('',#6227);
#6227 = CARTESIAN_POINT('',(-58.75,-24.,8.881784197001E-16));
#6228 = SURFACE_CURVE('',#6229,(#6233,#6240),.PCURVE_S1.);
#6229 = LINE('',#6230,#6231);
#6230 = CARTESIAN_POINT('',(-58.75,-24.,-3.1));
#6231 = VECTOR('',#6232,1.);
#6232 = DIRECTION('',(0.,0.,1.));
#6233 = PCURVE('',#3744,#6234);
#6234 = DEFINITIONAL_REPRESENTATION('',(#6235),#6239);
#6235 = LINE('',#6236,#6237);
#6236 = CARTESIAN_POINT('',(-1.570796326795,0.));
#6237 = VECTOR('',#6238,1.);
#6238 = DIRECTION('',(-0.,1.));
#6239 = ( GEOMETRIC_REPRESENTATION_CONTEXT(2) 
PARAMETRIC_REPRESENTATION_CONTEXT() REPRESENTATION_CONTEXT('2D SPACE',''
  ) );
#6240 = PCURVE('',#5273,#6241);
#6241 = DEFINITIONAL_REPRESENTATION('',(#6242),#6246);
#6242 = LINE('',#6243,#6244);
#6243 = CARTESIAN_POINT('',(52.75,0.));
#6244 = VECTOR('',#6245,1.);
#6245 = DIRECTION('',(0.,-1.));
#6246 = ( GEOMETRIC_REPRESENTATION_CONTEXT(2) 
PARAMETRIC_REPRESENTATION_CONTEXT() REPRESENTATION_CONTEXT('2D SPACE',''
  ) );
#6247 = ORIENTED_EDGE('',*,*,#6248,.T.);
#6248 = EDGE_CURVE('',#6226,#6249,#6251,.T.);
#6249 = VERTEX_POINT('',#6250);
#6250 = CARTESIAN_POINT('',(-58.5,-25.52069063257,8.881784197001E-16));
#6251 = SURFACE_CURVE('',#6252,(#6257,#6264),.PCURVE_S1.);
#6252 = CIRCLE('',#6253,4.75);
#6253 = AXIS2_PLACEMENT_3D('',#6254,#6255,#6256);
#6254 = CARTESIAN_POINT('',(-54.,-24.,8.881784197001E-16));
#6255 = DIRECTION('',(0.,0.,1.));
#6256 = DIRECTION('',(0.,-1.,0.));
#6257 = PCURVE('',#3744,#6258);
#6258 = DEFINITIONAL_REPRESENTATION('',(#6259),#6263);
#6259 = LINE('',#6260,#6261);
#6260 = CARTESIAN_POINT('',(-6.28318530718,3.1));
#6261 = VECTOR('',#6262,1.);
#6262 = DIRECTION('',(1.,-0.));
#6263 = ( GEOMETRIC_REPRESENTATION_CONTEXT(2) 
PARAMETRIC_REPRESENTATION_CONTEXT() REPRESENTATION_CONTEXT('2D SPACE',''
  ) );
#6264 = PCURVE('',#6265,#6270);
#6265 = PLANE('',#6266);
#6266 = AXIS2_PLACEMENT_3D('',#6267,#6268,#6269);
#6267 = CARTESIAN_POINT('',(2.324884206986E-15,0.,0.));
#6268 = DIRECTION('',(0.,0.,1.));
#6269 = DIRECTION('',(1.,0.,-0.));
#6270 = DEFINITIONAL_REPRESENTATION('',(#6271),#6275);
#6271 = CIRCLE('',#6272,4.75);
#6272 = AXIS2_PLACEMENT_2D('',#6273,#6274);
#6273 = CARTESIAN_POINT('',(-54.,-24.));
#6274 = DIRECTION('',(0.,-1.));
#6275 = ( GEOMETRIC_REPRESENTATION_CONTEXT(2) 
PARAMETRIC_REPRESENTATION_CONTEXT() REPRESENTATION_CONTEXT('2D SPACE',''
  ) );
#6276 = ORIENTED_EDGE('',*,*,#6277,.F.);
#6277 = EDGE_CURVE('',#5396,#6249,#6278,.T.);
#6278 = SURFACE_CURVE('',#6279,(#6283,#6289),.PCURVE_S1.);
#6279 = LINE('',#6280,#6281);
#6280 = CARTESIAN_POINT('',(-58.5,-25.52069063257,-3.1));
#6281 = VECTOR('',#6282,1.);
#6282 = DIRECTION('',(0.,0.,1.));
#6283 = PCURVE('',#3744,#6284);
#6284 = DEFINITIONAL_REPRESENTATION('',(#6285),#6288);
#6285 = B_SPLINE_CURVE_WITH_KNOTS('',1,(#6286,#6287),.UNSPECIFIED.,.F.,
  .F.,(2,2),(2.44,3.1000006),.PIECEWISE_BEZIER_KNOTS.);
#6286 = CARTESIAN_POINT('',(-1.244913369574,2.44));
#6287 = CARTESIAN_POINT('',(-1.244913369574,3.1000006));
#6288 = ( GEOMETRIC_REPRESENTATION_CONTEXT(2) 
PARAMETRIC_REPRESENTATION_CONTEXT() REPRESENTATION_CONTEXT('2D SPACE',''
  ) );
#6289 = PCURVE('',#5435,#6290);
#6290 = DEFINITIONAL_REPRESENTATION('',(#6291),#6294);
#6291 = B_SPLINE_CURVE_WITH_KNOTS('',1,(#6292,#6293),.UNSPECIFIED.,.F.,
  .F.,(2,2),(2.44,3.1000006),.PIECEWISE_BEZIER_KNOTS.);
#6292 = CARTESIAN_POINT('',(54.220690632575,0.56));
#6293 = CARTESIAN_POINT('',(54.220690632575,-0.1000006));
#6294 = ( GEOMETRIC_REPRESENTATION_CONTEXT(2) 
PARAMETRIC_REPRESENTATION_CONTEXT() REPRESENTATION_CONTEXT('2D SPACE',''
  ) );
#6295 = ORIENTED_EDGE('',*,*,#5395,.T.);
#6296 = ORIENTED_EDGE('',*,*,#6297,.T.);
#6297 = EDGE_CURVE('',#5368,#6178,#6298,.T.);
#6298 = SURFACE_CURVE('',#6299,(#6303,#6309),.PCURVE_S1.);
#6299 = LINE('',#6300,#6301);
#6300 = CARTESIAN_POINT('',(-54.68738635424,-28.7,-3.1));
#6301 = VECTOR('',#6302,1.);
#6302 = DIRECTION('',(0.,0.,1.));
#6303 = PCURVE('',#3744,#6304);
#6304 = DEFINITIONAL_REPRESENTATION('',(#6305),#6308);
#6305 = B_SPLINE_CURVE_WITH_KNOTS('',1,(#6306,#6307),.UNSPECIFIED.,.F.,
  .F.,(2,2),(2.44,3.1000006),.PIECEWISE_BEZIER_KNOTS.);
#6306 = CARTESIAN_POINT('',(-0.145222828949,2.44));
#6307 = CARTESIAN_POINT('',(-0.145222828949,3.1000006));
#6308 = ( GEOMETRIC_REPRESENTATION_CONTEXT(2) 
PARAMETRIC_REPRESENTATION_CONTEXT() REPRESENTATION_CONTEXT('2D SPACE',''
  ) );
#6309 = PCURVE('',#5383,#6310);
#6310 = DEFINITIONAL_REPRESENTATION('',(#6311),#6314);
#6311 = B_SPLINE_CURVE_WITH_KNOTS('',1,(#6312,#6313),.UNSPECIFIED.,.F.,
  .F.,(2,2),(2.44,3.1000006),.PIECEWISE_BEZIER_KNOTS.);
#6312 = CARTESIAN_POINT('',(3.812613645757,0.56));
#6313 = CARTESIAN_POINT('',(3.812613645757,-0.1000006));
#6314 = ( GEOMETRIC_REPRESENTATION_CONTEXT(2) 
PARAMETRIC_REPRESENTATION_CONTEXT() REPRESENTATION_CONTEXT('2D SPACE',''
  ) );
#6315 = ORIENTED_EDGE('',*,*,#6198,.T.);
#6316 = ADVANCED_FACE('',(#6317),#3870,.T.);
#6317 = FACE_BOUND('',#6318,.T.);
#6318 = EDGE_LOOP('',(#6319,#6342,#6343,#6344,#6363,#6364));
#6319 = ORIENTED_EDGE('',*,*,#6320,.F.);
#6320 = EDGE_CURVE('',#5285,#6321,#6323,.T.);
#6321 = VERTEX_POINT('',#6322);
#6322 = CARTESIAN_POINT('',(-54.,28.75,8.881784197001E-16));
#6323 = SURFACE_CURVE('',#6324,(#6328,#6335),.PCURVE_S1.);
#6324 = LINE('',#6325,#6326);
#6325 = CARTESIAN_POINT('',(-54.,28.75,-3.1));
#6326 = VECTOR('',#6327,1.);
#6327 = DIRECTION('',(0.,0.,1.));
#6328 = PCURVE('',#3870,#6329);
#6329 = DEFINITIONAL_REPRESENTATION('',(#6330),#6334);
#6330 = LINE('',#6331,#6332);
#6331 = CARTESIAN_POINT('',(112.75,0.));
#6332 = VECTOR('',#6333,1.);
#6333 = DIRECTION('',(0.,-1.));
#6334 = ( GEOMETRIC_REPRESENTATION_CONTEXT(2) 
PARAMETRIC_REPRESENTATION_CONTEXT() REPRESENTATION_CONTEXT('2D SPACE',''
  ) );
#6335 = PCURVE('',#5301,#6336);
#6336 = DEFINITIONAL_REPRESENTATION('',(#6337),#6341);
#6337 = LINE('',#6338,#6339);
#6338 = CARTESIAN_POINT('',(0.,0.));
#6339 = VECTOR('',#6340,1.);
#6340 = DIRECTION('',(0.,1.));
#6341 = ( GEOMETRIC_REPRESENTATION_CONTEXT(2) 
PARAMETRIC_REPRESENTATION_CONTEXT() REPRESENTATION_CONTEXT('2D SPACE',''
  ) );
#6342 = ORIENTED_EDGE('',*,*,#5313,.T.);
#6343 = ORIENTED_EDGE('',*,*,#3853,.T.);
#6344 = ORIENTED_EDGE('',*,*,#6345,.T.);
#6345 = EDGE_CURVE('',#3856,#4087,#6346,.T.);
#6346 = SURFACE_CURVE('',#6347,(#6351,#6357),.PCURVE_S1.);
#6347 = LINE('',#6348,#6349);
#6348 = CARTESIAN_POINT('',(21.6575,28.75,-0.1));
#6349 = VECTOR('',#6350,1.);
#6350 = DIRECTION('',(-1.,0.,0.));
#6351 = PCURVE('',#3870,#6352);
#6352 = DEFINITIONAL_REPRESENTATION('',(#6353),#6356);
#6353 = B_SPLINE_CURVE_WITH_KNOTS('',1,(#6354,#6355),.UNSPECIFIED.,.F.,
  .F.,(2,2),(-7.1075,75.6575),.PIECEWISE_BEZIER_KNOTS.);
#6354 = CARTESIAN_POINT('',(29.985,-3.));
#6355 = CARTESIAN_POINT('',(112.75,-3.));
#6356 = ( GEOMETRIC_REPRESENTATION_CONTEXT(2) 
PARAMETRIC_REPRESENTATION_CONTEXT() REPRESENTATION_CONTEXT('2D SPACE',''
  ) );
#6357 = PCURVE('',#3936,#6358);
#6358 = DEFINITIONAL_REPRESENTATION('',(#6359),#6362);
#6359 = B_SPLINE_CURVE_WITH_KNOTS('',1,(#6360,#6361),.UNSPECIFIED.,.F.,
  .F.,(2,2),(-7.1075,75.6575),.PIECEWISE_BEZIER_KNOTS.);
#6360 = CARTESIAN_POINT('',(44.2,28.75));
#6361 = CARTESIAN_POINT('',(-38.565,28.75));
#6362 = ( GEOMETRIC_REPRESENTATION_CONTEXT(2) 
PARAMETRIC_REPRESENTATION_CONTEXT() REPRESENTATION_CONTEXT('2D SPACE',''
  ) );
#6363 = ORIENTED_EDGE('',*,*,#4084,.F.);
#6364 = ORIENTED_EDGE('',*,*,#6365,.F.);
#6365 = EDGE_CURVE('',#6321,#4085,#6366,.T.);
#6366 = SURFACE_CURVE('',#6367,(#6371,#6377),.PCURVE_S1.);
#6367 = LINE('',#6368,#6369);
#6368 = CARTESIAN_POINT('',(29.375,28.75,8.881784197001E-16));
#6369 = VECTOR('',#6370,1.);
#6370 = DIRECTION('',(1.,0.,-0.));
#6371 = PCURVE('',#3870,#6372);
#6372 = DEFINITIONAL_REPRESENTATION('',(#6373),#6376);
#6373 = B_SPLINE_CURVE_WITH_KNOTS('',1,(#6374,#6375),.UNSPECIFIED.,.F.,
  .F.,(2,2),(-83.375,24.625),.PIECEWISE_BEZIER_KNOTS.);
#6374 = CARTESIAN_POINT('',(112.75,-3.1));
#6375 = CARTESIAN_POINT('',(4.75,-3.1));
#6376 = ( GEOMETRIC_REPRESENTATION_CONTEXT(2) 
PARAMETRIC_REPRESENTATION_CONTEXT() REPRESENTATION_CONTEXT('2D SPACE',''
  ) );
#6377 = PCURVE('',#4221,#6378);
#6378 = DEFINITIONAL_REPRESENTATION('',(#6379),#6383);
#6379 = LINE('',#6380,#6381);
#6380 = CARTESIAN_POINT('',(29.375,28.75));
#6381 = VECTOR('',#6382,1.);
#6382 = DIRECTION('',(1.,0.));
#6383 = ( GEOMETRIC_REPRESENTATION_CONTEXT(2) 
PARAMETRIC_REPRESENTATION_CONTEXT() REPRESENTATION_CONTEXT('2D SPACE',''
  ) );
#6384 = ADVANCED_FACE('',(#6385),#3936,.T.);
#6385 = FACE_BOUND('',#6386,.T.);
#6386 = EDGE_LOOP('',(#6387,#6388,#6389));
#6387 = ORIENTED_EDGE('',*,*,#4107,.F.);
#6388 = ORIENTED_EDGE('',*,*,#6345,.F.);
#6389 = ORIENTED_EDGE('',*,*,#3923,.F.);
#6390 = ADVANCED_FACE('',(#6391),#3967,.F.);
#6391 = FACE_BOUND('',#6392,.F.);
#6392 = EDGE_LOOP('',(#6393,#6416,#6417,#6418));
#6393 = ORIENTED_EDGE('',*,*,#6394,.F.);
#6394 = EDGE_CURVE('',#6154,#6395,#6397,.T.);
#6395 = VERTEX_POINT('',#6396);
#6396 = CARTESIAN_POINT('',(25.13,-28.7,5.5));
#6397 = SURFACE_CURVE('',#6398,(#6402,#6409),.PCURVE_S1.);
#6398 = LINE('',#6399,#6400);
#6399 = CARTESIAN_POINT('',(25.13,-28.7,-0.1));
#6400 = VECTOR('',#6401,1.);
#6401 = DIRECTION('',(0.,0.,1.));
#6402 = PCURVE('',#3967,#6403);
#6403 = DEFINITIONAL_REPRESENTATION('',(#6404),#6408);
#6404 = LINE('',#6405,#6406);
#6405 = CARTESIAN_POINT('',(0.,0.));
#6406 = VECTOR('',#6407,1.);
#6407 = DIRECTION('',(0.,1.));
#6408 = ( GEOMETRIC_REPRESENTATION_CONTEXT(2) 
PARAMETRIC_REPRESENTATION_CONTEXT() REPRESENTATION_CONTEXT('2D SPACE',''
  ) );
#6409 = PCURVE('',#5383,#6410);
#6410 = DEFINITIONAL_REPRESENTATION('',(#6411),#6415);
#6411 = LINE('',#6412,#6413);
#6412 = CARTESIAN_POINT('',(83.63,0.));
#6413 = VECTOR('',#6414,1.);
#6414 = DIRECTION('',(0.,-1.));
#6415 = ( GEOMETRIC_REPRESENTATION_CONTEXT(2) 
PARAMETRIC_REPRESENTATION_CONTEXT() REPRESENTATION_CONTEXT('2D SPACE',''
  ) );
#6416 = ORIENTED_EDGE('',*,*,#6153,.T.);
#6417 = ORIENTED_EDGE('',*,*,#3950,.T.);
#6418 = ORIENTED_EDGE('',*,*,#6419,.F.);
#6419 = EDGE_CURVE('',#6395,#3953,#6420,.T.);
#6420 = SURFACE_CURVE('',#6421,(#6426,#6433),.PCURVE_S1.);
#6421 = CIRCLE('',#6422,2.5);
#6422 = AXIS2_PLACEMENT_3D('',#6423,#6424,#6425);
#6423 = CARTESIAN_POINT('',(25.13,-26.2,5.5));
#6424 = DIRECTION('',(0.,0.,1.));
#6425 = DIRECTION('',(0.,-1.,0.));
#6426 = PCURVE('',#3967,#6427);
#6427 = DEFINITIONAL_REPRESENTATION('',(#6428),#6432);
#6428 = LINE('',#6429,#6430);
#6429 = CARTESIAN_POINT('',(0.,5.6));
#6430 = VECTOR('',#6431,1.);
#6431 = DIRECTION('',(1.,0.));
#6432 = ( GEOMETRIC_REPRESENTATION_CONTEXT(2) 
PARAMETRIC_REPRESENTATION_CONTEXT() REPRESENTATION_CONTEXT('2D SPACE',''
  ) );
#6433 = PCURVE('',#3995,#6434);
#6434 = DEFINITIONAL_REPRESENTATION('',(#6435),#6439);
#6435 = CIRCLE('',#6436,2.5);
#6436 = AXIS2_PLACEMENT_2D('',#6437,#6438);
#6437 = CARTESIAN_POINT('',(40.565,-26.2));
#6438 = DIRECTION('',(0.,-1.));
#6439 = ( GEOMETRIC_REPRESENTATION_CONTEXT(2) 
PARAMETRIC_REPRESENTATION_CONTEXT() REPRESENTATION_CONTEXT('2D SPACE',''
  ) );
#6440 = ADVANCED_FACE('',(#6441),#3995,.F.);
#6441 = FACE_BOUND('',#6442,.F.);
#6442 = EDGE_LOOP('',(#6443,#6469,#6492,#6521,#6542,#6543,#6544,#6545,
    #6546,#6547,#6548,#6572,#6595,#6624,#6647,#6671));
#6443 = ORIENTED_EDGE('',*,*,#6444,.F.);
#6444 = EDGE_CURVE('',#6445,#6447,#6449,.T.);
#6445 = VERTEX_POINT('',#6446);
#6446 = CARTESIAN_POINT('',(-51.61608656178,-28.7,5.5));
#6447 = VERTEX_POINT('',#6448);
#6448 = CARTESIAN_POINT('',(-58.5,-21.81608656178,5.5));
#6449 = SURFACE_CURVE('',#6450,(#6455,#6462),.PCURVE_S1.);
#6450 = CIRCLE('',#6451,5.);
#6451 = AXIS2_PLACEMENT_3D('',#6452,#6453,#6454);
#6452 = CARTESIAN_POINT('',(-54.25,-24.45,5.5));
#6453 = DIRECTION('',(-0.,0.,1.));
#6454 = DIRECTION('',(0.526782687643,-0.85,0.));
#6455 = PCURVE('',#3995,#6456);
#6456 = DEFINITIONAL_REPRESENTATION('',(#6457),#6461);
#6457 = CIRCLE('',#6458,5.);
#6458 = AXIS2_PLACEMENT_2D('',#6459,#6460);
#6459 = CARTESIAN_POINT('',(-38.815,-24.45));
#6460 = DIRECTION('',(0.526782687643,-0.85));
#6461 = ( GEOMETRIC_REPRESENTATION_CONTEXT(2) 
PARAMETRIC_REPRESENTATION_CONTEXT() REPRESENTATION_CONTEXT('2D SPACE',''
  ) );
#6462 = PCURVE('',#5571,#6463);
#6463 = DEFINITIONAL_REPRESENTATION('',(#6464),#6468);
#6464 = LINE('',#6465,#6466);
#6465 = CARTESIAN_POINT('',(-5.267200013365,-2.1));
#6466 = VECTOR('',#6467,1.);
#6467 = DIRECTION('',(-1.,0.));
#6468 = ( GEOMETRIC_REPRESENTATION_CONTEXT(2) 
PARAMETRIC_REPRESENTATION_CONTEXT() REPRESENTATION_CONTEXT('2D SPACE',''
  ) );
#6469 = ORIENTED_EDGE('',*,*,#6470,.T.);
#6470 = EDGE_CURVE('',#6445,#6471,#6473,.T.);
#6471 = VERTEX_POINT('',#6472);
#6472 = CARTESIAN_POINT('',(1.256086561787,-28.7,5.5));
#6473 = SURFACE_CURVE('',#6474,(#6478,#6485),.PCURVE_S1.);
#6474 = LINE('',#6475,#6476);
#6475 = CARTESIAN_POINT('',(-58.5,-28.7,5.5));
#6476 = VECTOR('',#6477,1.);
#6477 = DIRECTION('',(1.,0.,0.));
#6478 = PCURVE('',#3995,#6479);
#6479 = DEFINITIONAL_REPRESENTATION('',(#6480),#6484);
#6480 = LINE('',#6481,#6482);
#6481 = CARTESIAN_POINT('',(-43.065,-28.7));
#6482 = VECTOR('',#6483,1.);
#6483 = DIRECTION('',(1.,0.));
#6484 = ( GEOMETRIC_REPRESENTATION_CONTEXT(2) 
PARAMETRIC_REPRESENTATION_CONTEXT() REPRESENTATION_CONTEXT('2D SPACE',''
  ) );
#6485 = PCURVE('',#5383,#6486);
#6486 = DEFINITIONAL_REPRESENTATION('',(#6487),#6491);
#6487 = LINE('',#6488,#6489);
#6488 = CARTESIAN_POINT('',(0.,-5.6));
#6489 = VECTOR('',#6490,1.);
#6490 = DIRECTION('',(1.,0.));
#6491 = ( GEOMETRIC_REPRESENTATION_CONTEXT(2) 
PARAMETRIC_REPRESENTATION_CONTEXT() REPRESENTATION_CONTEXT('2D SPACE',''
  ) );
#6492 = ORIENTED_EDGE('',*,*,#6493,.F.);
#6493 = EDGE_CURVE('',#6494,#6471,#6496,.T.);
#6494 = VERTEX_POINT('',#6495);
#6495 = CARTESIAN_POINT('',(6.523913438213,-28.7,5.5));
#6496 = SURFACE_CURVE('',#6497,(#6502,#6509),.PCURVE_S1.);
#6497 = CIRCLE('',#6498,5.);
#6498 = AXIS2_PLACEMENT_3D('',#6499,#6500,#6501);
#6499 = CARTESIAN_POINT('',(3.89,-24.45,5.5));
#6500 = DIRECTION('',(-0.,0.,1.));
#6501 = DIRECTION('',(0.526782687643,-0.85,0.));
#6502 = PCURVE('',#3995,#6503);
#6503 = DEFINITIONAL_REPRESENTATION('',(#6504),#6508);
#6504 = CIRCLE('',#6505,5.);
#6505 = AXIS2_PLACEMENT_2D('',#6506,#6507);
#6506 = CARTESIAN_POINT('',(19.325,-24.45));
#6507 = DIRECTION('',(0.526782687643,-0.85));
#6508 = ( GEOMETRIC_REPRESENTATION_CONTEXT(2) 
PARAMETRIC_REPRESENTATION_CONTEXT() REPRESENTATION_CONTEXT('2D SPACE',''
  ) );
#6509 = PCURVE('',#6510,#6515);
#6510 = CYLINDRICAL_SURFACE('',#6511,5.);
#6511 = AXIS2_PLACEMENT_3D('',#6512,#6513,#6514);
#6512 = CARTESIAN_POINT('',(3.89,-24.45,3.4));
#6513 = DIRECTION('',(-0.,-0.,-1.));
#6514 = DIRECTION('',(1.,0.,0.));
#6515 = DEFINITIONAL_REPRESENTATION('',(#6516),#6520);
#6516 = LINE('',#6517,#6518);
#6517 = CARTESIAN_POINT('',(-5.267200013365,-2.1));
#6518 = VECTOR('',#6519,1.);
#6519 = DIRECTION('',(-1.,0.));
#6520 = ( GEOMETRIC_REPRESENTATION_CONTEXT(2) 
PARAMETRIC_REPRESENTATION_CONTEXT() REPRESENTATION_CONTEXT('2D SPACE',''
  ) );
#6521 = ORIENTED_EDGE('',*,*,#6522,.T.);
#6522 = EDGE_CURVE('',#6494,#6395,#6523,.T.);
#6523 = SURFACE_CURVE('',#6524,(#6528,#6535),.PCURVE_S1.);
#6524 = LINE('',#6525,#6526);
#6525 = CARTESIAN_POINT('',(-58.5,-28.7,5.5));
#6526 = VECTOR('',#6527,1.);
#6527 = DIRECTION('',(1.,0.,0.));
#6528 = PCURVE('',#3995,#6529);
#6529 = DEFINITIONAL_REPRESENTATION('',(#6530),#6534);
#6530 = LINE('',#6531,#6532);
#6531 = CARTESIAN_POINT('',(-43.065,-28.7));
#6532 = VECTOR('',#6533,1.);
#6533 = DIRECTION('',(1.,0.));
#6534 = ( GEOMETRIC_REPRESENTATION_CONTEXT(2) 
PARAMETRIC_REPRESENTATION_CONTEXT() REPRESENTATION_CONTEXT('2D SPACE',''
  ) );
#6535 = PCURVE('',#5383,#6536);
#6536 = DEFINITIONAL_REPRESENTATION('',(#6537),#6541);
#6537 = LINE('',#6538,#6539);
#6538 = CARTESIAN_POINT('',(0.,-5.6));
#6539 = VECTOR('',#6540,1.);
#6540 = DIRECTION('',(1.,0.));
#6541 = ( GEOMETRIC_REPRESENTATION_CONTEXT(2) 
PARAMETRIC_REPRESENTATION_CONTEXT() REPRESENTATION_CONTEXT('2D SPACE',''
  ) );
#6542 = ORIENTED_EDGE('',*,*,#6419,.T.);
#6543 = ORIENTED_EDGE('',*,*,#3978,.T.);
#6544 = ORIENTED_EDGE('',*,*,#4265,.T.);
#6545 = ORIENTED_EDGE('',*,*,#4342,.T.);
#6546 = ORIENTED_EDGE('',*,*,#4315,.T.);
#6547 = ORIENTED_EDGE('',*,*,#4156,.T.);
#6548 = ORIENTED_EDGE('',*,*,#6549,.T.);
#6549 = EDGE_CURVE('',#4157,#6550,#6552,.T.);
#6550 = VERTEX_POINT('',#6551);
#6551 = CARTESIAN_POINT('',(25.13,28.7,5.5));
#6552 = SURFACE_CURVE('',#6553,(#6558,#6565),.PCURVE_S1.);
#6553 = CIRCLE('',#6554,2.5);
#6554 = AXIS2_PLACEMENT_3D('',#6555,#6556,#6557);
#6555 = CARTESIAN_POINT('',(25.13,26.2,5.5));
#6556 = DIRECTION('',(0.,0.,1.));
#6557 = DIRECTION('',(0.,-1.,0.));
#6558 = PCURVE('',#3995,#6559);
#6559 = DEFINITIONAL_REPRESENTATION('',(#6560),#6564);
#6560 = CIRCLE('',#6561,2.5);
#6561 = AXIS2_PLACEMENT_2D('',#6562,#6563);
#6562 = CARTESIAN_POINT('',(40.565,26.2));
#6563 = DIRECTION('',(0.,-1.));
#6564 = ( GEOMETRIC_REPRESENTATION_CONTEXT(2) 
PARAMETRIC_REPRESENTATION_CONTEXT() REPRESENTATION_CONTEXT('2D SPACE',''
  ) );
#6565 = PCURVE('',#4195,#6566);
#6566 = DEFINITIONAL_REPRESENTATION('',(#6567),#6571);
#6567 = LINE('',#6568,#6569);
#6568 = CARTESIAN_POINT('',(-1.570796326795,5.6));
#6569 = VECTOR('',#6570,1.);
#6570 = DIRECTION('',(1.,0.));
#6571 = ( GEOMETRIC_REPRESENTATION_CONTEXT(2) 
PARAMETRIC_REPRESENTATION_CONTEXT() REPRESENTATION_CONTEXT('2D SPACE',''
  ) );
#6572 = ORIENTED_EDGE('',*,*,#6573,.T.);
#6573 = EDGE_CURVE('',#6550,#6574,#6576,.T.);
#6574 = VERTEX_POINT('',#6575);
#6575 = CARTESIAN_POINT('',(6.523913438213,28.7,5.5));
#6576 = SURFACE_CURVE('',#6577,(#6581,#6588),.PCURVE_S1.);
#6577 = LINE('',#6578,#6579);
#6578 = CARTESIAN_POINT('',(27.63,28.7,5.5));
#6579 = VECTOR('',#6580,1.);
#6580 = DIRECTION('',(-1.,0.,0.));
#6581 = PCURVE('',#3995,#6582);
#6582 = DEFINITIONAL_REPRESENTATION('',(#6583),#6587);
#6583 = LINE('',#6584,#6585);
#6584 = CARTESIAN_POINT('',(43.065,28.7));
#6585 = VECTOR('',#6586,1.);
#6586 = DIRECTION('',(-1.,0.));
#6587 = ( GEOMETRIC_REPRESENTATION_CONTEXT(2) 
PARAMETRIC_REPRESENTATION_CONTEXT() REPRESENTATION_CONTEXT('2D SPACE',''
  ) );
#6588 = PCURVE('',#5814,#6589);
#6589 = DEFINITIONAL_REPRESENTATION('',(#6590),#6594);
#6590 = LINE('',#6591,#6592);
#6591 = CARTESIAN_POINT('',(0.,-5.6));
#6592 = VECTOR('',#6593,1.);
#6593 = DIRECTION('',(1.,0.));
#6594 = ( GEOMETRIC_REPRESENTATION_CONTEXT(2) 
PARAMETRIC_REPRESENTATION_CONTEXT() REPRESENTATION_CONTEXT('2D SPACE',''
  ) );
#6595 = ORIENTED_EDGE('',*,*,#6596,.F.);
#6596 = EDGE_CURVE('',#6597,#6574,#6599,.T.);
#6597 = VERTEX_POINT('',#6598);
#6598 = CARTESIAN_POINT('',(1.256086561787,28.7,5.5));
#6599 = SURFACE_CURVE('',#6600,(#6605,#6612),.PCURVE_S1.);
#6600 = CIRCLE('',#6601,5.);
#6601 = AXIS2_PLACEMENT_3D('',#6602,#6603,#6604);
#6602 = CARTESIAN_POINT('',(3.89,24.45,5.5));
#6603 = DIRECTION('',(0.,0.,1.));
#6604 = DIRECTION('',(-0.526782687643,0.85,0.));
#6605 = PCURVE('',#3995,#6606);
#6606 = DEFINITIONAL_REPRESENTATION('',(#6607),#6611);
#6607 = CIRCLE('',#6608,5.);
#6608 = AXIS2_PLACEMENT_2D('',#6609,#6610);
#6609 = CARTESIAN_POINT('',(19.325,24.45));
#6610 = DIRECTION('',(-0.526782687643,0.85));
#6611 = ( GEOMETRIC_REPRESENTATION_CONTEXT(2) 
PARAMETRIC_REPRESENTATION_CONTEXT() REPRESENTATION_CONTEXT('2D SPACE',''
  ) );
#6612 = PCURVE('',#6613,#6618);
#6613 = CYLINDRICAL_SURFACE('',#6614,5.);
#6614 = AXIS2_PLACEMENT_3D('',#6615,#6616,#6617);
#6615 = CARTESIAN_POINT('',(3.89,24.45,3.4));
#6616 = DIRECTION('',(-0.,-0.,-1.));
#6617 = DIRECTION('',(1.,0.,0.));
#6618 = DEFINITIONAL_REPRESENTATION('',(#6619),#6623);
#6619 = LINE('',#6620,#6621);
#6620 = CARTESIAN_POINT('',(-2.125607359775,-2.1));
#6621 = VECTOR('',#6622,1.);
#6622 = DIRECTION('',(-1.,0.));
#6623 = ( GEOMETRIC_REPRESENTATION_CONTEXT(2) 
PARAMETRIC_REPRESENTATION_CONTEXT() REPRESENTATION_CONTEXT('2D SPACE',''
  ) );
#6624 = ORIENTED_EDGE('',*,*,#6625,.T.);
#6625 = EDGE_CURVE('',#6597,#6626,#6628,.T.);
#6626 = VERTEX_POINT('',#6627);
#6627 = CARTESIAN_POINT('',(-51.61608656178,28.7,5.5));
#6628 = SURFACE_CURVE('',#6629,(#6633,#6640),.PCURVE_S1.);
#6629 = LINE('',#6630,#6631);
#6630 = CARTESIAN_POINT('',(27.63,28.7,5.5));
#6631 = VECTOR('',#6632,1.);
#6632 = DIRECTION('',(-1.,0.,0.));
#6633 = PCURVE('',#3995,#6634);
#6634 = DEFINITIONAL_REPRESENTATION('',(#6635),#6639);
#6635 = LINE('',#6636,#6637);
#6636 = CARTESIAN_POINT('',(43.065,28.7));
#6637 = VECTOR('',#6638,1.);
#6638 = DIRECTION('',(-1.,0.));
#6639 = ( GEOMETRIC_REPRESENTATION_CONTEXT(2) 
PARAMETRIC_REPRESENTATION_CONTEXT() REPRESENTATION_CONTEXT('2D SPACE',''
  ) );
#6640 = PCURVE('',#5814,#6641);
#6641 = DEFINITIONAL_REPRESENTATION('',(#6642),#6646);
#6642 = LINE('',#6643,#6644);
#6643 = CARTESIAN_POINT('',(0.,-5.6));
#6644 = VECTOR('',#6645,1.);
#6645 = DIRECTION('',(1.,0.));
#6646 = ( GEOMETRIC_REPRESENTATION_CONTEXT(2) 
PARAMETRIC_REPRESENTATION_CONTEXT() REPRESENTATION_CONTEXT('2D SPACE',''
  ) );
#6647 = ORIENTED_EDGE('',*,*,#6648,.F.);
#6648 = EDGE_CURVE('',#6649,#6626,#6651,.T.);
#6649 = VERTEX_POINT('',#6650);
#6650 = CARTESIAN_POINT('',(-58.5,21.816086561787,5.5));
#6651 = SURFACE_CURVE('',#6652,(#6657,#6664),.PCURVE_S1.);
#6652 = CIRCLE('',#6653,5.);
#6653 = AXIS2_PLACEMENT_3D('',#6654,#6655,#6656);
#6654 = CARTESIAN_POINT('',(-54.25,24.45,5.5));
#6655 = DIRECTION('',(0.,0.,1.));
#6656 = DIRECTION('',(-0.85,-0.526782687643,0.));
#6657 = PCURVE('',#3995,#6658);
#6658 = DEFINITIONAL_REPRESENTATION('',(#6659),#6663);
#6659 = CIRCLE('',#6660,5.);
#6660 = AXIS2_PLACEMENT_2D('',#6661,#6662);
#6661 = CARTESIAN_POINT('',(-38.815,24.45));
#6662 = DIRECTION('',(-0.85,-0.526782687643));
#6663 = ( GEOMETRIC_REPRESENTATION_CONTEXT(2) 
PARAMETRIC_REPRESENTATION_CONTEXT() REPRESENTATION_CONTEXT('2D SPACE',''
  ) );
#6664 = PCURVE('',#5968,#6665);
#6665 = DEFINITIONAL_REPRESENTATION('',(#6666),#6670);
#6666 = LINE('',#6667,#6668);
#6667 = CARTESIAN_POINT('',(-3.69640368657,-2.1));
#6668 = VECTOR('',#6669,1.);
#6669 = DIRECTION('',(-1.,0.));
#6670 = ( GEOMETRIC_REPRESENTATION_CONTEXT(2) 
PARAMETRIC_REPRESENTATION_CONTEXT() REPRESENTATION_CONTEXT('2D SPACE',''
  ) );
#6671 = ORIENTED_EDGE('',*,*,#6672,.T.);
#6672 = EDGE_CURVE('',#6649,#6447,#6673,.T.);
#6673 = SURFACE_CURVE('',#6674,(#6678,#6685),.PCURVE_S1.);
#6674 = LINE('',#6675,#6676);
#6675 = CARTESIAN_POINT('',(-58.5,28.7,5.5));
#6676 = VECTOR('',#6677,1.);
#6677 = DIRECTION('',(0.,-1.,0.));
#6678 = PCURVE('',#3995,#6679);
#6679 = DEFINITIONAL_REPRESENTATION('',(#6680),#6684);
#6680 = LINE('',#6681,#6682);
#6681 = CARTESIAN_POINT('',(-43.065,28.7));
#6682 = VECTOR('',#6683,1.);
#6683 = DIRECTION('',(0.,-1.));
#6684 = ( GEOMETRIC_REPRESENTATION_CONTEXT(2) 
PARAMETRIC_REPRESENTATION_CONTEXT() REPRESENTATION_CONTEXT('2D SPACE',''
  ) );
#6685 = PCURVE('',#5435,#6686);
#6686 = DEFINITIONAL_REPRESENTATION('',(#6687),#6691);
#6687 = LINE('',#6688,#6689);
#6688 = CARTESIAN_POINT('',(0.,-5.6));
#6689 = VECTOR('',#6690,1.);
#6690 = DIRECTION('',(1.,0.));
#6691 = ( GEOMETRIC_REPRESENTATION_CONTEXT(2) 
PARAMETRIC_REPRESENTATION_CONTEXT() REPRESENTATION_CONTEXT('2D SPACE',''
  ) );
#6692 = ADVANCED_FACE('',(#6693),#4221,.F.);
#6693 = FACE_BOUND('',#6694,.F.);
#6694 = EDGE_LOOP('',(#6695,#6696,#6697,#6721,#6742));
#6695 = ORIENTED_EDGE('',*,*,#4206,.T.);
#6696 = ORIENTED_EDGE('',*,*,#6365,.F.);
#6697 = ORIENTED_EDGE('',*,*,#6698,.T.);
#6698 = EDGE_CURVE('',#6321,#6699,#6701,.T.);
#6699 = VERTEX_POINT('',#6700);
#6700 = CARTESIAN_POINT('',(-54.68738635424,28.7,8.881784197001E-16));
#6701 = SURFACE_CURVE('',#6702,(#6707,#6714),.PCURVE_S1.);
#6702 = CIRCLE('',#6703,4.75);
#6703 = AXIS2_PLACEMENT_3D('',#6704,#6705,#6706);
#6704 = CARTESIAN_POINT('',(-54.,24.,8.881784197001E-16));
#6705 = DIRECTION('',(0.,0.,1.));
#6706 = DIRECTION('',(-0.,1.,0.));
#6707 = PCURVE('',#4221,#6708);
#6708 = DEFINITIONAL_REPRESENTATION('',(#6709),#6713);
#6709 = CIRCLE('',#6710,4.75);
#6710 = AXIS2_PLACEMENT_2D('',#6711,#6712);
#6711 = CARTESIAN_POINT('',(-54.,24.));
#6712 = DIRECTION('',(0.,1.));
#6713 = ( GEOMETRIC_REPRESENTATION_CONTEXT(2) 
PARAMETRIC_REPRESENTATION_CONTEXT() REPRESENTATION_CONTEXT('2D SPACE',''
  ) );
#6714 = PCURVE('',#5301,#6715);
#6715 = DEFINITIONAL_REPRESENTATION('',(#6716),#6720);
#6716 = LINE('',#6717,#6718);
#6717 = CARTESIAN_POINT('',(0.,3.1));
#6718 = VECTOR('',#6719,1.);
#6719 = DIRECTION('',(1.,0.));
#6720 = ( GEOMETRIC_REPRESENTATION_CONTEXT(2) 
PARAMETRIC_REPRESENTATION_CONTEXT() REPRESENTATION_CONTEXT('2D SPACE',''
  ) );
#6721 = ORIENTED_EDGE('',*,*,#6722,.T.);
#6722 = EDGE_CURVE('',#6699,#6723,#6725,.T.);
#6723 = VERTEX_POINT('',#6724);
#6724 = CARTESIAN_POINT('',(25.13,28.7,0.));
#6725 = SURFACE_CURVE('',#6726,(#6730,#6736),.PCURVE_S1.);
#6726 = LINE('',#6727,#6728);
#6727 = CARTESIAN_POINT('',(13.815,28.7,0.));
#6728 = VECTOR('',#6729,1.);
#6729 = DIRECTION('',(1.,0.,-0.));
#6730 = PCURVE('',#4221,#6731);
#6731 = DEFINITIONAL_REPRESENTATION('',(#6732),#6735);
#6732 = B_SPLINE_CURVE_WITH_KNOTS('',1,(#6733,#6734),.UNSPECIFIED.,.F.,
  .F.,(2,2),(-69.815,11.315),.PIECEWISE_BEZIER_KNOTS.);
#6733 = CARTESIAN_POINT('',(-56.,28.7));
#6734 = CARTESIAN_POINT('',(25.13,28.7));
#6735 = ( GEOMETRIC_REPRESENTATION_CONTEXT(2) 
PARAMETRIC_REPRESENTATION_CONTEXT() REPRESENTATION_CONTEXT('2D SPACE',''
  ) );
#6736 = PCURVE('',#5814,#6737);
#6737 = DEFINITIONAL_REPRESENTATION('',(#6738),#6741);
#6738 = B_SPLINE_CURVE_WITH_KNOTS('',1,(#6739,#6740),.UNSPECIFIED.,.F.,
  .F.,(2,2),(-69.815,11.315),.PIECEWISE_BEZIER_KNOTS.);
#6739 = CARTESIAN_POINT('',(83.63,-0.1));
#6740 = CARTESIAN_POINT('',(2.5,-0.1));
#6741 = ( GEOMETRIC_REPRESENTATION_CONTEXT(2) 
PARAMETRIC_REPRESENTATION_CONTEXT() REPRESENTATION_CONTEXT('2D SPACE',''
  ) );
#6742 = ORIENTED_EDGE('',*,*,#6743,.F.);
#6743 = EDGE_CURVE('',#4181,#6723,#6744,.T.);
#6744 = SURFACE_CURVE('',#6745,(#6750,#6757),.PCURVE_S1.);
#6745 = CIRCLE('',#6746,2.5);
#6746 = AXIS2_PLACEMENT_3D('',#6747,#6748,#6749);
#6747 = CARTESIAN_POINT('',(25.13,26.2,0.));
#6748 = DIRECTION('',(0.,0.,1.));
#6749 = DIRECTION('',(1.,0.,-0.));
#6750 = PCURVE('',#4221,#6751);
#6751 = DEFINITIONAL_REPRESENTATION('',(#6752),#6756);
#6752 = CIRCLE('',#6753,2.5);
#6753 = AXIS2_PLACEMENT_2D('',#6754,#6755);
#6754 = CARTESIAN_POINT('',(25.13,26.2));
#6755 = DIRECTION('',(1.,0.));
#6756 = ( GEOMETRIC_REPRESENTATION_CONTEXT(2) 
PARAMETRIC_REPRESENTATION_CONTEXT() REPRESENTATION_CONTEXT('2D SPACE',''
  ) );
#6757 = PCURVE('',#4195,#6758);
#6758 = DEFINITIONAL_REPRESENTATION('',(#6759),#6763);
#6759 = LINE('',#6760,#6761);
#6760 = CARTESIAN_POINT('',(0.,0.1));
#6761 = VECTOR('',#6762,1.);
#6762 = DIRECTION('',(1.,0.));
#6763 = ( GEOMETRIC_REPRESENTATION_CONTEXT(2) 
PARAMETRIC_REPRESENTATION_CONTEXT() REPRESENTATION_CONTEXT('2D SPACE',''
  ) );
#6764 = ADVANCED_FACE('',(#6765),#4195,.F.);
#6765 = FACE_BOUND('',#6766,.F.);
#6766 = EDGE_LOOP('',(#6767,#6768,#6769,#6790));
#6767 = ORIENTED_EDGE('',*,*,#4180,.F.);
#6768 = ORIENTED_EDGE('',*,*,#6743,.T.);
#6769 = ORIENTED_EDGE('',*,*,#6770,.T.);
#6770 = EDGE_CURVE('',#6723,#6550,#6771,.T.);
#6771 = SURFACE_CURVE('',#6772,(#6776,#6783),.PCURVE_S1.);
#6772 = LINE('',#6773,#6774);
#6773 = CARTESIAN_POINT('',(25.13,28.7,-0.1));
#6774 = VECTOR('',#6775,1.);
#6775 = DIRECTION('',(0.,0.,1.));
#6776 = PCURVE('',#4195,#6777);
#6777 = DEFINITIONAL_REPRESENTATION('',(#6778),#6782);
#6778 = LINE('',#6779,#6780);
#6779 = CARTESIAN_POINT('',(1.570796326795,0.));
#6780 = VECTOR('',#6781,1.);
#6781 = DIRECTION('',(0.,1.));
#6782 = ( GEOMETRIC_REPRESENTATION_CONTEXT(2) 
PARAMETRIC_REPRESENTATION_CONTEXT() REPRESENTATION_CONTEXT('2D SPACE',''
  ) );
#6783 = PCURVE('',#5814,#6784);
#6784 = DEFINITIONAL_REPRESENTATION('',(#6785),#6789);
#6785 = LINE('',#6786,#6787);
#6786 = CARTESIAN_POINT('',(2.5,0.));
#6787 = VECTOR('',#6788,1.);
#6788 = DIRECTION('',(0.,-1.));
#6789 = ( GEOMETRIC_REPRESENTATION_CONTEXT(2) 
PARAMETRIC_REPRESENTATION_CONTEXT() REPRESENTATION_CONTEXT('2D SPACE',''
  ) );
#6790 = ORIENTED_EDGE('',*,*,#6549,.F.);
#6791 = ADVANCED_FACE('',(#6792),#4406,.F.);
#6792 = FACE_BOUND('',#6793,.F.);
#6793 = EDGE_LOOP('',(#6794));
#6794 = ORIENTED_EDGE('',*,*,#4391,.T.);
#6795 = ADVANCED_FACE('',(#6796),#4567,.T.);
#6796 = FACE_BOUND('',#6797,.T.);
#6797 = EDGE_LOOP('',(#6798));
#6798 = ORIENTED_EDGE('',*,*,#4550,.T.);
#6799 = ADVANCED_FACE('',(#6800),#4643,.T.);
#6800 = FACE_BOUND('',#6801,.T.);
#6801 = EDGE_LOOP('',(#6802,#6803,#6804,#6805));
#6802 = ORIENTED_EDGE('',*,*,#4772,.T.);
#6803 = ORIENTED_EDGE('',*,*,#4627,.F.);
#6804 = ORIENTED_EDGE('',*,*,#4679,.F.);
#6805 = ORIENTED_EDGE('',*,*,#4727,.T.);
#6806 = ADVANCED_FACE('',(#6807),#4838,.T.);
#6807 = FACE_BOUND('',#6808,.T.);
#6808 = EDGE_LOOP('',(#6809,#6810,#6811,#6812));
#6809 = ORIENTED_EDGE('',*,*,#4967,.T.);
#6810 = ORIENTED_EDGE('',*,*,#4822,.F.);
#6811 = ORIENTED_EDGE('',*,*,#4874,.F.);
#6812 = ORIENTED_EDGE('',*,*,#4922,.T.);
#6813 = ADVANCED_FACE('',(#6814),#5033,.T.);
#6814 = FACE_BOUND('',#6815,.T.);
#6815 = EDGE_LOOP('',(#6816,#6817,#6818,#6819));
#6816 = ORIENTED_EDGE('',*,*,#5162,.T.);
#6817 = ORIENTED_EDGE('',*,*,#5017,.F.);
#6818 = ORIENTED_EDGE('',*,*,#5069,.F.);
#6819 = ORIENTED_EDGE('',*,*,#5117,.T.);
#6820 = ADVANCED_FACE('',(#6821),#5301,.F.);
#6821 = FACE_BOUND('',#6822,.F.);
#6822 = EDGE_LOOP('',(#6823,#6824,#6825,#6848,#6872,#6891,#6892,#6911));
#6823 = ORIENTED_EDGE('',*,*,#6320,.F.);
#6824 = ORIENTED_EDGE('',*,*,#5284,.T.);
#6825 = ORIENTED_EDGE('',*,*,#6826,.T.);
#6826 = EDGE_CURVE('',#5259,#6827,#6829,.T.);
#6827 = VERTEX_POINT('',#6828);
#6828 = CARTESIAN_POINT('',(-58.75,24.,8.881784197001E-16));
#6829 = SURFACE_CURVE('',#6830,(#6834,#6841),.PCURVE_S1.);
#6830 = LINE('',#6831,#6832);
#6831 = CARTESIAN_POINT('',(-58.75,24.,-3.1));
#6832 = VECTOR('',#6833,1.);
#6833 = DIRECTION('',(0.,0.,1.));
#6834 = PCURVE('',#5301,#6835);
#6835 = DEFINITIONAL_REPRESENTATION('',(#6836),#6840);
#6836 = LINE('',#6837,#6838);
#6837 = CARTESIAN_POINT('',(1.570796326795,0.));
#6838 = VECTOR('',#6839,1.);
#6839 = DIRECTION('',(0.,1.));
#6840 = ( GEOMETRIC_REPRESENTATION_CONTEXT(2) 
PARAMETRIC_REPRESENTATION_CONTEXT() REPRESENTATION_CONTEXT('2D SPACE',''
  ) );
#6841 = PCURVE('',#5273,#6842);
#6842 = DEFINITIONAL_REPRESENTATION('',(#6843),#6847);
#6843 = LINE('',#6844,#6845);
#6844 = CARTESIAN_POINT('',(4.75,0.));
#6845 = VECTOR('',#6846,1.);
#6846 = DIRECTION('',(0.,-1.));
#6847 = ( GEOMETRIC_REPRESENTATION_CONTEXT(2) 
PARAMETRIC_REPRESENTATION_CONTEXT() REPRESENTATION_CONTEXT('2D SPACE',''
  ) );
#6848 = ORIENTED_EDGE('',*,*,#6849,.F.);
#6849 = EDGE_CURVE('',#6850,#6827,#6852,.T.);
#6850 = VERTEX_POINT('',#6851);
#6851 = CARTESIAN_POINT('',(-58.5,25.520690632575,8.881784197001E-16));
#6852 = SURFACE_CURVE('',#6853,(#6858,#6865),.PCURVE_S1.);
#6853 = CIRCLE('',#6854,4.75);
#6854 = AXIS2_PLACEMENT_3D('',#6855,#6856,#6857);
#6855 = CARTESIAN_POINT('',(-54.,24.,8.881784197001E-16));
#6856 = DIRECTION('',(0.,0.,1.));
#6857 = DIRECTION('',(-0.,1.,0.));
#6858 = PCURVE('',#5301,#6859);
#6859 = DEFINITIONAL_REPRESENTATION('',(#6860),#6864);
#6860 = LINE('',#6861,#6862);
#6861 = CARTESIAN_POINT('',(0.,3.1));
#6862 = VECTOR('',#6863,1.);
#6863 = DIRECTION('',(1.,0.));
#6864 = ( GEOMETRIC_REPRESENTATION_CONTEXT(2) 
PARAMETRIC_REPRESENTATION_CONTEXT() REPRESENTATION_CONTEXT('2D SPACE',''
  ) );
#6865 = PCURVE('',#6265,#6866);
#6866 = DEFINITIONAL_REPRESENTATION('',(#6867),#6871);
#6867 = CIRCLE('',#6868,4.75);
#6868 = AXIS2_PLACEMENT_2D('',#6869,#6870);
#6869 = CARTESIAN_POINT('',(-54.,24.));
#6870 = DIRECTION('',(0.,1.));
#6871 = ( GEOMETRIC_REPRESENTATION_CONTEXT(2) 
PARAMETRIC_REPRESENTATION_CONTEXT() REPRESENTATION_CONTEXT('2D SPACE',''
  ) );
#6872 = ORIENTED_EDGE('',*,*,#6873,.F.);
#6873 = EDGE_CURVE('',#5752,#6850,#6874,.T.);
#6874 = SURFACE_CURVE('',#6875,(#6879,#6885),.PCURVE_S1.);
#6875 = LINE('',#6876,#6877);
#6876 = CARTESIAN_POINT('',(-58.5,25.520690632575,-3.1));
#6877 = VECTOR('',#6878,1.);
#6878 = DIRECTION('',(0.,0.,1.));
#6879 = PCURVE('',#5301,#6880);
#6880 = DEFINITIONAL_REPRESENTATION('',(#6881),#6884);
#6881 = B_SPLINE_CURVE_WITH_KNOTS('',1,(#6882,#6883),.UNSPECIFIED.,.F.,
  .F.,(2,2),(2.44,3.1000006),.PIECEWISE_BEZIER_KNOTS.);
#6882 = CARTESIAN_POINT('',(1.244913369574,2.44));
#6883 = CARTESIAN_POINT('',(1.244913369574,3.1000006));
#6884 = ( GEOMETRIC_REPRESENTATION_CONTEXT(2) 
PARAMETRIC_REPRESENTATION_CONTEXT() REPRESENTATION_CONTEXT('2D SPACE',''
  ) );
#6885 = PCURVE('',#5435,#6886);
#6886 = DEFINITIONAL_REPRESENTATION('',(#6887),#6890);
#6887 = B_SPLINE_CURVE_WITH_KNOTS('',1,(#6888,#6889),.UNSPECIFIED.,.F.,
  .F.,(2,2),(2.44,3.1000006),.PIECEWISE_BEZIER_KNOTS.);
#6888 = CARTESIAN_POINT('',(3.179309367425,0.56));
#6889 = CARTESIAN_POINT('',(3.179309367425,-0.1000006));
#6890 = ( GEOMETRIC_REPRESENTATION_CONTEXT(2) 
PARAMETRIC_REPRESENTATION_CONTEXT() REPRESENTATION_CONTEXT('2D SPACE',''
  ) );
#6891 = ORIENTED_EDGE('',*,*,#5774,.F.);
#6892 = ORIENTED_EDGE('',*,*,#6893,.T.);
#6893 = EDGE_CURVE('',#5775,#6699,#6894,.T.);
#6894 = SURFACE_CURVE('',#6895,(#6899,#6905),.PCURVE_S1.);
#6895 = LINE('',#6896,#6897);
#6896 = CARTESIAN_POINT('',(-54.68738635424,28.7,-3.1));
#6897 = VECTOR('',#6898,1.);
#6898 = DIRECTION('',(0.,0.,1.));
#6899 = PCURVE('',#5301,#6900);
#6900 = DEFINITIONAL_REPRESENTATION('',(#6901),#6904);
#6901 = B_SPLINE_CURVE_WITH_KNOTS('',1,(#6902,#6903),.UNSPECIFIED.,.F.,
  .F.,(2,2),(2.44,3.1000006),.PIECEWISE_BEZIER_KNOTS.);
#6902 = CARTESIAN_POINT('',(0.145222828949,2.44));
#6903 = CARTESIAN_POINT('',(0.145222828949,3.1000006));
#6904 = ( GEOMETRIC_REPRESENTATION_CONTEXT(2) 
PARAMETRIC_REPRESENTATION_CONTEXT() REPRESENTATION_CONTEXT('2D SPACE',''
  ) );
#6905 = PCURVE('',#5814,#6906);
#6906 = DEFINITIONAL_REPRESENTATION('',(#6907),#6910);
#6907 = B_SPLINE_CURVE_WITH_KNOTS('',1,(#6908,#6909),.UNSPECIFIED.,.F.,
  .F.,(2,2),(2.44,3.1000006),.PIECEWISE_BEZIER_KNOTS.);
#6908 = CARTESIAN_POINT('',(82.317386354243,0.56));
#6909 = CARTESIAN_POINT('',(82.317386354243,-0.1000006));
#6910 = ( GEOMETRIC_REPRESENTATION_CONTEXT(2) 
PARAMETRIC_REPRESENTATION_CONTEXT() REPRESENTATION_CONTEXT('2D SPACE',''
  ) );
#6911 = ORIENTED_EDGE('',*,*,#6698,.F.);
#6912 = ADVANCED_FACE('',(#6913),#5273,.T.);
#6913 = FACE_BOUND('',#6914,.T.);
#6914 = EDGE_LOOP('',(#6915,#6916,#6917,#6937));
#6915 = ORIENTED_EDGE('',*,*,#5258,.T.);
#6916 = ORIENTED_EDGE('',*,*,#6826,.T.);
#6917 = ORIENTED_EDGE('',*,*,#6918,.F.);
#6918 = EDGE_CURVE('',#6226,#6827,#6919,.T.);
#6919 = SURFACE_CURVE('',#6920,(#6924,#6930),.PCURVE_S1.);
#6920 = LINE('',#6921,#6922);
#6921 = CARTESIAN_POINT('',(-58.75,14.375,8.881784197001E-16));
#6922 = VECTOR('',#6923,1.);
#6923 = DIRECTION('',(-0.,1.,0.));
#6924 = PCURVE('',#5273,#6925);
#6925 = DEFINITIONAL_REPRESENTATION('',(#6926),#6929);
#6926 = B_SPLINE_CURVE_WITH_KNOTS('',1,(#6927,#6928),.UNSPECIFIED.,.F.,
  .F.,(2,2),(-38.375,9.625),.PIECEWISE_BEZIER_KNOTS.);
#6927 = CARTESIAN_POINT('',(52.75,-3.1));
#6928 = CARTESIAN_POINT('',(4.75,-3.1));
#6929 = ( GEOMETRIC_REPRESENTATION_CONTEXT(2) 
PARAMETRIC_REPRESENTATION_CONTEXT() REPRESENTATION_CONTEXT('2D SPACE',''
  ) );
#6930 = PCURVE('',#6265,#6931);
#6931 = DEFINITIONAL_REPRESENTATION('',(#6932),#6936);
#6932 = LINE('',#6933,#6934);
#6933 = CARTESIAN_POINT('',(-58.75,14.375));
#6934 = VECTOR('',#6935,1.);
#6935 = DIRECTION('',(0.,1.));
#6936 = ( GEOMETRIC_REPRESENTATION_CONTEXT(2) 
PARAMETRIC_REPRESENTATION_CONTEXT() REPRESENTATION_CONTEXT('2D SPACE',''
  ) );
#6937 = ORIENTED_EDGE('',*,*,#6225,.F.);
#6938 = ADVANCED_FACE('',(#6939),#5435,.T.);
#6939 = FACE_BOUND('',#6940,.T.);
#6940 = EDGE_LOOP('',(#6941,#6942,#6943,#6944,#6963,#6964,#6983,#6984,
    #6985,#6986,#6987,#7006));
#6941 = ORIENTED_EDGE('',*,*,#5749,.F.);
#6942 = ORIENTED_EDGE('',*,*,#5878,.T.);
#6943 = ORIENTED_EDGE('',*,*,#5926,.T.);
#6944 = ORIENTED_EDGE('',*,*,#6945,.F.);
#6945 = EDGE_CURVE('',#6649,#5927,#6946,.T.);
#6946 = SURFACE_CURVE('',#6947,(#6951,#6957),.PCURVE_S1.);
#6947 = LINE('',#6948,#6949);
#6948 = CARTESIAN_POINT('',(-58.5,21.816086561787,3.4));
#6949 = VECTOR('',#6950,1.);
#6950 = DIRECTION('',(-0.,-0.,-1.));
#6951 = PCURVE('',#5435,#6952);
#6952 = DEFINITIONAL_REPRESENTATION('',(#6953),#6956);
#6953 = B_SPLINE_CURVE_WITH_KNOTS('',1,(#6954,#6955),.UNSPECIFIED.,.F.,
  .F.,(2,2),(-2.1000006,5.999999999062E-07),.PIECEWISE_BEZIER_KNOTS.);
#6954 = CARTESIAN_POINT('',(6.883913438213,-5.6000006));
#6955 = CARTESIAN_POINT('',(6.883913438213,-3.4999994));
#6956 = ( GEOMETRIC_REPRESENTATION_CONTEXT(2) 
PARAMETRIC_REPRESENTATION_CONTEXT() REPRESENTATION_CONTEXT('2D SPACE',''
  ) );
#6957 = PCURVE('',#5968,#6958);
#6958 = DEFINITIONAL_REPRESENTATION('',(#6959),#6962);
#6959 = B_SPLINE_CURVE_WITH_KNOTS('',1,(#6960,#6961),.UNSPECIFIED.,.F.,
  .F.,(2,2),(-2.1,-0.),.PIECEWISE_BEZIER_KNOTS.);
#6960 = CARTESIAN_POINT('',(-3.69640368657,-2.1));
#6961 = CARTESIAN_POINT('',(-3.69640368657,0.));
#6962 = ( GEOMETRIC_REPRESENTATION_CONTEXT(2) 
PARAMETRIC_REPRESENTATION_CONTEXT() REPRESENTATION_CONTEXT('2D SPACE',''
  ) );
#6963 = ORIENTED_EDGE('',*,*,#6672,.T.);
#6964 = ORIENTED_EDGE('',*,*,#6965,.T.);
#6965 = EDGE_CURVE('',#6447,#5551,#6966,.T.);
#6966 = SURFACE_CURVE('',#6967,(#6971,#6977),.PCURVE_S1.);
#6967 = LINE('',#6968,#6969);
#6968 = CARTESIAN_POINT('',(-58.5,-21.81608656178,3.4));
#6969 = VECTOR('',#6970,1.);
#6970 = DIRECTION('',(-0.,-0.,-1.));
#6971 = PCURVE('',#5435,#6972);
#6972 = DEFINITIONAL_REPRESENTATION('',(#6973),#6976);
#6973 = B_SPLINE_CURVE_WITH_KNOTS('',1,(#6974,#6975),.UNSPECIFIED.,.F.,
  .F.,(2,2),(-2.1000006,5.999999999062E-07),.PIECEWISE_BEZIER_KNOTS.);
#6974 = CARTESIAN_POINT('',(50.516086561787,-5.6000006));
#6975 = CARTESIAN_POINT('',(50.516086561787,-3.4999994));
#6976 = ( GEOMETRIC_REPRESENTATION_CONTEXT(2) 
PARAMETRIC_REPRESENTATION_CONTEXT() REPRESENTATION_CONTEXT('2D SPACE',''
  ) );
#6977 = PCURVE('',#5571,#6978);
#6978 = DEFINITIONAL_REPRESENTATION('',(#6979),#6982);
#6979 = B_SPLINE_CURVE_WITH_KNOTS('',1,(#6980,#6981),.UNSPECIFIED.,.F.,
  .F.,(2,2),(-2.1,-0.),.PIECEWISE_BEZIER_KNOTS.);
#6980 = CARTESIAN_POINT('',(-8.869966927789,-2.1));
#6981 = CARTESIAN_POINT('',(-8.869966927789,0.));
#6982 = ( GEOMETRIC_REPRESENTATION_CONTEXT(2) 
PARAMETRIC_REPRESENTATION_CONTEXT() REPRESENTATION_CONTEXT('2D SPACE',''
  ) );
#6983 = ORIENTED_EDGE('',*,*,#5583,.T.);
#6984 = ORIENTED_EDGE('',*,*,#5724,.F.);
#6985 = ORIENTED_EDGE('',*,*,#5419,.F.);
#6986 = ORIENTED_EDGE('',*,*,#6277,.T.);
#6987 = ORIENTED_EDGE('',*,*,#6988,.T.);
#6988 = EDGE_CURVE('',#6249,#6850,#6989,.T.);
#6989 = SURFACE_CURVE('',#6990,(#6994,#7000),.PCURVE_S1.);
#6990 = LINE('',#6991,#6992);
#6991 = CARTESIAN_POINT('',(-58.5,14.35,0.));
#6992 = VECTOR('',#6993,1.);
#6993 = DIRECTION('',(-0.,1.,0.));
#6994 = PCURVE('',#5435,#6995);
#6995 = DEFINITIONAL_REPRESENTATION('',(#6996),#6999);
#6996 = B_SPLINE_CURVE_WITH_KNOTS('',1,(#6997,#6998),.UNSPECIFIED.,.F.,
  .F.,(2,2),(-40.55,11.85),.PIECEWISE_BEZIER_KNOTS.);
#6997 = CARTESIAN_POINT('',(54.9,-0.1));
#6998 = CARTESIAN_POINT('',(2.5,-0.1));
#6999 = ( GEOMETRIC_REPRESENTATION_CONTEXT(2) 
PARAMETRIC_REPRESENTATION_CONTEXT() REPRESENTATION_CONTEXT('2D SPACE',''
  ) );
#7000 = PCURVE('',#6265,#7001);
#7001 = DEFINITIONAL_REPRESENTATION('',(#7002),#7005);
#7002 = B_SPLINE_CURVE_WITH_KNOTS('',1,(#7003,#7004),.UNSPECIFIED.,.F.,
  .F.,(2,2),(-40.55,11.85),.PIECEWISE_BEZIER_KNOTS.);
#7003 = CARTESIAN_POINT('',(-58.5,-26.2));
#7004 = CARTESIAN_POINT('',(-58.5,26.2));
#7005 = ( GEOMETRIC_REPRESENTATION_CONTEXT(2) 
PARAMETRIC_REPRESENTATION_CONTEXT() REPRESENTATION_CONTEXT('2D SPACE',''
  ) );
#7006 = ORIENTED_EDGE('',*,*,#6873,.F.);
#7007 = ADVANCED_FACE('',(#7008),#5383,.T.);
#7008 = FACE_BOUND('',#7009,.T.);
#7009 = EDGE_LOOP('',(#7010,#7011,#7012,#7013,#7032,#7033,#7054,#7080,
    #7099,#7100,#7101,#7102));
#7010 = ORIENTED_EDGE('',*,*,#5367,.F.);
#7011 = ORIENTED_EDGE('',*,*,#5479,.T.);
#7012 = ORIENTED_EDGE('',*,*,#5529,.T.);
#7013 = ORIENTED_EDGE('',*,*,#7014,.F.);
#7014 = EDGE_CURVE('',#6445,#5530,#7015,.T.);
#7015 = SURFACE_CURVE('',#7016,(#7020,#7026),.PCURVE_S1.);
#7016 = LINE('',#7017,#7018);
#7017 = CARTESIAN_POINT('',(-51.61608656178,-28.7,3.4));
#7018 = VECTOR('',#7019,1.);
#7019 = DIRECTION('',(-0.,-0.,-1.));
#7020 = PCURVE('',#5383,#7021);
#7021 = DEFINITIONAL_REPRESENTATION('',(#7022),#7025);
#7022 = B_SPLINE_CURVE_WITH_KNOTS('',1,(#7023,#7024),.UNSPECIFIED.,.F.,
  .F.,(2,2),(-2.1000006,5.999999999062E-07),.PIECEWISE_BEZIER_KNOTS.);
#7023 = CARTESIAN_POINT('',(6.883913438213,-5.6000006));
#7024 = CARTESIAN_POINT('',(6.883913438213,-3.4999994));
#7025 = ( GEOMETRIC_REPRESENTATION_CONTEXT(2) 
PARAMETRIC_REPRESENTATION_CONTEXT() REPRESENTATION_CONTEXT('2D SPACE',''
  ) );
#7026 = PCURVE('',#5571,#7027);
#7027 = DEFINITIONAL_REPRESENTATION('',(#7028),#7031);
#7028 = B_SPLINE_CURVE_WITH_KNOTS('',1,(#7029,#7030),.UNSPECIFIED.,.F.,
  .F.,(2,2),(-2.1,0.),.PIECEWISE_BEZIER_KNOTS.);
#7029 = CARTESIAN_POINT('',(-5.267200013365,-2.1));
#7030 = CARTESIAN_POINT('',(-5.267200013365,0.));
#7031 = ( GEOMETRIC_REPRESENTATION_CONTEXT(2) 
PARAMETRIC_REPRESENTATION_CONTEXT() REPRESENTATION_CONTEXT('2D SPACE',''
  ) );
#7032 = ORIENTED_EDGE('',*,*,#6470,.T.);
#7033 = ORIENTED_EDGE('',*,*,#7034,.T.);
#7034 = EDGE_CURVE('',#6471,#7035,#7037,.T.);
#7035 = VERTEX_POINT('',#7036);
#7036 = CARTESIAN_POINT('',(1.256086561787,-28.7,3.4));
#7037 = SURFACE_CURVE('',#7038,(#7042,#7048),.PCURVE_S1.);
#7038 = LINE('',#7039,#7040);
#7039 = CARTESIAN_POINT('',(1.256086561787,-28.7,3.4));
#7040 = VECTOR('',#7041,1.);
#7041 = DIRECTION('',(-0.,-0.,-1.));
#7042 = PCURVE('',#5383,#7043);
#7043 = DEFINITIONAL_REPRESENTATION('',(#7044),#7047);
#7044 = B_SPLINE_CURVE_WITH_KNOTS('',1,(#7045,#7046),.UNSPECIFIED.,.F.,
  .F.,(2,2),(-2.1000006,5.999999999062E-07),.PIECEWISE_BEZIER_KNOTS.);
#7045 = CARTESIAN_POINT('',(59.756086561787,-5.6000006));
#7046 = CARTESIAN_POINT('',(59.756086561787,-3.4999994));
#7047 = ( GEOMETRIC_REPRESENTATION_CONTEXT(2) 
PARAMETRIC_REPRESENTATION_CONTEXT() REPRESENTATION_CONTEXT('2D SPACE',''
  ) );
#7048 = PCURVE('',#6510,#7049);
#7049 = DEFINITIONAL_REPRESENTATION('',(#7050),#7053);
#7050 = B_SPLINE_CURVE_WITH_KNOTS('',1,(#7051,#7052),.UNSPECIFIED.,.F.,
  .F.,(2,2),(-2.1,-0.),.PIECEWISE_BEZIER_KNOTS.);
#7051 = CARTESIAN_POINT('',(-10.44076325458,-2.1));
#7052 = CARTESIAN_POINT('',(-10.44076325458,0.));
#7053 = ( GEOMETRIC_REPRESENTATION_CONTEXT(2) 
PARAMETRIC_REPRESENTATION_CONTEXT() REPRESENTATION_CONTEXT('2D SPACE',''
  ) );
#7054 = ORIENTED_EDGE('',*,*,#7055,.T.);
#7055 = EDGE_CURVE('',#7035,#7056,#7058,.T.);
#7056 = VERTEX_POINT('',#7057);
#7057 = CARTESIAN_POINT('',(6.523913438213,-28.7,3.4));
#7058 = SURFACE_CURVE('',#7059,(#7063,#7069),.PCURVE_S1.);
#7059 = LINE('',#7060,#7061);
#7060 = CARTESIAN_POINT('',(-27.305,-28.7,3.4));
#7061 = VECTOR('',#7062,1.);
#7062 = DIRECTION('',(1.,0.,0.));
#7063 = PCURVE('',#5383,#7064);
#7064 = DEFINITIONAL_REPRESENTATION('',(#7065),#7068);
#7065 = B_SPLINE_CURVE_WITH_KNOTS('',1,(#7066,#7067),.UNSPECIFIED.,.F.,
  .F.,(2,2),(26.195,36.195),.PIECEWISE_BEZIER_KNOTS.);
#7066 = CARTESIAN_POINT('',(57.39,-3.5));
#7067 = CARTESIAN_POINT('',(67.39,-3.5));
#7068 = ( GEOMETRIC_REPRESENTATION_CONTEXT(2) 
PARAMETRIC_REPRESENTATION_CONTEXT() REPRESENTATION_CONTEXT('2D SPACE',''
  ) );
#7069 = PCURVE('',#7070,#7075);
#7070 = PLANE('',#7071);
#7071 = AXIS2_PLACEMENT_3D('',#7072,#7073,#7074);
#7072 = CARTESIAN_POINT('',(3.89,-24.45,3.4));
#7073 = DIRECTION('',(0.,0.,1.));
#7074 = DIRECTION('',(1.,0.,-0.));
#7075 = DEFINITIONAL_REPRESENTATION('',(#7076),#7079);
#7076 = B_SPLINE_CURVE_WITH_KNOTS('',1,(#7077,#7078),.UNSPECIFIED.,.F.,
  .F.,(2,2),(26.195,36.195),.PIECEWISE_BEZIER_KNOTS.);
#7077 = CARTESIAN_POINT('',(-5.,-4.25));
#7078 = CARTESIAN_POINT('',(5.,-4.25));
#7079 = ( GEOMETRIC_REPRESENTATION_CONTEXT(2) 
PARAMETRIC_REPRESENTATION_CONTEXT() REPRESENTATION_CONTEXT('2D SPACE',''
  ) );
#7080 = ORIENTED_EDGE('',*,*,#7081,.F.);
#7081 = EDGE_CURVE('',#6494,#7056,#7082,.T.);
#7082 = SURFACE_CURVE('',#7083,(#7087,#7093),.PCURVE_S1.);
#7083 = LINE('',#7084,#7085);
#7084 = CARTESIAN_POINT('',(6.523913438213,-28.7,3.4));
#7085 = VECTOR('',#7086,1.);
#7086 = DIRECTION('',(-0.,-0.,-1.));
#7087 = PCURVE('',#5383,#7088);
#7088 = DEFINITIONAL_REPRESENTATION('',(#7089),#7092);
#7089 = B_SPLINE_CURVE_WITH_KNOTS('',1,(#7090,#7091),.UNSPECIFIED.,.F.,
  .F.,(2,2),(-2.1000006,5.999999999062E-07),.PIECEWISE_BEZIER_KNOTS.);
#7090 = CARTESIAN_POINT('',(65.023913438213,-5.6000006));
#7091 = CARTESIAN_POINT('',(65.023913438213,-3.4999994));
#7092 = ( GEOMETRIC_REPRESENTATION_CONTEXT(2) 
PARAMETRIC_REPRESENTATION_CONTEXT() REPRESENTATION_CONTEXT('2D SPACE',''
  ) );
#7093 = PCURVE('',#6510,#7094);
#7094 = DEFINITIONAL_REPRESENTATION('',(#7095),#7098);
#7095 = B_SPLINE_CURVE_WITH_KNOTS('',1,(#7096,#7097),.UNSPECIFIED.,.F.,
  .F.,(2,2),(-2.1,0.),.PIECEWISE_BEZIER_KNOTS.);
#7096 = CARTESIAN_POINT('',(-5.267200013365,-2.1));
#7097 = CARTESIAN_POINT('',(-5.267200013365,0.));
#7098 = ( GEOMETRIC_REPRESENTATION_CONTEXT(2) 
PARAMETRIC_REPRESENTATION_CONTEXT() REPRESENTATION_CONTEXT('2D SPACE',''
  ) );
#7099 = ORIENTED_EDGE('',*,*,#6522,.T.);
#7100 = ORIENTED_EDGE('',*,*,#6394,.F.);
#7101 = ORIENTED_EDGE('',*,*,#6177,.T.);
#7102 = ORIENTED_EDGE('',*,*,#6297,.F.);
#7103 = ADVANCED_FACE('',(#7104),#5571,.T.);
#7104 = FACE_BOUND('',#7105,.F.);
#7105 = EDGE_LOOP('',(#7106,#7107,#7108,#7109));
#7106 = ORIENTED_EDGE('',*,*,#6444,.T.);
#7107 = ORIENTED_EDGE('',*,*,#6965,.T.);
#7108 = ORIENTED_EDGE('',*,*,#5550,.T.);
#7109 = ORIENTED_EDGE('',*,*,#7014,.F.);
#7110 = ADVANCED_FACE('',(#7111),#5674,.F.);
#7111 = FACE_BOUND('',#7112,.T.);
#7112 = EDGE_LOOP('',(#7113,#7114,#7137,#7164));
#7113 = ORIENTED_EDGE('',*,*,#5653,.T.);
#7114 = ORIENTED_EDGE('',*,*,#7115,.T.);
#7115 = EDGE_CURVE('',#5654,#7116,#7118,.T.);
#7116 = VERTEX_POINT('',#7117);
#7117 = CARTESIAN_POINT('',(-53.,-24.45,7.4));
#7118 = SEAM_CURVE('',#7119,(#7123,#7130),.PCURVE_S1.);
#7119 = LINE('',#7120,#7121);
#7120 = CARTESIAN_POINT('',(-53.,-24.45,3.39));
#7121 = VECTOR('',#7122,1.);
#7122 = DIRECTION('',(0.,0.,1.));
#7123 = PCURVE('',#5674,#7124);
#7124 = DEFINITIONAL_REPRESENTATION('',(#7125),#7129);
#7125 = LINE('',#7126,#7127);
#7126 = CARTESIAN_POINT('',(-6.28318530718,0.));
#7127 = VECTOR('',#7128,1.);
#7128 = DIRECTION('',(-0.,-1.));
#7129 = ( GEOMETRIC_REPRESENTATION_CONTEXT(2) 
PARAMETRIC_REPRESENTATION_CONTEXT() REPRESENTATION_CONTEXT('2D SPACE',''
  ) );
#7130 = PCURVE('',#5674,#7131);
#7131 = DEFINITIONAL_REPRESENTATION('',(#7132),#7136);
#7132 = LINE('',#7133,#7134);
#7133 = CARTESIAN_POINT('',(-0.,0.));
#7134 = VECTOR('',#7135,1.);
#7135 = DIRECTION('',(-0.,-1.));
#7136 = ( GEOMETRIC_REPRESENTATION_CONTEXT(2) 
PARAMETRIC_REPRESENTATION_CONTEXT() REPRESENTATION_CONTEXT('2D SPACE',''
  ) );
#7137 = ORIENTED_EDGE('',*,*,#7138,.T.);
#7138 = EDGE_CURVE('',#7116,#7116,#7139,.T.);
#7139 = SURFACE_CURVE('',#7140,(#7145,#7152),.PCURVE_S1.);
#7140 = CIRCLE('',#7141,1.25);
#7141 = AXIS2_PLACEMENT_3D('',#7142,#7143,#7144);
#7142 = CARTESIAN_POINT('',(-54.25,-24.45,7.4));
#7143 = DIRECTION('',(0.,0.,1.));
#7144 = DIRECTION('',(1.,0.,0.));
#7145 = PCURVE('',#5674,#7146);
#7146 = DEFINITIONAL_REPRESENTATION('',(#7147),#7151);
#7147 = LINE('',#7148,#7149);
#7148 = CARTESIAN_POINT('',(-0.,-4.01));
#7149 = VECTOR('',#7150,1.);
#7150 = DIRECTION('',(-1.,0.));
#7151 = ( GEOMETRIC_REPRESENTATION_CONTEXT(2) 
PARAMETRIC_REPRESENTATION_CONTEXT() REPRESENTATION_CONTEXT('2D SPACE',''
  ) );
#7152 = PCURVE('',#7153,#7158);
#7153 = PLANE('',#7154);
#7154 = AXIS2_PLACEMENT_3D('',#7155,#7156,#7157);
#7155 = CARTESIAN_POINT('',(-54.25,-24.45,7.4));
#7156 = DIRECTION('',(0.,0.,1.));
#7157 = DIRECTION('',(1.,0.,-0.));
#7158 = DEFINITIONAL_REPRESENTATION('',(#7159),#7163);
#7159 = CIRCLE('',#7160,1.25);
#7160 = AXIS2_PLACEMENT_2D('',#7161,#7162);
#7161 = CARTESIAN_POINT('',(0.,-3.552713678801E-15));
#7162 = DIRECTION('',(1.,0.));
#7163 = ( GEOMETRIC_REPRESENTATION_CONTEXT(2) 
PARAMETRIC_REPRESENTATION_CONTEXT() REPRESENTATION_CONTEXT('2D SPACE',''
  ) );
#7164 = ORIENTED_EDGE('',*,*,#7115,.F.);
#7165 = ADVANCED_FACE('',(#7166),#5814,.T.);
#7166 = FACE_BOUND('',#7167,.T.);
#7167 = EDGE_LOOP('',(#7168,#7169,#7170,#7171,#7172,#7173,#7194,#7220,
    #7239,#7240,#7259,#7260));
#7168 = ORIENTED_EDGE('',*,*,#5798,.F.);
#7169 = ORIENTED_EDGE('',*,*,#6893,.T.);
#7170 = ORIENTED_EDGE('',*,*,#6722,.T.);
#7171 = ORIENTED_EDGE('',*,*,#6770,.T.);
#7172 = ORIENTED_EDGE('',*,*,#6573,.T.);
#7173 = ORIENTED_EDGE('',*,*,#7174,.T.);
#7174 = EDGE_CURVE('',#6574,#7175,#7177,.T.);
#7175 = VERTEX_POINT('',#7176);
#7176 = CARTESIAN_POINT('',(6.523913438213,28.7,3.4));
#7177 = SURFACE_CURVE('',#7178,(#7182,#7188),.PCURVE_S1.);
#7178 = LINE('',#7179,#7180);
#7179 = CARTESIAN_POINT('',(6.523913438213,28.7,3.4));
#7180 = VECTOR('',#7181,1.);
#7181 = DIRECTION('',(-0.,-0.,-1.));
#7182 = PCURVE('',#5814,#7183);
#7183 = DEFINITIONAL_REPRESENTATION('',(#7184),#7187);
#7184 = B_SPLINE_CURVE_WITH_KNOTS('',1,(#7185,#7186),.UNSPECIFIED.,.F.,
  .F.,(2,2),(-2.1000006,5.999999999062E-07),.PIECEWISE_BEZIER_KNOTS.);
#7185 = CARTESIAN_POINT('',(21.106086561787,-5.6000006));
#7186 = CARTESIAN_POINT('',(21.106086561787,-3.4999994));
#7187 = ( GEOMETRIC_REPRESENTATION_CONTEXT(2) 
PARAMETRIC_REPRESENTATION_CONTEXT() REPRESENTATION_CONTEXT('2D SPACE',''
  ) );
#7188 = PCURVE('',#6613,#7189);
#7189 = DEFINITIONAL_REPRESENTATION('',(#7190),#7193);
#7190 = B_SPLINE_CURVE_WITH_KNOTS('',1,(#7191,#7192),.UNSPECIFIED.,.F.,
  .F.,(2,2),(-2.1,-0.),.PIECEWISE_BEZIER_KNOTS.);
#7191 = CARTESIAN_POINT('',(-7.299170600994,-2.1));
#7192 = CARTESIAN_POINT('',(-7.299170600994,0.));
#7193 = ( GEOMETRIC_REPRESENTATION_CONTEXT(2) 
PARAMETRIC_REPRESENTATION_CONTEXT() REPRESENTATION_CONTEXT('2D SPACE',''
  ) );
#7194 = ORIENTED_EDGE('',*,*,#7195,.T.);
#7195 = EDGE_CURVE('',#7175,#7196,#7198,.T.);
#7196 = VERTEX_POINT('',#7197);
#7197 = CARTESIAN_POINT('',(1.256086561787,28.7,3.4));
#7198 = SURFACE_CURVE('',#7199,(#7203,#7209),.PCURVE_S1.);
#7199 = LINE('',#7200,#7201);
#7200 = CARTESIAN_POINT('',(15.76,28.7,3.4));
#7201 = VECTOR('',#7202,1.);
#7202 = DIRECTION('',(-1.,0.,0.));
#7203 = PCURVE('',#5814,#7204);
#7204 = DEFINITIONAL_REPRESENTATION('',(#7205),#7208);
#7205 = B_SPLINE_CURVE_WITH_KNOTS('',1,(#7206,#7207),.UNSPECIFIED.,.F.,
  .F.,(2,2),(6.87,16.87),.PIECEWISE_BEZIER_KNOTS.);
#7206 = CARTESIAN_POINT('',(18.74,-3.5));
#7207 = CARTESIAN_POINT('',(28.74,-3.5));
#7208 = ( GEOMETRIC_REPRESENTATION_CONTEXT(2) 
PARAMETRIC_REPRESENTATION_CONTEXT() REPRESENTATION_CONTEXT('2D SPACE',''
  ) );
#7209 = PCURVE('',#7210,#7215);
#7210 = PLANE('',#7211);
#7211 = AXIS2_PLACEMENT_3D('',#7212,#7213,#7214);
#7212 = CARTESIAN_POINT('',(3.89,24.45,3.4));
#7213 = DIRECTION('',(0.,0.,1.));
#7214 = DIRECTION('',(1.,0.,-0.));
#7215 = DEFINITIONAL_REPRESENTATION('',(#7216),#7219);
#7216 = B_SPLINE_CURVE_WITH_KNOTS('',1,(#7217,#7218),.UNSPECIFIED.,.F.,
  .F.,(2,2),(6.87,16.87),.PIECEWISE_BEZIER_KNOTS.);
#7217 = CARTESIAN_POINT('',(5.,4.25));
#7218 = CARTESIAN_POINT('',(-5.,4.25));
#7219 = ( GEOMETRIC_REPRESENTATION_CONTEXT(2) 
PARAMETRIC_REPRESENTATION_CONTEXT() REPRESENTATION_CONTEXT('2D SPACE',''
  ) );
#7220 = ORIENTED_EDGE('',*,*,#7221,.F.);
#7221 = EDGE_CURVE('',#6597,#7196,#7222,.T.);
#7222 = SURFACE_CURVE('',#7223,(#7227,#7233),.PCURVE_S1.);
#7223 = LINE('',#7224,#7225);
#7224 = CARTESIAN_POINT('',(1.256086561787,28.7,3.4));
#7225 = VECTOR('',#7226,1.);
#7226 = DIRECTION('',(-0.,-0.,-1.));
#7227 = PCURVE('',#5814,#7228);
#7228 = DEFINITIONAL_REPRESENTATION('',(#7229),#7232);
#7229 = B_SPLINE_CURVE_WITH_KNOTS('',1,(#7230,#7231),.UNSPECIFIED.,.F.,
  .F.,(2,2),(-2.1000006,5.999999999062E-07),.PIECEWISE_BEZIER_KNOTS.);
#7230 = CARTESIAN_POINT('',(26.373913438213,-5.6000006));
#7231 = CARTESIAN_POINT('',(26.373913438213,-3.4999994));
#7232 = ( GEOMETRIC_REPRESENTATION_CONTEXT(2) 
PARAMETRIC_REPRESENTATION_CONTEXT() REPRESENTATION_CONTEXT('2D SPACE',''
  ) );
#7233 = PCURVE('',#6613,#7234);
#7234 = DEFINITIONAL_REPRESENTATION('',(#7235),#7238);
#7235 = B_SPLINE_CURVE_WITH_KNOTS('',1,(#7236,#7237),.UNSPECIFIED.,.F.,
  .F.,(2,2),(-2.1,-0.),.PIECEWISE_BEZIER_KNOTS.);
#7236 = CARTESIAN_POINT('',(-2.125607359775,-2.1));
#7237 = CARTESIAN_POINT('',(-2.125607359775,0.));
#7238 = ( GEOMETRIC_REPRESENTATION_CONTEXT(2) 
PARAMETRIC_REPRESENTATION_CONTEXT() REPRESENTATION_CONTEXT('2D SPACE',''
  ) );
#7239 = ORIENTED_EDGE('',*,*,#6625,.T.);
#7240 = ORIENTED_EDGE('',*,*,#7241,.T.);
#7241 = EDGE_CURVE('',#6626,#5948,#7242,.T.);
#7242 = SURFACE_CURVE('',#7243,(#7247,#7253),.PCURVE_S1.);
#7243 = LINE('',#7244,#7245);
#7244 = CARTESIAN_POINT('',(-51.61608656178,28.7,3.4));
#7245 = VECTOR('',#7246,1.);
#7246 = DIRECTION('',(-0.,-0.,-1.));
#7247 = PCURVE('',#5814,#7248);
#7248 = DEFINITIONAL_REPRESENTATION('',(#7249),#7252);
#7249 = B_SPLINE_CURVE_WITH_KNOTS('',1,(#7250,#7251),.UNSPECIFIED.,.F.,
  .F.,(2,2),(-2.1000006,5.999999999062E-07),.PIECEWISE_BEZIER_KNOTS.);
#7250 = CARTESIAN_POINT('',(79.246086561787,-5.6000006));
#7251 = CARTESIAN_POINT('',(79.246086561787,-3.4999994));
#7252 = ( GEOMETRIC_REPRESENTATION_CONTEXT(2) 
PARAMETRIC_REPRESENTATION_CONTEXT() REPRESENTATION_CONTEXT('2D SPACE',''
  ) );
#7253 = PCURVE('',#5968,#7254);
#7254 = DEFINITIONAL_REPRESENTATION('',(#7255),#7258);
#7255 = B_SPLINE_CURVE_WITH_KNOTS('',1,(#7256,#7257),.UNSPECIFIED.,.F.,
  .F.,(2,2),(-2.1,-0.),.PIECEWISE_BEZIER_KNOTS.);
#7256 = CARTESIAN_POINT('',(-7.299170600994,-2.1));
#7257 = CARTESIAN_POINT('',(-7.299170600994,0.));
#7258 = ( GEOMETRIC_REPRESENTATION_CONTEXT(2) 
PARAMETRIC_REPRESENTATION_CONTEXT() REPRESENTATION_CONTEXT('2D SPACE',''
  ) );
#7259 = ORIENTED_EDGE('',*,*,#5980,.T.);
#7260 = ORIENTED_EDGE('',*,*,#6119,.F.);
#7261 = ADVANCED_FACE('',(#7262),#5968,.T.);
#7262 = FACE_BOUND('',#7263,.F.);
#7263 = EDGE_LOOP('',(#7264,#7265,#7266,#7267));
#7264 = ORIENTED_EDGE('',*,*,#6648,.T.);
#7265 = ORIENTED_EDGE('',*,*,#7241,.T.);
#7266 = ORIENTED_EDGE('',*,*,#5947,.T.);
#7267 = ORIENTED_EDGE('',*,*,#6945,.F.);
#7268 = ADVANCED_FACE('',(#7269),#6071,.F.);
#7269 = FACE_BOUND('',#7270,.T.);
#7270 = EDGE_LOOP('',(#7271,#7272,#7295,#7322));
#7271 = ORIENTED_EDGE('',*,*,#6050,.T.);
#7272 = ORIENTED_EDGE('',*,*,#7273,.T.);
#7273 = EDGE_CURVE('',#6051,#7274,#7276,.T.);
#7274 = VERTEX_POINT('',#7275);
#7275 = CARTESIAN_POINT('',(-53.,24.45,7.4));
#7276 = SEAM_CURVE('',#7277,(#7281,#7288),.PCURVE_S1.);
#7277 = LINE('',#7278,#7279);
#7278 = CARTESIAN_POINT('',(-53.,24.45,3.39));
#7279 = VECTOR('',#7280,1.);
#7280 = DIRECTION('',(0.,0.,1.));
#7281 = PCURVE('',#6071,#7282);
#7282 = DEFINITIONAL_REPRESENTATION('',(#7283),#7287);
#7283 = LINE('',#7284,#7285);
#7284 = CARTESIAN_POINT('',(-6.28318530718,0.));
#7285 = VECTOR('',#7286,1.);
#7286 = DIRECTION('',(-0.,-1.));
#7287 = ( GEOMETRIC_REPRESENTATION_CONTEXT(2) 
PARAMETRIC_REPRESENTATION_CONTEXT() REPRESENTATION_CONTEXT('2D SPACE',''
  ) );
#7288 = PCURVE('',#6071,#7289);
#7289 = DEFINITIONAL_REPRESENTATION('',(#7290),#7294);
#7290 = LINE('',#7291,#7292);
#7291 = CARTESIAN_POINT('',(-0.,0.));
#7292 = VECTOR('',#7293,1.);
#7293 = DIRECTION('',(-0.,-1.));
#7294 = ( GEOMETRIC_REPRESENTATION_CONTEXT(2) 
PARAMETRIC_REPRESENTATION_CONTEXT() REPRESENTATION_CONTEXT('2D SPACE',''
  ) );
#7295 = ORIENTED_EDGE('',*,*,#7296,.T.);
#7296 = EDGE_CURVE('',#7274,#7274,#7297,.T.);
#7297 = SURFACE_CURVE('',#7298,(#7303,#7310),.PCURVE_S1.);
#7298 = CIRCLE('',#7299,1.25);
#7299 = AXIS2_PLACEMENT_3D('',#7300,#7301,#7302);
#7300 = CARTESIAN_POINT('',(-54.25,24.45,7.4));
#7301 = DIRECTION('',(0.,0.,1.));
#7302 = DIRECTION('',(1.,0.,0.));
#7303 = PCURVE('',#6071,#7304);
#7304 = DEFINITIONAL_REPRESENTATION('',(#7305),#7309);
#7305 = LINE('',#7306,#7307);
#7306 = CARTESIAN_POINT('',(-0.,-4.01));
#7307 = VECTOR('',#7308,1.);
#7308 = DIRECTION('',(-1.,0.));
#7309 = ( GEOMETRIC_REPRESENTATION_CONTEXT(2) 
PARAMETRIC_REPRESENTATION_CONTEXT() REPRESENTATION_CONTEXT('2D SPACE',''
  ) );
#7310 = PCURVE('',#7311,#7316);
#7311 = PLANE('',#7312);
#7312 = AXIS2_PLACEMENT_3D('',#7313,#7314,#7315);
#7313 = CARTESIAN_POINT('',(-54.25,24.45,7.4));
#7314 = DIRECTION('',(0.,0.,1.));
#7315 = DIRECTION('',(1.,0.,-0.));
#7316 = DEFINITIONAL_REPRESENTATION('',(#7317),#7321);
#7317 = CIRCLE('',#7318,1.25);
#7318 = AXIS2_PLACEMENT_2D('',#7319,#7320);
#7319 = CARTESIAN_POINT('',(0.,3.552713678801E-15));
#7320 = DIRECTION('',(1.,0.));
#7321 = ( GEOMETRIC_REPRESENTATION_CONTEXT(2) 
PARAMETRIC_REPRESENTATION_CONTEXT() REPRESENTATION_CONTEXT('2D SPACE',''
  ) );
#7322 = ORIENTED_EDGE('',*,*,#7273,.F.);
#7323 = ADVANCED_FACE('',(#7324),#6265,.F.);
#7324 = FACE_BOUND('',#7325,.F.);
#7325 = EDGE_LOOP('',(#7326,#7327,#7328,#7329));
#7326 = ORIENTED_EDGE('',*,*,#6248,.T.);
#7327 = ORIENTED_EDGE('',*,*,#6988,.T.);
#7328 = ORIENTED_EDGE('',*,*,#6849,.T.);
#7329 = ORIENTED_EDGE('',*,*,#6918,.F.);
#7330 = ADVANCED_FACE('',(#7331),#6510,.T.);
#7331 = FACE_BOUND('',#7332,.F.);
#7332 = EDGE_LOOP('',(#7333,#7334,#7335,#7357));
#7333 = ORIENTED_EDGE('',*,*,#6493,.T.);
#7334 = ORIENTED_EDGE('',*,*,#7034,.T.);
#7335 = ORIENTED_EDGE('',*,*,#7336,.F.);
#7336 = EDGE_CURVE('',#7056,#7035,#7337,.T.);
#7337 = SURFACE_CURVE('',#7338,(#7343,#7350),.PCURVE_S1.);
#7338 = CIRCLE('',#7339,5.);
#7339 = AXIS2_PLACEMENT_3D('',#7340,#7341,#7342);
#7340 = CARTESIAN_POINT('',(3.89,-24.45,3.4));
#7341 = DIRECTION('',(-0.,0.,1.));
#7342 = DIRECTION('',(0.526782687643,-0.85,0.));
#7343 = PCURVE('',#6510,#7344);
#7344 = DEFINITIONAL_REPRESENTATION('',(#7345),#7349);
#7345 = LINE('',#7346,#7347);
#7346 = CARTESIAN_POINT('',(-5.267200013365,0.));
#7347 = VECTOR('',#7348,1.);
#7348 = DIRECTION('',(-1.,0.));
#7349 = ( GEOMETRIC_REPRESENTATION_CONTEXT(2) 
PARAMETRIC_REPRESENTATION_CONTEXT() REPRESENTATION_CONTEXT('2D SPACE',''
  ) );
#7350 = PCURVE('',#7070,#7351);
#7351 = DEFINITIONAL_REPRESENTATION('',(#7352),#7356);
#7352 = CIRCLE('',#7353,5.);
#7353 = AXIS2_PLACEMENT_2D('',#7354,#7355);
#7354 = CARTESIAN_POINT('',(4.440892098501E-16,-3.552713678801E-15));
#7355 = DIRECTION('',(0.526782687643,-0.85));
#7356 = ( GEOMETRIC_REPRESENTATION_CONTEXT(2) 
PARAMETRIC_REPRESENTATION_CONTEXT() REPRESENTATION_CONTEXT('2D SPACE',''
  ) );
#7357 = ORIENTED_EDGE('',*,*,#7081,.F.);
#7358 = ADVANCED_FACE('',(#7359),#6613,.T.);
#7359 = FACE_BOUND('',#7360,.F.);
#7360 = EDGE_LOOP('',(#7361,#7362,#7363,#7385));
#7361 = ORIENTED_EDGE('',*,*,#6596,.T.);
#7362 = ORIENTED_EDGE('',*,*,#7174,.T.);
#7363 = ORIENTED_EDGE('',*,*,#7364,.F.);
#7364 = EDGE_CURVE('',#7196,#7175,#7365,.T.);
#7365 = SURFACE_CURVE('',#7366,(#7371,#7378),.PCURVE_S1.);
#7366 = CIRCLE('',#7367,5.);
#7367 = AXIS2_PLACEMENT_3D('',#7368,#7369,#7370);
#7368 = CARTESIAN_POINT('',(3.89,24.45,3.4));
#7369 = DIRECTION('',(0.,0.,1.));
#7370 = DIRECTION('',(-0.526782687643,0.85,0.));
#7371 = PCURVE('',#6613,#7372);
#7372 = DEFINITIONAL_REPRESENTATION('',(#7373),#7377);
#7373 = LINE('',#7374,#7375);
#7374 = CARTESIAN_POINT('',(-2.125607359775,0.));
#7375 = VECTOR('',#7376,1.);
#7376 = DIRECTION('',(-1.,0.));
#7377 = ( GEOMETRIC_REPRESENTATION_CONTEXT(2) 
PARAMETRIC_REPRESENTATION_CONTEXT() REPRESENTATION_CONTEXT('2D SPACE',''
  ) );
#7378 = PCURVE('',#7210,#7379);
#7379 = DEFINITIONAL_REPRESENTATION('',(#7380),#7384);
#7380 = CIRCLE('',#7381,5.);
#7381 = AXIS2_PLACEMENT_2D('',#7382,#7383);
#7382 = CARTESIAN_POINT('',(4.440892098501E-16,3.552713678801E-15));
#7383 = DIRECTION('',(-0.526782687643,0.85));
#7384 = ( GEOMETRIC_REPRESENTATION_CONTEXT(2) 
PARAMETRIC_REPRESENTATION_CONTEXT() REPRESENTATION_CONTEXT('2D SPACE',''
  ) );
#7385 = ORIENTED_EDGE('',*,*,#7221,.F.);
#7386 = ADVANCED_FACE('',(#7387,#7391),#7070,.F.);
#7387 = FACE_BOUND('',#7388,.F.);
#7388 = EDGE_LOOP('',(#7389,#7390));
#7389 = ORIENTED_EDGE('',*,*,#7336,.T.);
#7390 = ORIENTED_EDGE('',*,*,#7055,.T.);
#7391 = FACE_BOUND('',#7392,.F.);
#7392 = EDGE_LOOP('',(#7393));
#7393 = ORIENTED_EDGE('',*,*,#7394,.T.);
#7394 = EDGE_CURVE('',#7395,#7395,#7397,.T.);
#7395 = VERTEX_POINT('',#7396);
#7396 = CARTESIAN_POINT('',(5.14,-24.45,3.4));
#7397 = SURFACE_CURVE('',#7398,(#7403,#7414),.PCURVE_S1.);
#7398 = CIRCLE('',#7399,1.25);
#7399 = AXIS2_PLACEMENT_3D('',#7400,#7401,#7402);
#7400 = CARTESIAN_POINT('',(3.89,-24.45,3.4));
#7401 = DIRECTION('',(0.,0.,-1.));
#7402 = DIRECTION('',(1.,0.,0.));
#7403 = PCURVE('',#7070,#7404);
#7404 = DEFINITIONAL_REPRESENTATION('',(#7405),#7413);
#7405 = ( BOUNDED_CURVE() B_SPLINE_CURVE(2,(#7406,#7407,#7408,#7409,
#7410,#7411,#7412),.UNSPECIFIED.,.T.,.F.) B_SPLINE_CURVE_WITH_KNOTS((1,2
    ,2,2,2,1),(-2.094395102393,0.,2.094395102393,4.188790204786,
6.28318530718,8.377580409573),.UNSPECIFIED.) CURVE() 
GEOMETRIC_REPRESENTATION_ITEM() RATIONAL_B_SPLINE_CURVE((1.,0.5,1.,0.5,
1.,0.5,1.)) REPRESENTATION_ITEM('') );
#7406 = CARTESIAN_POINT('',(1.25,-3.552713678801E-15));
#7407 = CARTESIAN_POINT('',(1.25,-2.165063509461));
#7408 = CARTESIAN_POINT('',(-0.625,-1.082531754731));
#7409 = CARTESIAN_POINT('',(-2.5,-3.858875378587E-15));
#7410 = CARTESIAN_POINT('',(-0.625,1.082531754731));
#7411 = CARTESIAN_POINT('',(1.25,2.165063509461));
#7412 = CARTESIAN_POINT('',(1.25,-3.552713678801E-15));
#7413 = ( GEOMETRIC_REPRESENTATION_CONTEXT(2) 
PARAMETRIC_REPRESENTATION_CONTEXT() REPRESENTATION_CONTEXT('2D SPACE',''
  ) );
#7414 = PCURVE('',#7415,#7420);
#7415 = CYLINDRICAL_SURFACE('',#7416,1.25);
#7416 = AXIS2_PLACEMENT_3D('',#7417,#7418,#7419);
#7417 = CARTESIAN_POINT('',(3.89,-24.45,3.39));
#7418 = DIRECTION('',(-0.,-0.,-1.));
#7419 = DIRECTION('',(1.,0.,0.));
#7420 = DEFINITIONAL_REPRESENTATION('',(#7421),#7425);
#7421 = LINE('',#7422,#7423);
#7422 = CARTESIAN_POINT('',(-6.28318530718,-1.E-02));
#7423 = VECTOR('',#7424,1.);
#7424 = DIRECTION('',(1.,-0.));
#7425 = ( GEOMETRIC_REPRESENTATION_CONTEXT(2) 
PARAMETRIC_REPRESENTATION_CONTEXT() REPRESENTATION_CONTEXT('2D SPACE',''
  ) );
#7426 = ADVANCED_FACE('',(#7427),#7153,.F.);
#7427 = FACE_BOUND('',#7428,.F.);
#7428 = EDGE_LOOP('',(#7429));
#7429 = ORIENTED_EDGE('',*,*,#7138,.T.);
#7430 = ADVANCED_FACE('',(#7431,#7435),#7210,.F.);
#7431 = FACE_BOUND('',#7432,.F.);
#7432 = EDGE_LOOP('',(#7433,#7434));
#7433 = ORIENTED_EDGE('',*,*,#7364,.T.);
#7434 = ORIENTED_EDGE('',*,*,#7195,.T.);
#7435 = FACE_BOUND('',#7436,.F.);
#7436 = EDGE_LOOP('',(#7437));
#7437 = ORIENTED_EDGE('',*,*,#7438,.T.);
#7438 = EDGE_CURVE('',#7439,#7439,#7441,.T.);
#7439 = VERTEX_POINT('',#7440);
#7440 = CARTESIAN_POINT('',(5.14,24.45,3.4));
#7441 = SURFACE_CURVE('',#7442,(#7447,#7458),.PCURVE_S1.);
#7442 = CIRCLE('',#7443,1.25);
#7443 = AXIS2_PLACEMENT_3D('',#7444,#7445,#7446);
#7444 = CARTESIAN_POINT('',(3.89,24.45,3.4));
#7445 = DIRECTION('',(0.,0.,-1.));
#7446 = DIRECTION('',(1.,0.,0.));
#7447 = PCURVE('',#7210,#7448);
#7448 = DEFINITIONAL_REPRESENTATION('',(#7449),#7457);
#7449 = ( BOUNDED_CURVE() B_SPLINE_CURVE(2,(#7450,#7451,#7452,#7453,
#7454,#7455,#7456),.UNSPECIFIED.,.T.,.F.) B_SPLINE_CURVE_WITH_KNOTS((1,2
    ,2,2,2,1),(-2.094395102393,0.,2.094395102393,4.188790204786,
6.28318530718,8.377580409573),.UNSPECIFIED.) CURVE() 
GEOMETRIC_REPRESENTATION_ITEM() RATIONAL_B_SPLINE_CURVE((1.,0.5,1.,0.5,
1.,0.5,1.)) REPRESENTATION_ITEM('') );
#7450 = CARTESIAN_POINT('',(1.25,3.552713678801E-15));
#7451 = CARTESIAN_POINT('',(1.25,-2.165063509461));
#7452 = CARTESIAN_POINT('',(-0.625,-1.082531754731));
#7453 = CARTESIAN_POINT('',(-2.5,3.246551979014E-15));
#7454 = CARTESIAN_POINT('',(-0.625,1.082531754731));
#7455 = CARTESIAN_POINT('',(1.25,2.165063509461));
#7456 = CARTESIAN_POINT('',(1.25,3.552713678801E-15));
#7457 = ( GEOMETRIC_REPRESENTATION_CONTEXT(2) 
PARAMETRIC_REPRESENTATION_CONTEXT() REPRESENTATION_CONTEXT('2D SPACE',''
  ) );
#7458 = PCURVE('',#7459,#7464);
#7459 = CYLINDRICAL_SURFACE('',#7460,1.25);
#7460 = AXIS2_PLACEMENT_3D('',#7461,#7462,#7463);
#7461 = CARTESIAN_POINT('',(3.89,24.45,3.39));
#7462 = DIRECTION('',(-0.,-0.,-1.));
#7463 = DIRECTION('',(1.,0.,0.));
#7464 = DEFINITIONAL_REPRESENTATION('',(#7465),#7469);
#7465 = LINE('',#7466,#7467);
#7466 = CARTESIAN_POINT('',(-6.28318530718,-1.E-02));
#7467 = VECTOR('',#7468,1.);
#7468 = DIRECTION('',(1.,-0.));
#7469 = ( GEOMETRIC_REPRESENTATION_CONTEXT(2) 
PARAMETRIC_REPRESENTATION_CONTEXT() REPRESENTATION_CONTEXT('2D SPACE',''
  ) );
#7470 = ADVANCED_FACE('',(#7471),#7311,.F.);
#7471 = FACE_BOUND('',#7472,.F.);
#7472 = EDGE_LOOP('',(#7473));
#7473 = ORIENTED_EDGE('',*,*,#7296,.T.);
#7474 = ADVANCED_FACE('',(#7475),#7415,.F.);
#7475 = FACE_BOUND('',#7476,.T.);
#7476 = EDGE_LOOP('',(#7477,#7478,#7501,#7528));
#7477 = ORIENTED_EDGE('',*,*,#7394,.T.);
#7478 = ORIENTED_EDGE('',*,*,#7479,.T.);
#7479 = EDGE_CURVE('',#7395,#7480,#7482,.T.);
#7480 = VERTEX_POINT('',#7481);
#7481 = CARTESIAN_POINT('',(5.14,-24.45,7.4));
#7482 = SEAM_CURVE('',#7483,(#7487,#7494),.PCURVE_S1.);
#7483 = LINE('',#7484,#7485);
#7484 = CARTESIAN_POINT('',(5.14,-24.45,3.39));
#7485 = VECTOR('',#7486,1.);
#7486 = DIRECTION('',(0.,0.,1.));
#7487 = PCURVE('',#7415,#7488);
#7488 = DEFINITIONAL_REPRESENTATION('',(#7489),#7493);
#7489 = LINE('',#7490,#7491);
#7490 = CARTESIAN_POINT('',(-6.28318530718,0.));
#7491 = VECTOR('',#7492,1.);
#7492 = DIRECTION('',(-0.,-1.));
#7493 = ( GEOMETRIC_REPRESENTATION_CONTEXT(2) 
PARAMETRIC_REPRESENTATION_CONTEXT() REPRESENTATION_CONTEXT('2D SPACE',''
  ) );
#7494 = PCURVE('',#7415,#7495);
#7495 = DEFINITIONAL_REPRESENTATION('',(#7496),#7500);
#7496 = LINE('',#7497,#7498);
#7497 = CARTESIAN_POINT('',(-0.,0.));
#7498 = VECTOR('',#7499,1.);
#7499 = DIRECTION('',(-0.,-1.));
#7500 = ( GEOMETRIC_REPRESENTATION_CONTEXT(2) 
PARAMETRIC_REPRESENTATION_CONTEXT() REPRESENTATION_CONTEXT('2D SPACE',''
  ) );
#7501 = ORIENTED_EDGE('',*,*,#7502,.T.);
#7502 = EDGE_CURVE('',#7480,#7480,#7503,.T.);
#7503 = SURFACE_CURVE('',#7504,(#7509,#7516),.PCURVE_S1.);
#7504 = CIRCLE('',#7505,1.25);
#7505 = AXIS2_PLACEMENT_3D('',#7506,#7507,#7508);
#7506 = CARTESIAN_POINT('',(3.89,-24.45,7.4));
#7507 = DIRECTION('',(0.,0.,1.));
#7508 = DIRECTION('',(1.,0.,0.));
#7509 = PCURVE('',#7415,#7510);
#7510 = DEFINITIONAL_REPRESENTATION('',(#7511),#7515);
#7511 = LINE('',#7512,#7513);
#7512 = CARTESIAN_POINT('',(-0.,-4.01));
#7513 = VECTOR('',#7514,1.);
#7514 = DIRECTION('',(-1.,0.));
#7515 = ( GEOMETRIC_REPRESENTATION_CONTEXT(2) 
PARAMETRIC_REPRESENTATION_CONTEXT() REPRESENTATION_CONTEXT('2D SPACE',''
  ) );
#7516 = PCURVE('',#7517,#7522);
#7517 = PLANE('',#7518);
#7518 = AXIS2_PLACEMENT_3D('',#7519,#7520,#7521);
#7519 = CARTESIAN_POINT('',(3.89,-24.45,7.4));
#7520 = DIRECTION('',(0.,0.,1.));
#7521 = DIRECTION('',(1.,0.,-0.));
#7522 = DEFINITIONAL_REPRESENTATION('',(#7523),#7527);
#7523 = CIRCLE('',#7524,1.25);
#7524 = AXIS2_PLACEMENT_2D('',#7525,#7526);
#7525 = CARTESIAN_POINT('',(0.,0.));
#7526 = DIRECTION('',(1.,0.));
#7527 = ( GEOMETRIC_REPRESENTATION_CONTEXT(2) 
PARAMETRIC_REPRESENTATION_CONTEXT() REPRESENTATION_CONTEXT('2D SPACE',''
  ) );
#7528 = ORIENTED_EDGE('',*,*,#7479,.F.);
#7529 = ADVANCED_FACE('',(#7530),#7459,.F.);
#7530 = FACE_BOUND('',#7531,.T.);
#7531 = EDGE_LOOP('',(#7532,#7533,#7556,#7583));
#7532 = ORIENTED_EDGE('',*,*,#7438,.T.);
#7533 = ORIENTED_EDGE('',*,*,#7534,.T.);
#7534 = EDGE_CURVE('',#7439,#7535,#7537,.T.);
#7535 = VERTEX_POINT('',#7536);
#7536 = CARTESIAN_POINT('',(5.14,24.45,7.4));
#7537 = SEAM_CURVE('',#7538,(#7542,#7549),.PCURVE_S1.);
#7538 = LINE('',#7539,#7540);
#7539 = CARTESIAN_POINT('',(5.14,24.45,3.39));
#7540 = VECTOR('',#7541,1.);
#7541 = DIRECTION('',(0.,0.,1.));
#7542 = PCURVE('',#7459,#7543);
#7543 = DEFINITIONAL_REPRESENTATION('',(#7544),#7548);
#7544 = LINE('',#7545,#7546);
#7545 = CARTESIAN_POINT('',(-6.28318530718,0.));
#7546 = VECTOR('',#7547,1.);
#7547 = DIRECTION('',(-0.,-1.));
#7548 = ( GEOMETRIC_REPRESENTATION_CONTEXT(2) 
PARAMETRIC_REPRESENTATION_CONTEXT() REPRESENTATION_CONTEXT('2D SPACE',''
  ) );
#7549 = PCURVE('',#7459,#7550);
#7550 = DEFINITIONAL_REPRESENTATION('',(#7551),#7555);
#7551 = LINE('',#7552,#7553);
#7552 = CARTESIAN_POINT('',(-0.,0.));
#7553 = VECTOR('',#7554,1.);
#7554 = DIRECTION('',(-0.,-1.));
#7555 = ( GEOMETRIC_REPRESENTATION_CONTEXT(2) 
PARAMETRIC_REPRESENTATION_CONTEXT() REPRESENTATION_CONTEXT('2D SPACE',''
  ) );
#7556 = ORIENTED_EDGE('',*,*,#7557,.T.);
#7557 = EDGE_CURVE('',#7535,#7535,#7558,.T.);
#7558 = SURFACE_CURVE('',#7559,(#7564,#7571),.PCURVE_S1.);
#7559 = CIRCLE('',#7560,1.25);
#7560 = AXIS2_PLACEMENT_3D('',#7561,#7562,#7563);
#7561 = CARTESIAN_POINT('',(3.89,24.45,7.4));
#7562 = DIRECTION('',(0.,0.,1.));
#7563 = DIRECTION('',(1.,0.,0.));
#7564 = PCURVE('',#7459,#7565);
#7565 = DEFINITIONAL_REPRESENTATION('',(#7566),#7570);
#7566 = LINE('',#7567,#7568);
#7567 = CARTESIAN_POINT('',(-0.,-4.01));
#7568 = VECTOR('',#7569,1.);
#7569 = DIRECTION('',(-1.,0.));
#7570 = ( GEOMETRIC_REPRESENTATION_CONTEXT(2) 
PARAMETRIC_REPRESENTATION_CONTEXT() REPRESENTATION_CONTEXT('2D SPACE',''
  ) );
#7571 = PCURVE('',#7572,#7577);
#7572 = PLANE('',#7573);
#7573 = AXIS2_PLACEMENT_3D('',#7574,#7575,#7576);
#7574 = CARTESIAN_POINT('',(3.89,24.45,7.4));
#7575 = DIRECTION('',(0.,0.,1.));
#7576 = DIRECTION('',(1.,0.,-0.));
#7577 = DEFINITIONAL_REPRESENTATION('',(#7578),#7582);
#7578 = CIRCLE('',#7579,1.25);
#7579 = AXIS2_PLACEMENT_2D('',#7580,#7581);
#7580 = CARTESIAN_POINT('',(0.,0.));
#7581 = DIRECTION('',(1.,0.));
#7582 = ( GEOMETRIC_REPRESENTATION_CONTEXT(2) 
PARAMETRIC_REPRESENTATION_CONTEXT() REPRESENTATION_CONTEXT('2D SPACE',''
  ) );
#7583 = ORIENTED_EDGE('',*,*,#7534,.F.);
#7584 = ADVANCED_FACE('',(#7585),#7517,.F.);
#7585 = FACE_BOUND('',#7586,.F.);
#7586 = EDGE_LOOP('',(#7587));
#7587 = ORIENTED_EDGE('',*,*,#7502,.T.);
#7588 = ADVANCED_FACE('',(#7589),#7572,.F.);
#7589 = FACE_BOUND('',#7590,.F.);
#7590 = EDGE_LOOP('',(#7591));
#7591 = ORIENTED_EDGE('',*,*,#7557,.T.);
#7592 = ( GEOMETRIC_REPRESENTATION_CONTEXT(3) 
GLOBAL_UNCERTAINTY_ASSIGNED_CONTEXT((#7596)) 
GLOBAL_UNIT_ASSIGNED_CONTEXT((#7593,#7594,#7595)) REPRESENTATION_CONTEXT
('Context #1','3D Context with UNIT and UNCERTAINTY') );
#7593 = ( LENGTH_UNIT() NAMED_UNIT(*) SI_UNIT(.MILLI.,.METRE.) );
#7594 = ( NAMED_UNIT(*) PLANE_ANGLE_UNIT() SI_UNIT($,.RADIAN.) );
#7595 = ( NAMED_UNIT(*) SI_UNIT($,.STERADIAN.) SOLID_ANGLE_UNIT() );
#7596 = UNCERTAINTY_MEASURE_WITH_UNIT(LENGTH_MEASURE(1.E-07),#7593,
  'distance_accuracy_value','confusion accuracy');
#7597 = PRODUCT_RELATED_PRODUCT_CATEGORY('part',$,(#7));
ENDSEC;
END-ISO-10303-21;
