ISO-10303-21;
HEADER;
/* Generated by software containing ST-Developer
 * from STEP Tools, Inc. (www.steptools.com) 
 */

FILE_DESCRIPTION(
/* description */ (''),
/* implementation_level */ '2;1');

FILE_NAME(
/* name */ '58mm Cup Holder - Smart-Grind-By-Weight.step',
/* time_stamp */ '2025-11-05T23:31:32+01:00',
/* author */ (''),
/* organization */ (''),
/* preprocessor_version */ 'ST-DEVELOPER v20.1',
/* originating_system */ 'Autodesk Translation Framework v14.17.0.0',
/* authorisation */ '');

FILE_SCHEMA (('AUTOMOTIVE_DESIGN { 1 0 10303 214 3 1 1 }'));
ENDSEC;

DATA;
#10=MECHANICAL_DESIGN_GEOMETRIC_PRESENTATION_REPRESENTATION('',(#13),#3504);
#11=SHAPE_REPRESENTATION_RELATIONSHIP('SRR','None',#3510,#12);
#12=ADVANCED_BREP_SHAPE_REPRESENTATION('',(#14),#3503);
#13=STYLED_ITEM('',(#3520),#14);
#14=MANIFOLD_SOLID_BREP('58mm Cup Holder ',#1221);
#15=TOROIDAL_SURFACE('',#1294,20.6643214217113,2.);
#16=CONICAL_SURFACE('',#1284,24.6643214217113,0.152649328395266);
#17=CYLINDRICAL_SURFACE('',#1229,3.25);
#18=CYLINDRICAL_SURFACE('',#1232,3.25);
#19=CYLINDRICAL_SURFACE('',#1240,2.00000000000001);
#20=CYLINDRICAL_SURFACE('',#1242,2.);
#21=CYLINDRICAL_SURFACE('',#1245,1.);
#22=CYLINDRICAL_SURFACE('',#1253,1.);
#23=CYLINDRICAL_SURFACE('',#1260,4.);
#24=CYLINDRICAL_SURFACE('',#1263,4.);
#25=CYLINDRICAL_SURFACE('',#1265,24.6643214217113);
#26=CYLINDRICAL_SURFACE('',#1268,24.6643214217113);
#27=CYLINDRICAL_SURFACE('',#1275,5.);
#28=CYLINDRICAL_SURFACE('',#1280,5.);
#29=CYLINDRICAL_SURFACE('',#1282,15.);
#30=CYLINDRICAL_SURFACE('',#1291,15.);
#31=CYLINDRICAL_SURFACE('',#1293,20.);
#32=CYLINDRICAL_SURFACE('',#1298,20.);
#33=CYLINDRICAL_SURFACE('',#1299,26.6643214217113);
#34=FACE_BOUND('',#259,.T.);
#35=FACE_BOUND('',#260,.T.);
#36=FACE_BOUND('',#264,.T.);
#37=FACE_BOUND('',#265,.T.);
#38=FACE_BOUND('',#267,.T.);
#39=FACE_BOUND('',#276,.T.);
#40=CIRCLE('',#1227,2.);
#41=CIRCLE('',#1228,2.00000000000001);
#42=CIRCLE('',#1230,3.25);
#43=CIRCLE('',#1231,3.25);
#44=CIRCLE('',#1233,3.25);
#45=CIRCLE('',#1234,3.25);
#46=CIRCLE('',#1236,1.00000000000001);
#47=CIRCLE('',#1237,0.999999999999996);
#48=CIRCLE('',#1239,2.);
#49=CIRCLE('',#1241,2.00000000000001);
#50=CIRCLE('',#1246,1.);
#51=CIRCLE('',#1247,1.);
#52=CIRCLE('',#1248,0.999999999999999);
#53=CIRCLE('',#1249,1.00000000000001);
#54=CIRCLE('',#1250,24.6643214217113);
#55=CIRCLE('',#1254,0.999999999999996);
#56=CIRCLE('',#1255,1.);
#57=CIRCLE('',#1256,1.00000000000003);
#58=CIRCLE('',#1257,1.00000000000001);
#59=CIRCLE('',#1258,24.6643214217113);
#60=CIRCLE('',#1259,24.6643214217113);
#61=CIRCLE('',#1261,4.);
#62=CIRCLE('',#1262,4.00000000000002);
#63=CIRCLE('',#1266,24.6643214217113);
#64=CIRCLE('',#1269,24.6643214217113);
#65=CIRCLE('',#1276,5.);
#66=CIRCLE('',#1278,22.6643214217113);
#67=CIRCLE('',#1279,22.6643214217113);
#68=CIRCLE('',#1281,5.);
#69=CIRCLE('',#1283,15.);
#70=CIRCLE('',#1285,24.6643214217113);
#71=CIRCLE('',#1286,22.6643214217113);
#72=CIRCLE('',#1288,20.);
#73=CIRCLE('',#1289,26.6643214217113);
#74=CIRCLE('',#1290,20.);
#75=CIRCLE('',#1292,15.);
#76=CIRCLE('',#1295,2.);
#77=CIRCLE('',#1296,20.6643214217113);
#78=B_SPLINE_SURFACE_WITH_KNOTS('',3,1,((#1572,#1573),(#1574,#1575),(#1576,
#1577),(#1578,#1579),(#1580,#1581),(#1582,#1583),(#1584,#1585),(#1586,#1587),
(#1588,#1589),(#1590,#1591),(#1592,#1593),(#1594,#1595),(#1596,#1597),(#1598,
#1599)),.UNSPECIFIED.,.F.,.F.,.F.,(4,2,3,2,3,4),(2,2),(-2.30502260469967,
-2.05264254696032,-1.55724059327049,-1.29099566091888,-1.23949917709827,
-0.629706792427471),(-0.376017820407255,2.55),.UNSPECIFIED.);
#79=B_SPLINE_SURFACE_WITH_KNOTS('',3,1,((#1771,#1772),(#1773,#1774),(#1775,
#1776),(#1777,#1778),(#1779,#1780),(#1781,#1782),(#1783,#1784),(#1785,#1786),
(#1787,#1788),(#1789,#1790),(#1791,#1792),(#1793,#1794),(#1795,#1796),(#1797,
#1798),(#1799,#1800),(#1801,#1802),(#1803,#1804),(#1805,#1806),(#1807,#1808),
(#1809,#1810),(#1811,#1812),(#1813,#1814)),.UNSPECIFIED.,.F.,.F.,.F.,(4,
2,2,2,2,2,2,2,2,2,4),(2,2),(-0.397100818080043,-0.258906783943434,-0.227533655218172,
-0.213406625439729,-0.208104622051331,-0.204486762071891,-0.200968814217206,
-0.195986764260448,-0.18467589055039,-0.0257913534860709,0.),(0.,0.70000843552782),
 .UNSPECIFIED.);
#80=B_SPLINE_SURFACE_WITH_KNOTS('',3,1,((#1850,#1851),(#1852,#1853),(#1854,
#1855),(#1856,#1857),(#1858,#1859),(#1860,#1861)),.UNSPECIFIED.,.F.,.F.,
 .F.,(4,2,4),(2,2),(0.13332068120313,0.235911727563063,0.469245325904352),
(0.,0.700000001935646),.UNSPECIFIED.);
#81=B_SPLINE_SURFACE_WITH_KNOTS('',3,1,((#1867,#1868),(#1869,#1870),(#1871,
#1872),(#1873,#1874)),.UNSPECIFIED.,.F.,.F.,.F.,(4,4),(2,2),(0.,0.336024605485522),
(0.,0.700598358786511),.UNSPECIFIED.);
#82=B_SPLINE_SURFACE_WITH_KNOTS('',3,1,((#1883,#1884),(#1885,#1886),(#1887,
#1888),(#1889,#1890),(#1891,#1892),(#1893,#1894),(#1895,#1896),(#1897,#1898),
(#1899,#1900),(#1901,#1902),(#1903,#1904),(#1905,#1906),(#1907,#1908),(#1909,
#1910),(#1911,#1912),(#1913,#1914),(#1915,#1916),(#1917,#1918),(#1919,#1920),
(#1921,#1922),(#1923,#1924),(#1925,#1926)),.UNSPECIFIED.,.F.,.F.,.F.,(4,
2,2,2,2,2,2,2,2,2,4),(2,2),(-0.394531858246619,-0.261934493235955,-0.22807126854461,
-0.212892777570638,-0.207265245432657,-0.20344582667068,-0.199747429197127,
-0.19453592600749,-0.182840546317223,-0.0271292125095103,0.),(0.,0.700008400176749),
 .UNSPECIFIED.);
#83=B_SPLINE_SURFACE_WITH_KNOTS('',3,3,((#1969,#1970,#1971,#1972,#1973),
(#1974,#1975,#1976,#1977,#1978),(#1979,#1980,#1981,#1982,#1983),(#1984,
#1985,#1986,#1987,#1988),(#1989,#1990,#1991,#1992,#1993)),.UNSPECIFIED.,
 .F.,.F.,.F.,(4,1,4),(4,1,4),(0.,0.571428571428571,1.),(0.,0.641456518523417,
1.49673187655464),.UNSPECIFIED.);
#84=B_SPLINE_SURFACE_WITH_KNOTS('',3,3,((#2007,#2008,#2009,#2010),(#2011,
#2012,#2013,#2014),(#2015,#2016,#2017,#2018),(#2019,#2020,#2021,#2022),
(#2023,#2024,#2025,#2026)),.UNSPECIFIED.,.F.,.F.,.F.,(4,1,4),(4,4),(0.,
0.571428571428571,1.),(0.,0.377299572159324),.UNSPECIFIED.);
#85=B_SPLINE_SURFACE_WITH_KNOTS('',3,3,((#2038,#2039,#2040,#2041,#2042,
#2043,#2044),(#2045,#2046,#2047,#2048,#2049,#2050,#2051),(#2052,#2053,#2054,
#2055,#2056,#2057,#2058),(#2059,#2060,#2061,#2062,#2063,#2064,#2065),(#2066,
#2067,#2068,#2069,#2070,#2071,#2072)),.UNSPECIFIED.,.F.,.F.,.F.,(4,1,4),
(4,1,1,1,4),(0.,0.571428571428571,1.),(0.,0.3034015904483,0.505669317413833,
0.606803180896599,0.707937044379366),.UNSPECIFIED.);
#86=B_SPLINE_SURFACE_WITH_KNOTS('',3,3,((#2090,#2091,#2092,#2093,#2094,
#2095),(#2096,#2097,#2098,#2099,#2100,#2101),(#2102,#2103,#2104,#2105,#2106,
#2107),(#2108,#2109,#2110,#2111,#2112,#2113)),.UNSPECIFIED.,.F.,.F.,.F.,
(4,4),(4,2,4),(0.,1.),(-0.992601771007108,-0.991674968935194,-0.876753429196657),
 .UNSPECIFIED.);
#87=B_SPLINE_SURFACE_WITH_KNOTS('',3,3,((#2148,#2149,#2150,#2151,#2152),
(#2153,#2154,#2155,#2156,#2157),(#2158,#2159,#2160,#2161,#2162),(#2163,
#2164,#2165,#2166,#2167),(#2168,#2169,#2170,#2171,#2172)),.UNSPECIFIED.,
 .F.,.F.,.F.,(4,1,4),(4,1,4),(0.,0.571428571428571,1.),(0.,0.641456518483121,
1.49673187646062),.UNSPECIFIED.);
#88=B_SPLINE_SURFACE_WITH_KNOTS('',3,3,((#2186,#2187,#2188,#2189),(#2190,
#2191,#2192,#2193),(#2194,#2195,#2196,#2197),(#2198,#2199,#2200,#2201),
(#2202,#2203,#2204,#2205)),.UNSPECIFIED.,.F.,.F.,.F.,(4,1,4),(4,4),(0.,
0.571428571428571,1.),(0.,0.377299571840361),.UNSPECIFIED.);
#89=B_SPLINE_SURFACE_WITH_KNOTS('',3,3,((#2217,#2218,#2219,#2220,#2221,
#2222,#2223),(#2224,#2225,#2226,#2227,#2228,#2229,#2230),(#2231,#2232,#2233,
#2234,#2235,#2236,#2237),(#2238,#2239,#2240,#2241,#2242,#2243,#2244),(#2245,
#2246,#2247,#2248,#2249,#2250,#2251)),.UNSPECIFIED.,.F.,.F.,.F.,(4,1,4),
(4,1,1,1,4),(0.,0.571428571428571,1.),(0.,0.303401556765994,0.505669261276657,
0.606803113531988,0.70793696578732),.UNSPECIFIED.);
#90=B_SPLINE_SURFACE_WITH_KNOTS('',3,3,((#2269,#2270,#2271,#2272,#2273,
#2274),(#2275,#2276,#2277,#2278,#2279,#2280),(#2281,#2282,#2283,#2284,#2285,
#2286),(#2287,#2288,#2289,#2290,#2291,#2292)),.UNSPECIFIED.,.F.,.F.,.F.,
(4,4),(4,2,4),(0.,1.),(-0.114917841531122,0.,0.000930516827370265),
 .UNSPECIFIED.);
#91=B_SPLINE_SURFACE_WITH_KNOTS('',3,3,((#2301,#2302,#2303,#2304,#2305,
#2306,#2307,#2308,#2309,#2310,#2311),(#2312,#2313,#2314,#2315,#2316,#2317,
#2318,#2319,#2320,#2321,#2322),(#2323,#2324,#2325,#2326,#2327,#2328,#2329,
#2330,#2331,#2332,#2333),(#2334,#2335,#2336,#2337,#2338,#2339,#2340,#2341,
#2342,#2343,#2344),(#2345,#2346,#2347,#2348,#2349,#2350,#2351,#2352,#2353,
#2354,#2355)),.UNSPECIFIED.,.F.,.F.,.F.,(4,1,4),(4,1,1,1,1,1,1,1,4),(0.,
0.558942070096039,0.978148622668068),(-12.0112808959298,-11.6863625408091,
-11.3614441856885,-10.7116074754472,-10.0617707652059,-8.76209734472338,
-8.1122606344821,-7.94980145692178,-7.46242392424083),.UNSPECIFIED.);
#92=B_SPLINE_SURFACE_WITH_KNOTS('',3,3,((#2363,#2364,#2365,#2366,#2367,
#2368),(#2369,#2370,#2371,#2372,#2373,#2374),(#2375,#2376,#2377,#2378,#2379,
#2380),(#2381,#2382,#2383,#2384,#2385,#2386),(#2387,#2388,#2389,#2390,#2391,
#2392)),.UNSPECIFIED.,.F.,.F.,.F.,(4,1,4),(4,1,1,4),(0.,0.571428571428571,
1.),(-2.21154033190921,-1.31144545588328,-0.71138220519932,-0.111318954515363),
 .UNSPECIFIED.);
#93=B_SPLINE_SURFACE_WITH_KNOTS('',3,3,((#2439,#2440,#2441,#2442,#2443,
#2444,#2445,#2446,#2447,#2448,#2449,#2450,#2451,#2452,#2453,#2454,#2455,
#2456,#2457,#2458,#2459,#2460,#2461,#2462,#2463,#2464,#2465),(#2466,#2467,
#2468,#2469,#2470,#2471,#2472,#2473,#2474,#2475,#2476,#2477,#2478,#2479,
#2480,#2481,#2482,#2483,#2484,#2485,#2486,#2487,#2488,#2489,#2490,#2491,
#2492),(#2493,#2494,#2495,#2496,#2497,#2498,#2499,#2500,#2501,#2502,#2503,
#2504,#2505,#2506,#2507,#2508,#2509,#2510,#2511,#2512,#2513,#2514,#2515,
#2516,#2517,#2518,#2519),(#2520,#2521,#2522,#2523,#2524,#2525,#2526,#2527,
#2528,#2529,#2530,#2531,#2532,#2533,#2534,#2535,#2536,#2537,#2538,#2539,
#2540,#2541,#2542,#2543,#2544,#2545,#2546),(#2547,#2548,#2549,#2550,#2551,
#2552,#2553,#2554,#2555,#2556,#2557,#2558,#2559,#2560,#2561,#2562,#2563,
#2564,#2565,#2566,#2567,#2568,#2569,#2570,#2571,#2572,#2573)),
 .UNSPECIFIED.,.F.,.F.,.F.,(4,1,4),(4,1,1,1,1,1,1,1,1,1,2,1,1,1,2,1,1,1,
1,1,1,1,4),(0.,0.571428571428571,1.),(-7.85265421007085,-6.8895874151298,
-5.92652062018875,-5.44498722271823,-5.20422052398296,-4.9634538252477,
-4.48192042777718,-4.00038703030665,-3.75962033157139,-3.51885363283613,
-3.03732023536561,-2.9258939796137,-2.81446772386179,-2.59161521235797,
-2.48018895660606,-2.37748570063328,-2.27478244466051,-2.06937593271496,
-1.96667267674219,-1.86396942076942,-1.76126616479664,-1.65856290882387,
-0.426123837150593),.UNSPECIFIED.);
#94=B_SPLINE_SURFACE_WITH_KNOTS('',3,3,((#2642,#2643,#2644,#2645),(#2646,
#2647,#2648,#2649),(#2650,#2651,#2652,#2653),(#2654,#2655,#2656,#2657)),
 .UNSPECIFIED.,.F.,.F.,.F.,(4,4),(4,4),(0.,1.),(-0.230333119255617,0.569311529610578),
 .UNSPECIFIED.);
#95=B_SPLINE_SURFACE_WITH_KNOTS('',3,3,((#2664,#2665,#2666,#2667,#2668,
#2669,#2670,#2671,#2672,#2673,#2674,#2675,#2676,#2677,#2678,#2679,#2680,
#2681,#2682,#2683,#2684,#2685),(#2686,#2687,#2688,#2689,#2690,#2691,#2692,
#2693,#2694,#2695,#2696,#2697,#2698,#2699,#2700,#2701,#2702,#2703,#2704,
#2705,#2706,#2707),(#2708,#2709,#2710,#2711,#2712,#2713,#2714,#2715,#2716,
#2717,#2718,#2719,#2720,#2721,#2722,#2723,#2724,#2725,#2726,#2727,#2728,
#2729),(#2730,#2731,#2732,#2733,#2734,#2735,#2736,#2737,#2738,#2739,#2740,
#2741,#2742,#2743,#2744,#2745,#2746,#2747,#2748,#2749,#2750,#2751),(#2752,
#2753,#2754,#2755,#2756,#2757,#2758,#2759,#2760,#2761,#2762,#2763,#2764,
#2765,#2766,#2767,#2768,#2769,#2770,#2771,#2772,#2773)),.UNSPECIFIED.,.F.,
 .F.,.F.,(4,1,4),(4,1,2,1,1,2,1,1,1,1,1,1,1,1,1,1,1,4),(0.,0.571428571428571,
1.),(-7.33777669644713,-6.0372707131652,-5.17026672431059,-5.05968477985631,
-4.94910283540204,-4.61735700203922,-4.38207557615596,-4.14679415027269,
-3.91151272438942,-3.67623129850615,-3.20566844673962,-2.73510559497308,
-2.67628523850226,-2.49982416908981,-2.26454274320655,-1.79397989144001,
-0.852854187906937,0.0882715156261344),.UNSPECIFIED.);
#96=B_SPLINE_SURFACE_WITH_KNOTS('',3,3,((#2933,#2934,#2935,#2936),(#2937,
#2938,#2939,#2940),(#2941,#2942,#2943,#2944),(#2945,#2946,#2947,#2948)),
 .UNSPECIFIED.,.F.,.F.,.F.,(4,4),(4,4),(0.,1.),(0.,0.601928884492301),
 .UNSPECIFIED.);
#97=B_SPLINE_SURFACE_WITH_KNOTS('',3,3,((#2988,#2989,#2990,#2991),(#2992,
#2993,#2994,#2995),(#2996,#2997,#2998,#2999),(#3000,#3001,#3002,#3003)),
 .UNSPECIFIED.,.F.,.F.,.F.,(4,4),(4,4),(0.,1.),(-1.4079253149001,-0.898713743428456),
 .UNSPECIFIED.);
#98=B_SPLINE_SURFACE_WITH_KNOTS('',3,3,((#3046,#3047,#3048,#3049,#3050,
#3051,#3052,#3053,#3054),(#3055,#3056,#3057,#3058,#3059,#3060,#3061,#3062,
#3063),(#3064,#3065,#3066,#3067,#3068,#3069,#3070,#3071,#3072),(#3073,#3074,
#3075,#3076,#3077,#3078,#3079,#3080,#3081)),.UNSPECIFIED.,.F.,.F.,.F.,(4,
4),(4,1,2,1,1,4),(0.,1.),(-1.16910456532828,-0.680646534162436,-0.558532026370974,
-0.400700303129225,-0.242868579887475,0.230626589837773),.UNSPECIFIED.);
#99=B_SPLINE_SURFACE_WITH_KNOTS('',3,3,((#3118,#3119,#3120,#3121),(#3122,
#3123,#3124,#3125),(#3126,#3127,#3128,#3129),(#3130,#3131,#3132,#3133)),
 .UNSPECIFIED.,.F.,.F.,.F.,(4,4),(4,4),(0.,1.),(1.07424393627248E-14,0.00043976513953264),
 .UNSPECIFIED.);
#100=B_SPLINE_SURFACE_WITH_KNOTS('',3,3,((#3158,#3159,#3160,#3161),(#3162,
#3163,#3164,#3165),(#3166,#3167,#3168,#3169),(#3170,#3171,#3172,#3173),
(#3174,#3175,#3176,#3177),(#3178,#3179,#3180,#3181),(#3182,#3183,#3184,
#3185),(#3186,#3187,#3188,#3189),(#3190,#3191,#3192,#3193),(#3194,#3195,
#3196,#3197),(#3198,#3199,#3200,#3201),(#3202,#3203,#3204,#3205)),
 .UNSPECIFIED.,.F.,.F.,.F.,(4,1,2,2,1,1,1,4),(4,4),(-2.41362254032442E-17,
0.0402097487340733,0.100524371835183,0.130597573080966,0.221865040073458,
0.267498773569705,0.313132507065951,0.358766240562197),(0.0252974168605381,
1.),.UNSPECIFIED.);
#101=B_SPLINE_SURFACE_WITH_KNOTS('',3,3,((#3218,#3219,#3220,#3221),(#3222,
#3223,#3224,#3225),(#3226,#3227,#3228,#3229),(#3230,#3231,#3232,#3233),
(#3234,#3235,#3236,#3237),(#3238,#3239,#3240,#3241),(#3242,#3243,#3244,
#3245),(#3246,#3247,#3248,#3249),(#3250,#3251,#3252,#3253),(#3254,#3255,
#3256,#3257),(#3258,#3259,#3260,#3261),(#3262,#3263,#3264,#3265),(#3266,
#3267,#3268,#3269),(#3270,#3271,#3272,#3273)),.UNSPECIFIED.,.F.,.F.,.F.,
(4,1,1,1,2,2,1,2,4),(4,4),(0.539289894002336,0.596331736493323,0.65337357898431,
0.710415421475297,0.767457263966284,0.797530465212066,0.847792651129657,
0.898054837047249,1.),(0.026017923192243,1.),.UNSPECIFIED.);
#102=B_SPLINE_SURFACE_WITH_KNOTS('',3,1,((#3309,#3310),(#3311,#3312),(#3313,
#3314),(#3315,#3316),(#3317,#3318),(#3319,#3320),(#3321,#3322),(#3323,#3324),
(#3325,#3326)),.UNSPECIFIED.,.F.,.F.,.F.,(4,2,3,4),(2,2),(-1.23949917709827,
-1.02107089133685,-0.950760795640065,-0.942935781847789),(0.,0.300000000000001),
 .UNSPECIFIED.);
#103=B_SPLINE_SURFACE_WITH_KNOTS('',3,1,((#3330,#3331),(#3332,#3333),(#3334,
#3335),(#3336,#3337),(#3338,#3339),(#3340,#3341),(#3342,#3343),(#3344,#3345),
(#3346,#3347),(#3348,#3349),(#3350,#3351),(#3352,#3353),(#3354,#3355),(#3356,
#3357),(#3358,#3359)),.UNSPECIFIED.,.F.,.F.,.F.,(4,3,2,2,2,2,4),(2,2),(-1.06726241041748,
-0.697178086175704,-0.690497455901537,-0.523393029326935,-0.0570527321753632,
0.617307204772918,0.865680372756736),(-0.378107786604946,2.55),
 .UNSPECIFIED.);
#104=B_SPLINE_CURVE_WITH_KNOTS('',3,(#1540,#1541,#1542,#1543,#1544,#1545,
#1546),.UNSPECIFIED.,.F.,.F.,(4,3,4),(-0.818216844725814,-0.472531311499768,
-0.0543704172239527),.UNSPECIFIED.);
#105=B_SPLINE_CURVE_WITH_KNOTS('',3,(#1550,#1551,#1552,#1553,#1554,#1555,
#1556),.UNSPECIFIED.,.F.,.F.,(4,3,4),(-0.499898465052984,-0.121729257949858,
0.),.UNSPECIFIED.);
#106=B_SPLINE_CURVE_WITH_KNOTS('',3,(#1558,#1559,#1560,#1561,#1562,#1563,
#1564),.UNSPECIFIED.,.F.,.F.,(4,3,4),(-0.133305234457425,-0.0770991426615533,
0.),.UNSPECIFIED.);
#107=B_SPLINE_CURVE_WITH_KNOTS('',3,(#1601,#1602,#1603,#1604),
 .UNSPECIFIED.,.F.,.F.,(4,4),(-0.15,-0.0499999999999861),.UNSPECIFIED.);
#108=B_SPLINE_CURVE_WITH_KNOTS('',3,(#1608,#1609,#1610,#1611),
 .UNSPECIFIED.,.F.,.F.,(4,4),(1.07424393627248E-14,0.00043976513953264),
 .UNSPECIFIED.);
#109=B_SPLINE_CURVE_WITH_KNOTS('',3,(#1613,#1614,#1615,#1616),
 .UNSPECIFIED.,.F.,.F.,(4,4),(2.50891174574121E-5,0.569311529610578),
 .UNSPECIFIED.);
#110=B_SPLINE_CURVE_WITH_KNOTS('',3,(#1618,#1619,#1620,#1621),
 .UNSPECIFIED.,.F.,.F.,(4,4),(-2.50891174558558E-5,0.0838148139278337),
 .UNSPECIFIED.);
#111=B_SPLINE_CURVE_WITH_KNOTS('',3,(#1623,#1624,#1625,#1626,#1627,#1628),
 .UNSPECIFIED.,.F.,.F.,(4,2,4),(0.,0.316278507068003,0.400532684125902),
 .UNSPECIFIED.);
#112=B_SPLINE_CURVE_WITH_KNOTS('',3,(#1632,#1633,#1634,#1635),
 .UNSPECIFIED.,.F.,.F.,(4,4),(0.13332068120313,0.469245325904352),
 .UNSPECIFIED.);
#113=B_SPLINE_CURVE_WITH_KNOTS('',3,(#1636,#1637,#1638,#1639),
 .UNSPECIFIED.,.F.,.F.,(4,4),(0.0500000000000043,2.3),.UNSPECIFIED.);
#114=B_SPLINE_CURVE_WITH_KNOTS('',3,(#1668,#1669,#1670,#1671,#1672,#1673,
#1674,#1675,#1676,#1677,#1678,#1679,#1680,#1681,#1682,#1683,#1684,#1685,
#1686,#1687,#1688,#1689,#1690,#1691,#1692,#1693,#1694,#1695,#1696,#1697,
#1698),.UNSPECIFIED.,.F.,.F.,(4,3,3,3,3,3,3,3,3,3,4),(-0.397100818080043,
-0.258906783943434,-0.227533655218172,-0.213406625439729,-0.208104622051331,
-0.204486762071891,-0.200968814217206,-0.195986764260448,-0.18467589055039,
-0.0257913534860709,0.),.UNSPECIFIED.);
#115=B_SPLINE_CURVE_WITH_KNOTS('',3,(#1710,#1711,#1712,#1713,#1714,#1715,
#1716,#1717,#1718,#1719,#1720,#1721,#1722,#1723,#1724,#1725,#1726,#1727,
#1728,#1729,#1730,#1731,#1732,#1733,#1734,#1735,#1736,#1737,#1738,#1739,
#1740),.UNSPECIFIED.,.F.,.F.,(4,3,3,3,3,3,3,3,3,3,4),(-0.394531858246619,
-0.261934493235955,-0.22807126854461,-0.212892777570638,-0.207265245432657,
-0.20344582667068,-0.199747429197127,-0.19453592600749,-0.182840546317223,
-0.0271292125095103,0.),.UNSPECIFIED.);
#116=B_SPLINE_CURVE_WITH_KNOTS('',3,(#1744,#1745,#1746,#1747),
 .UNSPECIFIED.,.F.,.F.,(4,4),(0.,0.336024605485522),.UNSPECIFIED.);
#117=B_SPLINE_CURVE_WITH_KNOTS('',3,(#1755,#1756,#1757,#1758,#1759,#1760),
 .UNSPECIFIED.,.F.,.F.,(4,2,4),(0.13332068120313,0.235911727563063,0.469245325904352),
 .UNSPECIFIED.);
#118=B_SPLINE_CURVE_WITH_KNOTS('',3,(#1817,#1818,#1819,#1820,#1821,#1822,
#1823,#1824,#1825,#1826,#1827,#1828,#1829,#1830,#1831,#1832,#1833,#1834,
#1835,#1836,#1837,#1838,#1839,#1840,#1841,#1842,#1843,#1844,#1845,#1846,
#1847),.UNSPECIFIED.,.F.,.F.,(4,3,3,3,3,3,3,3,3,3,4),(0.,0.0257913534860709,
0.18467589055039,0.195986764260448,0.200968814217206,0.204486762071891,
0.208104622051331,0.213406625439729,0.227533655218172,0.258906783943434,
0.397100818080043),.UNSPECIFIED.);
#119=B_SPLINE_CURVE_WITH_KNOTS('',3,(#1877,#1878,#1879,#1880),
 .UNSPECIFIED.,.F.,.F.,(4,4),(0.,0.336024605485522),.UNSPECIFIED.);
#120=B_SPLINE_CURVE_WITH_KNOTS('',3,(#1929,#1930,#1931,#1932,#1933,#1934,
#1935,#1936,#1937,#1938,#1939,#1940,#1941,#1942,#1943,#1944,#1945,#1946,
#1947,#1948,#1949,#1950,#1951,#1952,#1953,#1954,#1955,#1956,#1957,#1958,
#1959),.UNSPECIFIED.,.F.,.F.,(4,3,3,3,3,3,3,3,3,3,4),(0.,0.0271292125095103,
0.182840546317222,0.19453592600749,0.199747429197127,0.20344582667068,0.207265245432657,
0.212892777570638,0.22807126854461,0.261934493235955,0.394531858246619),
 .UNSPECIFIED.);
#121=B_SPLINE_CURVE_WITH_KNOTS('',3,(#1997,#1998,#1999,#2000,#2001),
 .UNSPECIFIED.,.F.,.F.,(4,1,4),(-1.49673187655464,-0.641456518523417,0.),
 .UNSPECIFIED.);
#122=B_SPLINE_CURVE_WITH_KNOTS('',3,(#2002,#2003,#2004,#2005,#2006),
 .UNSPECIFIED.,.F.,.F.,(4,1,4),(0.,0.641456518523417,1.49673187655464),
 .UNSPECIFIED.);
#123=B_SPLINE_CURVE_WITH_KNOTS('',3,(#2028,#2029,#2030,#2031),
 .UNSPECIFIED.,.F.,.F.,(4,4),(-0.377299572159324,0.),.UNSPECIFIED.);
#124=B_SPLINE_CURVE_WITH_KNOTS('',3,(#2034,#2035,#2036,#2037),
 .UNSPECIFIED.,.F.,.F.,(4,4),(0.,0.377299572159324),.UNSPECIFIED.);
#125=B_SPLINE_CURVE_WITH_KNOTS('',3,(#2076,#2077,#2078,#2079,#2080,#2081,
#2082),.UNSPECIFIED.,.F.,.F.,(4,1,1,1,4),(-0.707937044379366,-0.606803180896599,
-0.505669317413833,-0.3034015904483,0.),.UNSPECIFIED.);
#126=B_SPLINE_CURVE_WITH_KNOTS('',3,(#2083,#2084,#2085,#2086,#2087,#2088,
#2089),.UNSPECIFIED.,.F.,.F.,(4,1,1,1,4),(0.,0.3034015904483,0.505669317413833,
0.606803180896599,0.707937044379366),.UNSPECIFIED.);
#127=B_SPLINE_CURVE_WITH_KNOTS('',3,(#2115,#2116,#2117,#2118,#2119,#2120),
 .UNSPECIFIED.,.F.,.F.,(4,2,4),(0.876753429196657,0.991674968935194,0.992601771007108),
 .UNSPECIFIED.);
#128=B_SPLINE_CURVE_WITH_KNOTS('',3,(#2124,#2125,#2126,#2127,#2128,#2129,
#2130,#2131,#2132,#2133),.UNSPECIFIED.,.F.,.F.,(4,1,1,1,1,1,1,4),(-7.85265421007085,
-6.8895874151298,-5.92652062018875,-5.44498722271823,-5.20422052398296,
-4.9634538252477,-4.48192042777718,-4.1555234747377),.UNSPECIFIED.);
#129=B_SPLINE_CURVE_WITH_KNOTS('',3,(#2137,#2138,#2139,#2140,#2141,#2142),
 .UNSPECIFIED.,.F.,.F.,(4,1,1,4),(0.111318954515363,0.71138220519932,1.31144545588328,
2.21154033190921),.UNSPECIFIED.);
#130=B_SPLINE_CURVE_WITH_KNOTS('',3,(#2174,#2175,#2176,#2177,#2178),
 .UNSPECIFIED.,.F.,.F.,(4,1,4),(-1.49673187646062,-0.641456518483121,0.),
 .UNSPECIFIED.);
#131=B_SPLINE_CURVE_WITH_KNOTS('',3,(#2181,#2182,#2183,#2184,#2185),
 .UNSPECIFIED.,.F.,.F.,(4,1,4),(0.,0.641456518483121,1.49673187646062),
 .UNSPECIFIED.);
#132=B_SPLINE_CURVE_WITH_KNOTS('',3,(#2207,#2208,#2209,#2210),
 .UNSPECIFIED.,.F.,.F.,(4,4),(-0.377299571840361,0.),.UNSPECIFIED.);
#133=B_SPLINE_CURVE_WITH_KNOTS('',3,(#2213,#2214,#2215,#2216),
 .UNSPECIFIED.,.F.,.F.,(4,4),(0.,0.377299571840361),.UNSPECIFIED.);
#134=B_SPLINE_CURVE_WITH_KNOTS('',3,(#2255,#2256,#2257,#2258,#2259,#2260,
#2261),.UNSPECIFIED.,.F.,.F.,(4,1,1,1,4),(-0.70793696578732,-0.606803113531988,
-0.505669261276657,-0.303401556765994,0.),.UNSPECIFIED.);
#135=B_SPLINE_CURVE_WITH_KNOTS('',3,(#2262,#2263,#2264,#2265,#2266,#2267,
#2268),.UNSPECIFIED.,.F.,.F.,(4,1,1,1,4),(0.,0.303401556765994,0.505669261276657,
0.606803113531988,0.70793696578732),.UNSPECIFIED.);
#136=B_SPLINE_CURVE_WITH_KNOTS('',3,(#2295,#2296,#2297,#2298,#2299,#2300),
 .UNSPECIFIED.,.F.,.F.,(4,2,4),(-0.000930516827370265,0.,0.114917841531122),
 .UNSPECIFIED.);
#137=B_SPLINE_CURVE_WITH_KNOTS('',3,(#2357,#2358,#2359,#2360,#2361,#2362),
 .UNSPECIFIED.,.F.,.F.,(4,1,1,4),(-2.19890766872197,-1.31144545588328,-0.71138220519932,
-0.12395265963333),.UNSPECIFIED.);
#138=B_SPLINE_CURVE_WITH_KNOTS('',3,(#2395,#2396,#2397,#2398,#2399,#2400,
#2401,#2402,#2403,#2404,#2405,#2406,#2407,#2408,#2409,#2410,#2411,#2412,
#2413,#2414,#2415,#2416,#2417,#2418,#2419,#2420,#2421,#2422,#2423,#2424,
#2425,#2426,#2427,#2428,#2429,#2430,#2431,#2432,#2433,#2434,#2435,#2436,
#2437),.UNSPECIFIED.,.F.,.F.,(4,3,3,3,3,3,3,3,3,3,3,3,3,3,4),(-0.409439474601227,
-0.40851586450836,-0.369967883060274,-0.331253066872776,-0.292875236778473,
-0.282087576822521,-0.243722704349263,-0.223937843001144,-0.185558814256158,
-0.156770950588501,-0.117578212941376,-0.0795417360002115,-0.0419657615262691,
-0.0053552357886293,0.),.UNSPECIFIED.);
#139=B_SPLINE_CURVE_WITH_KNOTS('',3,(#2574,#2575,#2576,#2577,#2578,#2579,
#2580,#2581,#2582,#2583,#2584,#2585,#2586,#2587,#2588,#2589,#2590,#2591,
#2592),.UNSPECIFIED.,.F.,.F.,(4,1,2,1,1,1,2,1,1,1,1,1,1,1,4),(-3.70635080829188,
-3.51885363283613,-3.03732023536561,-2.9258939796137,-2.81446772386179,
-2.59161521235797,-2.48018895660606,-2.37748570063328,-2.27478244466051,
-2.06937593271496,-1.96667267674219,-1.86396942076942,-1.76126616479664,
-1.65856290882387,-0.812626317956173),.UNSPECIFIED.);
#140=B_SPLINE_CURVE_WITH_KNOTS('',3,(#2594,#2595,#2596,#2597,#2598,#2599),
 .UNSPECIFIED.,.F.,.F.,(4,2,4),(0.,0.220395167775462,0.221462516403841),
 .UNSPECIFIED.);
#141=B_SPLINE_CURVE_WITH_KNOTS('',3,(#2601,#2602,#2603,#2604,#2605,#2606,
#2607,#2608,#2609,#2610,#2611),.UNSPECIFIED.,.F.,.F.,(4,1,1,1,1,1,1,1,4),
(0.426123837150593,1.65856290882387,1.76126616479664,1.86396942076942,1.96667267674219,
2.06937593271496,2.27478244466051,2.37748570063328,2.47984575731023),
 .UNSPECIFIED.);
#142=B_SPLINE_CURVE_WITH_KNOTS('',3,(#2613,#2614,#2615,#2616,#2617,#2618,
#2619,#2620,#2621,#2622,#2623),.UNSPECIFIED.,.F.,.F.,(4,2,1,1,1,2,4),(2.47984575731023,
2.48018895660606,2.59161521235797,2.81446772386179,2.9258939796137,3.03732023536561,
3.03751438862853),.UNSPECIFIED.);
#143=B_SPLINE_CURVE_WITH_KNOTS('',3,(#2625,#2626,#2627,#2628,#2629,#2630,
#2631,#2632,#2633,#2634,#2635,#2636,#2637),.UNSPECIFIED.,.F.,.F.,(4,1,1,
1,1,1,1,1,1,1,4),(3.03751438862853,3.51885363283613,3.75962033157139,4.00038703030665,
4.48192042777718,4.9634538252477,5.20422052398296,5.44498722271823,5.92652062018875,
6.8895874151298,7.76443835988466),.UNSPECIFIED.);
#144=B_SPLINE_CURVE_WITH_KNOTS('',3,(#2638,#2639,#2640,#2641),
 .UNSPECIFIED.,.F.,.F.,(4,4),(0.,0.0197734184112896),.UNSPECIFIED.);
#145=B_SPLINE_CURVE_WITH_KNOTS('',3,(#2660,#2661,#2662,#2663),
 .UNSPECIFIED.,.F.,.F.,(4,4),(-0.569311529610578,0.230333119255617),
 .UNSPECIFIED.);
#146=B_SPLINE_CURVE_WITH_KNOTS('',3,(#2775,#2776,#2777,#2778,#2779,#2780,
#2781,#2782,#2783,#2784,#2785),.UNSPECIFIED.,.F.,.F.,(4,1,1,1,1,1,1,1,4),
(-3.61002672861126,-3.20566844673962,-2.73510559497308,-2.67628523850226,
-2.49982416908981,-2.26454274320655,-1.79397989144001,-0.852854187906937,
0.0882715156261344),.UNSPECIFIED.);
#147=B_SPLINE_CURVE_WITH_KNOTS('',3,(#2787,#2788,#2789,#2790,#2791,#2792,
#2793,#2794,#2795,#2796,#2797,#2798,#2799,#2800,#2801,#2802,#2803,#2804,
#2805,#2806,#2807,#2808,#2809,#2810,#2811,#2812,#2813,#2814,#2815,#2816,
#2817,#2818,#2819,#2820,#2821,#2822,#2823,#2824,#2825,#2826,#2827,#2828,
#2829),.UNSPECIFIED.,.F.,.F.,(4,3,3,3,3,3,3,3,3,3,3,3,3,3,4),(-0.000924577285377945,
0.,0.0385765923212208,0.0773199523289873,0.115725830541033,0.126523613545731,
0.164916259729183,0.184725231166844,0.223132276673092,0.251932979141865,
0.291153918300911,0.329217804535157,0.366820548683173,0.403456827984916,
0.408816735778049),.UNSPECIFIED.);
#148=B_SPLINE_CURVE_WITH_KNOTS('',3,(#2831,#2832,#2833,#2834),
 .UNSPECIFIED.,.F.,.F.,(4,4),(0.758786498617369,0.787576599805836),
 .UNSPECIFIED.);
#149=B_SPLINE_CURVE_WITH_KNOTS('',3,(#2836,#2837,#2838,#2839,#2840,#2841,
#2842,#2843,#2844,#2845,#2846,#2847,#2848,#2849,#2850),.UNSPECIFIED.,.F.,
 .F.,(4,1,1,1,1,1,1,1,1,1,1,1,4),(-4.03492087073665E-6,0.852854187906937,
1.79397989144001,2.26454274320655,2.49982416908981,2.67628523850226,2.73510559497308,
3.20566844673962,3.67623129850615,3.91151272438942,4.14679415027269,4.38207557615596,
4.61705273719547),.UNSPECIFIED.);
#150=B_SPLINE_CURVE_WITH_KNOTS('',3,(#2852,#2853,#2854,#2855,#2856,#2857,
#2858,#2859,#2860,#2861),.UNSPECIFIED.,.F.,.F.,(4,2,1,1,2,4),(4.61705273719547,
4.61735700203922,4.94910283540204,5.05968477985631,5.17026672431059,5.17060539272359),
 .UNSPECIFIED.);
#151=B_SPLINE_CURVE_WITH_KNOTS('',3,(#2863,#2864,#2865,#2866,#2867),
 .UNSPECIFIED.,.F.,.F.,(4,1,4),(5.17060539272359,6.0372707131652,7.33777669644713),
 .UNSPECIFIED.);
#152=B_SPLINE_CURVE_WITH_KNOTS('',3,(#2869,#2870,#2871,#2872,#2873,#2874,
#2875,#2876,#2877,#2878,#2879,#2880,#2881,#2882,#2883,#2884,#2885,#2886,
#2887,#2888,#2889,#2890),.UNSPECIFIED.,.F.,.F.,(4,3,3,3,3,3,3,4),(-0.221848764783511,
-0.220818392976871,-0.172972458033877,-0.125161163101312,-0.110484890968488,
-0.0646971411576952,-0.0209171550712127,0.),.UNSPECIFIED.);
#153=B_SPLINE_CURVE_WITH_KNOTS('',3,(#2892,#2893,#2894,#2895,#2896,#2897,
#2898,#2899,#2900,#2901,#2902,#2903,#2904,#2905,#2906,#2907,#2908,#2909,
#2910,#2911,#2912,#2913,#2914,#2915,#2916,#2917,#2918,#2919),
 .UNSPECIFIED.,.F.,.F.,(4,3,3,3,3,3,3,3,3,4),(0.185658253642168,0.201174837683268,
0.243747545131704,0.249977677572041,0.291648263042226,0.328874440800023,
0.362819401531356,0.396264039040307,0.43045916138283,0.464654283725353),
 .UNSPECIFIED.);
#154=B_SPLINE_CURVE_WITH_KNOTS('',3,(#2920,#2921,#2922,#2923,#2924,#2925,
#2926,#2927,#2928,#2929,#2930,#2931,#2932),.UNSPECIFIED.,.F.,.F.,(4,1,2,
1,1,2,1,1,4),(-6.94997788899615,-6.0372707131652,-5.17026672431059,-5.05968477985631,
-4.94910283540204,-4.61735700203922,-4.38207557615596,-4.14679415027269,
-4.0566319210844),.UNSPECIFIED.);
#155=B_SPLINE_CURVE_WITH_KNOTS('',3,(#2951,#2952,#2953,#2954),
 .UNSPECIFIED.,.F.,.F.,(4,4),(-0.601928884492301,0.),.UNSPECIFIED.);
#156=B_SPLINE_CURVE_WITH_KNOTS('',3,(#2957,#2958,#2959,#2960),
 .UNSPECIFIED.,.F.,.F.,(4,4),(0.,0.58185837096391),.UNSPECIFIED.);
#157=B_SPLINE_CURVE_WITH_KNOTS('',3,(#2962,#2963,#2964,#2965),
 .UNSPECIFIED.,.F.,.F.,(4,4),(0.581858393018027,0.582002946847584),
 .UNSPECIFIED.);
#158=B_SPLINE_CURVE_WITH_KNOTS('',3,(#2966,#2967,#2968,#2969,#2970,#2971,
#2972,#2973,#2974,#2975,#2976,#2977,#2978,#2979,#2980,#2981,#2982,#2983,
#2984,#2985,#2986,#2987),.UNSPECIFIED.,.F.,.F.,(4,3,3,3,3,3,3,4),(0.,0.0374675814420715,
0.0753287446606804,0.0955199780665732,0.133405088018537,0.171076403632089,
0.190227854569073,0.191114431023622),.UNSPECIFIED.);
#159=B_SPLINE_CURVE_WITH_KNOTS('',3,(#3005,#3006,#3007,#3008),
 .UNSPECIFIED.,.F.,.F.,(4,4),(0.898713743428456,1.4079253149001),
 .UNSPECIFIED.);
#160=B_SPLINE_CURVE_WITH_KNOTS('',3,(#3010,#3011,#3012,#3013),
 .UNSPECIFIED.,.F.,.F.,(4,4),(0.0318204853208287,0.0349504087684672),
 .UNSPECIFIED.);
#161=B_SPLINE_CURVE_WITH_KNOTS('',3,(#3015,#3016,#3017,#3018),
 .UNSPECIFIED.,.F.,.F.,(4,4),(-1.38907714617788,-0.917561283810525),
 .UNSPECIFIED.);
#162=B_SPLINE_CURVE_WITH_KNOTS('',3,(#3020,#3021,#3022,#3023),
 .UNSPECIFIED.,.F.,.F.,(4,4),(0.,0.00313441742318183),.UNSPECIFIED.);
#163=B_SPLINE_CURVE_WITH_KNOTS('',3,(#3024,#3025,#3026,#3027,#3028,#3029,
#3030,#3031,#3032,#3033,#3034,#3035,#3036,#3037,#3038,#3039,#3040,#3041,
#3042,#3043,#3044,#3045),.UNSPECIFIED.,.F.,.F.,(4,3,3,3,3,3,3,4),(-0.190262925163263,
-0.152792050877862,-0.114961997435434,-0.0947218290306305,-0.0569438450299955,
-0.019386257337016,0.,0.000886744785221564),.UNSPECIFIED.);
#164=B_SPLINE_CURVE_WITH_KNOTS('',3,(#3083,#3084,#3085,#3086,#3087,#3088,
#3089),.UNSPECIFIED.,.F.,.F.,(4,2,1,4),(0.558037764247967,0.558532026370974,
0.680646534162436,1.16910456532828),.UNSPECIFIED.);
#165=B_SPLINE_CURVE_WITH_KNOTS('',3,(#3091,#3092,#3093,#3094),
 .UNSPECIFIED.,.F.,.F.,(4,4),(1.14904054333803,1.14918481920893),
 .UNSPECIFIED.);
#166=B_SPLINE_CURVE_WITH_KNOTS('',3,(#3096,#3097,#3098,#3099,#3100,#3101,
#3102,#3103,#3104),.UNSPECIFIED.,.F.,.F.,(4,1,2,1,1,4),(-1.14904824019303,
-0.680646534162436,-0.558532026370974,-0.400700303129225,-0.242868579887475,
-0.000334728058443009),.UNSPECIFIED.);
#167=B_SPLINE_CURVE_WITH_KNOTS('',3,(#3105,#3106,#3107,#3108),
 .UNSPECIFIED.,.F.,.F.,(4,4),(-0.0839920660470565,0.000334728058443176),
 .UNSPECIFIED.);
#168=B_SPLINE_CURVE_WITH_KNOTS('',3,(#3109,#3110,#3111,#3112,#3113,#3114),
 .UNSPECIFIED.,.F.,.F.,(4,1,1,4),(-0.230626589837773,0.242868579887475,
0.400700303129225,0.558037764247967),.UNSPECIFIED.);
#169=B_SPLINE_CURVE_WITH_KNOTS('',3,(#3134,#3135,#3136,#3137),
 .UNSPECIFIED.,.F.,.F.,(4,4),(-0.00043976513953264,-1.07424393627248E-14),
 .UNSPECIFIED.);
#170=B_SPLINE_CURVE_WITH_KNOTS('',3,(#3141,#3142,#3143,#3144,#3145,#3146,
#3147),.UNSPECIFIED.,.F.,.F.,(4,1,1,1,4),(0.130597573080966,0.221865040073458,
0.267498773569705,0.313132507065951,0.358766240562197),.UNSPECIFIED.);
#171=B_SPLINE_CURVE_WITH_KNOTS('',3,(#3151,#3152,#3153,#3154,#3155,#3156),
 .UNSPECIFIED.,.F.,.F.,(4,2,4),(0.764667542267836,0.953458359156478,1.13676359527778),
 .UNSPECIFIED.);
#172=B_SPLINE_CURVE_WITH_KNOTS('',3,(#3209,#3210,#3211,#3212,#3213),
 .UNSPECIFIED.,.F.,.F.,(4,1,4),(-2.41362254032442E-17,0.0402097487340733,
0.100524371835183),.UNSPECIFIED.);
#173=B_SPLINE_CURVE_WITH_KNOTS('',3,(#3214,#3215,#3216,#3217),
 .UNSPECIFIED.,.F.,.F.,(4,4),(0.100524371835183,0.130597573080966),
 .UNSPECIFIED.);
#174=B_SPLINE_CURVE_WITH_KNOTS('',3,(#3275,#3276,#3277,#3278,#3279,#3280,
#3281),.UNSPECIFIED.,.F.,.F.,(4,1,1,1,4),(0.539289894002336,0.596331736493323,
0.65337357898431,0.710415421475297,0.767457263966284),.UNSPECIFIED.);
#175=B_SPLINE_CURVE_WITH_KNOTS('',3,(#3283,#3284,#3285,#3286),
 .UNSPECIFIED.,.F.,.F.,(4,4),(0.767457263966284,0.797530465212066),
 .UNSPECIFIED.);
#176=B_SPLINE_CURVE_WITH_KNOTS('',3,(#3288,#3289,#3290,#3291,#3292),
 .UNSPECIFIED.,.F.,.F.,(4,1,4),(0.797530465212066,0.847792651129657,0.898054837047249),
 .UNSPECIFIED.);
#177=B_SPLINE_CURVE_WITH_KNOTS('',3,(#3293,#3294,#3295,#3296),
 .UNSPECIFIED.,.F.,.F.,(4,4),(0.898054837047249,1.),.UNSPECIFIED.);
#178=B_SPLINE_CURVE_WITH_KNOTS('',3,(#3302,#3303,#3304,#3305,#3306,#3307),
 .UNSPECIFIED.,.F.,.F.,(4,2,4),(1.90209395952296,2.08539919564427,2.27419001253292),
 .UNSPECIFIED.);
#179=B_SPLINE_CURVE_WITH_KNOTS('',3,(#3361,#3362,#3363,#3364),
 .UNSPECIFIED.,.F.,.F.,(4,4),(-0.15,-0.0499999999999861),.UNSPECIFIED.);
#180=B_SPLINE_CURVE_WITH_KNOTS('',3,(#3365,#3366,#3367,#3368),
 .UNSPECIFIED.,.F.,.F.,(4,4),(0.0500000000000007,2.3),.UNSPECIFIED.);
#181=B_SPLINE_CURVE_WITH_KNOTS('',3,(#3382,#3383,#3384,#3385,#3386,#3387,
#3388,#3389,#3390,#3391,#3392,#3393),.UNSPECIFIED.,.F.,.F.,(4,2,2,2,2,4),
(1.74252912566707,1.75968673743303,1.94533824418942,2.13098064660273,2.31662304901604,
2.32817841508813),.UNSPECIFIED.);
#182=B_SPLINE_CURVE_WITH_KNOTS('',3,(#3403,#3404,#3405,#3406,#3407,#3408,
#3409,#3410,#3411,#3412,#3413,#3414),.UNSPECIFIED.,.F.,.F.,(4,2,2,2,2,4),
(0.731833612293085,0.743388978365181,0.929031380778489,1.1146737831918,
1.30032528994819,1.3174829016026),.UNSPECIFIED.);
#183=B_SPLINE_CURVE_WITH_KNOTS('',3,(#3422,#3423,#3424,#3425,#3426,#3427,
#3428,#3429,#3430,#3431),.UNSPECIFIED.,.F.,.F.,(4,2,2,2,4),(5.51279586697717,
5.5880043046683,5.98730970723473,6.40971475668878,6.66405842237871),
 .UNSPECIFIED.);
#184=B_SPLINE_CURVE_WITH_KNOTS('',3,(#3434,#3435,#3436,#3437,#3438,#3439,
#3440,#3441,#3442,#3443,#3444,#3445,#3446,#3447,#3448,#3449),
 .UNSPECIFIED.,.F.,.F.,(4,2,2,2,2,2,2,4),(5.32584993887254,5.37808591346875,
5.67454070059118,5.97099548771361,6.26745027483604,6.56390506195847,7.12988654831638,
7.1773835787384),.UNSPECIFIED.);
#185=B_SPLINE_CURVE_WITH_KNOTS('',3,(#3453,#3454,#3455,#3456,#3457,#3458,
#3459,#3460,#3461,#3462,#3463,#3464),.UNSPECIFIED.,.F.,.F.,(4,2,2,2,2,4),
(8.91198358107246,9.21238174396171,9.60095690652021,9.98953206907871,10.404202657297,
10.7335200115092),.UNSPECIFIED.);
#186=B_SPLINE_CURVE_WITH_KNOTS('',3,(#3476,#3477,#3478,#3479,#3480,#3481,
#3482,#3483,#3484,#3485),.UNSPECIFIED.,.F.,.F.,(4,2,2,2,4),(2.08549092563573,
2.33983459132565,2.7622396407797,3.16154504334613,3.23675348103726),
 .UNSPECIFIED.);
#187=FACE_OUTER_BOUND('',#254,.T.);
#188=FACE_OUTER_BOUND('',#255,.T.);
#189=FACE_OUTER_BOUND('',#256,.T.);
#190=FACE_OUTER_BOUND('',#257,.T.);
#191=FACE_OUTER_BOUND('',#258,.T.);
#192=FACE_OUTER_BOUND('',#261,.T.);
#193=FACE_OUTER_BOUND('',#262,.T.);
#194=FACE_OUTER_BOUND('',#263,.T.);
#195=FACE_OUTER_BOUND('',#266,.T.);
#196=FACE_OUTER_BOUND('',#268,.T.);
#197=FACE_OUTER_BOUND('',#269,.T.);
#198=FACE_OUTER_BOUND('',#270,.T.);
#199=FACE_OUTER_BOUND('',#271,.T.);
#200=FACE_OUTER_BOUND('',#272,.T.);
#201=FACE_OUTER_BOUND('',#273,.T.);
#202=FACE_OUTER_BOUND('',#274,.T.);
#203=FACE_OUTER_BOUND('',#275,.T.);
#204=FACE_OUTER_BOUND('',#277,.T.);
#205=FACE_OUTER_BOUND('',#278,.T.);
#206=FACE_OUTER_BOUND('',#279,.T.);
#207=FACE_OUTER_BOUND('',#280,.T.);
#208=FACE_OUTER_BOUND('',#281,.T.);
#209=FACE_OUTER_BOUND('',#282,.T.);
#210=FACE_OUTER_BOUND('',#283,.T.);
#211=FACE_OUTER_BOUND('',#284,.T.);
#212=FACE_OUTER_BOUND('',#285,.T.);
#213=FACE_OUTER_BOUND('',#286,.T.);
#214=FACE_OUTER_BOUND('',#287,.T.);
#215=FACE_OUTER_BOUND('',#288,.T.);
#216=FACE_OUTER_BOUND('',#289,.T.);
#217=FACE_OUTER_BOUND('',#290,.T.);
#218=FACE_OUTER_BOUND('',#291,.T.);
#219=FACE_OUTER_BOUND('',#292,.T.);
#220=FACE_OUTER_BOUND('',#293,.T.);
#221=FACE_OUTER_BOUND('',#294,.T.);
#222=FACE_OUTER_BOUND('',#295,.T.);
#223=FACE_OUTER_BOUND('',#296,.T.);
#224=FACE_OUTER_BOUND('',#297,.T.);
#225=FACE_OUTER_BOUND('',#298,.T.);
#226=FACE_OUTER_BOUND('',#299,.T.);
#227=FACE_OUTER_BOUND('',#300,.T.);
#228=FACE_OUTER_BOUND('',#301,.T.);
#229=FACE_OUTER_BOUND('',#302,.T.);
#230=FACE_OUTER_BOUND('',#303,.T.);
#231=FACE_OUTER_BOUND('',#304,.T.);
#232=FACE_OUTER_BOUND('',#305,.T.);
#233=FACE_OUTER_BOUND('',#306,.T.);
#234=FACE_OUTER_BOUND('',#307,.T.);
#235=FACE_OUTER_BOUND('',#308,.T.);
#236=FACE_OUTER_BOUND('',#309,.T.);
#237=FACE_OUTER_BOUND('',#310,.T.);
#238=FACE_OUTER_BOUND('',#311,.T.);
#239=FACE_OUTER_BOUND('',#312,.T.);
#240=FACE_OUTER_BOUND('',#313,.T.);
#241=FACE_OUTER_BOUND('',#314,.T.);
#242=FACE_OUTER_BOUND('',#315,.T.);
#243=FACE_OUTER_BOUND('',#316,.T.);
#244=FACE_OUTER_BOUND('',#317,.T.);
#245=FACE_OUTER_BOUND('',#318,.T.);
#246=FACE_OUTER_BOUND('',#319,.T.);
#247=FACE_OUTER_BOUND('',#320,.T.);
#248=FACE_OUTER_BOUND('',#321,.T.);
#249=FACE_OUTER_BOUND('',#322,.T.);
#250=FACE_OUTER_BOUND('',#323,.T.);
#251=FACE_OUTER_BOUND('',#324,.T.);
#252=FACE_OUTER_BOUND('',#325,.T.);
#253=FACE_OUTER_BOUND('',#326,.T.);
#254=EDGE_LOOP('',(#762,#763,#764,#765));
#255=EDGE_LOOP('',(#766,#767,#768,#769,#770,#771,#772));
#256=EDGE_LOOP('',(#773,#774,#775,#776));
#257=EDGE_LOOP('',(#777,#778,#779,#780,#781,#782,#783,#784,#785,#786));
#258=EDGE_LOOP('',(#787,#788,#789,#790));
#259=EDGE_LOOP('',(#791));
#260=EDGE_LOOP('',(#792));
#261=EDGE_LOOP('',(#793,#794,#795,#796));
#262=EDGE_LOOP('',(#797,#798,#799,#800));
#263=EDGE_LOOP('',(#801,#802,#803,#804,#805,#806,#807,#808,#809,#810,#811,
#812,#813,#814));
#264=EDGE_LOOP('',(#815));
#265=EDGE_LOOP('',(#816));
#266=EDGE_LOOP('',(#817));
#267=EDGE_LOOP('',(#818));
#268=EDGE_LOOP('',(#819,#820,#821,#822));
#269=EDGE_LOOP('',(#823,#824,#825,#826));
#270=EDGE_LOOP('',(#827,#828,#829,#830));
#271=EDGE_LOOP('',(#831,#832,#833,#834));
#272=EDGE_LOOP('',(#835,#836,#837,#838));
#273=EDGE_LOOP('',(#839,#840,#841,#842));
#274=EDGE_LOOP('',(#843,#844,#845,#846));
#275=EDGE_LOOP('',(#847));
#276=EDGE_LOOP('',(#848));
#277=EDGE_LOOP('',(#849,#850,#851,#852));
#278=EDGE_LOOP('',(#853,#854,#855,#856));
#279=EDGE_LOOP('',(#857,#858,#859,#860));
#280=EDGE_LOOP('',(#861,#862,#863,#864));
#281=EDGE_LOOP('',(#865,#866,#867));
#282=EDGE_LOOP('',(#868,#869,#870,#871,#872,#873,#874));
#283=EDGE_LOOP('',(#875,#876,#877,#878));
#284=EDGE_LOOP('',(#879,#880,#881,#882));
#285=EDGE_LOOP('',(#883,#884,#885,#886));
#286=EDGE_LOOP('',(#887,#888,#889,#890));
#287=EDGE_LOOP('',(#891,#892,#893,#894));
#288=EDGE_LOOP('',(#895,#896,#897));
#289=EDGE_LOOP('',(#898,#899,#900,#901,#902,#903));
#290=EDGE_LOOP('',(#904,#905,#906,#907));
#291=EDGE_LOOP('',(#908,#909,#910,#911,#912));
#292=EDGE_LOOP('',(#913,#914,#915,#916,#917,#918,#919,#920,#921,#922));
#293=EDGE_LOOP('',(#923,#924,#925,#926,#927));
#294=EDGE_LOOP('',(#928,#929,#930,#931,#932,#933,#934,#935,#936,#937));
#295=EDGE_LOOP('',(#938,#939,#940,#941,#942));
#296=EDGE_LOOP('',(#943,#944,#945,#946,#947,#948));
#297=EDGE_LOOP('',(#949,#950,#951,#952,#953,#954,#955));
#298=EDGE_LOOP('',(#956,#957,#958,#959,#960));
#299=EDGE_LOOP('',(#961,#962,#963,#964));
#300=EDGE_LOOP('',(#965,#966,#967,#968,#969));
#301=EDGE_LOOP('',(#970,#971,#972,#973,#974,#975));
#302=EDGE_LOOP('',(#976,#977,#978,#979,#980,#981,#982,#983));
#303=EDGE_LOOP('',(#984,#985,#986,#987,#988,#989,#990,#991,#992,#993,#994,
#995,#996));
#304=EDGE_LOOP('',(#997,#998,#999,#1000,#1001,#1002,#1003));
#305=EDGE_LOOP('',(#1004,#1005,#1006,#1007,#1008,#1009));
#306=EDGE_LOOP('',(#1010,#1011,#1012,#1013,#1014,#1015));
#307=EDGE_LOOP('',(#1016,#1017,#1018,#1019));
#308=EDGE_LOOP('',(#1020,#1021,#1022,#1023,#1024,#1025,#1026,#1027,#1028,
#1029,#1030));
#309=EDGE_LOOP('',(#1031,#1032,#1033,#1034,#1035,#1036,#1037,#1038,#1039,
#1040));
#310=EDGE_LOOP('',(#1041,#1042,#1043,#1044,#1045));
#311=EDGE_LOOP('',(#1046,#1047,#1048,#1049,#1050,#1051,#1052,#1053,#1054,
#1055));
#312=EDGE_LOOP('',(#1056,#1057,#1058,#1059));
#313=EDGE_LOOP('',(#1060,#1061,#1062,#1063,#1064));
#314=EDGE_LOOP('',(#1065,#1066,#1067,#1068,#1069,#1070,#1071,#1072,#1073));
#315=EDGE_LOOP('',(#1074,#1075,#1076,#1077,#1078));
#316=EDGE_LOOP('',(#1079,#1080,#1081,#1082,#1083));
#317=EDGE_LOOP('',(#1084,#1085,#1086,#1087,#1088,#1089));
#318=EDGE_LOOP('',(#1090,#1091,#1092,#1093,#1094,#1095));
#319=EDGE_LOOP('',(#1096,#1097,#1098,#1099,#1100));
#320=EDGE_LOOP('',(#1101,#1102,#1103,#1104,#1105));
#321=EDGE_LOOP('',(#1106,#1107,#1108,#1109,#1110,#1111));
#322=EDGE_LOOP('',(#1112));
#323=EDGE_LOOP('',(#1113,#1114,#1115,#1116,#1117));
#324=EDGE_LOOP('',(#1118,#1119,#1120,#1121));
#325=EDGE_LOOP('',(#1122,#1123,#1124,#1125,#1126));
#326=EDGE_LOOP('',(#1127,#1128,#1129,#1130,#1131));
#327=LINE('',#1530,#391);
#328=LINE('',#1532,#392);
#329=LINE('',#1534,#393);
#330=LINE('',#1535,#394);
#331=LINE('',#1538,#395);
#332=LINE('',#1548,#396);
#333=LINE('',#1565,#397);
#334=LINE('',#1568,#398);
#335=LINE('',#1570,#399);
#336=LINE('',#1571,#400);
#337=LINE('',#1606,#401);
#338=LINE('',#1630,#402);
#339=LINE('',#1643,#403);
#340=LINE('',#1645,#404);
#341=LINE('',#1647,#405);
#342=LINE('',#1648,#406);
#343=LINE('',#1657,#407);
#344=LINE('',#1663,#408);
#345=LINE('',#1700,#409);
#346=LINE('',#1704,#410);
#347=LINE('',#1708,#411);
#348=LINE('',#1742,#412);
#349=LINE('',#1749,#413);
#350=LINE('',#1751,#414);
#351=LINE('',#1753,#415);
#352=LINE('',#1761,#416);
#353=LINE('',#1768,#417);
#354=LINE('',#1770,#418);
#355=LINE('',#1848,#419);
#356=LINE('',#1849,#420);
#357=LINE('',#1862,#421);
#358=LINE('',#1863,#422);
#359=LINE('',#1865,#423);
#360=LINE('',#1866,#424);
#361=LINE('',#1881,#425);
#362=LINE('',#1882,#426);
#363=LINE('',#1960,#427);
#364=LINE('',#1961,#428);
#365=LINE('',#1965,#429);
#366=LINE('',#1968,#430);
#367=LINE('',#2134,#431);
#368=LINE('',#2143,#432);
#369=LINE('',#2147,#433);
#370=LINE('',#2438,#434);
#371=LINE('',#3116,#435);
#372=LINE('',#3117,#436);
#373=LINE('',#3149,#437);
#374=LINE('',#3207,#438);
#375=LINE('',#3308,#439);
#376=LINE('',#3327,#440);
#377=LINE('',#3329,#441);
#378=LINE('',#3369,#442);
#379=LINE('',#3371,#443);
#380=LINE('',#3374,#444);
#381=LINE('',#3380,#445);
#382=LINE('',#3394,#446);
#383=LINE('',#3400,#447);
#384=LINE('',#3416,#448);
#385=LINE('',#3433,#449);
#386=LINE('',#3473,#450);
#387=LINE('',#3488,#451);
#388=LINE('',#3489,#452);
#389=LINE('',#3496,#453);
#390=LINE('',#3497,#454);
#391=VECTOR('',#1306,10.);
#392=VECTOR('',#1307,10.);
#393=VECTOR('',#1308,10.);
#394=VECTOR('',#1309,10.);
#395=VECTOR('',#1312,10.);
#396=VECTOR('',#1313,10.);
#397=VECTOR('',#1314,10.);
#398=VECTOR('',#1317,10.);
#399=VECTOR('',#1318,10.);
#400=VECTOR('',#1319,10.);
#401=VECTOR('',#1320,10.);
#402=VECTOR('',#1321,10.);
#403=VECTOR('',#1324,10.);
#404=VECTOR('',#1325,10.);
#405=VECTOR('',#1326,10.);
#406=VECTOR('',#1327,10.);
#407=VECTOR('',#1336,3.25);
#408=VECTOR('',#1343,3.25);
#409=VECTOR('',#1348,10.);
#410=VECTOR('',#1351,10.);
#411=VECTOR('',#1354,10.);
#412=VECTOR('',#1355,10.);
#413=VECTOR('',#1356,10.);
#414=VECTOR('',#1357,10.);
#415=VECTOR('',#1358,10.);
#416=VECTOR('',#1359,10.);
#417=VECTOR('',#1368,1.50000000000001);
#418=VECTOR('',#1371,1.5);
#419=VECTOR('',#1372,10.);
#420=VECTOR('',#1373,10.);
#421=VECTOR('',#1374,10.);
#422=VECTOR('',#1375,10.);
#423=VECTOR('',#1378,10.);
#424=VECTOR('',#1379,10.);
#425=VECTOR('',#1380,10.);
#426=VECTOR('',#1381,10.);
#427=VECTOR('',#1382,10.);
#428=VECTOR('',#1383,10.);
#429=VECTOR('',#1388,10.);
#430=VECTOR('',#1391,10.);
#431=VECTOR('',#1402,10.);
#432=VECTOR('',#1405,10.);
#433=VECTOR('',#1410,10.);
#434=VECTOR('',#1423,10.);
#435=VECTOR('',#1430,10.);
#436=VECTOR('',#1431,10.);
#437=VECTOR('',#1436,10.);
#438=VECTOR('',#1439,33.1431413232873);
#439=VECTOR('',#1446,10.);
#440=VECTOR('',#1447,10.);
#441=VECTOR('',#1450,10.);
#442=VECTOR('',#1451,10.);
#443=VECTOR('',#1454,10.);
#444=VECTOR('',#1459,10.);
#445=VECTOR('',#1466,5.);
#446=VECTOR('',#1467,5.);
#447=VECTOR('',#1474,5.);
#448=VECTOR('',#1477,5.);
#449=VECTOR('',#1484,10.);
#450=VECTOR('',#1499,10.);
#451=VECTOR('',#1506,10.);
#452=VECTOR('',#1507,10.);
#453=VECTOR('',#1518,10.);
#454=VECTOR('',#1519,10.);
#455=VERTEX_POINT('',#1528);
#456=VERTEX_POINT('',#1529);
#457=VERTEX_POINT('',#1531);
#458=VERTEX_POINT('',#1533);
#459=VERTEX_POINT('',#1537);
#460=VERTEX_POINT('',#1539);
#461=VERTEX_POINT('',#1547);
#462=VERTEX_POINT('',#1549);
#463=VERTEX_POINT('',#1557);
#464=VERTEX_POINT('',#1567);
#465=VERTEX_POINT('',#1569);
#466=VERTEX_POINT('',#1600);
#467=VERTEX_POINT('',#1605);
#468=VERTEX_POINT('',#1607);
#469=VERTEX_POINT('',#1612);
#470=VERTEX_POINT('',#1617);
#471=VERTEX_POINT('',#1622);
#472=VERTEX_POINT('',#1629);
#473=VERTEX_POINT('',#1631);
#474=VERTEX_POINT('',#1641);
#475=VERTEX_POINT('',#1642);
#476=VERTEX_POINT('',#1644);
#477=VERTEX_POINT('',#1646);
#478=VERTEX_POINT('',#1649);
#479=VERTEX_POINT('',#1651);
#480=VERTEX_POINT('',#1654);
#481=VERTEX_POINT('',#1656);
#482=VERTEX_POINT('',#1660);
#483=VERTEX_POINT('',#1662);
#484=VERTEX_POINT('',#1666);
#485=VERTEX_POINT('',#1667);
#486=VERTEX_POINT('',#1699);
#487=VERTEX_POINT('',#1701);
#488=VERTEX_POINT('',#1703);
#489=VERTEX_POINT('',#1705);
#490=VERTEX_POINT('',#1707);
#491=VERTEX_POINT('',#1709);
#492=VERTEX_POINT('',#1741);
#493=VERTEX_POINT('',#1743);
#494=VERTEX_POINT('',#1748);
#495=VERTEX_POINT('',#1750);
#496=VERTEX_POINT('',#1752);
#497=VERTEX_POINT('',#1754);
#498=VERTEX_POINT('',#1763);
#499=VERTEX_POINT('',#1766);
#500=VERTEX_POINT('',#1815);
#501=VERTEX_POINT('',#1816);
#502=VERTEX_POINT('',#1875);
#503=VERTEX_POINT('',#1876);
#504=VERTEX_POINT('',#1927);
#505=VERTEX_POINT('',#1928);
#506=VERTEX_POINT('',#1964);
#507=VERTEX_POINT('',#1966);
#508=VERTEX_POINT('',#1994);
#509=VERTEX_POINT('',#1995);
#510=VERTEX_POINT('',#2027);
#511=VERTEX_POINT('',#2032);
#512=VERTEX_POINT('',#2073);
#513=VERTEX_POINT('',#2074);
#514=VERTEX_POINT('',#2114);
#515=VERTEX_POINT('',#2123);
#516=VERTEX_POINT('',#2136);
#517=VERTEX_POINT('',#2145);
#518=VERTEX_POINT('',#2173);
#519=VERTEX_POINT('',#2179);
#520=VERTEX_POINT('',#2206);
#521=VERTEX_POINT('',#2211);
#522=VERTEX_POINT('',#2252);
#523=VERTEX_POINT('',#2253);
#524=VERTEX_POINT('',#2293);
#525=VERTEX_POINT('',#2394);
#526=VERTEX_POINT('',#2593);
#527=VERTEX_POINT('',#2600);
#528=VERTEX_POINT('',#2612);
#529=VERTEX_POINT('',#2624);
#530=VERTEX_POINT('',#2658);
#531=VERTEX_POINT('',#2774);
#532=VERTEX_POINT('',#2786);
#533=VERTEX_POINT('',#2830);
#534=VERTEX_POINT('',#2835);
#535=VERTEX_POINT('',#2851);
#536=VERTEX_POINT('',#2862);
#537=VERTEX_POINT('',#2868);
#538=VERTEX_POINT('',#2891);
#539=VERTEX_POINT('',#2949);
#540=VERTEX_POINT('',#2950);
#541=VERTEX_POINT('',#2956);
#542=VERTEX_POINT('',#2961);
#543=VERTEX_POINT('',#3004);
#544=VERTEX_POINT('',#3009);
#545=VERTEX_POINT('',#3014);
#546=VERTEX_POINT('',#3019);
#547=VERTEX_POINT('',#3082);
#548=VERTEX_POINT('',#3090);
#549=VERTEX_POINT('',#3095);
#550=VERTEX_POINT('',#3140);
#551=VERTEX_POINT('',#3148);
#552=VERTEX_POINT('',#3150);
#553=VERTEX_POINT('',#3206);
#554=VERTEX_POINT('',#3208);
#555=VERTEX_POINT('',#3274);
#556=VERTEX_POINT('',#3282);
#557=VERTEX_POINT('',#3287);
#558=VERTEX_POINT('',#3299);
#559=VERTEX_POINT('',#3301);
#560=VERTEX_POINT('',#3360);
#561=VERTEX_POINT('',#3377);
#562=VERTEX_POINT('',#3379);
#563=VERTEX_POINT('',#3381);
#564=VERTEX_POINT('',#3396);
#565=VERTEX_POINT('',#3398);
#566=VERTEX_POINT('',#3402);
#567=VERTEX_POINT('',#3415);
#568=VERTEX_POINT('',#3419);
#569=VERTEX_POINT('',#3421);
#570=VERTEX_POINT('',#3432);
#571=VERTEX_POINT('',#3451);
#572=VERTEX_POINT('',#3467);
#573=VERTEX_POINT('',#3469);
#574=VERTEX_POINT('',#3471);
#575=VERTEX_POINT('',#3475);
#576=VERTEX_POINT('',#3491);
#577=EDGE_CURVE('',#455,#456,#327,.T.);
#578=EDGE_CURVE('',#455,#457,#328,.T.);
#579=EDGE_CURVE('',#457,#458,#329,.T.);
#580=EDGE_CURVE('',#456,#458,#330,.T.);
#581=EDGE_CURVE('',#459,#457,#331,.T.);
#582=EDGE_CURVE('',#460,#459,#104,.T.);
#583=EDGE_CURVE('',#461,#460,#332,.T.);
#584=EDGE_CURVE('',#462,#461,#105,.T.);
#585=EDGE_CURVE('',#463,#462,#106,.T.);
#586=EDGE_CURVE('',#458,#463,#333,.T.);
#587=EDGE_CURVE('',#464,#456,#334,.T.);
#588=EDGE_CURVE('',#464,#465,#335,.T.);
#589=EDGE_CURVE('',#465,#455,#336,.T.);
#590=EDGE_CURVE('',#466,#463,#107,.T.);
#591=EDGE_CURVE('',#467,#462,#337,.T.);
#592=EDGE_CURVE('',#468,#467,#108,.T.);
#593=EDGE_CURVE('',#469,#468,#109,.T.);
#594=EDGE_CURVE('',#469,#470,#110,.T.);
#595=EDGE_CURVE('',#471,#470,#111,.T.);
#596=EDGE_CURVE('',#472,#471,#338,.T.);
#597=EDGE_CURVE('',#473,#472,#112,.T.);
#598=EDGE_CURVE('',#466,#473,#113,.T.);
#599=EDGE_CURVE('',#474,#475,#339,.T.);
#600=EDGE_CURVE('',#476,#474,#340,.T.);
#601=EDGE_CURVE('',#477,#476,#341,.T.);
#602=EDGE_CURVE('',#475,#477,#342,.T.);
#603=EDGE_CURVE('',#478,#478,#40,.T.);
#604=EDGE_CURVE('',#479,#479,#41,.T.);
#605=EDGE_CURVE('',#480,#480,#42,.T.);
#606=EDGE_CURVE('',#480,#481,#343,.T.);
#607=EDGE_CURVE('',#481,#481,#43,.T.);
#608=EDGE_CURVE('',#482,#482,#44,.T.);
#609=EDGE_CURVE('',#482,#483,#344,.T.);
#610=EDGE_CURVE('',#483,#483,#45,.T.);
#611=EDGE_CURVE('',#484,#485,#114,.T.);
#612=EDGE_CURVE('',#485,#486,#345,.T.);
#613=EDGE_CURVE('',#486,#487,#46,.T.);
#614=EDGE_CURVE('',#487,#488,#346,.T.);
#615=EDGE_CURVE('',#488,#489,#47,.T.);
#616=EDGE_CURVE('',#489,#490,#347,.T.);
#617=EDGE_CURVE('',#490,#491,#115,.T.);
#618=EDGE_CURVE('',#491,#492,#348,.T.);
#619=EDGE_CURVE('',#492,#493,#116,.T.);
#620=EDGE_CURVE('',#493,#494,#349,.T.);
#621=EDGE_CURVE('',#494,#495,#350,.T.);
#622=EDGE_CURVE('',#495,#496,#351,.T.);
#623=EDGE_CURVE('',#496,#497,#117,.T.);
#624=EDGE_CURVE('',#497,#484,#352,.T.);
#625=EDGE_CURVE('',#498,#498,#48,.F.);
#626=EDGE_CURVE('',#499,#499,#49,.F.);
#627=EDGE_CURVE('',#499,#479,#353,.T.);
#628=EDGE_CURVE('',#498,#478,#354,.T.);
#629=EDGE_CURVE('',#500,#501,#118,.F.);
#630=EDGE_CURVE('',#501,#485,#355,.T.);
#631=EDGE_CURVE('',#500,#484,#356,.T.);
#632=EDGE_CURVE('',#472,#497,#357,.T.);
#633=EDGE_CURVE('',#473,#496,#358,.T.);
#634=EDGE_CURVE('',#474,#495,#359,.T.);
#635=EDGE_CURVE('',#476,#494,#360,.T.);
#636=EDGE_CURVE('',#502,#503,#119,.T.);
#637=EDGE_CURVE('',#503,#493,#361,.T.);
#638=EDGE_CURVE('',#502,#492,#362,.T.);
#639=EDGE_CURVE('',#504,#505,#120,.F.);
#640=EDGE_CURVE('',#505,#491,#363,.T.);
#641=EDGE_CURVE('',#504,#490,#364,.T.);
#642=EDGE_CURVE('',#486,#506,#365,.T.);
#643=EDGE_CURVE('',#506,#507,#50,.T.);
#644=EDGE_CURVE('',#507,#487,#366,.T.);
#645=EDGE_CURVE('',#508,#509,#51,.T.);
#646=EDGE_CURVE('',#509,#507,#121,.T.);
#647=EDGE_CURVE('',#506,#508,#122,.T.);
#648=EDGE_CURVE('',#508,#510,#123,.T.);
#649=EDGE_CURVE('',#510,#511,#52,.T.);
#650=EDGE_CURVE('',#511,#509,#124,.T.);
#651=EDGE_CURVE('',#512,#513,#53,.T.);
#652=EDGE_CURVE('',#513,#511,#125,.T.);
#653=EDGE_CURVE('',#510,#512,#126,.T.);
#654=EDGE_CURVE('',#512,#514,#127,.T.);
#655=EDGE_CURVE('',#513,#514,#54,.T.);
#656=EDGE_CURVE('',#515,#501,#128,.T.);
#657=EDGE_CURVE('',#510,#515,#367,.T.);
#658=EDGE_CURVE('',#516,#507,#129,.T.);
#659=EDGE_CURVE('',#488,#516,#368,.T.);
#660=EDGE_CURVE('',#516,#517,#55,.T.);
#661=EDGE_CURVE('',#517,#489,#369,.T.);
#662=EDGE_CURVE('',#516,#518,#130,.T.);
#663=EDGE_CURVE('',#518,#519,#56,.T.);
#664=EDGE_CURVE('',#519,#517,#131,.T.);
#665=EDGE_CURVE('',#518,#520,#132,.T.);
#666=EDGE_CURVE('',#520,#521,#57,.T.);
#667=EDGE_CURVE('',#521,#519,#133,.T.);
#668=EDGE_CURVE('',#522,#523,#58,.T.);
#669=EDGE_CURVE('',#523,#521,#134,.T.);
#670=EDGE_CURVE('',#520,#522,#135,.T.);
#671=EDGE_CURVE('',#524,#522,#59,.T.);
#672=EDGE_CURVE('',#524,#523,#136,.T.);
#673=EDGE_CURVE('',#522,#513,#60,.T.);
#674=EDGE_CURVE('',#509,#518,#137,.T.);
#675=EDGE_CURVE('',#515,#525,#138,.T.);
#676=EDGE_CURVE('',#525,#514,#370,.T.);
#677=EDGE_CURVE('',#500,#471,#139,.T.);
#678=EDGE_CURVE('',#470,#526,#140,.T.);
#679=EDGE_CURVE('',#526,#527,#141,.T.);
#680=EDGE_CURVE('',#527,#528,#142,.T.);
#681=EDGE_CURVE('',#528,#529,#143,.T.);
#682=EDGE_CURVE('',#529,#525,#144,.T.);
#683=EDGE_CURVE('',#468,#530,#61,.T.);
#684=EDGE_CURVE('',#530,#526,#145,.T.);
#685=EDGE_CURVE('',#504,#531,#146,.T.);
#686=EDGE_CURVE('',#531,#532,#147,.T.);
#687=EDGE_CURVE('',#532,#533,#148,.T.);
#688=EDGE_CURVE('',#533,#534,#149,.T.);
#689=EDGE_CURVE('',#534,#535,#150,.T.);
#690=EDGE_CURVE('',#535,#536,#151,.T.);
#691=EDGE_CURVE('',#536,#537,#152,.T.);
#692=EDGE_CURVE('',#537,#538,#153,.T.);
#693=EDGE_CURVE('',#538,#505,#154,.T.);
#694=EDGE_CURVE('',#539,#540,#155,.T.);
#695=EDGE_CURVE('',#540,#467,#62,.T.);
#696=EDGE_CURVE('',#467,#541,#156,.T.);
#697=EDGE_CURVE('',#541,#542,#157,.T.);
#698=EDGE_CURVE('',#542,#539,#158,.T.);
#699=EDGE_CURVE('',#543,#539,#159,.T.);
#700=EDGE_CURVE('',#542,#544,#160,.T.);
#701=EDGE_CURVE('',#544,#545,#161,.T.);
#702=EDGE_CURVE('',#545,#546,#162,.T.);
#703=EDGE_CURVE('',#546,#543,#163,.T.);
#704=EDGE_CURVE('',#547,#543,#164,.T.);
#705=EDGE_CURVE('',#548,#546,#165,.T.);
#706=EDGE_CURVE('',#548,#549,#166,.T.);
#707=EDGE_CURVE('',#537,#549,#167,.T.);
#708=EDGE_CURVE('',#536,#547,#168,.T.);
#709=EDGE_CURVE('',#524,#532,#371,.T.);
#710=EDGE_CURVE('',#531,#521,#372,.T.);
#711=EDGE_CURVE('',#540,#530,#169,.T.);
#712=EDGE_CURVE('',#550,#529,#170,.T.);
#713=EDGE_CURVE('',#551,#550,#373,.T.);
#714=EDGE_CURVE('',#551,#552,#171,.F.);
#715=EDGE_CURVE('',#514,#552,#63,.T.);
#716=EDGE_CURVE('',#530,#553,#374,.T.);
#717=EDGE_CURVE('',#553,#554,#172,.T.);
#718=EDGE_CURVE('',#554,#550,#173,.T.);
#719=EDGE_CURVE('',#533,#555,#174,.T.);
#720=EDGE_CURVE('',#555,#556,#175,.T.);
#721=EDGE_CURVE('',#556,#557,#176,.T.);
#722=EDGE_CURVE('',#557,#553,#177,.T.);
#723=EDGE_CURVE('',#558,#524,#64,.T.);
#724=EDGE_CURVE('',#559,#558,#178,.T.);
#725=EDGE_CURVE('',#559,#555,#375,.T.);
#726=EDGE_CURVE('',#544,#461,#376,.T.);
#727=EDGE_CURVE('',#460,#545,#377,.T.);
#728=EDGE_CURVE('',#459,#560,#179,.T.);
#729=EDGE_CURVE('',#503,#560,#180,.T.);
#730=EDGE_CURVE('',#538,#502,#378,.T.);
#731=EDGE_CURVE('',#465,#477,#379,.T.);
#732=EDGE_CURVE('',#464,#475,#380,.T.);
#733=EDGE_CURVE('',#561,#551,#65,.F.);
#734=EDGE_CURVE('',#561,#562,#381,.T.);
#735=EDGE_CURVE('',#563,#562,#181,.F.);
#736=EDGE_CURVE('',#563,#552,#382,.T.);
#737=EDGE_CURVE('',#563,#564,#66,.T.);
#738=EDGE_CURVE('',#564,#565,#67,.T.);
#739=EDGE_CURVE('',#558,#565,#383,.T.);
#740=EDGE_CURVE('',#565,#566,#182,.T.);
#741=EDGE_CURVE('',#566,#567,#384,.T.);
#742=EDGE_CURVE('',#567,#559,#68,.T.);
#743=EDGE_CURVE('',#561,#568,#69,.T.);
#744=EDGE_CURVE('',#568,#569,#183,.T.);
#745=EDGE_CURVE('',#569,#570,#385,.T.);
#746=EDGE_CURVE('',#570,#562,#184,.T.);
#747=EDGE_CURVE('',#571,#570,#70,.T.);
#748=EDGE_CURVE('',#566,#571,#185,.T.);
#749=EDGE_CURVE('',#565,#563,#71,.T.);
#750=EDGE_CURVE('',#572,#569,#72,.T.);
#751=EDGE_CURVE('',#572,#573,#73,.T.);
#752=EDGE_CURVE('',#574,#573,#74,.T.);
#753=EDGE_CURVE('',#571,#574,#386,.T.);
#754=EDGE_CURVE('',#574,#575,#186,.T.);
#755=EDGE_CURVE('',#575,#567,#75,.T.);
#756=EDGE_CURVE('',#573,#557,#387,.T.);
#757=EDGE_CURVE('',#556,#575,#388,.T.);
#758=EDGE_CURVE('',#564,#576,#76,.T.);
#759=EDGE_CURVE('',#576,#576,#77,.T.);
#760=EDGE_CURVE('',#568,#554,#389,.T.);
#761=EDGE_CURVE('',#553,#572,#390,.T.);
#762=ORIENTED_EDGE('',*,*,#577,.F.);
#763=ORIENTED_EDGE('',*,*,#578,.T.);
#764=ORIENTED_EDGE('',*,*,#579,.T.);
#765=ORIENTED_EDGE('',*,*,#580,.F.);
#766=ORIENTED_EDGE('',*,*,#579,.F.);
#767=ORIENTED_EDGE('',*,*,#581,.F.);
#768=ORIENTED_EDGE('',*,*,#582,.F.);
#769=ORIENTED_EDGE('',*,*,#583,.F.);
#770=ORIENTED_EDGE('',*,*,#584,.F.);
#771=ORIENTED_EDGE('',*,*,#585,.F.);
#772=ORIENTED_EDGE('',*,*,#586,.F.);
#773=ORIENTED_EDGE('',*,*,#577,.T.);
#774=ORIENTED_EDGE('',*,*,#587,.F.);
#775=ORIENTED_EDGE('',*,*,#588,.T.);
#776=ORIENTED_EDGE('',*,*,#589,.T.);
#777=ORIENTED_EDGE('',*,*,#590,.T.);
#778=ORIENTED_EDGE('',*,*,#585,.T.);
#779=ORIENTED_EDGE('',*,*,#591,.F.);
#780=ORIENTED_EDGE('',*,*,#592,.F.);
#781=ORIENTED_EDGE('',*,*,#593,.F.);
#782=ORIENTED_EDGE('',*,*,#594,.T.);
#783=ORIENTED_EDGE('',*,*,#595,.F.);
#784=ORIENTED_EDGE('',*,*,#596,.F.);
#785=ORIENTED_EDGE('',*,*,#597,.F.);
#786=ORIENTED_EDGE('',*,*,#598,.F.);
#787=ORIENTED_EDGE('',*,*,#599,.F.);
#788=ORIENTED_EDGE('',*,*,#600,.F.);
#789=ORIENTED_EDGE('',*,*,#601,.F.);
#790=ORIENTED_EDGE('',*,*,#602,.F.);
#791=ORIENTED_EDGE('',*,*,#603,.F.);
#792=ORIENTED_EDGE('',*,*,#604,.F.);
#793=ORIENTED_EDGE('',*,*,#605,.F.);
#794=ORIENTED_EDGE('',*,*,#606,.T.);
#795=ORIENTED_EDGE('',*,*,#607,.F.);
#796=ORIENTED_EDGE('',*,*,#606,.F.);
#797=ORIENTED_EDGE('',*,*,#608,.F.);
#798=ORIENTED_EDGE('',*,*,#609,.T.);
#799=ORIENTED_EDGE('',*,*,#610,.F.);
#800=ORIENTED_EDGE('',*,*,#609,.F.);
#801=ORIENTED_EDGE('',*,*,#611,.T.);
#802=ORIENTED_EDGE('',*,*,#612,.T.);
#803=ORIENTED_EDGE('',*,*,#613,.T.);
#804=ORIENTED_EDGE('',*,*,#614,.T.);
#805=ORIENTED_EDGE('',*,*,#615,.T.);
#806=ORIENTED_EDGE('',*,*,#616,.T.);
#807=ORIENTED_EDGE('',*,*,#617,.T.);
#808=ORIENTED_EDGE('',*,*,#618,.T.);
#809=ORIENTED_EDGE('',*,*,#619,.T.);
#810=ORIENTED_EDGE('',*,*,#620,.T.);
#811=ORIENTED_EDGE('',*,*,#621,.T.);
#812=ORIENTED_EDGE('',*,*,#622,.T.);
#813=ORIENTED_EDGE('',*,*,#623,.T.);
#814=ORIENTED_EDGE('',*,*,#624,.T.);
#815=ORIENTED_EDGE('',*,*,#608,.T.);
#816=ORIENTED_EDGE('',*,*,#605,.T.);
#817=ORIENTED_EDGE('',*,*,#610,.T.);
#818=ORIENTED_EDGE('',*,*,#625,.T.);
#819=ORIENTED_EDGE('',*,*,#626,.F.);
#820=ORIENTED_EDGE('',*,*,#627,.T.);
#821=ORIENTED_EDGE('',*,*,#604,.T.);
#822=ORIENTED_EDGE('',*,*,#627,.F.);
#823=ORIENTED_EDGE('',*,*,#625,.F.);
#824=ORIENTED_EDGE('',*,*,#628,.T.);
#825=ORIENTED_EDGE('',*,*,#603,.T.);
#826=ORIENTED_EDGE('',*,*,#628,.F.);
#827=ORIENTED_EDGE('',*,*,#629,.T.);
#828=ORIENTED_EDGE('',*,*,#630,.T.);
#829=ORIENTED_EDGE('',*,*,#611,.F.);
#830=ORIENTED_EDGE('',*,*,#631,.F.);
#831=ORIENTED_EDGE('',*,*,#597,.T.);
#832=ORIENTED_EDGE('',*,*,#632,.T.);
#833=ORIENTED_EDGE('',*,*,#623,.F.);
#834=ORIENTED_EDGE('',*,*,#633,.F.);
#835=ORIENTED_EDGE('',*,*,#600,.T.);
#836=ORIENTED_EDGE('',*,*,#634,.T.);
#837=ORIENTED_EDGE('',*,*,#621,.F.);
#838=ORIENTED_EDGE('',*,*,#635,.F.);
#839=ORIENTED_EDGE('',*,*,#636,.T.);
#840=ORIENTED_EDGE('',*,*,#637,.T.);
#841=ORIENTED_EDGE('',*,*,#619,.F.);
#842=ORIENTED_EDGE('',*,*,#638,.F.);
#843=ORIENTED_EDGE('',*,*,#639,.T.);
#844=ORIENTED_EDGE('',*,*,#640,.T.);
#845=ORIENTED_EDGE('',*,*,#617,.F.);
#846=ORIENTED_EDGE('',*,*,#641,.F.);
#847=ORIENTED_EDGE('',*,*,#607,.T.);
#848=ORIENTED_EDGE('',*,*,#626,.T.);
#849=ORIENTED_EDGE('',*,*,#642,.T.);
#850=ORIENTED_EDGE('',*,*,#643,.T.);
#851=ORIENTED_EDGE('',*,*,#644,.T.);
#852=ORIENTED_EDGE('',*,*,#613,.F.);
#853=ORIENTED_EDGE('',*,*,#645,.T.);
#854=ORIENTED_EDGE('',*,*,#646,.T.);
#855=ORIENTED_EDGE('',*,*,#643,.F.);
#856=ORIENTED_EDGE('',*,*,#647,.T.);
#857=ORIENTED_EDGE('',*,*,#645,.F.);
#858=ORIENTED_EDGE('',*,*,#648,.T.);
#859=ORIENTED_EDGE('',*,*,#649,.T.);
#860=ORIENTED_EDGE('',*,*,#650,.T.);
#861=ORIENTED_EDGE('',*,*,#651,.T.);
#862=ORIENTED_EDGE('',*,*,#652,.T.);
#863=ORIENTED_EDGE('',*,*,#649,.F.);
#864=ORIENTED_EDGE('',*,*,#653,.T.);
#865=ORIENTED_EDGE('',*,*,#654,.T.);
#866=ORIENTED_EDGE('',*,*,#655,.F.);
#867=ORIENTED_EDGE('',*,*,#651,.F.);
#868=ORIENTED_EDGE('',*,*,#648,.F.);
#869=ORIENTED_EDGE('',*,*,#647,.F.);
#870=ORIENTED_EDGE('',*,*,#642,.F.);
#871=ORIENTED_EDGE('',*,*,#612,.F.);
#872=ORIENTED_EDGE('',*,*,#630,.F.);
#873=ORIENTED_EDGE('',*,*,#656,.F.);
#874=ORIENTED_EDGE('',*,*,#657,.F.);
#875=ORIENTED_EDGE('',*,*,#644,.F.);
#876=ORIENTED_EDGE('',*,*,#658,.F.);
#877=ORIENTED_EDGE('',*,*,#659,.F.);
#878=ORIENTED_EDGE('',*,*,#614,.F.);
#879=ORIENTED_EDGE('',*,*,#659,.T.);
#880=ORIENTED_EDGE('',*,*,#660,.T.);
#881=ORIENTED_EDGE('',*,*,#661,.T.);
#882=ORIENTED_EDGE('',*,*,#615,.F.);
#883=ORIENTED_EDGE('',*,*,#660,.F.);
#884=ORIENTED_EDGE('',*,*,#662,.T.);
#885=ORIENTED_EDGE('',*,*,#663,.T.);
#886=ORIENTED_EDGE('',*,*,#664,.T.);
#887=ORIENTED_EDGE('',*,*,#663,.F.);
#888=ORIENTED_EDGE('',*,*,#665,.T.);
#889=ORIENTED_EDGE('',*,*,#666,.T.);
#890=ORIENTED_EDGE('',*,*,#667,.T.);
#891=ORIENTED_EDGE('',*,*,#668,.T.);
#892=ORIENTED_EDGE('',*,*,#669,.T.);
#893=ORIENTED_EDGE('',*,*,#666,.F.);
#894=ORIENTED_EDGE('',*,*,#670,.T.);
#895=ORIENTED_EDGE('',*,*,#671,.F.);
#896=ORIENTED_EDGE('',*,*,#672,.T.);
#897=ORIENTED_EDGE('',*,*,#668,.F.);
#898=ORIENTED_EDGE('',*,*,#652,.F.);
#899=ORIENTED_EDGE('',*,*,#673,.F.);
#900=ORIENTED_EDGE('',*,*,#670,.F.);
#901=ORIENTED_EDGE('',*,*,#665,.F.);
#902=ORIENTED_EDGE('',*,*,#674,.F.);
#903=ORIENTED_EDGE('',*,*,#650,.F.);
#904=ORIENTED_EDGE('',*,*,#646,.F.);
#905=ORIENTED_EDGE('',*,*,#674,.T.);
#906=ORIENTED_EDGE('',*,*,#662,.F.);
#907=ORIENTED_EDGE('',*,*,#658,.T.);
#908=ORIENTED_EDGE('',*,*,#653,.F.);
#909=ORIENTED_EDGE('',*,*,#657,.T.);
#910=ORIENTED_EDGE('',*,*,#675,.T.);
#911=ORIENTED_EDGE('',*,*,#676,.T.);
#912=ORIENTED_EDGE('',*,*,#654,.F.);
#913=ORIENTED_EDGE('',*,*,#629,.F.);
#914=ORIENTED_EDGE('',*,*,#677,.T.);
#915=ORIENTED_EDGE('',*,*,#595,.T.);
#916=ORIENTED_EDGE('',*,*,#678,.T.);
#917=ORIENTED_EDGE('',*,*,#679,.T.);
#918=ORIENTED_EDGE('',*,*,#680,.T.);
#919=ORIENTED_EDGE('',*,*,#681,.T.);
#920=ORIENTED_EDGE('',*,*,#682,.T.);
#921=ORIENTED_EDGE('',*,*,#675,.F.);
#922=ORIENTED_EDGE('',*,*,#656,.T.);
#923=ORIENTED_EDGE('',*,*,#593,.T.);
#924=ORIENTED_EDGE('',*,*,#683,.T.);
#925=ORIENTED_EDGE('',*,*,#684,.T.);
#926=ORIENTED_EDGE('',*,*,#678,.F.);
#927=ORIENTED_EDGE('',*,*,#594,.F.);
#928=ORIENTED_EDGE('',*,*,#639,.F.);
#929=ORIENTED_EDGE('',*,*,#685,.T.);
#930=ORIENTED_EDGE('',*,*,#686,.T.);
#931=ORIENTED_EDGE('',*,*,#687,.T.);
#932=ORIENTED_EDGE('',*,*,#688,.T.);
#933=ORIENTED_EDGE('',*,*,#689,.T.);
#934=ORIENTED_EDGE('',*,*,#690,.T.);
#935=ORIENTED_EDGE('',*,*,#691,.T.);
#936=ORIENTED_EDGE('',*,*,#692,.T.);
#937=ORIENTED_EDGE('',*,*,#693,.T.);
#938=ORIENTED_EDGE('',*,*,#694,.T.);
#939=ORIENTED_EDGE('',*,*,#695,.T.);
#940=ORIENTED_EDGE('',*,*,#696,.T.);
#941=ORIENTED_EDGE('',*,*,#697,.T.);
#942=ORIENTED_EDGE('',*,*,#698,.T.);
#943=ORIENTED_EDGE('',*,*,#699,.T.);
#944=ORIENTED_EDGE('',*,*,#698,.F.);
#945=ORIENTED_EDGE('',*,*,#700,.T.);
#946=ORIENTED_EDGE('',*,*,#701,.T.);
#947=ORIENTED_EDGE('',*,*,#702,.T.);
#948=ORIENTED_EDGE('',*,*,#703,.T.);
#949=ORIENTED_EDGE('',*,*,#704,.T.);
#950=ORIENTED_EDGE('',*,*,#703,.F.);
#951=ORIENTED_EDGE('',*,*,#705,.F.);
#952=ORIENTED_EDGE('',*,*,#706,.T.);
#953=ORIENTED_EDGE('',*,*,#707,.F.);
#954=ORIENTED_EDGE('',*,*,#691,.F.);
#955=ORIENTED_EDGE('',*,*,#708,.T.);
#956=ORIENTED_EDGE('',*,*,#672,.F.);
#957=ORIENTED_EDGE('',*,*,#709,.T.);
#958=ORIENTED_EDGE('',*,*,#686,.F.);
#959=ORIENTED_EDGE('',*,*,#710,.T.);
#960=ORIENTED_EDGE('',*,*,#669,.F.);
#961=ORIENTED_EDGE('',*,*,#695,.F.);
#962=ORIENTED_EDGE('',*,*,#711,.T.);
#963=ORIENTED_EDGE('',*,*,#683,.F.);
#964=ORIENTED_EDGE('',*,*,#592,.T.);
#965=ORIENTED_EDGE('',*,*,#677,.F.);
#966=ORIENTED_EDGE('',*,*,#631,.T.);
#967=ORIENTED_EDGE('',*,*,#624,.F.);
#968=ORIENTED_EDGE('',*,*,#632,.F.);
#969=ORIENTED_EDGE('',*,*,#596,.T.);
#970=ORIENTED_EDGE('',*,*,#676,.F.);
#971=ORIENTED_EDGE('',*,*,#682,.F.);
#972=ORIENTED_EDGE('',*,*,#712,.F.);
#973=ORIENTED_EDGE('',*,*,#713,.F.);
#974=ORIENTED_EDGE('',*,*,#714,.T.);
#975=ORIENTED_EDGE('',*,*,#715,.F.);
#976=ORIENTED_EDGE('',*,*,#681,.F.);
#977=ORIENTED_EDGE('',*,*,#680,.F.);
#978=ORIENTED_EDGE('',*,*,#679,.F.);
#979=ORIENTED_EDGE('',*,*,#684,.F.);
#980=ORIENTED_EDGE('',*,*,#716,.T.);
#981=ORIENTED_EDGE('',*,*,#717,.T.);
#982=ORIENTED_EDGE('',*,*,#718,.T.);
#983=ORIENTED_EDGE('',*,*,#712,.T.);
#984=ORIENTED_EDGE('',*,*,#711,.F.);
#985=ORIENTED_EDGE('',*,*,#694,.F.);
#986=ORIENTED_EDGE('',*,*,#699,.F.);
#987=ORIENTED_EDGE('',*,*,#704,.F.);
#988=ORIENTED_EDGE('',*,*,#708,.F.);
#989=ORIENTED_EDGE('',*,*,#690,.F.);
#990=ORIENTED_EDGE('',*,*,#689,.F.);
#991=ORIENTED_EDGE('',*,*,#688,.F.);
#992=ORIENTED_EDGE('',*,*,#719,.T.);
#993=ORIENTED_EDGE('',*,*,#720,.T.);
#994=ORIENTED_EDGE('',*,*,#721,.T.);
#995=ORIENTED_EDGE('',*,*,#722,.T.);
#996=ORIENTED_EDGE('',*,*,#716,.F.);
#997=ORIENTED_EDGE('',*,*,#667,.F.);
#998=ORIENTED_EDGE('',*,*,#710,.F.);
#999=ORIENTED_EDGE('',*,*,#685,.F.);
#1000=ORIENTED_EDGE('',*,*,#641,.T.);
#1001=ORIENTED_EDGE('',*,*,#616,.F.);
#1002=ORIENTED_EDGE('',*,*,#661,.F.);
#1003=ORIENTED_EDGE('',*,*,#664,.F.);
#1004=ORIENTED_EDGE('',*,*,#709,.F.);
#1005=ORIENTED_EDGE('',*,*,#723,.F.);
#1006=ORIENTED_EDGE('',*,*,#724,.F.);
#1007=ORIENTED_EDGE('',*,*,#725,.T.);
#1008=ORIENTED_EDGE('',*,*,#719,.F.);
#1009=ORIENTED_EDGE('',*,*,#687,.F.);
#1010=ORIENTED_EDGE('',*,*,#584,.T.);
#1011=ORIENTED_EDGE('',*,*,#726,.F.);
#1012=ORIENTED_EDGE('',*,*,#700,.F.);
#1013=ORIENTED_EDGE('',*,*,#697,.F.);
#1014=ORIENTED_EDGE('',*,*,#696,.F.);
#1015=ORIENTED_EDGE('',*,*,#591,.T.);
#1016=ORIENTED_EDGE('',*,*,#583,.T.);
#1017=ORIENTED_EDGE('',*,*,#727,.T.);
#1018=ORIENTED_EDGE('',*,*,#701,.F.);
#1019=ORIENTED_EDGE('',*,*,#726,.T.);
#1020=ORIENTED_EDGE('',*,*,#728,.T.);
#1021=ORIENTED_EDGE('',*,*,#729,.F.);
#1022=ORIENTED_EDGE('',*,*,#636,.F.);
#1023=ORIENTED_EDGE('',*,*,#730,.F.);
#1024=ORIENTED_EDGE('',*,*,#692,.F.);
#1025=ORIENTED_EDGE('',*,*,#707,.T.);
#1026=ORIENTED_EDGE('',*,*,#706,.F.);
#1027=ORIENTED_EDGE('',*,*,#705,.T.);
#1028=ORIENTED_EDGE('',*,*,#702,.F.);
#1029=ORIENTED_EDGE('',*,*,#727,.F.);
#1030=ORIENTED_EDGE('',*,*,#582,.T.);
#1031=ORIENTED_EDGE('',*,*,#729,.T.);
#1032=ORIENTED_EDGE('',*,*,#728,.F.);
#1033=ORIENTED_EDGE('',*,*,#581,.T.);
#1034=ORIENTED_EDGE('',*,*,#578,.F.);
#1035=ORIENTED_EDGE('',*,*,#589,.F.);
#1036=ORIENTED_EDGE('',*,*,#731,.T.);
#1037=ORIENTED_EDGE('',*,*,#601,.T.);
#1038=ORIENTED_EDGE('',*,*,#635,.T.);
#1039=ORIENTED_EDGE('',*,*,#620,.F.);
#1040=ORIENTED_EDGE('',*,*,#637,.F.);
#1041=ORIENTED_EDGE('',*,*,#693,.F.);
#1042=ORIENTED_EDGE('',*,*,#730,.T.);
#1043=ORIENTED_EDGE('',*,*,#638,.T.);
#1044=ORIENTED_EDGE('',*,*,#618,.F.);
#1045=ORIENTED_EDGE('',*,*,#640,.F.);
#1046=ORIENTED_EDGE('',*,*,#598,.T.);
#1047=ORIENTED_EDGE('',*,*,#633,.T.);
#1048=ORIENTED_EDGE('',*,*,#622,.F.);
#1049=ORIENTED_EDGE('',*,*,#634,.F.);
#1050=ORIENTED_EDGE('',*,*,#599,.T.);
#1051=ORIENTED_EDGE('',*,*,#732,.F.);
#1052=ORIENTED_EDGE('',*,*,#587,.T.);
#1053=ORIENTED_EDGE('',*,*,#580,.T.);
#1054=ORIENTED_EDGE('',*,*,#586,.T.);
#1055=ORIENTED_EDGE('',*,*,#590,.F.);
#1056=ORIENTED_EDGE('',*,*,#731,.F.);
#1057=ORIENTED_EDGE('',*,*,#588,.F.);
#1058=ORIENTED_EDGE('',*,*,#732,.T.);
#1059=ORIENTED_EDGE('',*,*,#602,.T.);
#1060=ORIENTED_EDGE('',*,*,#733,.F.);
#1061=ORIENTED_EDGE('',*,*,#734,.T.);
#1062=ORIENTED_EDGE('',*,*,#735,.F.);
#1063=ORIENTED_EDGE('',*,*,#736,.T.);
#1064=ORIENTED_EDGE('',*,*,#714,.F.);
#1065=ORIENTED_EDGE('',*,*,#736,.F.);
#1066=ORIENTED_EDGE('',*,*,#737,.T.);
#1067=ORIENTED_EDGE('',*,*,#738,.T.);
#1068=ORIENTED_EDGE('',*,*,#739,.F.);
#1069=ORIENTED_EDGE('',*,*,#723,.T.);
#1070=ORIENTED_EDGE('',*,*,#671,.T.);
#1071=ORIENTED_EDGE('',*,*,#673,.T.);
#1072=ORIENTED_EDGE('',*,*,#655,.T.);
#1073=ORIENTED_EDGE('',*,*,#715,.T.);
#1074=ORIENTED_EDGE('',*,*,#740,.T.);
#1075=ORIENTED_EDGE('',*,*,#741,.T.);
#1076=ORIENTED_EDGE('',*,*,#742,.T.);
#1077=ORIENTED_EDGE('',*,*,#724,.T.);
#1078=ORIENTED_EDGE('',*,*,#739,.T.);
#1079=ORIENTED_EDGE('',*,*,#734,.F.);
#1080=ORIENTED_EDGE('',*,*,#743,.T.);
#1081=ORIENTED_EDGE('',*,*,#744,.T.);
#1082=ORIENTED_EDGE('',*,*,#745,.T.);
#1083=ORIENTED_EDGE('',*,*,#746,.T.);
#1084=ORIENTED_EDGE('',*,*,#746,.F.);
#1085=ORIENTED_EDGE('',*,*,#747,.F.);
#1086=ORIENTED_EDGE('',*,*,#748,.F.);
#1087=ORIENTED_EDGE('',*,*,#740,.F.);
#1088=ORIENTED_EDGE('',*,*,#749,.T.);
#1089=ORIENTED_EDGE('',*,*,#735,.T.);
#1090=ORIENTED_EDGE('',*,*,#745,.F.);
#1091=ORIENTED_EDGE('',*,*,#750,.F.);
#1092=ORIENTED_EDGE('',*,*,#751,.T.);
#1093=ORIENTED_EDGE('',*,*,#752,.F.);
#1094=ORIENTED_EDGE('',*,*,#753,.F.);
#1095=ORIENTED_EDGE('',*,*,#747,.T.);
#1096=ORIENTED_EDGE('',*,*,#741,.F.);
#1097=ORIENTED_EDGE('',*,*,#748,.T.);
#1098=ORIENTED_EDGE('',*,*,#753,.T.);
#1099=ORIENTED_EDGE('',*,*,#754,.T.);
#1100=ORIENTED_EDGE('',*,*,#755,.T.);
#1101=ORIENTED_EDGE('',*,*,#754,.F.);
#1102=ORIENTED_EDGE('',*,*,#752,.T.);
#1103=ORIENTED_EDGE('',*,*,#756,.T.);
#1104=ORIENTED_EDGE('',*,*,#721,.F.);
#1105=ORIENTED_EDGE('',*,*,#757,.T.);
#1106=ORIENTED_EDGE('',*,*,#749,.F.);
#1107=ORIENTED_EDGE('',*,*,#738,.F.);
#1108=ORIENTED_EDGE('',*,*,#758,.T.);
#1109=ORIENTED_EDGE('',*,*,#759,.T.);
#1110=ORIENTED_EDGE('',*,*,#758,.F.);
#1111=ORIENTED_EDGE('',*,*,#737,.F.);
#1112=ORIENTED_EDGE('',*,*,#759,.F.);
#1113=ORIENTED_EDGE('',*,*,#744,.F.);
#1114=ORIENTED_EDGE('',*,*,#760,.T.);
#1115=ORIENTED_EDGE('',*,*,#717,.F.);
#1116=ORIENTED_EDGE('',*,*,#761,.T.);
#1117=ORIENTED_EDGE('',*,*,#750,.T.);
#1118=ORIENTED_EDGE('',*,*,#761,.F.);
#1119=ORIENTED_EDGE('',*,*,#722,.F.);
#1120=ORIENTED_EDGE('',*,*,#756,.F.);
#1121=ORIENTED_EDGE('',*,*,#751,.F.);
#1122=ORIENTED_EDGE('',*,*,#755,.F.);
#1123=ORIENTED_EDGE('',*,*,#757,.F.);
#1124=ORIENTED_EDGE('',*,*,#720,.F.);
#1125=ORIENTED_EDGE('',*,*,#725,.F.);
#1126=ORIENTED_EDGE('',*,*,#742,.F.);
#1127=ORIENTED_EDGE('',*,*,#713,.T.);
#1128=ORIENTED_EDGE('',*,*,#718,.F.);
#1129=ORIENTED_EDGE('',*,*,#760,.F.);
#1130=ORIENTED_EDGE('',*,*,#743,.F.);
#1131=ORIENTED_EDGE('',*,*,#733,.T.);
#1132=PLANE('',#1223);
#1133=PLANE('',#1224);
#1134=PLANE('',#1225);
#1135=PLANE('',#1226);
#1136=PLANE('',#1235);
#1137=PLANE('',#1238);
#1138=PLANE('',#1243);
#1139=PLANE('',#1244);
#1140=PLANE('',#1251);
#1141=PLANE('',#1252);
#1142=PLANE('',#1264);
#1143=PLANE('',#1267);
#1144=PLANE('',#1270);
#1145=PLANE('',#1271);
#1146=PLANE('',#1272);
#1147=PLANE('',#1273);
#1148=PLANE('',#1274);
#1149=PLANE('',#1277);
#1150=PLANE('',#1287);
#1151=PLANE('',#1297);
#1152=PLANE('',#1300);
#1153=PLANE('',#1301);
#1154=ADVANCED_FACE('',(#187),#1132,.F.);
#1155=ADVANCED_FACE('',(#188),#1133,.T.);
#1156=ADVANCED_FACE('',(#189),#1134,.F.);
#1157=ADVANCED_FACE('',(#190),#78,.F.);
#1158=ADVANCED_FACE('',(#191,#34,#35),#1135,.F.);
#1159=ADVANCED_FACE('',(#192),#17,.F.);
#1160=ADVANCED_FACE('',(#193),#18,.F.);
#1161=ADVANCED_FACE('',(#194,#36,#37),#1136,.T.);
#1162=ADVANCED_FACE('',(#195,#38),#1137,.T.);
#1163=ADVANCED_FACE('',(#196),#19,.F.);
#1164=ADVANCED_FACE('',(#197),#20,.F.);
#1165=ADVANCED_FACE('',(#198),#79,.T.);
#1166=ADVANCED_FACE('',(#199),#80,.T.);
#1167=ADVANCED_FACE('',(#200),#1138,.T.);
#1168=ADVANCED_FACE('',(#201),#81,.T.);
#1169=ADVANCED_FACE('',(#202),#82,.T.);
#1170=ADVANCED_FACE('',(#203,#39),#1139,.T.);
#1171=ADVANCED_FACE('',(#204),#21,.T.);
#1172=ADVANCED_FACE('',(#205),#83,.F.);
#1173=ADVANCED_FACE('',(#206),#84,.F.);
#1174=ADVANCED_FACE('',(#207),#85,.F.);
#1175=ADVANCED_FACE('',(#208),#86,.F.);
#1176=ADVANCED_FACE('',(#209),#1140,.T.);
#1177=ADVANCED_FACE('',(#210),#1141,.T.);
#1178=ADVANCED_FACE('',(#211),#22,.T.);
#1179=ADVANCED_FACE('',(#212),#87,.F.);
#1180=ADVANCED_FACE('',(#213),#88,.F.);
#1181=ADVANCED_FACE('',(#214),#89,.F.);
#1182=ADVANCED_FACE('',(#215),#90,.F.);
#1183=ADVANCED_FACE('',(#216),#91,.T.);
#1184=ADVANCED_FACE('',(#217),#92,.F.);
#1185=ADVANCED_FACE('',(#218),#23,.F.);
#1186=ADVANCED_FACE('',(#219),#93,.T.);
#1187=ADVANCED_FACE('',(#220),#94,.T.);
#1188=ADVANCED_FACE('',(#221),#95,.T.);
#1189=ADVANCED_FACE('',(#222),#96,.T.);
#1190=ADVANCED_FACE('',(#223),#97,.T.);
#1191=ADVANCED_FACE('',(#224),#98,.T.);
#1192=ADVANCED_FACE('',(#225),#24,.F.);
#1193=ADVANCED_FACE('',(#226),#99,.T.);
#1194=ADVANCED_FACE('',(#227),#1142,.T.);
#1195=ADVANCED_FACE('',(#228),#25,.T.);
#1196=ADVANCED_FACE('',(#229),#100,.F.);
#1197=ADVANCED_FACE('',(#230),#101,.F.);
#1198=ADVANCED_FACE('',(#231),#1143,.T.);
#1199=ADVANCED_FACE('',(#232),#26,.T.);
#1200=ADVANCED_FACE('',(#233),#102,.F.);
#1201=ADVANCED_FACE('',(#234),#1144,.T.);
#1202=ADVANCED_FACE('',(#235),#103,.F.);
#1203=ADVANCED_FACE('',(#236),#1145,.T.);
#1204=ADVANCED_FACE('',(#237),#1146,.T.);
#1205=ADVANCED_FACE('',(#238),#1147,.T.);
#1206=ADVANCED_FACE('',(#239),#1148,.T.);
#1207=ADVANCED_FACE('',(#240),#27,.F.);
#1208=ADVANCED_FACE('',(#241),#1149,.F.);
#1209=ADVANCED_FACE('',(#242),#28,.F.);
#1210=ADVANCED_FACE('',(#243),#29,.T.);
#1211=ADVANCED_FACE('',(#244),#16,.F.);
#1212=ADVANCED_FACE('',(#245),#1150,.F.);
#1213=ADVANCED_FACE('',(#246),#30,.T.);
#1214=ADVANCED_FACE('',(#247),#31,.T.);
#1215=ADVANCED_FACE('',(#248),#15,.F.);
#1216=ADVANCED_FACE('',(#249),#1151,.F.);
#1217=ADVANCED_FACE('',(#250),#32,.T.);
#1218=ADVANCED_FACE('',(#251),#33,.T.);
#1219=ADVANCED_FACE('',(#252),#1152,.T.);
#1220=ADVANCED_FACE('',(#253),#1153,.T.);
#1221=CLOSED_SHELL('',(#1154,#1155,#1156,#1157,#1158,#1159,#1160,#1161,
#1162,#1163,#1164,#1165,#1166,#1167,#1168,#1169,#1170,#1171,#1172,#1173,
#1174,#1175,#1176,#1177,#1178,#1179,#1180,#1181,#1182,#1183,#1184,#1185,
#1186,#1187,#1188,#1189,#1190,#1191,#1192,#1193,#1194,#1195,#1196,#1197,
#1198,#1199,#1200,#1201,#1202,#1203,#1204,#1205,#1206,#1207,#1208,#1209,
#1210,#1211,#1212,#1213,#1214,#1215,#1216,#1217,#1218,#1219,#1220));
#1222=AXIS2_PLACEMENT_3D('',#1526,#1302,#1303);
#1223=AXIS2_PLACEMENT_3D('',#1527,#1304,#1305);
#1224=AXIS2_PLACEMENT_3D('',#1536,#1310,#1311);
#1225=AXIS2_PLACEMENT_3D('',#1566,#1315,#1316);
#1226=AXIS2_PLACEMENT_3D('',#1640,#1322,#1323);
#1227=AXIS2_PLACEMENT_3D('',#1650,#1328,#1329);
#1228=AXIS2_PLACEMENT_3D('',#1652,#1330,#1331);
#1229=AXIS2_PLACEMENT_3D('',#1653,#1332,#1333);
#1230=AXIS2_PLACEMENT_3D('',#1655,#1334,#1335);
#1231=AXIS2_PLACEMENT_3D('',#1658,#1337,#1338);
#1232=AXIS2_PLACEMENT_3D('',#1659,#1339,#1340);
#1233=AXIS2_PLACEMENT_3D('',#1661,#1341,#1342);
#1234=AXIS2_PLACEMENT_3D('',#1664,#1344,#1345);
#1235=AXIS2_PLACEMENT_3D('',#1665,#1346,#1347);
#1236=AXIS2_PLACEMENT_3D('',#1702,#1349,#1350);
#1237=AXIS2_PLACEMENT_3D('',#1706,#1352,#1353);
#1238=AXIS2_PLACEMENT_3D('',#1762,#1360,#1361);
#1239=AXIS2_PLACEMENT_3D('',#1764,#1362,#1363);
#1240=AXIS2_PLACEMENT_3D('',#1765,#1364,#1365);
#1241=AXIS2_PLACEMENT_3D('',#1767,#1366,#1367);
#1242=AXIS2_PLACEMENT_3D('',#1769,#1369,#1370);
#1243=AXIS2_PLACEMENT_3D('',#1864,#1376,#1377);
#1244=AXIS2_PLACEMENT_3D('',#1962,#1384,#1385);
#1245=AXIS2_PLACEMENT_3D('',#1963,#1386,#1387);
#1246=AXIS2_PLACEMENT_3D('',#1967,#1389,#1390);
#1247=AXIS2_PLACEMENT_3D('',#1996,#1392,#1393);
#1248=AXIS2_PLACEMENT_3D('',#2033,#1394,#1395);
#1249=AXIS2_PLACEMENT_3D('',#2075,#1396,#1397);
#1250=AXIS2_PLACEMENT_3D('',#2121,#1398,#1399);
#1251=AXIS2_PLACEMENT_3D('',#2122,#1400,#1401);
#1252=AXIS2_PLACEMENT_3D('',#2135,#1403,#1404);
#1253=AXIS2_PLACEMENT_3D('',#2144,#1406,#1407);
#1254=AXIS2_PLACEMENT_3D('',#2146,#1408,#1409);
#1255=AXIS2_PLACEMENT_3D('',#2180,#1411,#1412);
#1256=AXIS2_PLACEMENT_3D('',#2212,#1413,#1414);
#1257=AXIS2_PLACEMENT_3D('',#2254,#1415,#1416);
#1258=AXIS2_PLACEMENT_3D('',#2294,#1417,#1418);
#1259=AXIS2_PLACEMENT_3D('',#2356,#1419,#1420);
#1260=AXIS2_PLACEMENT_3D('',#2393,#1421,#1422);
#1261=AXIS2_PLACEMENT_3D('',#2659,#1424,#1425);
#1262=AXIS2_PLACEMENT_3D('',#2955,#1426,#1427);
#1263=AXIS2_PLACEMENT_3D('',#3115,#1428,#1429);
#1264=AXIS2_PLACEMENT_3D('',#3138,#1432,#1433);
#1265=AXIS2_PLACEMENT_3D('',#3139,#1434,#1435);
#1266=AXIS2_PLACEMENT_3D('',#3157,#1437,#1438);
#1267=AXIS2_PLACEMENT_3D('',#3297,#1440,#1441);
#1268=AXIS2_PLACEMENT_3D('',#3298,#1442,#1443);
#1269=AXIS2_PLACEMENT_3D('',#3300,#1444,#1445);
#1270=AXIS2_PLACEMENT_3D('',#3328,#1448,#1449);
#1271=AXIS2_PLACEMENT_3D('',#3370,#1452,#1453);
#1272=AXIS2_PLACEMENT_3D('',#3372,#1455,#1456);
#1273=AXIS2_PLACEMENT_3D('',#3373,#1457,#1458);
#1274=AXIS2_PLACEMENT_3D('',#3375,#1460,#1461);
#1275=AXIS2_PLACEMENT_3D('',#3376,#1462,#1463);
#1276=AXIS2_PLACEMENT_3D('',#3378,#1464,#1465);
#1277=AXIS2_PLACEMENT_3D('',#3395,#1468,#1469);
#1278=AXIS2_PLACEMENT_3D('',#3397,#1470,#1471);
#1279=AXIS2_PLACEMENT_3D('',#3399,#1472,#1473);
#1280=AXIS2_PLACEMENT_3D('',#3401,#1475,#1476);
#1281=AXIS2_PLACEMENT_3D('',#3417,#1478,#1479);
#1282=AXIS2_PLACEMENT_3D('',#3418,#1480,#1481);
#1283=AXIS2_PLACEMENT_3D('',#3420,#1482,#1483);
#1284=AXIS2_PLACEMENT_3D('',#3450,#1485,#1486);
#1285=AXIS2_PLACEMENT_3D('',#3452,#1487,#1488);
#1286=AXIS2_PLACEMENT_3D('',#3465,#1489,#1490);
#1287=AXIS2_PLACEMENT_3D('',#3466,#1491,#1492);
#1288=AXIS2_PLACEMENT_3D('',#3468,#1493,#1494);
#1289=AXIS2_PLACEMENT_3D('',#3470,#1495,#1496);
#1290=AXIS2_PLACEMENT_3D('',#3472,#1497,#1498);
#1291=AXIS2_PLACEMENT_3D('',#3474,#1500,#1501);
#1292=AXIS2_PLACEMENT_3D('',#3486,#1502,#1503);
#1293=AXIS2_PLACEMENT_3D('',#3487,#1504,#1505);
#1294=AXIS2_PLACEMENT_3D('',#3490,#1508,#1509);
#1295=AXIS2_PLACEMENT_3D('',#3492,#1510,#1511);
#1296=AXIS2_PLACEMENT_3D('',#3493,#1512,#1513);
#1297=AXIS2_PLACEMENT_3D('',#3494,#1514,#1515);
#1298=AXIS2_PLACEMENT_3D('',#3495,#1516,#1517);
#1299=AXIS2_PLACEMENT_3D('',#3498,#1520,#1521);
#1300=AXIS2_PLACEMENT_3D('',#3499,#1522,#1523);
#1301=AXIS2_PLACEMENT_3D('',#3500,#1524,#1525);
#1302=DIRECTION('axis',(0.,0.,1.));
#1303=DIRECTION('refdir',(1.,0.,0.));
#1304=DIRECTION('center_axis',(0.,-1.,0.));
#1305=DIRECTION('ref_axis',(1.,0.,0.));
#1306=DIRECTION('',(1.,0.,-7.17251457635346E-30));
#1307=DIRECTION('',(0.,0.,1.));
#1308=DIRECTION('',(1.,0.,0.));
#1309=DIRECTION('',(0.,0.,1.));
#1310=DIRECTION('center_axis',(0.,0.,-1.));
#1311=DIRECTION('ref_axis',(1.,0.,0.));
#1312=DIRECTION('',(0.,-1.,0.));
#1313=DIRECTION('',(-1.,-5.24558153028737E-45,0.));
#1314=DIRECTION('',(0.,1.,0.));
#1315=DIRECTION('center_axis',(7.17251457635346E-30,3.88578058618804E-16,
1.));
#1316=DIRECTION('ref_axis',(-1.,1.9271909135536E-47,7.17251457635346E-30));
#1317=DIRECTION('',(-2.76780988035897E-45,1.,-3.88578058618804E-16));
#1318=DIRECTION('',(-1.,1.92719091355369E-47,7.17251457635346E-30));
#1319=DIRECTION('',(-2.76780988035897E-45,1.,-3.88578058618804E-16));
#1320=DIRECTION('',(0.,-5.2245789394125E-16,-1.));
#1321=DIRECTION('',(0.,5.2245789394125E-16,1.));
#1322=DIRECTION('center_axis',(0.,0.,-1.));
#1323=DIRECTION('ref_axis',(1.,0.,0.));
#1324=DIRECTION('',(2.76780988035897E-45,-1.,3.88578058618804E-16));
#1325=DIRECTION('',(1.,0.,0.));
#1326=DIRECTION('',(-2.76780988035897E-45,1.,-3.88578058618804E-16));
#1327=DIRECTION('',(-1.,-1.71331140248645E-47,7.12291859760973E-30));
#1328=DIRECTION('center_axis',(0.,0.,1.));
#1329=DIRECTION('ref_axis',(1.,0.,0.));
#1330=DIRECTION('center_axis',(0.,0.,1.));
#1331=DIRECTION('ref_axis',(1.,0.,0.));
#1332=DIRECTION('center_axis',(0.,0.,-1.));
#1333=DIRECTION('ref_axis',(1.,0.,0.));
#1334=DIRECTION('center_axis',(0.,0.,1.));
#1335=DIRECTION('ref_axis',(1.,0.,0.));
#1336=DIRECTION('',(0.,0.,1.));
#1337=DIRECTION('center_axis',(0.,0.,-1.));
#1338=DIRECTION('ref_axis',(1.,0.,0.));
#1339=DIRECTION('center_axis',(0.,0.,-1.));
#1340=DIRECTION('ref_axis',(1.,0.,0.));
#1341=DIRECTION('center_axis',(0.,0.,1.));
#1342=DIRECTION('ref_axis',(1.,0.,0.));
#1343=DIRECTION('',(0.,0.,1.));
#1344=DIRECTION('center_axis',(0.,0.,-1.));
#1345=DIRECTION('ref_axis',(1.,0.,0.));
#1346=DIRECTION('center_axis',(0.,0.,-1.));
#1347=DIRECTION('ref_axis',(1.,0.,0.));
#1348=DIRECTION('',(-7.51824784645402E-17,-1.,0.));
#1349=DIRECTION('center_axis',(0.,0.,-1.));
#1350=DIRECTION('ref_axis',(1.,0.,0.));
#1351=DIRECTION('',(-1.,0.,0.));
#1352=DIRECTION('center_axis',(0.,0.,-1.));
#1353=DIRECTION('ref_axis',(-4.44089209850064E-15,-1.,0.));
#1354=DIRECTION('',(-3.75775656425419E-16,1.,0.));
#1355=DIRECTION('',(6.96672385545863E-16,1.,0.));
#1356=DIRECTION('',(-3.031700022666E-17,-1.,0.));
#1357=DIRECTION('',(1.,0.,0.));
#1358=DIRECTION('',(-3.03167365056651E-17,1.,0.));
#1359=DIRECTION('',(-2.32425021434091E-16,-1.,0.));
#1360=DIRECTION('center_axis',(0.,0.,-1.));
#1361=DIRECTION('ref_axis',(1.,0.,0.));
#1362=DIRECTION('center_axis',(0.,0.,-1.));
#1363=DIRECTION('ref_axis',(1.,0.,0.));
#1364=DIRECTION('center_axis',(0.,0.,-1.));
#1365=DIRECTION('ref_axis',(1.,0.,0.));
#1366=DIRECTION('center_axis',(0.,0.,-1.));
#1367=DIRECTION('ref_axis',(1.,0.,0.));
#1368=DIRECTION('',(0.,0.,1.));
#1369=DIRECTION('center_axis',(0.,0.,-1.));
#1370=DIRECTION('ref_axis',(1.,0.,0.));
#1371=DIRECTION('',(0.,0.,1.));
#1372=DIRECTION('',(0.,0.,-1.));
#1373=DIRECTION('',(0.,0.,-1.));
#1374=DIRECTION('',(0.,0.,-1.));
#1375=DIRECTION('',(0.,0.,-1.));
#1376=DIRECTION('center_axis',(0.,1.,0.));
#1377=DIRECTION('ref_axis',(1.,0.,0.));
#1378=DIRECTION('',(0.,0.,-1.));
#1379=DIRECTION('',(0.,0.,-1.));
#1380=DIRECTION('',(0.,0.,-1.));
#1381=DIRECTION('',(0.,0.,-1.));
#1382=DIRECTION('',(0.,0.,-1.));
#1383=DIRECTION('',(0.,0.,-1.));
#1384=DIRECTION('center_axis',(0.,0.,-1.));
#1385=DIRECTION('ref_axis',(1.,0.,0.));
#1386=DIRECTION('center_axis',(0.,7.34031751818284E-16,1.));
#1387=DIRECTION('ref_axis',(0.707106781186543,-0.707106781186552,0.));
#1388=DIRECTION('',(0.,7.34031751818284E-16,1.));
#1389=DIRECTION('center_axis',(0.,0.,-1.));
#1390=DIRECTION('ref_axis',(1.,0.,0.));
#1391=DIRECTION('',(0.,-7.34031751818284E-16,-1.));
#1392=DIRECTION('center_axis',(0.,-0.680430903084194,-0.732812244799463));
#1393=DIRECTION('ref_axis',(1.,0.,0.));
#1394=DIRECTION('center_axis',(2.85275299311574E-14,-0.535319054865671,
-0.844649933107039));
#1395=DIRECTION('ref_axis',(1.,5.32907051820076E-14,0.));
#1396=DIRECTION('center_axis',(-0.650626457390738,-0.644906529825591,-0.400974788149445));
#1397=DIRECTION('ref_axis',(0.703977961816551,-0.710221816953418,0.));
#1398=DIRECTION('center_axis',(0.,0.,1.));
#1399=DIRECTION('ref_axis',(-1.,0.,0.));
#1400=DIRECTION('center_axis',(1.,-3.89551948153151E-17,2.85943498927083E-32));
#1401=DIRECTION('ref_axis',(-3.89551948153151E-17,-1.,3.88578058618804E-16));
#1402=DIRECTION('',(2.85943498927083E-32,-1.11389847068774E-48,-1.));
#1403=DIRECTION('center_axis',(5.24558153028737E-45,-1.,7.34031751818284E-16));
#1404=DIRECTION('ref_axis',(-1.,1.9271909135537E-47,7.17251457635346E-30));
#1405=DIRECTION('',(0.,7.34031751818284E-16,1.));
#1406=DIRECTION('center_axis',(0.,7.34031751818284E-16,1.));
#1407=DIRECTION('ref_axis',(-0.707106781186544,-0.707106781186551,0.));
#1408=DIRECTION('center_axis',(0.,0.,-1.));
#1409=DIRECTION('ref_axis',(-8.87144135930388E-9,-1.,0.));
#1410=DIRECTION('',(0.,-7.34031751818284E-16,-1.));
#1411=DIRECTION('center_axis',(0.,-0.680430903049521,-0.732812244831658));
#1412=DIRECTION('ref_axis',(-0.0063169109390837,-0.732797623848994,0.680417327173152));
#1413=DIRECTION('center_axis',(3.95171703549743E-14,-0.535319054911506,
-0.84464993307799));
#1414=DIRECTION('ref_axis',(-0.110525605181297,-0.839474996848515,0.53203930330897));
#1415=DIRECTION('center_axis',(0.650626457582329,-0.644906529590928,-0.400974788215987));
#1416=DIRECTION('ref_axis',(-0.436852850279638,-0.749753294940652,0.497020707745856));
#1417=DIRECTION('center_axis',(0.,0.,1.));
#1418=DIRECTION('ref_axis',(-1.,0.,0.));
#1419=DIRECTION('center_axis',(0.,0.,1.));
#1420=DIRECTION('ref_axis',(-1.,0.,0.));
#1421=DIRECTION('center_axis',(0.,0.,-1.));
#1422=DIRECTION('ref_axis',(-0.877707785386005,0.479196247348406,0.));
#1423=DIRECTION('',(0.,0.,1.));
#1424=DIRECTION('center_axis',(-0.954747535047772,0.297417451069666,6.41827557667401E-5));
#1425=DIRECTION('ref_axis',(-0.297417451682261,-0.954747537014278,0.));
#1426=DIRECTION('center_axis',(0.954805287275723,-0.297232002395498,1.19284317486276E-5));
#1427=DIRECTION('ref_axis',(-0.264297595061427,-0.848990960502994,0.457559974461217));
#1428=DIRECTION('center_axis',(0.,0.,1.));
#1429=DIRECTION('ref_axis',(0.877707785346592,0.479196247420596,0.));
#1430=DIRECTION('',(0.,0.,-1.));
#1431=DIRECTION('',(2.03166033517985E-60,5.6232495492442E-105,1.));
#1432=DIRECTION('center_axis',(1.,-3.89551948153151E-17,2.85943498927083E-32));
#1433=DIRECTION('ref_axis',(-3.89551948153151E-17,-1.,3.88578058618804E-16));
#1434=DIRECTION('center_axis',(0.,0.,-1.));
#1435=DIRECTION('ref_axis',(0.965510196499272,-0.260365244331758,0.));
#1436=DIRECTION('',(0.,0.,-1.));
#1437=DIRECTION('center_axis',(0.,0.,1.));
#1438=DIRECTION('ref_axis',(-1.,0.,0.));
#1439=DIRECTION('',(0.13976926142979,0.435703485056859,0.889172101827694));
#1440=DIRECTION('center_axis',(-1.,-2.76780988035897E-45,2.03166033517985E-60));
#1441=DIRECTION('ref_axis',(-2.76780988035897E-45,1.,-3.88578058618804E-16));
#1442=DIRECTION('center_axis',(0.,0.,-1.));
#1443=DIRECTION('ref_axis',(-1.,0.,0.));
#1444=DIRECTION('center_axis',(0.,0.,1.));
#1445=DIRECTION('ref_axis',(-1.,0.,0.));
#1446=DIRECTION('',(0.,0.,-1.));
#1447=DIRECTION('',(0.,-5.2245789394125E-16,-1.));
#1448=DIRECTION('center_axis',(-5.24558153028737E-45,1.,-7.34031751818284E-16));
#1449=DIRECTION('ref_axis',(1.,-1.9271909135536E-47,-7.17251457635346E-30));
#1450=DIRECTION('',(0.,5.73018335290403E-16,1.));
#1451=DIRECTION('',(0.,-5.73018335290403E-16,-1.));
#1452=DIRECTION('center_axis',(1.,2.76780988035897E-45,-2.03166033517985E-60));
#1453=DIRECTION('ref_axis',(2.76780988035897E-45,-1.,3.88578058618804E-16));
#1454=DIRECTION('',(0.,0.,-1.));
#1455=DIRECTION('center_axis',(-1.,-2.76780988035897E-45,2.03166033517985E-60));
#1456=DIRECTION('ref_axis',(-2.76780988035897E-45,1.,-3.88578058618804E-16));
#1457=DIRECTION('center_axis',(-1.,-2.76780988035897E-45,2.03166033517985E-60));
#1458=DIRECTION('ref_axis',(-2.76780988035897E-45,1.,-3.88578058618804E-16));
#1459=DIRECTION('',(0.,-7.34031751818284E-16,-1.));
#1460=DIRECTION('center_axis',(-5.24558153028737E-45,1.,-7.34031751818284E-16));
#1461=DIRECTION('ref_axis',(1.,-1.92719091355369E-47,-7.17251457635346E-30));
#1462=DIRECTION('center_axis',(0.890352930132889,0.455270974040493,0.));
#1463=DIRECTION('ref_axis',(0.,0.,1.));
#1464=DIRECTION('center_axis',(0.890352930132889,0.455270974040492,0.));
#1465=DIRECTION('ref_axis',(0.,0.,1.));
#1466=DIRECTION('',(-0.890352930132889,-0.455270974040493,0.));
#1467=DIRECTION('',(0.890352930132889,0.455270974040493,0.));
#1468=DIRECTION('center_axis',(0.,0.,-1.));
#1469=DIRECTION('ref_axis',(-1.,0.,0.));
#1470=DIRECTION('center_axis',(0.,0.,-1.));
#1471=DIRECTION('ref_axis',(-1.,0.,0.));
#1472=DIRECTION('center_axis',(0.,0.,-1.));
#1473=DIRECTION('ref_axis',(-1.,0.,0.));
#1474=DIRECTION('',(0.890352930132888,-0.455270974040495,0.));
#1475=DIRECTION('center_axis',(0.890352930132888,-0.455270974040495,0.));
#1476=DIRECTION('ref_axis',(0.,0.,1.));
#1477=DIRECTION('',(-0.890352930132888,0.455270974040495,0.));
#1478=DIRECTION('center_axis',(-0.890352930132889,0.455270974040492,0.));
#1479=DIRECTION('ref_axis',(0.,0.,1.));
#1480=DIRECTION('center_axis',(0.890352930132889,0.455270974040492,0.));
#1481=DIRECTION('ref_axis',(0.260773708593299,-0.509983391840424,0.819703612870795));
#1482=DIRECTION('center_axis',(-0.890352930132889,-0.455270974040492,0.));
#1483=DIRECTION('ref_axis',(0.260773708593299,-0.509983391840424,0.819703612870795));
#1484=DIRECTION('',(-0.890352930132889,-0.455270974040492,0.));
#1485=DIRECTION('center_axis',(0.,0.,1.));
#1486=DIRECTION('ref_axis',(-1.,0.,0.));
#1487=DIRECTION('center_axis',(0.,0.,-1.));
#1488=DIRECTION('ref_axis',(-1.,0.,0.));
#1489=DIRECTION('center_axis',(0.,0.,-1.));
#1490=DIRECTION('ref_axis',(-1.,0.,0.));
#1491=DIRECTION('center_axis',(0.,0.,-1.));
#1492=DIRECTION('ref_axis',(-1.,0.,0.));
#1493=DIRECTION('center_axis',(0.,0.,-1.));
#1494=DIRECTION('ref_axis',(0.644482640439121,0.764618941808675,0.));
#1495=DIRECTION('center_axis',(0.,0.,1.));
#1496=DIRECTION('ref_axis',(-1.,0.,0.));
#1497=DIRECTION('center_axis',(0.,0.,-1.));
#1498=DIRECTION('ref_axis',(-0.644482640439121,0.764618941808675,0.));
#1499=DIRECTION('',(-0.890352930132888,0.455270974040495,0.));
#1500=DIRECTION('center_axis',(0.890352930132888,-0.455270974040495,0.));
#1501=DIRECTION('ref_axis',(-0.2607737085933,-0.509983391840422,0.819703612870795));
#1502=DIRECTION('center_axis',(0.890352930132889,-0.455270974040492,0.));
#1503=DIRECTION('ref_axis',(-0.2607737085933,-0.509983391840422,0.819703612870795));
#1504=DIRECTION('center_axis',(0.,0.,1.));
#1505=DIRECTION('ref_axis',(-0.644482640439121,0.764618941808675,0.));
#1506=DIRECTION('',(0.,0.,-1.));
#1507=DIRECTION('',(0.,0.,1.));
#1508=DIRECTION('center_axis',(0.,0.,1.));
#1509=DIRECTION('ref_axis',(1.,0.,0.));
#1510=DIRECTION('center_axis',(0.,-1.,0.));
#1511=DIRECTION('ref_axis',(-1.,0.,0.));
#1512=DIRECTION('center_axis',(0.,0.,-1.));
#1513=DIRECTION('ref_axis',(-1.,0.,0.));
#1514=DIRECTION('center_axis',(0.,0.,-1.));
#1515=DIRECTION('ref_axis',(-1.,0.,0.));
#1516=DIRECTION('center_axis',(0.,0.,-1.));
#1517=DIRECTION('ref_axis',(0.644482640439121,0.764618941808675,0.));
#1518=DIRECTION('',(0.,0.,-1.));
#1519=DIRECTION('',(0.,0.,1.));
#1520=DIRECTION('center_axis',(0.,0.,-1.));
#1521=DIRECTION('ref_axis',(-1.,0.,0.));
#1522=DIRECTION('center_axis',(-0.890352930132889,0.455270974040492,0.));
#1523=DIRECTION('ref_axis',(0.455270974040492,0.890352930132889,0.));
#1524=DIRECTION('center_axis',(0.890352930132889,0.455270974040492,0.));
#1525=DIRECTION('ref_axis',(0.455270974040492,-0.890352930132889,0.));
#1526=CARTESIAN_POINT('',(0.,0.,0.));
#1527=CARTESIAN_POINT('Origin',(-8.49999999801639,-129.900069329403,-168.));
#1528=CARTESIAN_POINT('',(-8.49999999801639,-129.900069329403,-168.));
#1529=CARTESIAN_POINT('',(8.50000000198274,-129.900069329403,-168.));
#1530=CARTESIAN_POINT('',(-4.24999999801661,-129.900069329403,-168.));
#1531=CARTESIAN_POINT('',(-8.49999999801639,-129.900069329403,-167.));
#1532=CARTESIAN_POINT('',(-8.49999999801639,-129.900069329403,-168.));
#1533=CARTESIAN_POINT('',(8.50000000198274,-129.900069329403,-167.));
#1534=CARTESIAN_POINT('',(8.50000000198274,-129.900069329403,-167.));
#1535=CARTESIAN_POINT('',(8.50000000198274,-129.900069329403,-168.));
#1536=CARTESIAN_POINT('Origin',(-0.00416458216354054,-110.445870787156,
-167.));
#1537=CARTESIAN_POINT('',(-8.49999999801638,-92.4288701522453,-167.));
#1538=CARTESIAN_POINT('',(-8.49999999801639,-144.999999998016,-167.));
#1539=CARTESIAN_POINT('',(-2.34699674331319,-91.0000014156101,-167.));
#1540=CARTESIAN_POINT('Ctrl Pts',(-2.34699674335816,-91.0000014151462,-167.));
#1541=CARTESIAN_POINT('Ctrl Pts',(-3.34951080069226,-91.0971594999092,-167.));
#1542=CARTESIAN_POINT('Ctrl Pts',(-4.34692525096422,-91.2565879141946,-167.));
#1543=CARTESIAN_POINT('Ctrl Pts',(-5.33340273152445,-91.4780748028109,-167.));
#1544=CARTESIAN_POINT('Ctrl Pts',(-6.52670203336212,-91.7459979483063,-167.));
#1545=CARTESIAN_POINT('Ctrl Pts',(-7.57566946882704,-92.0757235676348,-167.));
#1546=CARTESIAN_POINT('Ctrl Pts',(-8.49758998737714,-92.4350534352356,-167.));
#1547=CARTESIAN_POINT('',(2.35227150984184,-91.0000014156102,-167.));
#1548=CARTESIAN_POINT('',(-5.75208229008996,-91.0000014156102,-167.));
#1549=CARTESIAN_POINT('',(7.24273226468507,-91.9872866826939,-167.));
#1550=CARTESIAN_POINT('Ctrl Pts',(7.24273226468507,-91.9872866826939,-167.));
#1551=CARTESIAN_POINT('Ctrl Pts',(6.15793461637578,-91.6495879063069,-167.));
#1552=CARTESIAN_POINT('Ctrl Pts',(4.92426069026966,-91.3522261955653,-167.));
#1553=CARTESIAN_POINT('Ctrl Pts',(3.61732983136234,-91.1561100561585,-167.));
#1554=CARTESIAN_POINT('Ctrl Pts',(3.19664057200873,-91.0929820391926,-167.));
#1555=CARTESIAN_POINT('Ctrl Pts',(2.77480949508244,-91.0409511648807,-167.));
#1556=CARTESIAN_POINT('Ctrl Pts',(2.35227150984184,-91.0000014156102,-167.));
#1557=CARTESIAN_POINT('',(8.50000000198274,-92.4285515959007,-167.));
#1558=CARTESIAN_POINT('Ctrl Pts',(8.49999999366669,-92.428551617134,-167.));
#1559=CARTESIAN_POINT('Ctrl Pts',(8.32878774210115,-92.3614962666872,-167.));
#1560=CARTESIAN_POINT('Ctrl Pts',(8.15652587261725,-92.296951739083,-167.));
#1561=CARTESIAN_POINT('Ctrl Pts',(7.98326844633243,-92.234945053186,-167.));
#1562=CARTESIAN_POINT('Ctrl Pts',(7.74560739217445,-92.1498891069496,-167.));
#1563=CARTESIAN_POINT('Ctrl Pts',(7.49848331977419,-92.0669022851962,-167.));
#1564=CARTESIAN_POINT('Ctrl Pts',(7.24273226468508,-91.9872866826939,-167.));
#1565=CARTESIAN_POINT('',(8.50000000198274,-92.4285515959007,-167.));
#1566=CARTESIAN_POINT('Origin',(1.98317584576557E-9,-119.500000706813,-168.));
#1567=CARTESIAN_POINT('',(8.50000000198274,-144.999999998016,-168.));
#1568=CARTESIAN_POINT('',(8.50000000198274,-94.0000014156102,-168.));
#1569=CARTESIAN_POINT('',(-8.49999999801639,-144.999999998016,-168.));
#1570=CARTESIAN_POINT('',(8.50000000198274,-144.999999998016,-168.));
#1571=CARTESIAN_POINT('',(-8.49999999801639,-144.999999998016,-168.));
#1572=CARTESIAN_POINT('Ctrl Pts',(18.5505003897569,-101.77670260805,-161.239821795927));
#1573=CARTESIAN_POINT('Ctrl Pts',(18.5505003897569,-101.77670260805,-190.5));
#1574=CARTESIAN_POINT('Ctrl Pts',(17.976180490419,-100.682155887291,-161.239821795927));
#1575=CARTESIAN_POINT('Ctrl Pts',(17.976180490419,-100.682155887291,-190.5));
#1576=CARTESIAN_POINT('Ctrl Pts',(17.5110101331082,-99.8329073008341,-161.239821795927));
#1577=CARTESIAN_POINT('Ctrl Pts',(17.5110101331082,-99.8329073008342,-190.5));
#1578=CARTESIAN_POINT('Ctrl Pts',(15.359527320007,-96.8690944373014,-161.239821795927));
#1579=CARTESIAN_POINT('Ctrl Pts',(15.359527320007,-96.8690944373014,-190.5));
#1580=CARTESIAN_POINT('Ctrl Pts',(13.5641018138096,-95.2028342062196,-161.239821795927));
#1581=CARTESIAN_POINT('Ctrl Pts',(13.5641018138096,-95.2028342062196,-190.5));
#1582=CARTESIAN_POINT('Ctrl Pts',(11.5000000019827,-93.9275007134426,-161.239821795927));
#1583=CARTESIAN_POINT('Ctrl Pts',(11.5000000019827,-93.9275007134427,-190.5));
#1584=CARTESIAN_POINT('Ctrl Pts',(10.3906853471585,-93.2420955046397,-161.239821795927));
#1585=CARTESIAN_POINT('Ctrl Pts',(10.3906853471585,-93.2420955046397,-190.5));
#1586=CARTESIAN_POINT('Ctrl Pts',(9.21201352934299,-92.6746976920398,-161.239821795927));
#1587=CARTESIAN_POINT('Ctrl Pts',(9.21201352934299,-92.6746976920398,-190.5));
#1588=CARTESIAN_POINT('Ctrl Pts',(7.74560739217445,-92.1498891069496,-161.239821795927));
#1589=CARTESIAN_POINT('Ctrl Pts',(7.74560739217445,-92.1498891069496,-190.5));
#1590=CARTESIAN_POINT('Ctrl Pts',(7.49848331977419,-92.0669022851962,-161.239821795927));
#1591=CARTESIAN_POINT('Ctrl Pts',(7.49848331977419,-92.0669022851962,-190.5));
#1592=CARTESIAN_POINT('Ctrl Pts',(7.24273226468508,-91.9872866826939,-161.239821795927));
#1593=CARTESIAN_POINT('Ctrl Pts',(7.24273226468508,-91.9872866826939,-190.5));
#1594=CARTESIAN_POINT('Ctrl Pts',(4.21427217975674,-91.044523517037,-161.239821795927));
#1595=CARTESIAN_POINT('Ctrl Pts',(4.21427217975674,-91.0445235170371,-190.5));
#1596=CARTESIAN_POINT('Ctrl Pts',(1.03061760134687,-90.7022881784196,-161.239821795927));
#1597=CARTESIAN_POINT('Ctrl Pts',(1.03061760134687,-90.7022881784196,-190.5));
#1598=CARTESIAN_POINT('Ctrl Pts',(-2.12902226765975,-90.9798647817336,-161.239821795927));
#1599=CARTESIAN_POINT('Ctrl Pts',(-2.12902226765975,-90.9798647817336,-190.5));
#1600=CARTESIAN_POINT('',(8.50000000198274,-92.4285515959008,-168.));
#1601=CARTESIAN_POINT('Ctrl Pts',(8.50000000198274,-92.4285515959007,-168.));
#1602=CARTESIAN_POINT('Ctrl Pts',(8.50000000198274,-92.4285515959007,-167.666666666666));
#1603=CARTESIAN_POINT('Ctrl Pts',(8.50000000198274,-92.4285515959007,-167.333333333333));
#1604=CARTESIAN_POINT('Ctrl Pts',(8.50000000198274,-92.4285515959007,-167.));
#1605=CARTESIAN_POINT('',(7.24273226468524,-91.987286682694,-165.968801244842));
#1606=CARTESIAN_POINT('',(7.24273226468508,-91.9872866826939,-165.));
#1607=CARTESIAN_POINT('',(7.24618924145462,-91.9883632118805,-165.96880135974));
#1608=CARTESIAN_POINT('Ctrl Pts',(7.24618924145461,-91.9883632118805,-165.96880135974));
#1609=CARTESIAN_POINT('Ctrl Pts',(7.24503695072334,-91.9880042569112,-165.968801265655));
#1610=CARTESIAN_POINT('Ctrl Pts',(7.24388462512517,-91.9876454138463,-165.968801227356));
#1611=CARTESIAN_POINT('Ctrl Pts',(7.24273226468532,-91.9872866826939,-165.968801244842));
#1612=CARTESIAN_POINT('',(11.5000000019828,-93.9275007134426,-165.957926551052));
#1613=CARTESIAN_POINT('Ctrl Pts',(11.4998071532396,-93.9278129597735,-165.95792233767));
#1614=CARTESIAN_POINT('Ctrl Pts',(10.1694959547714,-93.1062887648927,-165.965267334482));
#1615=CARTESIAN_POINT('Ctrl Pts',(8.7378570201956,-92.4530389636474,-165.968923154315));
#1616=CARTESIAN_POINT('Ctrl Pts',(7.24618924145463,-91.9883632118805,-165.96880135974));
#1617=CARTESIAN_POINT('',(12.0809428830968,-94.3014978964571,-165.954439646364));
#1618=CARTESIAN_POINT('Ctrl Pts',(11.4998071532396,-93.9278129597735,-165.95792233767));
#1619=CARTESIAN_POINT('Ctrl Pts',(11.6957246281105,-94.0488003993979,-165.95684062594));
#1620=CARTESIAN_POINT('Ctrl Pts',(11.8894444040601,-94.1734375450908,-165.95567889959));
#1621=CARTESIAN_POINT('Ctrl Pts',(12.0808345648732,-94.301659556038,-165.954437441106));
#1622=CARTESIAN_POINT('',(11.5000000019827,-93.9275007134482,-169.197245501613));
#1623=CARTESIAN_POINT('Ctrl Pts',(11.5000000019827,-93.9275007134426,-169.197245501596));
#1624=CARTESIAN_POINT('Ctrl Pts',(11.5000000019827,-93.9275007134426,-168.142983811369));
#1625=CARTESIAN_POINT('Ctrl Pts',(11.6257276588387,-94.0034567601055,-167.218824125356));
#1626=CARTESIAN_POINT('Ctrl Pts',(11.9191134851177,-94.1940648798121,-166.319281104865));
#1627=CARTESIAN_POINT('Ctrl Pts',(11.9929975480343,-94.2425468147518,-166.130929216022));
#1628=CARTESIAN_POINT('Ctrl Pts',(12.0809428830968,-94.3014978964572,-165.954439646364));
#1629=CARTESIAN_POINT('',(11.5000000019827,-93.9275007134427,-190.5));
#1630=CARTESIAN_POINT('',(11.5000000019827,-93.9275007134426,-165.));
#1631=CARTESIAN_POINT('',(8.50000000198274,-92.4285515959008,-190.5));
#1632=CARTESIAN_POINT('Ctrl Pts',(8.49999999366671,-92.4285516171341,-190.5));
#1633=CARTESIAN_POINT('Ctrl Pts',(9.5430284056816,-92.8370541340633,-190.5));
#1634=CARTESIAN_POINT('Ctrl Pts',(10.5471026583586,-93.3387400764727,-190.5));
#1635=CARTESIAN_POINT('Ctrl Pts',(11.5000000019827,-93.9275007134427,-190.5));
#1636=CARTESIAN_POINT('Ctrl Pts',(8.50000000198274,-92.4285515959008,-168.));
#1637=CARTESIAN_POINT('Ctrl Pts',(8.50000000198274,-92.4285515959008,-175.5));
#1638=CARTESIAN_POINT('Ctrl Pts',(8.50000000198274,-92.4285515959008,-183.));
#1639=CARTESIAN_POINT('Ctrl Pts',(8.50000000198274,-92.4285515959008,-190.5));
#1640=CARTESIAN_POINT('Origin',(0.000116612862834931,-120.212939178165,
-191.));
#1641=CARTESIAN_POINT('',(8.50000000198274,-129.049347650836,-191.));
#1642=CARTESIAN_POINT('',(8.50000000198274,-144.999999998016,-191.));
#1643=CARTESIAN_POINT('',(8.50000000198274,-132.250000337514,-191.));
#1644=CARTESIAN_POINT('',(-8.49999999801639,-129.049347650836,-191.));
#1645=CARTESIAN_POINT('',(-4.24994169257678,-129.049347650836,-191.));
#1646=CARTESIAN_POINT('',(-8.49999999801639,-144.999999998016,-191.));
#1647=CARTESIAN_POINT('',(-8.49999999801639,-105.250001016508,-191.));
#1648=CARTESIAN_POINT('',(-4.24999999801661,-144.999999998016,-191.));
#1649=CARTESIAN_POINT('',(1.50000000198284,-137.999999998017,-191.));
#1650=CARTESIAN_POINT('Origin',(3.50000000198284,-137.999999998017,-191.));
#1651=CARTESIAN_POINT('',(-5.49999999801716,-137.999999998017,-191.));
#1652=CARTESIAN_POINT('Origin',(-3.49999999801716,-137.999999998017,-191.));
#1653=CARTESIAN_POINT('Origin',(-3.49999999801716,-137.999999998017,-193.5));
#1654=CARTESIAN_POINT('',(-6.74999999801716,-137.999999998017,-197.5));
#1655=CARTESIAN_POINT('Origin',(-3.49999999801716,-137.999999998017,-197.5));
#1656=CARTESIAN_POINT('',(-6.74999999801716,-137.999999998017,-193.5));
#1657=CARTESIAN_POINT('',(-6.74999999801716,-137.999999998017,-193.5));
#1658=CARTESIAN_POINT('Origin',(-3.49999999801716,-137.999999998017,-193.5));
#1659=CARTESIAN_POINT('Origin',(3.50000000198284,-137.999999998017,-193.5));
#1660=CARTESIAN_POINT('',(0.250000001982845,-137.999999998017,-197.5));
#1661=CARTESIAN_POINT('Origin',(3.50000000198284,-137.999999998017,-197.5));
#1662=CARTESIAN_POINT('',(0.250000001982845,-137.999999998017,-193.5));
#1663=CARTESIAN_POINT('',(0.250000001982845,-137.999999998017,-193.5));
#1664=CARTESIAN_POINT('Origin',(3.50000000198284,-137.999999998017,-193.5));
#1665=CARTESIAN_POINT('Origin',(0.000116612862834931,-120.212939178165,
-197.5));
#1666=CARTESIAN_POINT('',(11.5000000019827,-113.034273603469,-197.5));
#1667=CARTESIAN_POINT('',(11.5000000019827,-117.465910478773,-197.5));
#1668=CARTESIAN_POINT('Ctrl Pts',(11.5000000019828,-113.034273603469,-197.5));
#1669=CARTESIAN_POINT('Ctrl Pts',(11.5000000019828,-113.538015382029,-197.5));
#1670=CARTESIAN_POINT('Ctrl Pts',(11.5082899150608,-114.025105464411,-197.5));
#1671=CARTESIAN_POINT('Ctrl Pts',(11.5127828200774,-114.587139001141,-197.5));
#1672=CARTESIAN_POINT('Ctrl Pts',(11.5138028097486,-114.714733152407,-197.5));
#1673=CARTESIAN_POINT('Ctrl Pts',(11.5145793763983,-114.84021929123,-197.5));
#1674=CARTESIAN_POINT('Ctrl Pts',(11.515054799134,-114.967592377335,-197.5));
#1675=CARTESIAN_POINT('Ctrl Pts',(11.5152688775959,-115.024947300274,-197.5));
#1676=CARTESIAN_POINT('Ctrl Pts',(11.5154197242569,-115.082142252584,-197.5));
#1677=CARTESIAN_POINT('Ctrl Pts',(11.5155049194345,-115.139494458777,-197.5));
#1678=CARTESIAN_POINT('Ctrl Pts',(11.5155368939633,-115.161019265926,-197.5));
#1679=CARTESIAN_POINT('Ctrl Pts',(11.5155595752397,-115.182535844765,-197.5));
#1680=CARTESIAN_POINT('Ctrl Pts',(11.515572911506,-115.204060648126,-197.5));
#1681=CARTESIAN_POINT('Ctrl Pts',(11.5155820116029,-115.218748251838,-197.5));
#1682=CARTESIAN_POINT('Ctrl Pts',(11.5155867565643,-115.233433250021,-197.5));
#1683=CARTESIAN_POINT('Ctrl Pts',(11.515587141349,-115.248120855073,-197.5));
#1684=CARTESIAN_POINT('Ctrl Pts',(11.5155875155073,-115.262402841931,-197.5));
#1685=CARTESIAN_POINT('Ctrl Pts',(11.5155837668606,-115.276682432354,-197.5));
#1686=CARTESIAN_POINT('Ctrl Pts',(11.5155758991867,-115.290964418141,-197.5));
#1687=CARTESIAN_POINT('Ctrl Pts',(11.5155647571385,-115.311190291183,-197.5));
#1688=CARTESIAN_POINT('Ctrl Pts',(11.515545360515,-115.331409343179,-197.5));
#1689=CARTESIAN_POINT('Ctrl Pts',(11.5155177484407,-115.351635217008,-197.5));
#1690=CARTESIAN_POINT('Ctrl Pts',(11.5154550600518,-115.397554528644,-197.5));
#1691=CARTESIAN_POINT('Ctrl Pts',(11.5153501852771,-115.443393397536,-197.500000000012));
#1692=CARTESIAN_POINT('Ctrl Pts',(11.5152042075478,-115.489313594916,-197.500000000012));
#1693=CARTESIAN_POINT('Ctrl Pts',(11.5131536494266,-116.134357425274,-197.500000000012));
#1694=CARTESIAN_POINT('Ctrl Pts',(11.5033646386971,-116.678435396621,-197.499999999994));
#1695=CARTESIAN_POINT('Ctrl Pts',(11.5006874459259,-117.20796922558,-197.499999999994));
#1696=CARTESIAN_POINT('Ctrl Pts',(11.5002528635153,-117.293927207508,-197.499999999994));
#1697=CARTESIAN_POINT('Ctrl Pts',(11.5000000019827,-117.379939300486,-197.5));
#1698=CARTESIAN_POINT('Ctrl Pts',(11.5000000019827,-117.465910478773,-197.5));
#1699=CARTESIAN_POINT('',(11.5000000019827,-146.999999998016,-197.5));
#1700=CARTESIAN_POINT('',(11.5000000019827,-117.465910478773,-197.5));
#1701=CARTESIAN_POINT('',(10.5000000019827,-147.999999998016,-197.5));
#1702=CARTESIAN_POINT('Origin',(10.5000000019827,-146.999999998016,-197.5));
#1703=CARTESIAN_POINT('',(-10.4999999980164,-147.999999998016,-197.5));
#1704=CARTESIAN_POINT('',(10.5000000019827,-147.999999998016,-197.5));
#1705=CARTESIAN_POINT('',(-11.4999999980164,-146.999999998016,-197.5));
#1706=CARTESIAN_POINT('Origin',(-10.4999999980164,-146.999999998016,-197.5));
#1707=CARTESIAN_POINT('',(-11.4999999980164,-117.455163646227,-197.5));
#1708=CARTESIAN_POINT('',(-11.4999999980164,-146.999999998016,-197.5));
#1709=CARTESIAN_POINT('',(-11.4999999980164,-113.047145105456,-197.5));
#1710=CARTESIAN_POINT('Ctrl Pts',(-11.4999999980164,-117.455163646227,-197.5));
#1711=CARTESIAN_POINT('Ctrl Pts',(-11.4999999980164,-116.969311270419,-197.5));
#1712=CARTESIAN_POINT('Ctrl Pts',(-11.5076581926186,-116.500726021175,-197.5));
#1713=CARTESIAN_POINT('Ctrl Pts',(-11.5121702860113,-115.962019162166,-197.5));
#1714=CARTESIAN_POINT('Ctrl Pts',(-11.5133226017634,-115.824442134086,-197.5));
#1715=CARTESIAN_POINT('Ctrl Pts',(-11.5142080469947,-115.689655669984,-197.5));
#1716=CARTESIAN_POINT('Ctrl Pts',(-11.5147507879808,-115.55242389568,-197.5));
#1717=CARTESIAN_POINT('Ctrl Pts',(-11.5149940604168,-115.490912587569,-197.5));
#1718=CARTESIAN_POINT('Ctrl Pts',(-11.5151655060413,-115.429601560431,-197.5));
#1719=CARTESIAN_POINT('Ctrl Pts',(-11.5152619294728,-115.368094263705,-197.5));
#1720=CARTESIAN_POINT('Ctrl Pts',(-11.5152976791372,-115.345290001434,-197.5));
#1721=CARTESIAN_POINT('Ctrl Pts',(-11.5153230574062,-115.322495627392,-197.5));
#1722=CARTESIAN_POINT('Ctrl Pts',(-11.5153379982715,-115.299691373804,-197.5));
#1723=CARTESIAN_POINT('Ctrl Pts',(-11.5153481386706,-115.284214075431,-197.5));
#1724=CARTESIAN_POINT('Ctrl Pts',(-11.5153534662095,-115.268739856763,-197.5));
#1725=CARTESIAN_POINT('Ctrl Pts',(-11.5153539744244,-115.253262557136,-197.5));
#1726=CARTESIAN_POINT('Ctrl Pts',(-11.5153544665362,-115.238275667925,-197.5));
#1727=CARTESIAN_POINT('Ctrl Pts',(-11.5153504397066,-115.223291575642,-197.5));
#1728=CARTESIAN_POINT('Ctrl Pts',(-11.5153418983438,-115.208304687441,-197.5));
#1729=CARTESIAN_POINT('Ctrl Pts',(-11.5153298624985,-115.187186293267,-197.5));
#1730=CARTESIAN_POINT('Ctrl Pts',(-11.5153088700962,-115.166075743387,-197.5));
#1731=CARTESIAN_POINT('Ctrl Pts',(-11.5152789674631,-115.144957346023,-197.5));
#1732=CARTESIAN_POINT('Ctrl Pts',(-11.515211861556,-115.097564556143,-197.5));
#1733=CARTESIAN_POINT('Ctrl Pts',(-11.5151000662037,-115.050261194987,-197.500000000006));
#1734=CARTESIAN_POINT('Ctrl Pts',(-11.5149448200129,-115.002867311869,-197.500000000006));
#1735=CARTESIAN_POINT('Ctrl Pts',(-11.5128778848582,-114.371869007406,-197.500000000006));
#1736=CARTESIAN_POINT('Ctrl Pts',(-11.5034776319202,-113.83741171385,-197.49999999999));
#1737=CARTESIAN_POINT('Ctrl Pts',(-11.5007534544457,-113.318471196482,-197.49999999999));
#1738=CARTESIAN_POINT('Ctrl Pts',(-11.5002788275332,-113.228057433841,-197.49999999999));
#1739=CARTESIAN_POINT('Ctrl Pts',(-11.4999999980164,-113.137575813821,-197.5));
#1740=CARTESIAN_POINT('Ctrl Pts',(-11.4999999980164,-113.047145105456,-197.5));
#1741=CARTESIAN_POINT('',(-11.4999999980164,-93.9238432896915,-197.5));
#1742=CARTESIAN_POINT('',(-11.4999999980164,-113.047145105456,-197.5));
#1743=CARTESIAN_POINT('',(-8.49999999801639,-92.4288701522453,-197.5));
#1744=CARTESIAN_POINT('Ctrl Pts',(-11.4999999980164,-93.9238432896915,-197.5));
#1745=CARTESIAN_POINT('Ctrl Pts',(-10.5464710074877,-93.3361646428896,-197.5));
#1746=CARTESIAN_POINT('Ctrl Pts',(-9.54236224729047,-92.8358985924259,-197.5));
#1747=CARTESIAN_POINT('Ctrl Pts',(-8.49999999801638,-92.4288701522453,-197.5));
#1748=CARTESIAN_POINT('',(-8.49999999801639,-129.049347650836,-197.5));
#1749=CARTESIAN_POINT('',(-8.49999999801639,-92.4288701522453,-197.5));
#1750=CARTESIAN_POINT('',(8.50000000198274,-129.049347650836,-197.5));
#1751=CARTESIAN_POINT('',(-8.49999999801639,-129.049347650836,-197.5));
#1752=CARTESIAN_POINT('',(8.50000000198274,-92.4285515959008,-197.5));
#1753=CARTESIAN_POINT('',(8.50000000198274,-129.049347650836,-197.5));
#1754=CARTESIAN_POINT('',(11.5000000019827,-93.9275007134427,-197.5));
#1755=CARTESIAN_POINT('Ctrl Pts',(8.50000000198274,-92.4285515959008,-197.5));
#1756=CARTESIAN_POINT('Ctrl Pts',(8.8182639731142,-92.5531997694779,-197.5));
#1757=CARTESIAN_POINT('Ctrl Pts',(9.1331174602864,-92.686608672128,-197.5));
#1758=CARTESIAN_POINT('Ctrl Pts',(10.1517191989766,-93.1516759929402,-197.5));
#1759=CARTESIAN_POINT('Ctrl Pts',(10.8383317951219,-93.5186799757832,-197.5));
#1760=CARTESIAN_POINT('Ctrl Pts',(11.5000000019827,-93.9275007134427,-197.5));
#1761=CARTESIAN_POINT('',(11.5000000019827,-93.9275007134427,-197.5));
#1762=CARTESIAN_POINT('Origin',(0.000116612862834931,-120.212939178165,
-193.5));
#1763=CARTESIAN_POINT('',(1.50000000198284,-137.999999998017,-193.5));
#1764=CARTESIAN_POINT('Origin',(3.50000000198284,-137.999999998017,-193.5));
#1765=CARTESIAN_POINT('Origin',(-3.49999999801716,-137.999999998017,-190.5));
#1766=CARTESIAN_POINT('',(-5.49999999801716,-137.999999998017,-193.5));
#1767=CARTESIAN_POINT('Origin',(-3.49999999801716,-137.999999998017,-193.5));
#1768=CARTESIAN_POINT('',(-5.49999999801716,-137.999999998017,-190.5));
#1769=CARTESIAN_POINT('Origin',(3.50000000198284,-137.999999998017,-190.5));
#1770=CARTESIAN_POINT('',(1.50000000198284,-137.999999998017,-190.5));
#1771=CARTESIAN_POINT('Ctrl Pts',(11.5000000019828,-113.034273603469,-190.5));
#1772=CARTESIAN_POINT('Ctrl Pts',(11.5000000019828,-113.034273603469,-197.500084355278));
#1773=CARTESIAN_POINT('Ctrl Pts',(11.5000000019828,-113.538015382029,-190.5));
#1774=CARTESIAN_POINT('Ctrl Pts',(11.5000000019828,-113.538015382029,-197.500084355278));
#1775=CARTESIAN_POINT('Ctrl Pts',(11.5082899150608,-114.025105464411,-190.5));
#1776=CARTESIAN_POINT('Ctrl Pts',(11.5082899150608,-114.025105464411,-197.500084355278));
#1777=CARTESIAN_POINT('Ctrl Pts',(11.5138028097486,-114.714733152407,-190.5));
#1778=CARTESIAN_POINT('Ctrl Pts',(11.5138028097486,-114.714733152407,-197.500084355278));
#1779=CARTESIAN_POINT('Ctrl Pts',(11.5145793763983,-114.84021929123,-190.5));
#1780=CARTESIAN_POINT('Ctrl Pts',(11.5145793763983,-114.84021929123,-197.500084355278));
#1781=CARTESIAN_POINT('Ctrl Pts',(11.5152688775959,-115.024947300274,-190.5));
#1782=CARTESIAN_POINT('Ctrl Pts',(11.5152688775959,-115.024947300274,-197.500084355278));
#1783=CARTESIAN_POINT('Ctrl Pts',(11.5154197242569,-115.082142252584,-190.5));
#1784=CARTESIAN_POINT('Ctrl Pts',(11.5154197242569,-115.082142252584,-197.500084355278));
#1785=CARTESIAN_POINT('Ctrl Pts',(11.5155368939633,-115.161019265926,-190.5));
#1786=CARTESIAN_POINT('Ctrl Pts',(11.5155368939633,-115.161019265926,-197.500084355278));
#1787=CARTESIAN_POINT('Ctrl Pts',(11.5155595752397,-115.182535844765,-190.5));
#1788=CARTESIAN_POINT('Ctrl Pts',(11.5155595752397,-115.182535844765,-197.500084355278));
#1789=CARTESIAN_POINT('Ctrl Pts',(11.5155820116029,-115.218748251838,-190.5));
#1790=CARTESIAN_POINT('Ctrl Pts',(11.5155820116029,-115.218748251838,-197.500084355278));
#1791=CARTESIAN_POINT('Ctrl Pts',(11.5155867565643,-115.233433250021,-190.5));
#1792=CARTESIAN_POINT('Ctrl Pts',(11.5155867565643,-115.233433250021,-197.500084355278));
#1793=CARTESIAN_POINT('Ctrl Pts',(11.5155875155073,-115.262402841931,-190.5));
#1794=CARTESIAN_POINT('Ctrl Pts',(11.5155875155073,-115.262402841931,-197.500084355278));
#1795=CARTESIAN_POINT('Ctrl Pts',(11.5155837668606,-115.276682432354,-190.5));
#1796=CARTESIAN_POINT('Ctrl Pts',(11.5155837668606,-115.276682432354,-197.500084355278));
#1797=CARTESIAN_POINT('Ctrl Pts',(11.5155647571385,-115.311190291183,-190.5));
#1798=CARTESIAN_POINT('Ctrl Pts',(11.5155647571385,-115.311190291183,-197.500084355278));
#1799=CARTESIAN_POINT('Ctrl Pts',(11.515545360515,-115.331409343179,-190.5));
#1800=CARTESIAN_POINT('Ctrl Pts',(11.515545360515,-115.331409343179,-197.500084355278));
#1801=CARTESIAN_POINT('Ctrl Pts',(11.5154550600518,-115.397554528644,-190.5));
#1802=CARTESIAN_POINT('Ctrl Pts',(11.5154550600518,-115.397554528644,-197.500084355278));
#1803=CARTESIAN_POINT('Ctrl Pts',(11.5153501852771,-115.443393397536,-190.500000000012));
#1804=CARTESIAN_POINT('Ctrl Pts',(11.5153501852771,-115.443393397536,-197.50008435529));
#1805=CARTESIAN_POINT('Ctrl Pts',(11.5131536494266,-116.134357425274,-190.500000000012));
#1806=CARTESIAN_POINT('Ctrl Pts',(11.5131536494266,-116.134357425274,-197.50008435529));
#1807=CARTESIAN_POINT('Ctrl Pts',(11.5033646386971,-116.678435396621,-190.499999999994));
#1808=CARTESIAN_POINT('Ctrl Pts',(11.5033646386971,-116.678435396621,-197.500084355272));
#1809=CARTESIAN_POINT('Ctrl Pts',(11.5002528635153,-117.293927207508,-190.499999999994));
#1810=CARTESIAN_POINT('Ctrl Pts',(11.5002528635153,-117.293927207508,-197.500084355272));
#1811=CARTESIAN_POINT('Ctrl Pts',(11.5000000019827,-117.379939300486,-190.5));
#1812=CARTESIAN_POINT('Ctrl Pts',(11.5000000019827,-117.379939300486,-197.500084355278));
#1813=CARTESIAN_POINT('Ctrl Pts',(11.5000000019827,-117.465910478773,-190.5));
#1814=CARTESIAN_POINT('Ctrl Pts',(11.5000000019827,-117.465910478773,-197.500084355278));
#1815=CARTESIAN_POINT('',(11.5000000019827,-113.034273601761,-190.499999999729));
#1816=CARTESIAN_POINT('',(11.5000000019827,-117.465910478773,-190.5));
#1817=CARTESIAN_POINT('Ctrl Pts',(11.5000000019827,-117.465910478773,-190.5));
#1818=CARTESIAN_POINT('Ctrl Pts',(11.5000000019827,-117.379939300486,-190.5));
#1819=CARTESIAN_POINT('Ctrl Pts',(11.5002528635153,-117.293927207508,-190.499999999994));
#1820=CARTESIAN_POINT('Ctrl Pts',(11.5006874459259,-117.20796922558,-190.499999999994));
#1821=CARTESIAN_POINT('Ctrl Pts',(11.5033646386971,-116.678435396621,-190.499999999994));
#1822=CARTESIAN_POINT('Ctrl Pts',(11.5131536494266,-116.134357425274,-190.500000000012));
#1823=CARTESIAN_POINT('Ctrl Pts',(11.5152042075478,-115.489313594916,-190.500000000012));
#1824=CARTESIAN_POINT('Ctrl Pts',(11.5153501852771,-115.443393397536,-190.500000000012));
#1825=CARTESIAN_POINT('Ctrl Pts',(11.5154550600518,-115.397554528644,-190.5));
#1826=CARTESIAN_POINT('Ctrl Pts',(11.5155177484407,-115.351635217008,-190.5));
#1827=CARTESIAN_POINT('Ctrl Pts',(11.515545360515,-115.331409343179,-190.5));
#1828=CARTESIAN_POINT('Ctrl Pts',(11.5155647571385,-115.311190291183,-190.5));
#1829=CARTESIAN_POINT('Ctrl Pts',(11.5155758991867,-115.290964418141,-190.5));
#1830=CARTESIAN_POINT('Ctrl Pts',(11.5155837668606,-115.276682432354,-190.5));
#1831=CARTESIAN_POINT('Ctrl Pts',(11.5155875155073,-115.262402841931,-190.5));
#1832=CARTESIAN_POINT('Ctrl Pts',(11.515587141349,-115.248120855073,-190.5));
#1833=CARTESIAN_POINT('Ctrl Pts',(11.5155867565643,-115.233433250021,-190.5));
#1834=CARTESIAN_POINT('Ctrl Pts',(11.5155820116029,-115.218748251838,-190.5));
#1835=CARTESIAN_POINT('Ctrl Pts',(11.515572911506,-115.204060648126,-190.5));
#1836=CARTESIAN_POINT('Ctrl Pts',(11.5155595752397,-115.182535844765,-190.5));
#1837=CARTESIAN_POINT('Ctrl Pts',(11.5155368939633,-115.161019265926,-190.5));
#1838=CARTESIAN_POINT('Ctrl Pts',(11.5155049194345,-115.139494458777,-190.5));
#1839=CARTESIAN_POINT('Ctrl Pts',(11.5154197242569,-115.082142252584,-190.5));
#1840=CARTESIAN_POINT('Ctrl Pts',(11.5152688775959,-115.024947300274,-190.5));
#1841=CARTESIAN_POINT('Ctrl Pts',(11.515054799134,-114.967592377335,-190.5));
#1842=CARTESIAN_POINT('Ctrl Pts',(11.5145793763983,-114.84021929123,-190.5));
#1843=CARTESIAN_POINT('Ctrl Pts',(11.5138028097486,-114.714733152407,-190.5));
#1844=CARTESIAN_POINT('Ctrl Pts',(11.5127828200774,-114.587139001141,-190.5));
#1845=CARTESIAN_POINT('Ctrl Pts',(11.5082899150608,-114.025105464411,-190.5));
#1846=CARTESIAN_POINT('Ctrl Pts',(11.5000000019828,-113.538015382029,-190.5));
#1847=CARTESIAN_POINT('Ctrl Pts',(11.5000000019828,-113.034273603469,-190.5));
#1848=CARTESIAN_POINT('',(11.5000000019827,-117.465910478773,-190.5));
#1849=CARTESIAN_POINT('',(11.5000000019827,-113.034273603469,-190.5));
#1850=CARTESIAN_POINT('Ctrl Pts',(8.50000000198274,-92.4285515959008,-190.5));
#1851=CARTESIAN_POINT('Ctrl Pts',(8.50000000198274,-92.4285515959008,-197.500000019356));
#1852=CARTESIAN_POINT('Ctrl Pts',(8.8182639731142,-92.5531997694779,-190.5));
#1853=CARTESIAN_POINT('Ctrl Pts',(8.8182639731142,-92.5531997694779,-197.500000019356));
#1854=CARTESIAN_POINT('Ctrl Pts',(9.1331174602864,-92.686608672128,-190.5));
#1855=CARTESIAN_POINT('Ctrl Pts',(9.1331174602864,-92.686608672128,-197.500000019356));
#1856=CARTESIAN_POINT('Ctrl Pts',(10.1517191989766,-93.1516759929402,-190.5));
#1857=CARTESIAN_POINT('Ctrl Pts',(10.1517191989766,-93.1516759929402,-197.500000019356));
#1858=CARTESIAN_POINT('Ctrl Pts',(10.8383317951219,-93.5186799757832,-190.5));
#1859=CARTESIAN_POINT('Ctrl Pts',(10.8383317951219,-93.5186799757832,-197.500000019356));
#1860=CARTESIAN_POINT('Ctrl Pts',(11.5000000019827,-93.9275007134427,-190.5));
#1861=CARTESIAN_POINT('Ctrl Pts',(11.5000000019827,-93.9275007134427,-197.500000019356));
#1862=CARTESIAN_POINT('',(11.5000000019827,-93.9275007134427,-190.5));
#1863=CARTESIAN_POINT('',(8.50000000198274,-92.4285515959008,-190.5));
#1864=CARTESIAN_POINT('Origin',(-8.49999999801639,-129.049347650836,-190.5));
#1865=CARTESIAN_POINT('',(8.50000000198274,-129.049347650836,-190.5));
#1866=CARTESIAN_POINT('',(-8.49999999801639,-129.049347650836,-190.5));
#1867=CARTESIAN_POINT('Ctrl Pts',(-11.4999999980164,-93.9238432896915,-190.5));
#1868=CARTESIAN_POINT('Ctrl Pts',(-11.4999999980164,-93.9238432896915,-197.505983587865));
#1869=CARTESIAN_POINT('Ctrl Pts',(-10.5464710074877,-93.3361646428896,-190.5));
#1870=CARTESIAN_POINT('Ctrl Pts',(-10.5464710074877,-93.3361646428896,-197.505983587865));
#1871=CARTESIAN_POINT('Ctrl Pts',(-9.54236224729047,-92.8358985924259,-190.5));
#1872=CARTESIAN_POINT('Ctrl Pts',(-9.54236224729047,-92.8358985924259,-197.505983587865));
#1873=CARTESIAN_POINT('Ctrl Pts',(-8.49999999801638,-92.4288701522453,-190.5));
#1874=CARTESIAN_POINT('Ctrl Pts',(-8.49999999801638,-92.4288701522453,-197.505983587865));
#1875=CARTESIAN_POINT('',(-11.4999999980164,-93.9238432896915,-190.5));
#1876=CARTESIAN_POINT('',(-8.49999999801639,-92.4288701522453,-190.5));
#1877=CARTESIAN_POINT('Ctrl Pts',(-11.4999999980164,-93.9238432896915,-190.5));
#1878=CARTESIAN_POINT('Ctrl Pts',(-10.5464710074877,-93.3361646428896,-190.5));
#1879=CARTESIAN_POINT('Ctrl Pts',(-9.54236224729047,-92.8358985924259,-190.5));
#1880=CARTESIAN_POINT('Ctrl Pts',(-8.49999999801638,-92.4288701522453,-190.5));
#1881=CARTESIAN_POINT('',(-8.49999999801639,-92.4288701522453,-190.5));
#1882=CARTESIAN_POINT('',(-11.4999999980164,-93.9238432896915,-190.5));
#1883=CARTESIAN_POINT('Ctrl Pts',(-11.4999999980164,-117.455163646227,-190.5));
#1884=CARTESIAN_POINT('Ctrl Pts',(-11.4999999980164,-117.455163646227,-197.500084001767));
#1885=CARTESIAN_POINT('Ctrl Pts',(-11.4999999980164,-116.969311270419,-190.5));
#1886=CARTESIAN_POINT('Ctrl Pts',(-11.4999999980164,-116.969311270419,-197.500084001767));
#1887=CARTESIAN_POINT('Ctrl Pts',(-11.5076581926186,-116.500726021175,-190.5));
#1888=CARTESIAN_POINT('Ctrl Pts',(-11.5076581926186,-116.500726021175,-197.500084001767));
#1889=CARTESIAN_POINT('Ctrl Pts',(-11.5133226017634,-115.824442134086,-190.5));
#1890=CARTESIAN_POINT('Ctrl Pts',(-11.5133226017634,-115.824442134086,-197.500084001767));
#1891=CARTESIAN_POINT('Ctrl Pts',(-11.5142080469947,-115.689655669984,-190.5));
#1892=CARTESIAN_POINT('Ctrl Pts',(-11.5142080469947,-115.689655669984,-197.500084001767));
#1893=CARTESIAN_POINT('Ctrl Pts',(-11.5149940604168,-115.490912587569,-190.5));
#1894=CARTESIAN_POINT('Ctrl Pts',(-11.5149940604168,-115.490912587569,-197.500084001767));
#1895=CARTESIAN_POINT('Ctrl Pts',(-11.5151655060413,-115.429601560431,-190.5));
#1896=CARTESIAN_POINT('Ctrl Pts',(-11.5151655060413,-115.429601560431,-197.500084001767));
#1897=CARTESIAN_POINT('Ctrl Pts',(-11.5152976791372,-115.345290001434,-190.5));
#1898=CARTESIAN_POINT('Ctrl Pts',(-11.5152976791372,-115.345290001434,-197.500084001767));
#1899=CARTESIAN_POINT('Ctrl Pts',(-11.5153230574062,-115.322495627392,-190.5));
#1900=CARTESIAN_POINT('Ctrl Pts',(-11.5153230574062,-115.322495627392,-197.500084001767));
#1901=CARTESIAN_POINT('Ctrl Pts',(-11.5153481386706,-115.284214075431,-190.5));
#1902=CARTESIAN_POINT('Ctrl Pts',(-11.5153481386706,-115.284214075431,-197.500084001767));
#1903=CARTESIAN_POINT('Ctrl Pts',(-11.5153534662095,-115.268739856763,-190.5));
#1904=CARTESIAN_POINT('Ctrl Pts',(-11.5153534662095,-115.268739856763,-197.500084001767));
#1905=CARTESIAN_POINT('Ctrl Pts',(-11.5153544665362,-115.238275667925,-190.5));
#1906=CARTESIAN_POINT('Ctrl Pts',(-11.5153544665362,-115.238275667925,-197.500084001767));
#1907=CARTESIAN_POINT('Ctrl Pts',(-11.5153504397066,-115.223291575642,-190.5));
#1908=CARTESIAN_POINT('Ctrl Pts',(-11.5153504397066,-115.223291575642,-197.500084001767));
#1909=CARTESIAN_POINT('Ctrl Pts',(-11.5153298624985,-115.187186293267,-190.5));
#1910=CARTESIAN_POINT('Ctrl Pts',(-11.5153298624985,-115.187186293267,-197.500084001767));
#1911=CARTESIAN_POINT('Ctrl Pts',(-11.5153088700962,-115.166075743387,-190.5));
#1912=CARTESIAN_POINT('Ctrl Pts',(-11.5153088700962,-115.166075743387,-197.500084001767));
#1913=CARTESIAN_POINT('Ctrl Pts',(-11.515211861556,-115.097564556143,-190.5));
#1914=CARTESIAN_POINT('Ctrl Pts',(-11.515211861556,-115.097564556143,-197.500084001767));
#1915=CARTESIAN_POINT('Ctrl Pts',(-11.5151000662037,-115.050261194987,-190.500000000006));
#1916=CARTESIAN_POINT('Ctrl Pts',(-11.5151000662037,-115.050261194987,-197.500084001774));
#1917=CARTESIAN_POINT('Ctrl Pts',(-11.5128778848582,-114.371869007406,-190.500000000006));
#1918=CARTESIAN_POINT('Ctrl Pts',(-11.5128778848582,-114.371869007406,-197.500084001774));
#1919=CARTESIAN_POINT('Ctrl Pts',(-11.5034776319202,-113.83741171385,-190.49999999999));
#1920=CARTESIAN_POINT('Ctrl Pts',(-11.5034776319202,-113.83741171385,-197.500084001757));
#1921=CARTESIAN_POINT('Ctrl Pts',(-11.5002788275332,-113.228057433841,-190.49999999999));
#1922=CARTESIAN_POINT('Ctrl Pts',(-11.5002788275332,-113.228057433841,-197.500084001757));
#1923=CARTESIAN_POINT('Ctrl Pts',(-11.4999999980164,-113.137575813821,-190.5));
#1924=CARTESIAN_POINT('Ctrl Pts',(-11.4999999980164,-113.137575813821,-197.500084001767));
#1925=CARTESIAN_POINT('Ctrl Pts',(-11.4999999980164,-113.047145105456,-190.5));
#1926=CARTESIAN_POINT('Ctrl Pts',(-11.4999999980164,-113.047145105456,-197.500084001767));
#1927=CARTESIAN_POINT('',(-11.4999999980164,-117.45516372027,-190.4999999883));
#1928=CARTESIAN_POINT('',(-11.4999999980164,-113.047145100753,-190.499999999256));
#1929=CARTESIAN_POINT('Ctrl Pts',(-11.4999999980164,-113.047145105456,-190.5));
#1930=CARTESIAN_POINT('Ctrl Pts',(-11.4999999980164,-113.137575813821,-190.5));
#1931=CARTESIAN_POINT('Ctrl Pts',(-11.5002788275332,-113.228057433841,-190.49999999999));
#1932=CARTESIAN_POINT('Ctrl Pts',(-11.5007534544457,-113.318471196482,-190.49999999999));
#1933=CARTESIAN_POINT('Ctrl Pts',(-11.5034776319202,-113.83741171385,-190.49999999999));
#1934=CARTESIAN_POINT('Ctrl Pts',(-11.5128778848582,-114.371869007406,-190.500000000006));
#1935=CARTESIAN_POINT('Ctrl Pts',(-11.5149448200129,-115.002867311869,-190.500000000006));
#1936=CARTESIAN_POINT('Ctrl Pts',(-11.5151000662037,-115.050261194987,-190.500000000006));
#1937=CARTESIAN_POINT('Ctrl Pts',(-11.515211861556,-115.097564556143,-190.5));
#1938=CARTESIAN_POINT('Ctrl Pts',(-11.5152789674631,-115.144957346023,-190.5));
#1939=CARTESIAN_POINT('Ctrl Pts',(-11.5153088700962,-115.166075743387,-190.5));
#1940=CARTESIAN_POINT('Ctrl Pts',(-11.5153298624985,-115.187186293267,-190.5));
#1941=CARTESIAN_POINT('Ctrl Pts',(-11.5153418983438,-115.208304687441,-190.5));
#1942=CARTESIAN_POINT('Ctrl Pts',(-11.5153504397066,-115.223291575642,-190.5));
#1943=CARTESIAN_POINT('Ctrl Pts',(-11.5153544665362,-115.238275667925,-190.5));
#1944=CARTESIAN_POINT('Ctrl Pts',(-11.5153539744244,-115.253262557136,-190.5));
#1945=CARTESIAN_POINT('Ctrl Pts',(-11.5153534662095,-115.268739856763,-190.5));
#1946=CARTESIAN_POINT('Ctrl Pts',(-11.5153481386706,-115.284214075431,-190.5));
#1947=CARTESIAN_POINT('Ctrl Pts',(-11.5153379982715,-115.299691373804,-190.5));
#1948=CARTESIAN_POINT('Ctrl Pts',(-11.5153230574062,-115.322495627392,-190.5));
#1949=CARTESIAN_POINT('Ctrl Pts',(-11.5152976791372,-115.345290001434,-190.5));
#1950=CARTESIAN_POINT('Ctrl Pts',(-11.5152619294728,-115.368094263705,-190.5));
#1951=CARTESIAN_POINT('Ctrl Pts',(-11.5151655060413,-115.429601560431,-190.5));
#1952=CARTESIAN_POINT('Ctrl Pts',(-11.5149940604168,-115.490912587569,-190.5));
#1953=CARTESIAN_POINT('Ctrl Pts',(-11.5147507879808,-115.55242389568,-190.5));
#1954=CARTESIAN_POINT('Ctrl Pts',(-11.5142080469947,-115.689655669984,-190.5));
#1955=CARTESIAN_POINT('Ctrl Pts',(-11.5133226017634,-115.824442134086,-190.5));
#1956=CARTESIAN_POINT('Ctrl Pts',(-11.5121702860113,-115.962019162166,-190.5));
#1957=CARTESIAN_POINT('Ctrl Pts',(-11.5076581926186,-116.500726021175,-190.5));
#1958=CARTESIAN_POINT('Ctrl Pts',(-11.4999999980164,-116.969311270419,-190.5));
#1959=CARTESIAN_POINT('Ctrl Pts',(-11.4999999980164,-117.455163646227,-190.5));
#1960=CARTESIAN_POINT('',(-11.4999999980164,-113.047145105456,-190.5));
#1961=CARTESIAN_POINT('',(-11.4999999980164,-117.45516372027,-190.5));
#1962=CARTESIAN_POINT('Origin',(0.000116612862834931,-120.212939178165,
-193.5));
#1963=CARTESIAN_POINT('Origin',(10.5000000019827,-146.999999998016,-168.));
#1964=CARTESIAN_POINT('',(11.5000000019827,-146.999999998016,-177.409442063377));
#1965=CARTESIAN_POINT('',(11.5000000019827,-146.999999998016,-168.));
#1966=CARTESIAN_POINT('',(10.500000010623,-147.999999998016,-177.409442063377));
#1967=CARTESIAN_POINT('Origin',(10.5000000019827,-146.999999998016,-177.409442063377));
#1968=CARTESIAN_POINT('',(10.5000000019827,-147.999999998016,-168.));
#1969=CARTESIAN_POINT('Ctrl Pts',(11.5000000019827,-146.999999998016,-177.409442063262));
#1970=CARTESIAN_POINT('Ctrl Pts',(11.5000000019827,-146.99999999802,-175.271253668184));
#1971=CARTESIAN_POINT('Ctrl Pts',(11.5000000019827,-146.194192407364,-170.281194323177));
#1972=CARTESIAN_POINT('Ctrl Pts',(11.5000000019827,-143.595805088523,-165.889161784396));
#1973=CARTESIAN_POINT('Ctrl Pts',(11.5000000019827,-141.655952474354,-163.799974267594));
#1974=CARTESIAN_POINT('Ctrl Pts',(11.5000000019827,-147.299199298358,-177.409442063262));
#1975=CARTESIAN_POINT('Ctrl Pts',(11.499992902146,-147.299023269944,-175.239130150812));
#1976=CARTESIAN_POINT('Ctrl Pts',(11.4999936142762,-146.480793180824,-170.174558009772));
#1977=CARTESIAN_POINT('Ctrl Pts',(11.500008246739,-143.84335744678,-165.717515681209));
#1978=CARTESIAN_POINT('Ctrl Pts',(11.5000000019827,-141.87432764424,-163.597208531744));
#1979=CARTESIAN_POINT('Ctrl Pts',(11.2486761602724,-147.81696636099,-177.409442063263));
#1980=CARTESIAN_POINT('Ctrl Pts',(11.2489847910436,-147.816510125175,-175.183951404465));
#1981=CARTESIAN_POINT('Ctrl Pts',(11.249731789928,-146.976658554823,-169.990425078259));
#1982=CARTESIAN_POINT('Ctrl Pts',(11.2504544041902,-144.271439241595,-165.420052698963));
#1983=CARTESIAN_POINT('Ctrl Pts',(11.2508150542419,-142.252295448715,-163.246257825938));
#1984=CARTESIAN_POINT('Ctrl Pts',(10.7243994772391,-147.999999998016,-177.409442063263));
#1985=CARTESIAN_POINT('Ctrl Pts',(10.725176655548,-147.999795101581,-175.164265018362));
#1986=CARTESIAN_POINT('Ctrl Pts',(10.727064565206,-147.153234880443,-169.924878483229));
#1987=CARTESIAN_POINT('Ctrl Pts',(10.7288984256643,-144.424676253048,-165.313928248057));
#1988=CARTESIAN_POINT('Ctrl Pts',(10.7298095071255,-142.387715505799,-163.120517580205));
#1989=CARTESIAN_POINT('Ctrl Pts',(10.5000000019827,-147.999999998016,-177.409442063263));
#1990=CARTESIAN_POINT('Ctrl Pts',(10.5009045460984,-147.99999999802,-175.164351902188));
#1991=CARTESIAN_POINT('Ctrl Pts',(10.5031080815688,-147.153902027831,-169.924808624443));
#1992=CARTESIAN_POINT('Ctrl Pts',(10.5052547224975,-144.425595343049,-165.313193971783));
#1993=CARTESIAN_POINT('Ctrl Pts',(10.5063169129031,-142.388750098171,-163.119556940386));
#1994=CARTESIAN_POINT('',(11.5000000019827,-141.655952474354,-163.799974267594));
#1995=CARTESIAN_POINT('',(10.5063169129032,-142.388750098171,-163.119556940386));
#1996=CARTESIAN_POINT('Origin',(10.5000000019827,-141.655952474354,-163.799974267594));
#1997=CARTESIAN_POINT('Ctrl Pts',(10.5063169129031,-142.388750098171,-163.119556940386));
#1998=CARTESIAN_POINT('Ctrl Pts',(10.5052547224975,-144.425595343049,-165.313193971783));
#1999=CARTESIAN_POINT('Ctrl Pts',(10.5031080815688,-147.153902027831,-169.924808624443));
#2000=CARTESIAN_POINT('Ctrl Pts',(10.5009045460984,-147.99999999802,-175.164351902188));
#2001=CARTESIAN_POINT('Ctrl Pts',(10.5000000019827,-147.999999998016,-177.409442063263));
#2002=CARTESIAN_POINT('Ctrl Pts',(11.5000000019827,-146.999999998016,-177.409442063262));
#2003=CARTESIAN_POINT('Ctrl Pts',(11.5000000019827,-146.99999999802,-175.271253668184));
#2004=CARTESIAN_POINT('Ctrl Pts',(11.5000000019827,-146.194192407364,-170.281194323177));
#2005=CARTESIAN_POINT('Ctrl Pts',(11.5000000019827,-143.595805088523,-165.889161784396));
#2006=CARTESIAN_POINT('Ctrl Pts',(11.5000000019827,-141.655952474354,-163.799974267594));
#2007=CARTESIAN_POINT('Ctrl Pts',(10.6105256072761,-140.201574950714,-160.278973667183));
#2008=CARTESIAN_POINT('Ctrl Pts',(10.5704100171268,-140.84846318979,-161.291328768191));
#2009=CARTESIAN_POINT('Ctrl Pts',(10.5363351827669,-141.577019597537,-162.245615999247));
#2010=CARTESIAN_POINT('Ctrl Pts',(10.5063169129031,-142.388750098171,-163.119556940386));
#2011=CARTESIAN_POINT('Ctrl Pts',(10.8869254470739,-140.175612455621,-160.295428079586));
#2012=CARTESIAN_POINT('Ctrl Pts',(10.85575115282,-140.83231326416,-161.303471375938));
#2013=CARTESIAN_POINT('Ctrl Pts',(10.8285218292635,-141.568968271286,-162.253203064793));
#2014=CARTESIAN_POINT('Ctrl Pts',(10.804307038533,-142.387370641675,-163.120837793477));
#2015=CARTESIAN_POINT('Ctrl Pts',(11.3428000589474,-139.949799862163,-160.438542734982));
#2016=CARTESIAN_POINT('Ctrl Pts',(11.3337735109114,-140.618195669333,-161.457289152494));
#2017=CARTESIAN_POINT('Ctrl Pts',(11.3257786293108,-141.369067306059,-162.416114814796));
#2018=CARTESIAN_POINT('Ctrl Pts',(11.3185019229909,-142.202382198654,-163.292603282166));
#2019=CARTESIAN_POINT('Ctrl Pts',(11.5000000019828,-139.538275160197,-160.699357311383));
#2020=CARTESIAN_POINT('Ctrl Pts',(11.5000772543426,-140.210050099746,-161.748617447216));
#2021=CARTESIAN_POINT('Ctrl Pts',(11.499923860747,-140.970714395201,-162.739769276468));
#2022=CARTESIAN_POINT('Ctrl Pts',(11.5000000019828,-141.819733851769,-163.647899965707));
#2023=CARTESIAN_POINT('Ctrl Pts',(11.5000000019828,-139.362099953847,-160.81101297044));
#2024=CARTESIAN_POINT('Ctrl Pts',(11.5000000019828,-140.035352121746,-161.873299831726));
#2025=CARTESIAN_POINT('Ctrl Pts',(11.5000000019828,-140.800198178962,-162.878341779474));
#2026=CARTESIAN_POINT('Ctrl Pts',(11.5000000019828,-141.655952474354,-163.799974267594));
#2027=CARTESIAN_POINT('',(11.5000000019827,-139.362099953847,-160.81101297044));
#2028=CARTESIAN_POINT('Ctrl Pts',(11.5000000019828,-141.655952474354,-163.799974267594));
#2029=CARTESIAN_POINT('Ctrl Pts',(11.5000000019828,-140.800198178962,-162.878341779474));
#2030=CARTESIAN_POINT('Ctrl Pts',(11.5000000019828,-140.035352121746,-161.873299831726));
#2031=CARTESIAN_POINT('Ctrl Pts',(11.5000000019828,-139.362099953847,-160.81101297044));
#2032=CARTESIAN_POINT('',(10.6105256072761,-140.201574950714,-160.278973667183));
#2033=CARTESIAN_POINT('Origin',(10.5000000019827,-139.362099953847,-160.81101297044));
#2034=CARTESIAN_POINT('Ctrl Pts',(10.6105256072761,-140.201574950714,-160.278973667183));
#2035=CARTESIAN_POINT('Ctrl Pts',(10.5704100171268,-140.84846318979,-161.291328768191));
#2036=CARTESIAN_POINT('Ctrl Pts',(10.5363351827669,-141.577019597537,-162.245615999247));
#2037=CARTESIAN_POINT('Ctrl Pts',(10.5063169129031,-142.388750098171,-163.119556940386));
#2038=CARTESIAN_POINT('Ctrl Pts',(11.5000000019827,-139.362099953847,-160.81101297044));
#2039=CARTESIAN_POINT('Ctrl Pts',(11.5000000019827,-138.928988880131,-159.956785860184));
#2040=CARTESIAN_POINT('Ctrl Pts',(11.6110346569907,-138.278243782184,-158.484092007067));
#2041=CARTESIAN_POINT('Ctrl Pts',(11.9125152001033,-137.552497584963,-156.710059288151));
#2042=CARTESIAN_POINT('Ctrl Pts',(12.2446757317442,-137.017623706773,-155.612147439194));
#2043=CARTESIAN_POINT('Ctrl Pts',(12.5086205085298,-136.695137723224,-155.162237841455));
#2044=CARTESIAN_POINT('Ctrl Pts',(12.6840881547165,-136.521212686033,-155.027064076506));
#2045=CARTESIAN_POINT('Ctrl Pts',(11.5000000019827,-139.59700022898,-160.662138758363));
#2046=CARTESIAN_POINT('Ctrl Pts',(11.4736901912047,-139.149730647244,-159.829964519448));
#2047=CARTESIAN_POINT('Ctrl Pts',(11.5550073058337,-138.461367780662,-158.383896368298));
#2048=CARTESIAN_POINT('Ctrl Pts',(11.8466404125324,-137.676478872247,-156.627572782741));
#2049=CARTESIAN_POINT('Ctrl Pts',(12.1878127600178,-137.093229051433,-155.530103373531));
#2050=CARTESIAN_POINT('Ctrl Pts',(12.4653556488854,-136.741823329744,-155.073743476035));
#2051=CARTESIAN_POINT('Ctrl Pts',(12.6529810972624,-136.552046268418,-154.926998300814));
#2052=CARTESIAN_POINT('Ctrl Pts',(11.2846795936217,-140.00465401798,-160.40377747461));
#2053=CARTESIAN_POINT('Ctrl Pts',(11.2538252765082,-139.51078330957,-159.608446298054));
#2054=CARTESIAN_POINT('Ctrl Pts',(11.3423146644542,-138.742705295116,-158.20862082966));
#2055=CARTESIAN_POINT('Ctrl Pts',(11.6722605221095,-137.861046359424,-156.483041682211));
#2056=CARTESIAN_POINT('Ctrl Pts',(12.0568926129794,-137.201504409905,-155.386421949657));
#2057=CARTESIAN_POINT('Ctrl Pts',(12.3671060962698,-136.80354326123,-154.918900949929));
#2058=CARTESIAN_POINT('Ctrl Pts',(12.5762902065033,-136.583532379918,-154.75191816224));
#2059=CARTESIAN_POINT('Ctrl Pts',(10.8178254871244,-140.182103079394,-160.291314476485));
#2060=CARTESIAN_POINT('Ctrl Pts',(10.8318587420442,-139.663634607605,-159.489317135766));
#2061=CARTESIAN_POINT('Ctrl Pts',(10.9973989474266,-138.869885731912,-158.089815501305));
#2062=CARTESIAN_POINT('Ctrl Pts',(11.4251325621032,-137.955103902794,-156.366671284385));
#2063=CARTESIAN_POINT('Ctrl Pts',(11.884238569802,-137.255879861627,-155.259810626044));
#2064=CARTESIAN_POINT('Ctrl Pts',(12.2382484896173,-136.824782842965,-154.77765068289));
#2065=CARTESIAN_POINT('Ctrl Pts',(12.4678510504882,-136.572885886405,-154.593086752844));
#2066=CARTESIAN_POINT('Ctrl Pts',(10.6105256072761,-140.201574950714,-160.278973667183));
#2067=CARTESIAN_POINT('Ctrl Pts',(10.6427841486346,-139.681386392178,-159.464898671057));
#2068=CARTESIAN_POINT('Ctrl Pts',(10.8410364307835,-138.890605625484,-158.054719629585));
#2069=CARTESIAN_POINT('Ctrl Pts',(11.312468414118,-137.976617690249,-156.325041758768));
#2070=CARTESIAN_POINT('Ctrl Pts',(11.805312286086,-137.268629795491,-155.210708561488));
#2071=CARTESIAN_POINT('Ctrl Pts',(12.1790153014945,-136.826191054648,-154.72132620687));
#2072=CARTESIAN_POINT('Ctrl Pts',(12.4169630431739,-136.560744163785,-154.5300433684));
#2073=CARTESIAN_POINT('',(12.6840881547165,-136.521212686033,-155.027064076506));
#2074=CARTESIAN_POINT('',(12.4169630431739,-136.560744163785,-154.5300433684));
#2075=CARTESIAN_POINT('Origin',(11.9801101929,-135.81099086908,-155.027064076506));
#2076=CARTESIAN_POINT('Ctrl Pts',(12.4169630431739,-136.560744163785,-154.5300433684));
#2077=CARTESIAN_POINT('Ctrl Pts',(12.1790153014945,-136.826191054648,-154.72132620687));
#2078=CARTESIAN_POINT('Ctrl Pts',(11.805312286086,-137.268629795491,-155.210708561488));
#2079=CARTESIAN_POINT('Ctrl Pts',(11.312468414118,-137.976617690249,-156.325041758768));
#2080=CARTESIAN_POINT('Ctrl Pts',(10.8410364307835,-138.890605625484,-158.054719629585));
#2081=CARTESIAN_POINT('Ctrl Pts',(10.6427841486346,-139.681386392178,-159.464898671057));
#2082=CARTESIAN_POINT('Ctrl Pts',(10.6105256072761,-140.201574950714,-160.278973667183));
#2083=CARTESIAN_POINT('Ctrl Pts',(11.5000000019827,-139.362099953847,-160.81101297044));
#2084=CARTESIAN_POINT('Ctrl Pts',(11.5000000019827,-138.928988880131,-159.956785860184));
#2085=CARTESIAN_POINT('Ctrl Pts',(11.6110346569907,-138.278243782184,-158.484092007067));
#2086=CARTESIAN_POINT('Ctrl Pts',(11.9125152001033,-137.552497584963,-156.710059288151));
#2087=CARTESIAN_POINT('Ctrl Pts',(12.2446757317442,-137.017623706773,-155.612147439194));
#2088=CARTESIAN_POINT('Ctrl Pts',(12.5086205085298,-136.695137723224,-155.162237841455));
#2089=CARTESIAN_POINT('Ctrl Pts',(12.6840881547165,-136.521212686033,-155.027064076506));
#2090=CARTESIAN_POINT('Ctrl Pts',(13.3370323497651,-135.997345737643,-154.5300433684));
#2091=CARTESIAN_POINT('Ctrl Pts',(13.3346022278736,-135.998907894849,-154.5300433684));
#2092=CARTESIAN_POINT('Ctrl Pts',(13.3321718457258,-136.000469534698,-154.5300433684));
#2093=CARTESIAN_POINT('Ctrl Pts',(13.0283402689342,-136.195645411998,-154.530043368398));
#2094=CARTESIAN_POINT('Ctrl Pts',(12.7211955583612,-136.383479399036,-154.5300433684));
#2095=CARTESIAN_POINT('Ctrl Pts',(12.416963043174,-136.560744163785,-154.5300433684));
#2096=CARTESIAN_POINT('Ctrl Pts',(13.3370323497651,-135.997345737643,-154.5300433684));
#2097=CARTESIAN_POINT('Ctrl Pts',(13.3347876781319,-135.998779150973,-154.530498016));
#2098=CARTESIAN_POINT('Ctrl Pts',(13.3325523269602,-136.000236857151,-154.530952991808));
#2099=CARTESIAN_POINT('Ctrl Pts',(13.0524076207436,-136.180411732654,-154.587788559504));
#2100=CARTESIAN_POINT('Ctrl Pts',(12.7856345479014,-136.379867556264,-154.64432815838));
#2101=CARTESIAN_POINT('Ctrl Pts',(12.5357017269073,-136.589074849898,-154.677144598769));
#2102=CARTESIAN_POINT('Ctrl Pts',(13.3370323497651,-135.997345737643,-154.5300433684));
#2103=CARTESIAN_POINT('Ctrl Pts',(13.3349778538288,-135.998661945672,-154.530952843116));
#2104=CARTESIAN_POINT('Ctrl Pts',(13.332927389181,-135.999991608954,-154.531862550223));
#2105=CARTESIAN_POINT('Ctrl Pts',(13.076498654707,-136.165340667482,-154.64552365255));
#2106=CARTESIAN_POINT('Ctrl Pts',(12.8394884399093,-136.359422724629,-154.759000375051));
#2107=CARTESIAN_POINT('Ctrl Pts',(12.6296508041717,-136.575171455207,-154.851948969044));
#2108=CARTESIAN_POINT('Ctrl Pts',(13.3370323497651,-135.997345737643,-154.5300433684));
#2109=CARTESIAN_POINT('Ctrl Pts',(13.3351670745061,-135.998544794035,-154.531407632304));
#2110=CARTESIAN_POINT('Ctrl Pts',(13.3333028008215,-135.999745328955,-154.532772022259));
#2111=CARTESIAN_POINT('Ctrl Pts',(13.1003952746169,-136.150025785121,-154.703279249207));
#2112=CARTESIAN_POINT('Ctrl Pts',(12.8834774727911,-136.323576282313,-154.873461943005));
#2113=CARTESIAN_POINT('Ctrl Pts',(12.6840881547165,-136.521212686033,-155.027064076506));
#2114=CARTESIAN_POINT('',(13.3370323497651,-135.997345737643,-154.5300433684));
#2115=CARTESIAN_POINT('Ctrl Pts',(12.6840881547165,-136.521212686033,-155.027064076506));
#2116=CARTESIAN_POINT('Ctrl Pts',(12.8834774727911,-136.323576282313,-154.873461943005));
#2117=CARTESIAN_POINT('Ctrl Pts',(13.1003952746169,-136.150025785121,-154.703279249207));
#2118=CARTESIAN_POINT('Ctrl Pts',(13.3333028008215,-135.999745328955,-154.532772022259));
#2119=CARTESIAN_POINT('Ctrl Pts',(13.3351670745061,-135.998544794035,-154.531407632304));
#2120=CARTESIAN_POINT('Ctrl Pts',(13.3370323497651,-135.997345737643,-154.5300433684));
#2121=CARTESIAN_POINT('Origin',(4.44089209850063E-15,-115.250000864267,
-154.5300433684));
#2122=CARTESIAN_POINT('Origin',(11.5000000019827,-91.0000014156102,-168.));
#2123=CARTESIAN_POINT('',(11.5000000019827,-139.362099953847,-161.382929932369));
#2124=CARTESIAN_POINT('Ctrl Pts',(11.5000000019827,-139.362099953847,-161.382929932369));
#2125=CARTESIAN_POINT('Ctrl Pts',(11.5000000019827,-137.856331000385,-164.218114907864));
#2126=CARTESIAN_POINT('Ctrl Pts',(11.5000000019827,-134.779122872261,-169.858007410987));
#2127=CARTESIAN_POINT('Ctrl Pts',(11.5000000019827,-130.670346262516,-176.751392209807));
#2128=CARTESIAN_POINT('Ctrl Pts',(11.5000000019827,-127.48346258298,-181.400273070115));
#2129=CARTESIAN_POINT('Ctrl Pts',(11.5000000019827,-125.533389619586,-183.942963682363));
#2130=CARTESIAN_POINT('Ctrl Pts',(11.5000000019827,-123.432262321738,-186.39657624488));
#2131=CARTESIAN_POINT('Ctrl Pts',(11.5000000019827,-120.915750957014,-188.840474845025));
#2132=CARTESIAN_POINT('Ctrl Pts',(11.5000000019827,-118.498644400903,-190.168157861371));
#2133=CARTESIAN_POINT('Ctrl Pts',(11.5000000019827,-117.46539950012,-190.498401282041));
#2134=CARTESIAN_POINT('',(11.5000000019827,-139.362099953847,-156.5300433684));
#2135=CARTESIAN_POINT('Origin',(11.5000000019827,-147.999999998016,-168.));
#2136=CARTESIAN_POINT('',(-10.5000000068878,-147.999999998016,-177.409442063347));
#2137=CARTESIAN_POINT('Ctrl Pts',(-10.5000000068885,-147.999999998016,-177.409442063272));
#2138=CARTESIAN_POINT('Ctrl Pts',(-8.49985496923407,-147.999999998016,-177.392517932969));
#2139=CARTESIAN_POINT('Ctrl Pts',(-4.50074806407321,-147.999999998016,-177.282750543872));
#2140=CARTESIAN_POINT('Ctrl Pts',(2.50052165844031,-147.999999998016,-177.213990420902));
#2141=CARTESIAN_POINT('Ctrl Pts',(7.4997820880392,-147.999999998016,-177.384055864826));
#2142=CARTESIAN_POINT('Ctrl Pts',(10.5000000106236,-147.999999998016,-177.409442063304));
#2143=CARTESIAN_POINT('',(-10.4999999980164,-147.999999998016,-168.));
#2144=CARTESIAN_POINT('Origin',(-10.4999999980164,-146.999999998016,-168.));
#2145=CARTESIAN_POINT('',(-11.4999999980164,-146.999999998016,-177.409442063347));
#2146=CARTESIAN_POINT('Origin',(-10.4999999980164,-146.999999998016,-177.409442063347));
#2147=CARTESIAN_POINT('',(-11.4999999980164,-146.999999998016,-168.));
#2148=CARTESIAN_POINT('Ctrl Pts',(-11.4999999980164,-141.655952474996,-163.799974268249));
#2149=CARTESIAN_POINT('Ctrl Pts',(-11.4999999980164,-143.110841935458,-165.366864905821));
#2150=CARTESIAN_POINT('Ctrl Pts',(-11.4999999980164,-145.915698118723,-169.571954855227));
#2151=CARTESIAN_POINT('Ctrl Pts',(-11.4999999980164,-146.999999998021,-174.558524203304));
#2152=CARTESIAN_POINT('Ctrl Pts',(-11.4999999980164,-146.999999998016,-177.409442063229));
#2153=CARTESIAN_POINT('Ctrl Pts',(-11.4999999980164,-141.87432764489,-163.597208532412));
#2154=CARTESIAN_POINT('Ctrl Pts',(-11.5000061815836,-143.351099996626,-165.18743889448));
#2155=CARTESIAN_POINT('Ctrl Pts',(-11.5000047069409,-146.198154394604,-169.454955855883));
#2156=CARTESIAN_POINT('Ctrl Pts',(-11.4999905315674,-147.298964593805,-174.515692846811));
#2157=CARTESIAN_POINT('Ctrl Pts',(-11.4999999980164,-147.299199298358,-177.40944206323));
#2158=CARTESIAN_POINT('Ctrl Pts',(-11.2508150502818,-142.252295449377,-163.246257826628));
#2159=CARTESIAN_POINT('Ctrl Pts',(-11.2505445627423,-143.766653293865,-164.876603981364));
#2160=CARTESIAN_POINT('Ctrl Pts',(-11.2498428224057,-146.686608250188,-169.252306034895));
#2161=CARTESIAN_POINT('Ctrl Pts',(-11.2490876640022,-147.816358046569,-174.44212118502));
#2162=CARTESIAN_POINT('Ctrl Pts',(-11.248676156306,-147.81696636099,-177.40944206323));
#2163=CARTESIAN_POINT('Ctrl Pts',(-10.7298095031751,-142.387715506471,-163.120517580897));
#2164=CARTESIAN_POINT('Ctrl Pts',(-10.7291261920772,-143.915436066734,-164.765575581755));
#2165=CARTESIAN_POINT('Ctrl Pts',(-10.7273489350432,-146.860795650997,-169.18036326487));
#2166=CARTESIAN_POINT('Ctrl Pts',(-10.725435711021,-147.999726802769,-174.415872670217));
#2167=CARTESIAN_POINT('Ctrl Pts',(-10.7243994732728,-147.999999998016,-177.409442063231));
#2168=CARTESIAN_POINT('Ctrl Pts',(-10.5063169089554,-142.388750098845,-163.119556941076));
#2169=CARTESIAN_POINT('Ctrl Pts',(-10.5055202661488,-143.91638403233,-164.764784714592));
#2170=CARTESIAN_POINT('Ctrl Pts',(-10.5034435191976,-146.861483024759,-169.18011017619));
#2171=CARTESIAN_POINT('Ctrl Pts',(-10.5012060568409,-147.999999998021,-174.415988515318));
#2172=CARTESIAN_POINT('Ctrl Pts',(-10.4999999980164,-147.999999998016,-177.409442063231));
#2173=CARTESIAN_POINT('',(-10.5063169089555,-142.388750098845,-163.119556941076));
#2174=CARTESIAN_POINT('Ctrl Pts',(-10.4999999980164,-147.999999998016,-177.409442063231));
#2175=CARTESIAN_POINT('Ctrl Pts',(-10.5012060568409,-147.999999998021,-174.415988515318));
#2176=CARTESIAN_POINT('Ctrl Pts',(-10.5034435191976,-146.861483024759,-169.18011017619));
#2177=CARTESIAN_POINT('Ctrl Pts',(-10.5055202661488,-143.91638403233,-164.764784714592));
#2178=CARTESIAN_POINT('Ctrl Pts',(-10.5063169089554,-142.388750098845,-163.119556941076));
#2179=CARTESIAN_POINT('',(-11.4999999980164,-141.655952474996,-163.799974268249));
#2180=CARTESIAN_POINT('Origin',(-10.4999999980164,-141.655952474996,-163.799974268249));
#2181=CARTESIAN_POINT('Ctrl Pts',(-11.4999999980164,-141.655952474996,-163.799974268249));
#2182=CARTESIAN_POINT('Ctrl Pts',(-11.4999999980164,-143.110841935458,-165.366864905821));
#2183=CARTESIAN_POINT('Ctrl Pts',(-11.4999999980164,-145.915698118723,-169.571954855227));
#2184=CARTESIAN_POINT('Ctrl Pts',(-11.4999999980164,-146.999999998021,-174.558524203304));
#2185=CARTESIAN_POINT('Ctrl Pts',(-11.4999999980164,-146.999999998016,-177.409442063229));
#2186=CARTESIAN_POINT('Ctrl Pts',(-11.4999999980164,-139.362099956397,-160.811012973639));
#2187=CARTESIAN_POINT('Ctrl Pts',(-11.4999999980164,-140.035352123784,-161.87329983399));
#2188=CARTESIAN_POINT('Ctrl Pts',(-11.4999999980164,-140.800198180371,-162.878341780868));
#2189=CARTESIAN_POINT('Ctrl Pts',(-11.4999999980164,-141.655952474996,-163.799974268249));
#2190=CARTESIAN_POINT('Ctrl Pts',(-11.4999999980164,-139.59700023154,-160.662138761538));
#2191=CARTESIAN_POINT('Ctrl Pts',(-11.5002583345056,-140.268392523081,-161.706896831603));
#2192=CARTESIAN_POINT('Ctrl Pts',(-11.4997669952367,-141.027510552323,-162.693783800635));
#2193=CARTESIAN_POINT('Ctrl Pts',(-11.4999999980164,-141.87432764489,-163.597208532412));
#2194=CARTESIAN_POINT('Ctrl Pts',(-11.2846791676682,-140.004653643505,-160.403777716709));
#2195=CARTESIAN_POINT('Ctrl Pts',(-11.272073263064,-140.6722107721,-161.418680203811));
#2196=CARTESIAN_POINT('Ctrl Pts',(-11.2610090466528,-141.421366306577,-162.373624106998));
#2197=CARTESIAN_POINT('Ctrl Pts',(-11.2508168151034,-142.252296989927,-163.246256396196));
#2198=CARTESIAN_POINT('Ctrl Pts',(-10.8178254830646,-140.182103081945,-160.291314479621));
#2199=CARTESIAN_POINT('Ctrl Pts',(-10.7843153822165,-140.836260553376,-161.300568099801));
#2200=CARTESIAN_POINT('Ctrl Pts',(-10.7555573248419,-141.571015228851,-162.251136939688));
#2201=CARTESIAN_POINT('Ctrl Pts',(-10.7298095031751,-142.387715506471,-163.120517580897));
#2202=CARTESIAN_POINT('Ctrl Pts',(-10.6105256031977,-140.201574953245,-160.27897367033));
#2203=CARTESIAN_POINT('Ctrl Pts',(-10.5704100131039,-140.848463191808,-161.291328770427));
#2204=CARTESIAN_POINT('Ctrl Pts',(-10.5363351787853,-141.577019598946,-162.245616000645));
#2205=CARTESIAN_POINT('Ctrl Pts',(-10.5063169089554,-142.388750098845,-163.119556941076));
#2206=CARTESIAN_POINT('',(-10.6105256031977,-140.201574953245,-160.27897367033));
#2207=CARTESIAN_POINT('Ctrl Pts',(-10.5063169089554,-142.388750098845,-163.119556941076));
#2208=CARTESIAN_POINT('Ctrl Pts',(-10.5363351787853,-141.577019598946,-162.245616000645));
#2209=CARTESIAN_POINT('Ctrl Pts',(-10.5704100131039,-140.848463191808,-161.291328770427));
#2210=CARTESIAN_POINT('Ctrl Pts',(-10.6105256031977,-140.201574953245,-160.27897367033));
#2211=CARTESIAN_POINT('',(-11.4999999980164,-139.362099956397,-160.811012973639));
#2212=CARTESIAN_POINT('Origin',(-10.4999999980164,-139.362099956397,-160.811012973639));
#2213=CARTESIAN_POINT('Ctrl Pts',(-11.4999999980164,-139.362099956397,-160.811012973639));
#2214=CARTESIAN_POINT('Ctrl Pts',(-11.4999999980164,-140.035352123784,-161.87329983399));
#2215=CARTESIAN_POINT('Ctrl Pts',(-11.4999999980164,-140.800198180371,-162.878341780868));
#2216=CARTESIAN_POINT('Ctrl Pts',(-11.4999999980164,-141.655952474996,-163.799974268249));
#2217=CARTESIAN_POINT('Ctrl Pts',(-10.6105256031977,-140.201574953245,-160.27897367033));
#2218=CARTESIAN_POINT('Ctrl Pts',(-10.6427841409577,-139.681386452431,-159.464898764623));
#2219=CARTESIAN_POINT('Ctrl Pts',(-10.8410366003825,-138.890605661538,-158.054720091962));
#2220=CARTESIAN_POINT('Ctrl Pts',(-11.3124681882619,-137.976618070496,-156.325042471947));
#2221=CARTESIAN_POINT('Ctrl Pts',(-11.8053132604691,-137.268628517248,-155.210706958488));
#2222=CARTESIAN_POINT('Ctrl Pts',(-12.1790153250438,-136.826191026595,-154.721326185513));
#2223=CARTESIAN_POINT('Ctrl Pts',(-12.4169630403822,-136.560744165412,-154.5300433684));
#2224=CARTESIAN_POINT('Ctrl Pts',(-10.8869254430203,-140.175612458178,-160.295428082718));
#2225=CARTESIAN_POINT('Ctrl Pts',(-10.8943355109414,-139.65740497044,-159.49782831453));
#2226=CARTESIAN_POINT('Ctrl Pts',(-11.0492966824278,-138.862895695058,-158.101690508912));
#2227=CARTESIAN_POINT('Ctrl Pts',(-11.46242449219,-137.947753216468,-156.380709283618));
#2228=CARTESIAN_POINT('Ctrl Pts',(-11.9104016526262,-137.251512759817,-155.276258080363));
#2229=CARTESIAN_POINT('Ctrl Pts',(-12.2579904690498,-136.824309768433,-154.796428512733));
#2230=CARTESIAN_POINT('Ctrl Pts',(-12.4848137167259,-136.576933128874,-154.614101214281));
#2231=CARTESIAN_POINT('Ctrl Pts',(-11.3428005452559,-139.949800177283,-160.438542540037));
#2232=CARTESIAN_POINT('Ctrl Pts',(-11.306925641165,-139.464386235719,-159.638838985707));
#2233=CARTESIAN_POINT('Ctrl Pts',(-11.386283171912,-138.707900587925,-158.233192563811));
#2234=CARTESIAN_POINT('Ctrl Pts',(-11.7040388629407,-137.838657450363,-156.503516574622));
#2235=CARTESIAN_POINT('Ctrl Pts',(-12.0791772275142,-137.188821322417,-155.406874351831));
#2236=CARTESIAN_POINT('Ctrl Pts',(-12.3836337138438,-136.796962631502,-154.940990732522));
#2237=CARTESIAN_POINT('Ctrl Pts',(-12.5897125304753,-136.58154602979,-154.776892131794));
#2238=CARTESIAN_POINT('Ctrl Pts',(-11.4999999980164,-139.538275162754,-160.699357314563));
#2239=CARTESIAN_POINT('Ctrl Pts',(-11.4807176306953,-139.094736463363,-159.861416884675));
#2240=CARTESIAN_POINT('Ctrl Pts',(-11.5692005061078,-138.415628177852,-158.408825920036));
#2241=CARTESIAN_POINT('Ctrl Pts',(-11.8633251976648,-137.6455992667,-156.648086170009));
#2242=CARTESIAN_POINT('Ctrl Pts',(-12.2021491710971,-137.074404057369,-155.550557696717));
#2243=CARTESIAN_POINT('Ctrl Pts',(-12.476173618515,-136.730154864154,-155.095865047519));
#2244=CARTESIAN_POINT('Ctrl Pts',(-12.6607578586014,-136.544337874423,-154.952014744437));
#2245=CARTESIAN_POINT('Ctrl Pts',(-11.4999999980164,-139.362099956397,-160.811012973639));
#2246=CARTESIAN_POINT('Ctrl Pts',(-11.4999999980164,-138.928988930726,-159.956785958245));
#2247=CARTESIAN_POINT('Ctrl Pts',(-11.6110347963963,-138.278243856704,-158.484092556893));
#2248=CARTESIAN_POINT('Ctrl Pts',(-11.9125150534792,-137.552497886216,-156.710060017798));
#2249=CARTESIAN_POINT('Ctrl Pts',(-12.2446764140703,-137.017622775977,-155.612145938127));
#2250=CARTESIAN_POINT('Ctrl Pts',(-12.5086205249265,-136.695137705475,-155.162237826111));
#2251=CARTESIAN_POINT('Ctrl Pts',(-12.6840881516853,-136.521212687656,-155.027064076146));
#2252=CARTESIAN_POINT('',(-12.4169630403822,-136.560744165412,-154.5300433684));
#2253=CARTESIAN_POINT('',(-12.6840881516853,-136.521212687656,-155.027064076146));
#2254=CARTESIAN_POINT('Origin',(-11.9801101901025,-135.810990870471,-155.027064076146));
#2255=CARTESIAN_POINT('Ctrl Pts',(-12.6840881516853,-136.521212687656,-155.027064076146));
#2256=CARTESIAN_POINT('Ctrl Pts',(-12.5086205249265,-136.695137705475,-155.162237826111));
#2257=CARTESIAN_POINT('Ctrl Pts',(-12.2446764140703,-137.017622775977,-155.612145938127));
#2258=CARTESIAN_POINT('Ctrl Pts',(-11.9125150534792,-137.552497886216,-156.710060017798));
#2259=CARTESIAN_POINT('Ctrl Pts',(-11.6110347963963,-138.278243856704,-158.484092556893));
#2260=CARTESIAN_POINT('Ctrl Pts',(-11.4999999980164,-138.928988930726,-159.956785958245));
#2261=CARTESIAN_POINT('Ctrl Pts',(-11.4999999980164,-139.362099956397,-160.811012973639));
#2262=CARTESIAN_POINT('Ctrl Pts',(-10.6105256031977,-140.201574953245,-160.27897367033));
#2263=CARTESIAN_POINT('Ctrl Pts',(-10.6427841409577,-139.681386452431,-159.464898764623));
#2264=CARTESIAN_POINT('Ctrl Pts',(-10.8410366003825,-138.890605661538,-158.054720091962));
#2265=CARTESIAN_POINT('Ctrl Pts',(-11.3124681882619,-137.976618070496,-156.325042471947));
#2266=CARTESIAN_POINT('Ctrl Pts',(-11.8053132604691,-137.268628517248,-155.210706958488));
#2267=CARTESIAN_POINT('Ctrl Pts',(-12.1790153250438,-136.826191026595,-154.721326185513));
#2268=CARTESIAN_POINT('Ctrl Pts',(-12.4169630403822,-136.560744165412,-154.5300433684));
#2269=CARTESIAN_POINT('Ctrl Pts',(-12.4169630403821,-136.560744165412,-154.5300433684));
#2270=CARTESIAN_POINT('Ctrl Pts',(-12.7211857653134,-136.383485105128,-154.5300433684));
#2271=CARTESIAN_POINT('Ctrl Pts',(-13.0283204668639,-136.195657530109,-154.530043368399));
#2272=CARTESIAN_POINT('Ctrl Pts',(-13.3321523596228,-136.000482055799,-154.5300433684));
#2273=CARTESIAN_POINT('Ctrl Pts',(-13.3345924841946,-135.998914158385,-154.5300433684));
#2274=CARTESIAN_POINT('Ctrl Pts',(-13.3370323463522,-135.997345739837,-154.5300433684));
#2275=CARTESIAN_POINT('Ctrl Pts',(-12.5357017239836,-136.58907485147,-154.677144598692));
#2276=CARTESIAN_POINT('Ctrl Pts',(-12.7854740140916,-136.379851622673,-154.644488051773));
#2277=CARTESIAN_POINT('Ctrl Pts',(-13.0524378754551,-136.180558951212,-154.587802703419));
#2278=CARTESIAN_POINT('Ctrl Pts',(-13.3325318196136,-136.000241431417,-154.530956505594));
#2279=CARTESIAN_POINT('Ctrl Pts',(-13.3347815210679,-135.99879263966,-154.530499945755));
#2280=CARTESIAN_POINT('Ctrl Pts',(-13.3370323463522,-135.997345739837,-154.5300433684));
#2281=CARTESIAN_POINT('Ctrl Pts',(-12.6296508011561,-136.575171456779,-154.851948968826));
#2282=CARTESIAN_POINT('Ctrl Pts',(-12.8392424180584,-136.359271374313,-154.75911869702));
#2283=CARTESIAN_POINT('Ctrl Pts',(-13.0764865205121,-136.165405493328,-154.645537184784));
#2284=CARTESIAN_POINT('Ctrl Pts',(-13.3329101564644,-135.999998759947,-154.53186978671));
#2285=CARTESIAN_POINT('Ctrl Pts',(-13.3349705579412,-135.998671120935,-154.530956523111));
#2286=CARTESIAN_POINT('Ctrl Pts',(-13.3370323463522,-135.997345739837,-154.5300433684));
#2287=CARTESIAN_POINT('Ctrl Pts',(-12.6840881516853,-136.521212687656,-155.027064076146));
#2288=CARTESIAN_POINT('Ctrl Pts',(-12.8834710534143,-136.323582644003,-154.873466885579));
#2289=CARTESIAN_POINT('Ctrl Pts',(-13.1003812922615,-136.150036985958,-154.703290204074));
#2290=CARTESIAN_POINT('Ctrl Pts',(-13.333287852863,-135.999754955296,-154.532782959088));
#2291=CARTESIAN_POINT('Ctrl Pts',(-13.3351595948145,-135.99854960221,-154.531413100466));
#2292=CARTESIAN_POINT('Ctrl Pts',(-13.3370323463522,-135.997345739837,-154.5300433684));
#2293=CARTESIAN_POINT('',(-13.3370323463522,-135.997345739837,-154.5300433684));
#2294=CARTESIAN_POINT('Origin',(4.44089209850063E-15,-115.250000864267,
-154.5300433684));
#2295=CARTESIAN_POINT('Ctrl Pts',(-13.3370323463522,-135.997345739837,-154.5300433684));
#2296=CARTESIAN_POINT('Ctrl Pts',(-13.3351595948145,-135.99854960221,-154.531413100466));
#2297=CARTESIAN_POINT('Ctrl Pts',(-13.333287852863,-135.999754955296,-154.532782959088));
#2298=CARTESIAN_POINT('Ctrl Pts',(-13.1003812922615,-136.150036985958,-154.703290204074));
#2299=CARTESIAN_POINT('Ctrl Pts',(-12.8834710534143,-136.323582644003,-154.873466885579));
#2300=CARTESIAN_POINT('Ctrl Pts',(-12.6840881516853,-136.521212687656,-155.027064076146));
#2301=CARTESIAN_POINT('Ctrl Pts',(-12.4169630403821,-136.560744165412,-154.5300433684));
#2302=CARTESIAN_POINT('Ctrl Pts',(-12.0352372087796,-136.783161350753,-154.5300433684));
#2303=CARTESIAN_POINT('Ctrl Pts',(-11.1355627090973,-137.277939308453,-154.5300433684));
#2304=CARTESIAN_POINT('Ctrl Pts',(-9.02994469590903,-138.257449142221,-154.5300433684));
#2305=CARTESIAN_POINT('Ctrl Pts',(-6.00125412961573,-139.280144804053,-154.5300433684));
#2306=CARTESIAN_POINT('Ctrl Pts',(-0.709056476312704,-140.16815568007,-154.5300433684));
#2307=CARTESIAN_POINT('Ctrl Pts',(4.79139470744765,-139.700698323561,-154.5300433684));
#2308=CARTESIAN_POINT('Ctrl Pts',(8.73260990439734,-138.35556651219,-154.5300433684));
#2309=CARTESIAN_POINT('Ctrl Pts',(10.8871969078185,-137.406539546981,-154.5300433684));
#2310=CARTESIAN_POINT('Ctrl Pts',(11.8418763137866,-136.895825421396,-154.5300433684));
#2311=CARTESIAN_POINT('Ctrl Pts',(12.416963043174,-136.560744163785,-154.5300433684));
#2312=CARTESIAN_POINT('Ctrl Pts',(-13.5413091637879,-136.388070749214,-155.257802474471));
#2313=CARTESIAN_POINT('Ctrl Pts',(-13.1521886637333,-136.669293186862,-155.402892592736));
#2314=CARTESIAN_POINT('Ctrl Pts',(-12.197558253333,-137.248251355275,-155.675429865014));
#2315=CARTESIAN_POINT('Ctrl Pts',(-9.89623345746615,-138.301086241891,-156.112227814921));
#2316=CARTESIAN_POINT('Ctrl Pts',(-6.55498999023492,-139.317340359759,-156.473186398351));
#2317=CARTESIAN_POINT('Ctrl Pts',(-0.7679555456192,-140.150814752963,-156.72793087441));
#2318=CARTESIAN_POINT('Ctrl Pts',(5.21840674937187,-139.726536185353,-156.611197862685));
#2319=CARTESIAN_POINT('Ctrl Pts',(9.56865985890866,-138.400071601136,-156.148731630752));
#2320=CARTESIAN_POINT('Ctrl Pts',(11.9270677219342,-137.388822929637,-155.735225732898));
#2321=CARTESIAN_POINT('Ctrl Pts',(12.9550820446142,-136.811744700095,-155.476387108687));
#2322=CARTESIAN_POINT('Ctrl Pts',(13.5413091666336,-136.388070747157,-155.25780247341));
#2323=CARTESIAN_POINT('Ctrl Pts',(-15.6490743403406,-136.326779760298,-156.371595213056));
#2324=CARTESIAN_POINT('Ctrl Pts',(-15.2608099970339,-136.74463564499,-156.770933514596));
#2325=CARTESIAN_POINT('Ctrl Pts',(-14.2359770823477,-137.546547994234,-157.525136153888));
#2326=CARTESIAN_POINT('Ctrl Pts',(-11.619474791161,-138.888284104435,-158.758006421153));
#2327=CARTESIAN_POINT('Ctrl Pts',(-7.70483058382016,-140.072688028238,-159.81452283661));
#2328=CARTESIAN_POINT('Ctrl Pts',(-0.902937641403449,-140.975479781359,
-160.596136388538));
#2329=CARTESIAN_POINT('Ctrl Pts',(6.13643464947906,-140.537237388807,-160.224702276729));
#2330=CARTESIAN_POINT('Ctrl Pts',(11.2362738974389,-139.006228450233,-158.863954876422));
#2331=CARTESIAN_POINT('Ctrl Pts',(13.9320287621367,-137.728346251549,-157.693041758625));
#2332=CARTESIAN_POINT('Ctrl Pts',(15.0641370591674,-136.956297998988,-156.97321589965));
#2333=CARTESIAN_POINT('Ctrl Pts',(15.6490743431803,-136.326779757242,-156.371595210135));
#2334=CARTESIAN_POINT('Ctrl Pts',(-17.8686116317284,-136.690155600858,-157.135948385634));
#2335=CARTESIAN_POINT('Ctrl Pts',(-17.4924533325987,-137.294739891497,-157.767685393388));
#2336=CARTESIAN_POINT('Ctrl Pts',(-16.4190748238031,-138.433697387064,-158.957189904289));
#2337=CARTESIAN_POINT('Ctrl Pts',(-13.5114106740754,-140.304181400956,-160.909442097447));
#2338=CARTESIAN_POINT('Ctrl Pts',(-9.00447912803404,-141.927340494518,-162.602133605384));
#2339=CARTESIAN_POINT('Ctrl Pts',(-1.06506167529368,-143.150775479211,-163.877059368968));
#2340=CARTESIAN_POINT('Ctrl Pts',(7.19722757133732,-142.561358290299,-163.26314135859));
#2341=CARTESIAN_POINT('Ctrl Pts',(13.0706154841782,-140.466523773858,-161.078795159313));
#2342=CARTESIAN_POINT('Ctrl Pts',(16.0862639555121,-138.687934419468,-159.222547373961));
#2343=CARTESIAN_POINT('Ctrl Pts',(17.3019126379587,-137.60098838259,-158.087687928004));
#2344=CARTESIAN_POINT('Ctrl Pts',(17.8686116344795,-136.690155596436,-157.135948381014));
#2345=CARTESIAN_POINT('Ctrl Pts',(-18.820843409721,-136.920538070978,-157.392766610286));
#2346=CARTESIAN_POINT('Ctrl Pts',(-18.4499701046524,-137.612407382953,-158.117401900055));
#2347=CARTESIAN_POINT('Ctrl Pts',(-17.3559743818002,-138.912038090525,-159.478539877391));
#2348=CARTESIAN_POINT('Ctrl Pts',(-14.3237230047782,-141.041921101183,-161.709128024192));
#2349=CARTESIAN_POINT('Ctrl Pts',(-9.56277651153036,-142.888252895908,-163.642655459958));
#2350=CARTESIAN_POINT('Ctrl Pts',(-1.13477913368821,-144.280592602934,-165.100676593369));
#2351=CARTESIAN_POINT('Ctrl Pts',(7.65308789792013,-143.609512906491,-164.397964787973));
#2352=CARTESIAN_POINT('Ctrl Pts',(13.8582262765503,-141.226657321358,-161.902591212352));
#2353=CARTESIAN_POINT('Ctrl Pts',(17.0108344372693,-139.201580205765,-159.781774771438));
#2354=CARTESIAN_POINT('Ctrl Pts',(18.262106491686,-137.962869570137,-158.484461493779));
#2355=CARTESIAN_POINT('Ctrl Pts',(18.8208434124335,-136.920538065918,-157.392766604986));
#2356=CARTESIAN_POINT('Origin',(4.44089209850063E-15,-115.250000864267,
-154.5300433684));
#2357=CARTESIAN_POINT('Ctrl Pts',(10.5063169941238,-142.388738764362,-163.119548198562));
#2358=CARTESIAN_POINT('Ctrl Pts',(7.81339526661273,-142.848387353735,-163.589741507703));
#2359=CARTESIAN_POINT('Ctrl Pts',(2.66529988325715,-143.404038221246,-164.102298820364));
#2360=CARTESIAN_POINT('Ctrl Pts',(-4.79947886785417,-143.201526939408,-163.918468400364));
#2361=CARTESIAN_POINT('Ctrl Pts',(-8.72410618250942,-142.693138798942,-163.430867760101));
#2362=CARTESIAN_POINT('Ctrl Pts',(-10.5063169491549,-142.388745037985,-163.119552611227));
#2363=CARTESIAN_POINT('Ctrl Pts',(10.6210839964207,-142.369032486817,-163.099369421051));
#2364=CARTESIAN_POINT('Ctrl Pts',(7.90081998334009,-142.838899188936,-163.580989352231));
#2365=CARTESIAN_POINT('Ctrl Pts',(2.71074666900286,-143.405271142829,-164.103418009826));
#2366=CARTESIAN_POINT('Ctrl Pts',(-4.84492940201001,-143.200293916135,-163.917349118593));
#2367=CARTESIAN_POINT('Ctrl Pts',(-8.80757487207049,-142.682276917194,-163.420449336503));
#2368=CARTESIAN_POINT('Ctrl Pts',(-10.6210839930342,-142.369032487402,-163.09936942165));
#2369=CARTESIAN_POINT('Ctrl Pts',(10.6025130727784,-144.412722565727,-165.294137495506));
#2370=CARTESIAN_POINT('Ctrl Pts',(7.83893877102745,-144.720525105057,-165.74680338199));
#2371=CARTESIAN_POINT('Ctrl Pts',(2.6765258676692,-145.087921679535,-166.21070202217));
#2372=CARTESIAN_POINT('Ctrl Pts',(-4.78936223417714,-144.95520114252,-166.047174284844));
#2373=CARTESIAN_POINT('Ctrl Pts',(-8.76013042614706,-144.617924233915,-165.595914716809));
#2374=CARTESIAN_POINT('Ctrl Pts',(-10.6025130693379,-144.412722566111,-165.294137496069));
#2375=CARTESIAN_POINT('Ctrl Pts',(10.5634429739297,-147.150680200463,-169.911560261901));
#2376=CARTESIAN_POINT('Ctrl Pts',(7.70935835457704,-147.2257688085,-170.215786372609));
#2377=CARTESIAN_POINT('Ctrl Pts',(2.60803629112778,-147.314376032774,-170.470649078978));
#2378=CARTESIAN_POINT('Ctrl Pts',(-4.67738593545369,-147.282418315233,-170.384399118856));
#2379=CARTESIAN_POINT('Ctrl Pts',(-8.6607201228797,-147.200739266462,-170.114377644587));
#2380=CARTESIAN_POINT('Ctrl Pts',(-10.5634429703765,-147.150680200556,-169.91156026228));
#2381=CARTESIAN_POINT('Ctrl Pts',(10.5190312702412,-147.999999998016,-175.160270087263));
#2382=CARTESIAN_POINT('Ctrl Pts',(7.5626468359863,-147.999899109236,-175.233692331709));
#2383=CARTESIAN_POINT('Ctrl Pts',(2.53277305180989,-147.999845699575,-175.19105108106));
#2384=CARTESIAN_POINT('Ctrl Pts',(-4.55373467469293,-147.999865319249,-175.213327123448));
#2385=CARTESIAN_POINT('Ctrl Pts',(-8.54810855086074,-147.999932738838,-175.209218244287));
#2386=CARTESIAN_POINT('Ctrl Pts',(-10.5190312665607,-147.999999998016,-175.160270087355));
#2387=CARTESIAN_POINT('Ctrl Pts',(10.5000000106236,-147.999999998016,-177.409442063304));
#2388=CARTESIAN_POINT('Ctrl Pts',(7.4997820880392,-147.999999998016,-177.384055864826));
#2389=CARTESIAN_POINT('Ctrl Pts',(2.50052165844031,-147.999999998016,-177.213990420902));
#2390=CARTESIAN_POINT('Ctrl Pts',(-4.50074806407321,-147.999999998016,-177.282750543872));
#2391=CARTESIAN_POINT('Ctrl Pts',(-8.49985496923407,-147.999999998016,-177.392517932969));
#2392=CARTESIAN_POINT('Ctrl Pts',(-10.5000000068885,-147.999999998016,-177.409442063272));
#2393=CARTESIAN_POINT('Origin',(15.5000000019827,-139.362099953847,-156.5300433684));
#2394=CARTESIAN_POINT('',(13.3370323497651,-135.997345737643,-160.54305370191));
#2395=CARTESIAN_POINT('Ctrl Pts',(11.5000000019827,-139.362099953847,-161.382929932369));
#2396=CARTESIAN_POINT('Ctrl Pts',(11.5000000019827,-139.359110392901,-161.382185304623));
#2397=CARTESIAN_POINT('Ctrl Pts',(11.5000034053249,-139.356120828211,-161.381440670376));
#2398=CARTESIAN_POINT('Ctrl Pts',(11.5000102103969,-139.353131265433,-161.380696031027));
#2399=CARTESIAN_POINT('Ctrl Pts',(11.5002942282872,-139.228358256344,-161.349617609503));
#2400=CARTESIAN_POINT('Ctrl Pts',(11.5064989345049,-139.103764015192,-161.318574415437));
#2401=CARTESIAN_POINT('Ctrl Pts',(11.5184844847993,-138.979756449972,-161.287667990307));
#2402=CARTESIAN_POINT('Ctrl Pts',(11.5305219082679,-138.855212182983,-161.25662780291));
#2403=CARTESIAN_POINT('Ctrl Pts',(11.5483904384939,-138.731258968633,-161.225725191622));
#2404=CARTESIAN_POINT('Ctrl Pts',(11.5720009029358,-138.608311581771,-161.195064666106));
#2405=CARTESIAN_POINT('Ctrl Pts',(11.5954058543738,-138.48643436813,-161.164671019571));
#2406=CARTESIAN_POINT('Ctrl Pts',(11.6244534196104,-138.36554486149,-161.134514898829));
#2407=CARTESIAN_POINT('Ctrl Pts',(11.6591056536027,-138.246059041204,-161.104705254635));
#2408=CARTESIAN_POINT('Ctrl Pts',(11.6688460822852,-138.212472660848,-161.096326034022));
#2409=CARTESIAN_POINT('Ctrl Pts',(11.6790296365463,-138.178997296264,-161.087974251254));
#2410=CARTESIAN_POINT('Ctrl Pts',(11.6896561455505,-138.145642473048,-161.079652489911));
#2411=CARTESIAN_POINT('Ctrl Pts',(11.7274479061778,-138.02702049717,-161.050057256657));
#2412=CARTESIAN_POINT('Ctrl Pts',(11.77072773173,-137.910269175791,-161.020927543128));
#2413=CARTESIAN_POINT('Ctrl Pts',(11.8194224512366,-137.795796903855,-160.992372987239));
#2414=CARTESIAN_POINT('Ctrl Pts',(11.8445344407133,-137.736763264943,-160.977647330859));
#2415=CARTESIAN_POINT('Ctrl Pts',(11.8710873176356,-137.678335943121,-160.963074758289));
#2416=CARTESIAN_POINT('Ctrl Pts',(11.8990760595269,-137.620572792102,-160.948671358751));
#2417=CARTESIAN_POINT('Ctrl Pts',(11.9533691228281,-137.508522796181,-160.920731386104));
#2418=CARTESIAN_POINT('Ctrl Pts',(12.01306277818,-137.398970230886,-160.893427019853));
#2419=CARTESIAN_POINT('Ctrl Pts',(12.0779036731524,-137.292229631914,-160.866818787336));
#2420=CARTESIAN_POINT('Ctrl Pts',(12.1265404132052,-137.212164192234,-160.846860122535));
#2421=CARTESIAN_POINT('Ctrl Pts',(12.1780741567997,-137.133681316975,-160.827293375639));
#2422=CARTESIAN_POINT('Ctrl Pts',(12.2324118916232,-137.056925440154,-160.808150504925));
#2423=CARTESIAN_POINT('Ctrl Pts',(12.3063890581772,-136.952427483033,-160.782088775636));
#2424=CARTESIAN_POINT('Ctrl Pts',(12.3852723213853,-136.851537962619,-160.756913665072));
#2425=CARTESIAN_POINT('Ctrl Pts',(12.4687491653788,-136.75456928966,-160.732695326208));
#2426=CARTESIAN_POINT('Ctrl Pts',(12.5497632828478,-136.660461377979,-160.709191474651));
#2427=CARTESIAN_POINT('Ctrl Pts',(12.6351046784901,-136.570045980714,-160.686588566644));
#2428=CARTESIAN_POINT('Ctrl Pts',(12.7245269124124,-136.483638648483,-160.664966925536));
#2429=CARTESIAN_POINT('Ctrl Pts',(12.8128665234774,-136.398277438103,-160.643607054704));
#2430=CARTESIAN_POINT('Ctrl Pts',(12.9051893075154,-136.316827377383,-160.623204598441));
#2431=CARTESIAN_POINT('Ctrl Pts',(13.0012872927541,-136.239628771586,-160.603856362616));
#2432=CARTESIAN_POINT('Ctrl Pts',(13.094916208868,-136.164413648518,-160.585005245763));
#2433=CARTESIAN_POINT('Ctrl Pts',(13.1921293536505,-136.093233997878,-160.567154706621));
#2434=CARTESIAN_POINT('Ctrl Pts',(13.2927547096996,-136.02644453164,-160.550415633524));
#2435=CARTESIAN_POINT('Ctrl Pts',(13.3074737692351,-136.016674845663,-160.54796711137));
#2436=CARTESIAN_POINT('Ctrl Pts',(13.3222658669424,-136.006999171228,-160.545542411572));
#2437=CARTESIAN_POINT('Ctrl Pts',(13.3371304918263,-135.997418699142,-160.543141924143));
#2438=CARTESIAN_POINT('',(13.3370323497651,-135.997345737643,-156.5300433684));
#2439=CARTESIAN_POINT('Ctrl Pts',(13.5251411465046,-136.289995789965,-159.75133301303));
#2440=CARTESIAN_POINT('Ctrl Pts',(13.4379105153372,-134.840288915961,-162.586542281714));
#2441=CARTESIAN_POINT('Ctrl Pts',(13.2415530254519,-131.899658696318,-168.226486134542));
#2442=CARTESIAN_POINT('Ctrl Pts',(12.9180066919877,-128.071311532637,-175.11993412481));
#2443=CARTESIAN_POINT('Ctrl Pts',(12.6342659759959,-125.212483149291,-179.768843885588));
#2444=CARTESIAN_POINT('Ctrl Pts',(12.456354329808,-123.509592310366,-182.311541403408));
#2445=CARTESIAN_POINT('Ctrl Pts',(12.2687580221745,-121.71608205331,-184.765154706787));
#2446=CARTESIAN_POINT('Ctrl Pts',(12.0212650505189,-119.329293445573,-187.570567129584));
#2447=CARTESIAN_POINT('Ctrl Pts',(11.8298774986646,-116.431304256058,-189.390011085278));
#2448=CARTESIAN_POINT('Ctrl Pts',(11.8561921506053,-113.921977122999,-189.141165660963));
#2449=CARTESIAN_POINT('Ctrl Pts',(11.9874021398891,-111.609179235862,-187.870584114432));
#2450=CARTESIAN_POINT('Ctrl Pts',(12.1351006105696,-110.097336224068,-186.284845643317));
#2451=CARTESIAN_POINT('Ctrl Pts',(12.2522251062799,-108.932453648183,-184.88690743344));
#2452=CARTESIAN_POINT('Ctrl Pts',(12.2806734183309,-108.46741271645,-184.352044224435));
#2453=CARTESIAN_POINT('Ctrl Pts',(12.34026646168,-107.555587802275,-183.25326235625));
#2454=CARTESIAN_POINT('Ctrl Pts',(12.3871977609449,-106.63798409865,-182.128128870932));
#2455=CARTESIAN_POINT('Ctrl Pts',(12.4168468645985,-105.945349630664,-181.273422728271));
#2456=CARTESIAN_POINT('Ctrl Pts',(12.4345539482732,-105.499928607079,-180.724382141194));
#2457=CARTESIAN_POINT('Ctrl Pts',(12.4767974860391,-105.114676378159,-180.193553154017));
#2458=CARTESIAN_POINT('Ctrl Pts',(12.5447018278225,-104.328878201624,-179.121651445114));
#2459=CARTESIAN_POINT('Ctrl Pts',(12.6165527514461,-103.563754191726,-178.035007410354));
#2460=CARTESIAN_POINT('Ctrl Pts',(12.6826927625661,-102.802830422251,-176.936912496774));
#2461=CARTESIAN_POINT('Ctrl Pts',(12.7320480387363,-102.237897768206,-176.107981971239));
#2462=CARTESIAN_POINT('Ctrl Pts',(12.7799242619911,-101.676450977311,-175.274508356653));
#2463=CARTESIAN_POINT('Ctrl Pts',(12.9989175343225,-99.0760307555791,-171.36312404893));
#2464=CARTESIAN_POINT('Ctrl Pts',(13.1725129716582,-96.7618041177767,-167.63408996426));
#2465=CARTESIAN_POINT('Ctrl Pts',(13.3133081408078,-94.6637803029001,-164.153616861332));
#2466=CARTESIAN_POINT('Ctrl Pts',(12.8265001248878,-136.640298206512,-159.937378899884));
#2467=CARTESIAN_POINT('Ctrl Pts',(12.7659792031017,-135.196535541426,-162.779120421623));
#2468=CARTESIAN_POINT('Ctrl Pts',(12.6300633229273,-132.265314386056,-168.433035023814));
#2469=CARTESIAN_POINT('Ctrl Pts',(12.4114667833155,-128.437070372413,-175.348465655105));
#2470=CARTESIAN_POINT('Ctrl Pts',(12.2234945769984,-125.556103463914,-180.01527515196));
#2471=CARTESIAN_POINT('Ctrl Pts',(12.1072269741873,-123.829204959839,-182.568903777947));
#2472=CARTESIAN_POINT('Ctrl Pts',(11.9855044008842,-121.999456099634,-185.033752340744));
#2473=CARTESIAN_POINT('Ctrl Pts',(11.8267558184804,-119.542596647434,-187.853375048163));
#2474=CARTESIAN_POINT('Ctrl Pts',(11.7061275963347,-116.499170641682,-189.683310036043));
#2475=CARTESIAN_POINT('Ctrl Pts',(11.7226958288477,-113.847796753792,-189.433012620627));
#2476=CARTESIAN_POINT('Ctrl Pts',(11.805508762285,-111.419238944986,-188.155200420676));
#2477=CARTESIAN_POINT('Ctrl Pts',(11.8997936850376,-109.853565766487,-186.561132455952));
#2478=CARTESIAN_POINT('Ctrl Pts',(11.9751316992457,-108.656550590359,-185.156366075826));
#2479=CARTESIAN_POINT('Ctrl Pts',(11.993455688748,-108.184420240296,-184.620024013245));
#2480=CARTESIAN_POINT('Ctrl Pts',(12.0319275030443,-107.259799607823,-183.518912917466));
#2481=CARTESIAN_POINT('Ctrl Pts',(12.0623611432236,-106.334668344761,-182.393033711386));
#2482=CARTESIAN_POINT('Ctrl Pts',(12.0816340918321,-105.638165702422,-181.538471531096));
#2483=CARTESIAN_POINT('Ctrl Pts',(12.0931503505084,-105.190672740686,-180.98965907444));
#2484=CARTESIAN_POINT('Ctrl Pts',(12.1206517993835,-104.799299173191,-180.457567282881));
#2485=CARTESIAN_POINT('Ctrl Pts',(12.1649906238766,-104.005233427302,-179.383700203318));
#2486=CARTESIAN_POINT('Ctrl Pts',(12.2121813770398,-103.232456180613,-178.294469799217));
#2487=CARTESIAN_POINT('Ctrl Pts',(12.2557310457919,-102.465991434653,-177.193702575271));
#2488=CARTESIAN_POINT('Ctrl Pts',(12.2883425665777,-101.897389950737,-176.362636316184));
#2489=CARTESIAN_POINT('Ctrl Pts',(12.3200587110161,-101.332914936327,-175.526969897369));
#2490=CARTESIAN_POINT('Ctrl Pts',(12.4654934044633,-98.720997720937,-171.604928771716));
#2491=CARTESIAN_POINT('Ctrl Pts',(12.5837943540679,-96.407783743025,-167.865236119428));
#2492=CARTESIAN_POINT('Ctrl Pts',(12.6801719658054,-94.3146892837401,-164.374965096578));
#2493=CARTESIAN_POINT('Ctrl Pts',(11.8225613444872,-137.587789027992,-160.440592014727));
#2494=CARTESIAN_POINT('Ctrl Pts',(11.8069248531908,-136.131327960814,-163.284785937826));
#2495=CARTESIAN_POINT('Ctrl Pts',(11.7723949559072,-133.168358135662,-168.944439937919));
#2496=CARTESIAN_POINT('Ctrl Pts',(11.7176062985634,-129.264659373409,-175.867629856724));
#2497=CARTESIAN_POINT('Ctrl Pts',(11.6715688746044,-126.28748062475,-180.540538788005));
#2498=CARTESIAN_POINT('Ctrl Pts',(11.643300586967,-124.485107701708,-183.097574320637));
#2499=CARTESIAN_POINT('Ctrl Pts',(11.6139416906328,-122.559418706925,-185.565859762793));
#2500=CARTESIAN_POINT('Ctrl Pts',(11.5761651980566,-119.942552275774,-188.389703238092));
#2501=CARTESIAN_POINT('Ctrl Pts',(11.5478418478471,-116.622858962078,-190.222471877449));
#2502=CARTESIAN_POINT('Ctrl Pts',(11.5517322188716,-113.711606055198,-189.971770051016));
#2503=CARTESIAN_POINT('Ctrl Pts',(11.5711987863981,-111.063124318331,-188.691972272339));
#2504=CARTESIAN_POINT('Ctrl Pts',(11.593510013082,-109.383263111141,-187.095460206213));
#2505=CARTESIAN_POINT('Ctrl Pts',(11.6115319644319,-108.111555356732,-185.688675063538));
#2506=CARTESIAN_POINT('Ctrl Pts',(11.6159232082897,-107.622486442179,-185.152210823775));
#2507=CARTESIAN_POINT('Ctrl Pts',(11.6251616587892,-106.665908871208,-184.052426505383));
#2508=CARTESIAN_POINT('Ctrl Pts',(11.6324889874117,-105.720048849322,-182.929865400867));
#2509=CARTESIAN_POINT('Ctrl Pts',(11.6371347913761,-105.012095293715,-182.078714692098));
#2510=CARTESIAN_POINT('Ctrl Pts',(11.6399150078134,-104.558188511452,-181.532253622286));
#2511=CARTESIAN_POINT('Ctrl Pts',(11.6465664948464,-104.148897657438,-181.002136737683));
#2512=CARTESIAN_POINT('Ctrl Pts',(11.65733613481,-103.328415091215,-179.931788335651));
#2513=CARTESIAN_POINT('Ctrl Pts',(11.6687996426491,-102.529264516136,-178.845305856331));
#2514=CARTESIAN_POINT('Ctrl Pts',(11.6794751640793,-101.740447837476,-177.746830293621));
#2515=CARTESIAN_POINT('Ctrl Pts',(11.6874763468022,-101.155836863914,-176.91721919767));
#2516=CARTESIAN_POINT('Ctrl Pts',(11.6952846730187,-100.576540359719,-176.082809743341));
#2517=CARTESIAN_POINT('Ctrl Pts',(11.7312111455867,-97.8998362226201,-172.16570034319));
#2518=CARTESIAN_POINT('Ctrl Pts',(11.7606163336508,-95.5506109921723,-168.425707957332));
#2519=CARTESIAN_POINT('Ctrl Pts',(11.7851825618444,-93.4318990271264,-164.934716149081));
#2520=CARTESIAN_POINT('Ctrl Pts',(11.5000000019827,-138.829956987413,-161.100308387537));
#2521=CARTESIAN_POINT('Ctrl Pts',(11.5000525905052,-137.338947295681,-163.93818134094));
#2522=CARTESIAN_POINT('Ctrl Pts',(11.4999514223081,-134.296009367311,-169.584002432858));
#2523=CARTESIAN_POINT('Ctrl Pts',(11.500020586701,-130.248691106428,-176.486298400595));
#2524=CARTESIAN_POINT('Ctrl Pts',(11.4999860980588,-127.124705053434,-181.142379413396));
#2525=CARTESIAN_POINT('Ctrl Pts',(11.5000150316532,-125.218921153773,-183.68936134443));
#2526=CARTESIAN_POINT('Ctrl Pts',(11.5000303063253,-123.170411253511,-186.14736642627));
#2527=CARTESIAN_POINT('Ctrl Pts',(11.5000198744674,-120.363199167545,-188.958316528611));
#2528=CARTESIAN_POINT('Ctrl Pts',(11.5000286659367,-116.75040878486,-190.781756385041));
#2529=CARTESIAN_POINT('Ctrl Pts',(11.50002627749,-113.570434709881,-190.532313678794));
#2530=CARTESIAN_POINT('Ctrl Pts',(11.5000206805442,-110.688606728625,-189.25892652916));
#2531=CARTESIAN_POINT('Ctrl Pts',(11.5000334137969,-108.878336464846,-187.669957028343));
#2532=CARTESIAN_POINT('Ctrl Pts',(11.5000254393092,-107.516979031526,-186.269367315704));
#2533=CARTESIAN_POINT('Ctrl Pts',(11.5000228546842,-107.007294333379,-185.734821708074));
#2534=CARTESIAN_POINT('Ctrl Pts',(11.5000175039426,-106.010954444542,-184.640855513975));
#2535=CARTESIAN_POINT('Ctrl Pts',(11.5000160041074,-105.038093552698,-183.525505716248));
#2536=CARTESIAN_POINT('Ctrl Pts',(11.5000164806445,-104.314758284942,-182.680443528375));
#2537=CARTESIAN_POINT('Ctrl Pts',(11.5000159393993,-103.852101699048,-182.137981260744));
#2538=CARTESIAN_POINT('Ctrl Pts',(11.5000128993628,-103.418882077102,-181.613392102086));
#2539=CARTESIAN_POINT('Ctrl Pts',(11.5000029603547,-102.561997400333,-180.552472722859));
#2540=CARTESIAN_POINT('Ctrl Pts',(11.5000098389963,-101.725279248827,-179.475144108762));
#2541=CARTESIAN_POINT('Ctrl Pts',(11.4999947779897,-100.903381205446,-178.384975293127));
#2542=CARTESIAN_POINT('Ctrl Pts',(11.4999887983108,-100.294502847205,-177.561383166651));
#2543=CARTESIAN_POINT('Ctrl Pts',(11.4999808991536,-99.6921540618687,-176.732723134031));
#2544=CARTESIAN_POINT('Ctrl Pts',(11.4999269317118,-96.9120620762416,-172.841350915827));
#2545=CARTESIAN_POINT('Ctrl Pts',(11.5000697992194,-94.4898218238426,-169.119764724521));
#2546=CARTESIAN_POINT('Ctrl Pts',(11.5000000019827,-92.3140290954144,-165.643524233617));
#2547=CARTESIAN_POINT('Ctrl Pts',(11.5000000019827,-139.362099953847,-161.382929932369));
#2548=CARTESIAN_POINT('Ctrl Pts',(11.5000000019827,-137.856331000385,-164.218114907864));
#2549=CARTESIAN_POINT('Ctrl Pts',(11.5000000019827,-134.779122872261,-169.858007410987));
#2550=CARTESIAN_POINT('Ctrl Pts',(11.5000000019827,-130.670346262516,-176.751392209807));
#2551=CARTESIAN_POINT('Ctrl Pts',(11.5000000019827,-127.48346258298,-181.400273070115));
#2552=CARTESIAN_POINT('Ctrl Pts',(11.5000000019827,-125.533389619586,-183.942963682363));
#2553=CARTESIAN_POINT('Ctrl Pts',(11.5000000019827,-123.432262321738,-186.39657624488));
#2554=CARTESIAN_POINT('Ctrl Pts',(11.5000000019827,-120.543476975911,-189.20200703361));
#2555=CARTESIAN_POINT('Ctrl Pts',(11.5000000019827,-116.805075368423,-191.021455259708));
#2556=CARTESIAN_POINT('Ctrl Pts',(11.5000000019827,-113.509930492416,-190.772551090599));
#2557=CARTESIAN_POINT('Ctrl Pts',(11.5000000019827,-110.528100606179,-189.501906979333));
#2558=CARTESIAN_POINT('Ctrl Pts',(11.5000000019827,-108.661935427182,-187.916169245788));
#2559=CARTESIAN_POINT('Ctrl Pts',(11.5000000019827,-107.262165774216,-186.518227947792));
#2560=CARTESIAN_POINT('Ctrl Pts',(11.5000000019827,-106.74364835996,-185.984502723878));
#2561=CARTESIAN_POINT('Ctrl Pts',(11.5000000019827,-105.730273320678,-184.893025851228));
#2562=CARTESIAN_POINT('Ctrl Pts',(11.5000000019827,-104.745844324689,-183.7807637683));
#2563=CARTESIAN_POINT('Ctrl Pts',(11.5000000019827,-104.015918696062,-182.938309343129));
#2564=CARTESIAN_POINT('Ctrl Pts',(11.5000000019827,-103.549513646265,-182.397559604473));
#2565=CARTESIAN_POINT('Ctrl Pts',(11.5000000019827,-103.106043479039,-181.875336225124));
#2566=CARTESIAN_POINT('Ctrl Pts',(11.5000000019827,-102.233568187254,-180.81845088156));
#2567=CARTESIAN_POINT('Ctrl Pts',(11.5000000019827,-101.380753660863,-179.745042577179));
#2568=CARTESIAN_POINT('Ctrl Pts',(11.5000000019827,-100.544691937763,-178.658424881494));
#2569=CARTESIAN_POINT('Ctrl Pts',(11.5000000019827,-99.9254218034151,-177.837407012206));
#2570=CARTESIAN_POINT('Ctrl Pts',(11.5000000019827,-99.3132030603303,-177.011205089134));
#2571=CARTESIAN_POINT('Ctrl Pts',(11.5000000019827,-96.4888556674836,-173.130830943751));
#2572=CARTESIAN_POINT('Ctrl Pts',(11.5000000019827,-94.0352922589452,-169.417151887044));
#2573=CARTESIAN_POINT('Ctrl Pts',(11.5000000019827,-91.8350987641343,-165.947199715988));
#2574=CARTESIAN_POINT('Ctrl Pts',(11.5000000019827,-113.034075961999,-190.500624790603));
#2575=CARTESIAN_POINT('Ctrl Pts',(11.5000000019827,-112.436622335584,-190.310883767082));
#2576=CARTESIAN_POINT('Ctrl Pts',(11.5000000019827,-110.390471205368,-189.384959060378));
#2577=CARTESIAN_POINT('Ctrl Pts',(11.5000000019827,-108.661935427182,-187.916169245788));
#2578=CARTESIAN_POINT('Ctrl Pts',(11.5000000019827,-107.262165774216,-186.518227947792));
#2579=CARTESIAN_POINT('Ctrl Pts',(11.5000000019827,-106.74364835996,-185.984502723878));
#2580=CARTESIAN_POINT('Ctrl Pts',(11.5000000019827,-105.730273320678,-184.893025851228));
#2581=CARTESIAN_POINT('Ctrl Pts',(11.5000000019827,-104.745844324689,-183.7807637683));
#2582=CARTESIAN_POINT('Ctrl Pts',(11.5000000019827,-104.015918696062,-182.938309343129));
#2583=CARTESIAN_POINT('Ctrl Pts',(11.5000000019827,-103.549513646265,-182.397559604473));
#2584=CARTESIAN_POINT('Ctrl Pts',(11.5000000019827,-103.106043479039,-181.875336225124));
#2585=CARTESIAN_POINT('Ctrl Pts',(11.5000000019827,-102.233568187254,-180.81845088156));
#2586=CARTESIAN_POINT('Ctrl Pts',(11.5000000019827,-101.380753660863,-179.745042577179));
#2587=CARTESIAN_POINT('Ctrl Pts',(11.5000000019827,-100.544691937763,-178.658424881494));
#2588=CARTESIAN_POINT('Ctrl Pts',(11.5000000019827,-99.9254218034151,-177.837407012206));
#2589=CARTESIAN_POINT('Ctrl Pts',(11.5000000019827,-99.3132030603303,-177.011205089134));
#2590=CARTESIAN_POINT('Ctrl Pts',(11.5000000019827,-97.2480590801648,-174.173901389376));
#2591=CARTESIAN_POINT('Ctrl Pts',(11.5000000019827,-95.4699936084529,-171.557996119526));
#2592=CARTESIAN_POINT('Ctrl Pts',(11.5000000019827,-93.9266115422124,-169.197827357006));
#2593=CARTESIAN_POINT('',(13.3133081408078,-94.6637803029001,-164.153616861332));
#2594=CARTESIAN_POINT('Ctrl Pts',(12.0809428830968,-94.3014978964571,-165.954439646364));
#2595=CARTESIAN_POINT('Ctrl Pts',(12.3948672121002,-94.5119260988764,-165.324453192942));
#2596=CARTESIAN_POINT('Ctrl Pts',(12.81639781799,-94.630795367938,-164.710197859118));
#2597=CARTESIAN_POINT('Ctrl Pts',(13.3085590212013,-94.6634714035331,-164.158926387906));
#2598=CARTESIAN_POINT('Ctrl Pts',(13.3109327266543,-94.6636268645539,-164.156270918024));
#2599=CARTESIAN_POINT('Ctrl Pts',(13.3133081408078,-94.6637803029001,-164.153616861332));
#2600=CARTESIAN_POINT('',(12.4227697360828,-105.708121626336,-180.987921428417));
#2601=CARTESIAN_POINT('Ctrl Pts',(13.3067183000308,-94.6601388329058,-164.155925809178));
#2602=CARTESIAN_POINT('Ctrl Pts',(13.1663856261769,-96.7581120146829,-167.636500620275));
#2603=CARTESIAN_POINT('Ctrl Pts',(12.9933659292101,-99.0723288857124,-171.36564533712));
#2604=CARTESIAN_POINT('Ctrl Pts',(12.7751383871302,-101.672869773408,-175.27714015086));
#2605=CARTESIAN_POINT('Ctrl Pts',(12.7274303840027,-102.234348300513,-176.110636498758));
#2606=CARTESIAN_POINT('Ctrl Pts',(12.6782494004839,-102.799319364199,-176.939589161172));
#2607=CARTESIAN_POINT('Ctrl Pts',(12.6123445347491,-103.560301105426,-178.037711763527));
#2608=CARTESIAN_POINT('Ctrl Pts',(12.5407502982996,-104.32550509342,-179.12438258565));
#2609=CARTESIAN_POINT('Ctrl Pts',(12.4731477610501,-105.110733085546,-180.19540912104));
#2610=CARTESIAN_POINT('Ctrl Pts',(12.431141767208,-105.495418141312,-180.725372766144));
#2611=CARTESIAN_POINT('Ctrl Pts',(12.4226244219085,-105.708212965885,-180.987842660243));
#2612=CARTESIAN_POINT('',(12.2313495504483,-109.153996736134,-185.149829798429));
#2613=CARTESIAN_POINT('Ctrl Pts',(12.4261466368162,-105.711425541964,-180.985079275282));
#2614=CARTESIAN_POINT('Ctrl Pts',(12.4261179750243,-105.712138978799,-180.985959304706));
#2615=CARTESIAN_POINT('Ctrl Pts',(12.4260894537066,-105.712852649412,-180.986839310962));
#2616=CARTESIAN_POINT('Ctrl Pts',(12.4168468645985,-105.945349630664,-181.273422728271));
#2617=CARTESIAN_POINT('Ctrl Pts',(12.3871977609449,-106.63798409865,-182.128128870932));
#2618=CARTESIAN_POINT('Ctrl Pts',(12.34026646168,-107.555587802275,-183.25326235625));
#2619=CARTESIAN_POINT('Ctrl Pts',(12.2806734183309,-108.46741271645,-184.352044224435));
#2620=CARTESIAN_POINT('Ctrl Pts',(12.2522251062799,-108.932453648183,-184.88690743344));
#2621=CARTESIAN_POINT('Ctrl Pts',(12.2301772585962,-109.151734452312,-185.150059291945));
#2622=CARTESIAN_POINT('Ctrl Pts',(12.2301389078823,-109.152115880829,-185.150517007299));
#2623=CARTESIAN_POINT('Ctrl Pts',(12.2301005566254,-109.152497319413,-185.150974709946));
#2624=CARTESIAN_POINT('',(13.5008880687044,-135.891095131525,-160.5300433684));
#2625=CARTESIAN_POINT('Ctrl Pts',(12.2301005566254,-109.152497319413,-185.150974709946));
#2626=CARTESIAN_POINT('Ctrl Pts',(12.1350212118434,-110.098149002767,-186.285698086194));
#2627=CARTESIAN_POINT('Ctrl Pts',(11.9873756880919,-111.609645493508,-187.870840262348));
#2628=CARTESIAN_POINT('Ctrl Pts',(11.8561921506053,-113.921977122999,-189.141165660963));
#2629=CARTESIAN_POINT('Ctrl Pts',(11.8298774986646,-116.431304256058,-189.390011085278));
#2630=CARTESIAN_POINT('Ctrl Pts',(12.0212650505189,-119.329293445573,-187.570567129584));
#2631=CARTESIAN_POINT('Ctrl Pts',(12.2687580221745,-121.71608205331,-184.765154706787));
#2632=CARTESIAN_POINT('Ctrl Pts',(12.456354329808,-123.509592310366,-182.311541403408));
#2633=CARTESIAN_POINT('Ctrl Pts',(12.6342659759959,-125.212483149291,-179.768843885588));
#2634=CARTESIAN_POINT('Ctrl Pts',(12.9180066919877,-128.071311532637,-175.11993412481));
#2635=CARTESIAN_POINT('Ctrl Pts',(13.2296984313444,-131.759389754797,-168.47905901043));
#2636=CARTESIAN_POINT('Ctrl Pts',(13.4197933305772,-134.570674444037,-163.102892295157));
#2637=CARTESIAN_POINT('Ctrl Pts',(13.5008912931005,-135.891094822246,-160.530043203316));
#2638=CARTESIAN_POINT('Ctrl Pts',(13.5008899397116,-135.891072786657,-160.530086139823));
#2639=CARTESIAN_POINT('Ctrl Pts',(13.445731207169,-135.927157252191,-160.530086264693));
#2640=CARTESIAN_POINT('Ctrl Pts',(13.3911291313815,-135.962615704464,-160.53442181317));
#2641=CARTESIAN_POINT('Ctrl Pts',(13.3371304918263,-135.997418699142,-160.543141924143));
#2642=CARTESIAN_POINT('Ctrl Pts',(13.3133081408079,-94.6637803029001,-164.153616861332));
#2643=CARTESIAN_POINT('Ctrl Pts',(11.5388999564779,-93.2856265910583,-164.143428300963));
#2644=CARTESIAN_POINT('Ctrl Pts',(9.52002747386881,-92.2322571905714,-164.13843913466));
#2645=CARTESIAN_POINT('Ctrl Pts',(7.37814206378653,-91.5651729734573,-164.138561551778));
#2646=CARTESIAN_POINT('Ctrl Pts',(13.1462666932639,-94.8860139853034,-164.707757131991));
#2647=CARTESIAN_POINT('Ctrl Pts',(11.392523901717,-93.5333607889498,-164.70386605542));
#2648=CARTESIAN_POINT('Ctrl Pts',(9.40207517014155,-92.4992929893044,-164.70195478801));
#2649=CARTESIAN_POINT('Ctrl Pts',(7.2918743391725,-91.8419816606442,-164.702003428618));
#2650=CARTESIAN_POINT('Ctrl Pts',(13.0595383389978,-95.0043507542906,-165.327239403751));
#2651=CARTESIAN_POINT('Ctrl Pts',(11.3162327150336,-93.6648035549668,-165.332518905658));
#2652=CARTESIAN_POINT('Ctrl Pts',(9.34029876614106,-92.6407135878584,-165.335196854019));
#2653=CARTESIAN_POINT('Ctrl Pts',(7.24622807141467,-91.9883753079659,-165.335135898684));
#2654=CARTESIAN_POINT('Ctrl Pts',(13.0622041200542,-95.0063999541905,-165.947199715988));
#2655=CARTESIAN_POINT('Ctrl Pts',(11.3182745732056,-93.665832151608,-165.961690191433));
#2656=CARTESIAN_POINT('Ctrl Pts',(9.34145108560311,-92.6410671091249,-165.96897243773));
#2657=CARTESIAN_POINT('Ctrl Pts',(7.24618924145463,-91.9883632118805,-165.96880135974));
#2658=CARTESIAN_POINT('',(7.37814206378653,-91.5651729734573,-164.138561551778));
#2659=CARTESIAN_POINT('Origin',(8.43585904818367,-88.1693730638234,-165.96880135974));
#2660=CARTESIAN_POINT('Ctrl Pts',(7.37814206378653,-91.5651729734573,-164.138561551778));
#2661=CARTESIAN_POINT('Ctrl Pts',(9.52002747386881,-92.2322571905714,-164.13843913466));
#2662=CARTESIAN_POINT('Ctrl Pts',(11.5388999564779,-93.2856265910583,-164.143428300963));
#2663=CARTESIAN_POINT('Ctrl Pts',(13.3133081408079,-94.6637803029001,-164.153616861332));
#2664=CARTESIAN_POINT('Ctrl Pts',(-13.3148668355266,-94.6604856537098,-164.154863661844));
#2665=CARTESIAN_POINT('Ctrl Pts',(-13.168555111638,-96.8717910282377,-167.83037968551));
#2666=CARTESIAN_POINT('Ctrl Pts',(-12.8951857521245,-100.636289801103,-173.888400439201));
#2667=CARTESIAN_POINT('Ctrl Pts',(-12.5219955453403,-104.641661116471,-179.682958776561));
#2668=CARTESIAN_POINT('Ctrl Pts',(-12.3582368145967,-106.570536545857,-182.157572095524));
#2669=CARTESIAN_POINT('Ctrl Pts',(-12.3426004976258,-107.042761878422,-182.713349306387));
#2670=CARTESIAN_POINT('Ctrl Pts',(-12.275463885034,-108.183308424778,-184.084270930342));
#2671=CARTESIAN_POINT('Ctrl Pts',(-12.2171584258897,-109.114930860802,-185.15413044628));
#2672=CARTESIAN_POINT('Ctrl Pts',(-12.1238634831487,-110.307102710953,-186.436351468137));
#2673=CARTESIAN_POINT('Ctrl Pts',(-12.0247304916351,-111.270363168808,-187.437635082354));
#2674=CARTESIAN_POINT('Ctrl Pts',(-11.9089310405974,-112.886325074931,-188.640781336229));
#2675=CARTESIAN_POINT('Ctrl Pts',(-11.8360366117521,-114.6392508313,-189.317102658219));
#2676=CARTESIAN_POINT('Ctrl Pts',(-11.8594409253321,-117.084583795377,-189.107671980174));
#2677=CARTESIAN_POINT('Ctrl Pts',(-12.0670940839512,-119.794799806949,-187.076581102688));
#2678=CARTESIAN_POINT('Ctrl Pts',(-12.2719460415665,-121.759108547888,-184.682599512643));
#2679=CARTESIAN_POINT('Ctrl Pts',(-12.4097911016313,-123.074961216397,-182.899769267151));
#2680=CARTESIAN_POINT('Ctrl Pts',(-12.4995978151721,-123.928907930225,-181.685702598351));
#2681=CARTESIAN_POINT('Ctrl Pts',(-12.6607449569293,-125.483065450658,-179.334471973496));
#2682=CARTESIAN_POINT('Ctrl Pts',(-12.9344241293449,-128.261142599591,-174.775356379907));
#2683=CARTESIAN_POINT('Ctrl Pts',(-13.2481892450321,-132.000020951698,-168.032420719647));
#2684=CARTESIAN_POINT('Ctrl Pts',(-13.4399585894308,-134.873019115548,-162.521258697944));
#2685=CARTESIAN_POINT('Ctrl Pts',(-13.5253764783552,-136.290276951658,-159.750979863172));
#2686=CARTESIAN_POINT('Ctrl Pts',(-12.6812414573256,-94.3112082393847,-164.37572878053));
#2687=CARTESIAN_POINT('Ctrl Pts',(-12.5810778671394,-96.5173229118741,-168.061391944474));
#2688=CARTESIAN_POINT('Ctrl Pts',(-12.3950510121253,-100.278520688136,-174.136481375085));
#2689=CARTESIAN_POINT('Ctrl Pts',(-12.1497012058709,-104.317550801586,-179.946618259091));
#2690=CARTESIAN_POINT('Ctrl Pts',(-12.0434719639888,-106.273626845589,-182.424562631902));
#2691=CARTESIAN_POINT('Ctrl Pts',(-12.0333537908683,-106.748159460896,-182.980238981303));
#2692=CARTESIAN_POINT('Ctrl Pts',(-11.9899544951588,-107.901341507811,-184.352641100632));
#2693=CARTESIAN_POINT('Ctrl Pts',(-11.9524117848599,-108.846946472307,-185.42485323746));
#2694=CARTESIAN_POINT('Ctrl Pts',(-11.8926024139149,-110.069521270324,-186.712742535002));
#2695=CARTESIAN_POINT('Ctrl Pts',(-11.8292992713268,-111.069954098203,-187.719417673011));
#2696=CARTESIAN_POINT('Ctrl Pts',(-11.7559229191957,-112.757408718073,-188.928965862432));
#2697=CARTESIAN_POINT('Ctrl Pts',(-11.7099669961442,-114.604517937357,-189.609213489003));
#2698=CARTESIAN_POINT('Ctrl Pts',(-11.7246921749705,-117.187764817213,-189.398684296792));
#2699=CARTESIAN_POINT('Ctrl Pts',(-11.8558446716571,-120.024804445347,-187.356413453433));
#2700=CARTESIAN_POINT('Ctrl Pts',(-11.9876764101244,-122.042308057048,-184.950752716985));
#2701=CARTESIAN_POINT('Ctrl Pts',(-12.0769747447528,-123.385702662064,-183.159762737513));
#2702=CARTESIAN_POINT('Ctrl Pts',(-12.1354054172986,-124.254640354652,-181.940316361608));
#2703=CARTESIAN_POINT('Ctrl Pts',(-12.2409528631151,-125.829347780513,-179.57922137356));
#2704=CARTESIAN_POINT('Ctrl Pts',(-12.4224139072758,-128.626868588353,-175.002803255966));
#2705=CARTESIAN_POINT('Ctrl Pts',(-12.6346901818851,-132.36544397325,-168.238605979586));
#2706=CARTESIAN_POINT('Ctrl Pts',(-12.767399661652,-135.229079169025,-162.713777274006));
#2707=CARTESIAN_POINT('Ctrl Pts',(-12.8266637975157,-136.640514587528,-159.937101178575));
#2708=CARTESIAN_POINT('Ctrl Pts',(-11.7854539625013,-93.4275356555309,-164.934517989646));
#2709=CARTESIAN_POINT('Ctrl Pts',(-11.7599202078301,-95.660167637085,-168.620874671662));
#2710=CARTESIAN_POINT('Ctrl Pts',(-11.7134251600673,-99.4767370279733,-174.696155199272));
#2711=CARTESIAN_POINT('Ctrl Pts',(-11.6535596601176,-103.644999900474,-180.495081543566));
#2712=CARTESIAN_POINT('Ctrl Pts',(-11.6280002189509,-105.67502407196,-182.962804390987));
#2713=CARTESIAN_POINT('Ctrl Pts',(-11.6255604483698,-106.156025288901,-183.516652127298));
#2714=CARTESIAN_POINT('Ctrl Pts',(-11.6151229699498,-107.341986463125,-184.885179557833));
#2715=CARTESIAN_POINT('Ctrl Pts',(-11.6061404987607,-108.321115039739,-185.95637492965));
#2716=CARTESIAN_POINT('Ctrl Pts',(-11.5918866397768,-109.610985881006,-187.246426258548));
#2717=CARTESIAN_POINT('Ctrl Pts',(-11.576853425013,-110.690566346774,-188.254254607256));
#2718=CARTESIAN_POINT('Ctrl Pts',(-11.5595519068597,-112.518092159793,-189.46555445282));
#2719=CARTESIAN_POINT('Ctrl Pts',(-11.5487734706249,-114.540954216778,-190.146796918447));
#2720=CARTESIAN_POINT('Ctrl Pts',(-11.5522065448561,-117.376708852162,-189.93620378861));
#2721=CARTESIAN_POINT('Ctrl Pts',(-11.5830787222981,-120.460231065211,-187.891328367511));
#2722=CARTESIAN_POINT('Ctrl Pts',(-11.6144990570664,-122.602859806036,-185.482364024283));
#2723=CARTESIAN_POINT('Ctrl Pts',(-11.6360314770081,-124.018146406077,-183.689047689427));
#2724=CARTESIAN_POINT('Ctrl Pts',(-11.6501640741661,-124.929410611388,-182.468017680621));
#2725=CARTESIAN_POINT('Ctrl Pts',(-11.675840981474,-126.570653331646,-180.103909600319));
#2726=CARTESIAN_POINT('Ctrl Pts',(-11.7203826363345,-129.45840052793,-175.521769495317));
#2727=CARTESIAN_POINT('Ctrl Pts',(-11.7735482054006,-133.269572358289,-168.750021585003));
#2728=CARTESIAN_POINT('Ctrl Pts',(-11.8072914178884,-136.16404038968,-163.219629837122));
#2729=CARTESIAN_POINT('Ctrl Pts',(-11.8226034335658,-137.587905617989,-160.440558393705));
#2730=CARTESIAN_POINT('Ctrl Pts',(-11.4999999980164,-92.3082704201486,-165.642283905549));
#2731=CARTESIAN_POINT('Ctrl Pts',(-11.5000726382232,-94.6001384597011,-169.313259012938));
#2732=CARTESIAN_POINT('Ctrl Pts',(-11.4999553614794,-98.5302986020273,-175.359485890692));
#2733=CARTESIAN_POINT('Ctrl Pts',(-11.4999997345057,-102.8873739563,-181.113855537637));
#2734=CARTESIAN_POINT('Ctrl Pts',(-11.4999944409566,-105.013349844863,-183.557746755062));
#2735=CARTESIAN_POINT('Ctrl Pts',(-11.4999974482319,-105.502800766058,-184.108404326813));
#2736=CARTESIAN_POINT('Ctrl Pts',(-11.5000042179862,-106.730272756277,-185.467682774116));
#2737=CARTESIAN_POINT('Ctrl Pts',(-11.5000068566706,-107.750292004955,-186.533603817841));
#2738=CARTESIAN_POINT('Ctrl Pts',(-11.5000105789363,-109.118808693146,-187.819438892215));
#2739=CARTESIAN_POINT('Ctrl Pts',(-11.5000144085145,-110.288775727838,-188.82168814755));
#2740=CARTESIAN_POINT('Ctrl Pts',(-11.500017765423,-112.268118640898,-190.02720877921));
#2741=CARTESIAN_POINT('Ctrl Pts',(-11.5000176249409,-114.475204341098,-190.704812262348));
#2742=CARTESIAN_POINT('Ctrl Pts',(-11.5000216459575,-117.572158225099,-190.495638408242));
#2743=CARTESIAN_POINT('Ctrl Pts',(-11.5000063059782,-120.921163538133,-188.46148325325));
#2744=CARTESIAN_POINT('Ctrl Pts',(-11.5000259489887,-123.215200391217,-186.063619230125));
#2745=CARTESIAN_POINT('Ctrl Pts',(-11.5000071305992,-124.72179909225,-184.27798959058));
#2746=CARTESIAN_POINT('Ctrl Pts',(-11.4999987509961,-125.688755585428,-183.062037881061));
#2747=CARTESIAN_POINT('Ctrl Pts',(-11.4999817529474,-127.422307478366,-180.707253987856));
#2748=CARTESIAN_POINT('Ctrl Pts',(-11.4999951653051,-130.449599897188,-176.141625080135));
#2749=CARTESIAN_POINT('Ctrl Pts',(-11.4999616881629,-134.399914105265,-169.390325856305));
#2750=CARTESIAN_POINT('Ctrl Pts',(-11.5000515045165,-137.372301699141,-163.873489473151));
#2751=CARTESIAN_POINT('Ctrl Pts',(-11.4999999980164,-138.829991988903,-161.100620949869));
#2752=CARTESIAN_POINT('Ctrl Pts',(-11.4999999980164,-91.8287425538554,-165.945512728137));
#2753=CARTESIAN_POINT('Ctrl Pts',(-11.4999999980164,-94.1459325083283,-169.609930725023));
#2754=CARTESIAN_POINT('Ctrl Pts',(-11.4999999980164,-98.1247742801478,-175.643705477881));
#2755=CARTESIAN_POINT('Ctrl Pts',(-11.4999999980164,-102.562710030828,-181.37901571449));
#2756=CARTESIAN_POINT('Ctrl Pts',(-11.4999999980164,-104.729799555891,-183.812700751806));
#2757=CARTESIAN_POINT('Ctrl Pts',(-11.4999999980164,-105.222869497286,-184.361992796373));
#2758=CARTESIAN_POINT('Ctrl Pts',(-11.4999999980164,-106.468124779921,-185.717312593003));
#2759=CARTESIAN_POINT('Ctrl Pts',(-11.4999999980164,-107.505664522507,-186.780976284806));
#2760=CARTESIAN_POINT('Ctrl Pts',(-11.4999999980164,-108.907881294934,-188.065008706616));
#2761=CARTESIAN_POINT('Ctrl Pts',(-11.4999999980164,-110.116580587551,-189.064871179758));
#2762=CARTESIAN_POINT('Ctrl Pts',(-11.4999999980164,-112.160986144518,-190.267918788775));
#2763=CARTESIAN_POINT('Ctrl Pts',(-11.4999999980164,-114.447024300017,-190.943964062024));
#2764=CARTESIAN_POINT('Ctrl Pts',(-11.4999999980164,-117.655924191625,-190.735399155865));
#2765=CARTESIAN_POINT('Ctrl Pts',(-11.4999999980164,-121.118701163308,-188.705829452028));
#2766=CARTESIAN_POINT('Ctrl Pts',(-11.4999999980164,-123.477627256988,-186.312719921152));
#2767=CARTESIAN_POINT('Ctrl Pts',(-11.4999999980164,-125.023341639794,-184.530373030386));
#2768=CARTESIAN_POINT('Ctrl Pts',(-11.4999999980164,-126.014155208267,-183.316590802919));
#2769=CARTESIAN_POINT('Ctrl Pts',(-11.4999999980164,-127.787244505756,-180.965789556199));
#2770=CARTESIAN_POINT('Ctrl Pts',(-11.4999999980164,-130.874312374827,-176.407220245973));
#2771=CARTESIAN_POINT('Ctrl Pts',(-11.4999999980164,-134.884183951427,-169.664650660314));
#2772=CARTESIAN_POINT('Ctrl Pts',(-11.4999999980164,-137.889959522575,-164.153621492471));
#2773=CARTESIAN_POINT('Ctrl Pts',(-11.4999999980164,-139.362099956397,-161.383390774419));
#2774=CARTESIAN_POINT('',(-11.4999999980164,-139.362099956397,-161.383390774419));
#2775=CARTESIAN_POINT('Ctrl Pts',(-11.4999999980164,-117.454825543388,-190.498919897353));
#2776=CARTESIAN_POINT('Ctrl Pts',(-11.4999999980164,-118.735506435313,-190.097938264685));
#2777=CARTESIAN_POINT('Ctrl Pts',(-11.4999999980164,-121.274881275108,-188.547386118392));
#2778=CARTESIAN_POINT('Ctrl Pts',(-11.4999999980164,-123.477627256988,-186.312719921152));
#2779=CARTESIAN_POINT('Ctrl Pts',(-11.4999999980164,-125.023341639794,-184.530373030386));
#2780=CARTESIAN_POINT('Ctrl Pts',(-11.4999999980164,-126.014155208267,-183.316590802919));
#2781=CARTESIAN_POINT('Ctrl Pts',(-11.4999999980164,-127.787244505756,-180.965789556199));
#2782=CARTESIAN_POINT('Ctrl Pts',(-11.4999999980164,-130.874312374827,-176.407220245973));
#2783=CARTESIAN_POINT('Ctrl Pts',(-11.4999999980164,-134.884183951427,-169.664650660314));
#2784=CARTESIAN_POINT('Ctrl Pts',(-11.4999999980164,-137.889959522575,-164.153621492471));
#2785=CARTESIAN_POINT('Ctrl Pts',(-11.4999999980164,-139.362099956397,-161.383390774419));
#2786=CARTESIAN_POINT('',(-13.3370323463522,-135.997345739837,-160.543074054879));
#2787=CARTESIAN_POINT('Ctrl Pts',(-11.4999999980164,-139.362099956397,-161.383390774419));
#2788=CARTESIAN_POINT('Ctrl Pts',(-11.4999999980164,-139.359109492693,-161.382645533429));
#2789=CARTESIAN_POINT('Ctrl Pts',(-11.5000034034222,-139.356119025284,-161.381900285907));
#2790=CARTESIAN_POINT('Ctrl Pts',(-11.5000102126198,-139.353128559826,-161.381155033277));
#2791=CARTESIAN_POINT('Ctrl Pts',(-11.500294316118,-139.228355900274,-161.350060491627));
#2792=CARTESIAN_POINT('Ctrl Pts',(-11.5064990877131,-139.103762029726,-161.31900116122));
#2793=CARTESIAN_POINT('Ctrl Pts',(-11.5184846870656,-138.97975484854,-161.288078636154));
#2794=CARTESIAN_POINT('Ctrl Pts',(-11.530522100499,-138.855211580844,-161.257022432149));
#2795=CARTESIAN_POINT('Ctrl Pts',(-11.5483905467235,-138.731259373601,-161.226103839451));
#2796=CARTESIAN_POINT('Ctrl Pts',(-11.5720008585914,-138.608312986253,-161.195427421815));
#2797=CARTESIAN_POINT('Ctrl Pts',(-11.5954055081097,-138.486437548031,-161.165018217257));
#2798=CARTESIAN_POINT('Ctrl Pts',(-11.6244526313567,-138.36554979673,-161.134846623027));
#2799=CARTESIAN_POINT('Ctrl Pts',(-11.659104289696,-138.246065685745,-161.105021645061));
#2800=CARTESIAN_POINT('Ctrl Pts',(-11.6688465766822,-138.212472820199,-161.096636375536));
#2801=CARTESIAN_POINT('Ctrl Pts',(-11.6790321624979,-138.178991012811,-161.088278566312));
#2802=CARTESIAN_POINT('Ctrl Pts',(-11.6896608763793,-138.14562979448,-161.079950803904));
#2803=CARTESIAN_POINT('Ctrl Pts',(-11.7274523796218,-138.027010495401,-161.050340574147));
#2804=CARTESIAN_POINT('Ctrl Pts',(-11.7707317655818,-137.910261711033,-161.021196046035));
#2805=CARTESIAN_POINT('Ctrl Pts',(-11.8194258968867,-137.795791815468,-160.992626913268));
#2806=CARTESIAN_POINT('Ctrl Pts',(-11.8445499962153,-137.736730221202,-160.977886456664));
#2807=CARTESIAN_POINT('Ctrl Pts',(-11.8711163679816,-137.678275500722,-160.963299298562));
#2808=CARTESIAN_POINT('Ctrl Pts',(-11.8991199875155,-137.62048559114,-160.948881560706));
#2809=CARTESIAN_POINT('Ctrl Pts',(-11.9534154007408,-137.508438396053,-160.920927423073));
#2810=CARTESIAN_POINT('Ctrl Pts',(-12.0131113334977,-137.398888599591,-160.893609199643));
#2811=CARTESIAN_POINT('Ctrl Pts',(-12.0779544636066,-137.292150734004,-160.86698745336));
#2812=CARTESIAN_POINT('Ctrl Pts',(-12.1265790759087,-137.212110067808,-160.847024319414));
#2813=CARTESIAN_POINT('Ctrl Pts',(-12.1780990241824,-137.133651048487,-160.827453074523));
#2814=CARTESIAN_POINT('Ctrl Pts',(-12.2324213846413,-137.056917984172,-160.808305667972));
#2815=CARTESIAN_POINT('Ctrl Pts',(-12.3063978439601,-136.95242251743,-160.782230634969));
#2816=CARTESIAN_POINT('Ctrl Pts',(-12.3852803437567,-136.851535253976,-160.757042622324));
#2817=CARTESIAN_POINT('Ctrl Pts',(-12.4687564018663,-136.754568599294,-160.732811818374));
#2818=CARTESIAN_POINT('Ctrl Pts',(-12.5497698413019,-136.660462547998,-160.709295844899));
#2819=CARTESIAN_POINT('Ctrl Pts',(-12.6351105466823,-136.570048794096,-160.686681228374));
#2820=CARTESIAN_POINT('Ctrl Pts',(-12.7245321014508,-136.483642884436,-160.665048334074));
#2821=CARTESIAN_POINT('Ctrl Pts',(-12.8128703185362,-136.398283778069,-160.643677521211));
#2822=CARTESIAN_POINT('Ctrl Pts',(-12.9051916541994,-136.316835541959,-160.623264551526));
#2823=CARTESIAN_POINT('Ctrl Pts',(-13.0012881588495,-136.239638468572,-160.603906279539));
#2824=CARTESIAN_POINT('Ctrl Pts',(-13.0949147933958,-136.16442551255,-160.585045553404));
#2825=CARTESIAN_POINT('Ctrl Pts',(-13.1921255617336,-136.093247679349,-160.567185840046));
#2826=CARTESIAN_POINT('Ctrl Pts',(-13.2927484667957,-136.026459657039,-160.550438080572));
#2827=CARTESIAN_POINT('Ctrl Pts',(-13.3074696530976,-136.016688532676,-160.547987874158));
#2828=CARTESIAN_POINT('Ctrl Pts',(-13.322263900635,-136.007011443603,-160.545561508606));
#2829=CARTESIAN_POINT('Ctrl Pts',(-13.3371306982097,-135.99742958115,-160.543159374312));
#2830=CARTESIAN_POINT('',(-13.5010599385927,-135.89098271417,-160.5300433684));
#2831=CARTESIAN_POINT('Ctrl Pts',(-13.3371306982097,-135.99742958115,-160.543159374312));
#2832=CARTESIAN_POINT('Ctrl Pts',(-13.3915000205301,-135.962387789431,-160.534374517814));
#2833=CARTESIAN_POINT('Ctrl Pts',(-13.4461691061192,-135.926882483301,-160.530083071826));
#2834=CARTESIAN_POINT('Ctrl Pts',(-13.5010617183135,-135.890971748342,-160.53008280807));
#2835=CARTESIAN_POINT('',(-12.1644813961238,-109.816170776064,-185.904823552331));
#2836=CARTESIAN_POINT('Ctrl Pts',(-13.5010628427034,-135.890990024705,-160.530047213835));
#2837=CARTESIAN_POINT('Ctrl Pts',(-13.4218424039636,-134.603303027328,-163.037889605221));
#2838=CARTESIAN_POINT('Ctrl Pts',(-13.2364181261727,-131.859754302274,-168.285386690528));
#2839=CARTESIAN_POINT('Ctrl Pts',(-12.9344241293449,-128.261142599591,-174.775356379907));
#2840=CARTESIAN_POINT('Ctrl Pts',(-12.6607449569293,-125.483065450658,-179.334471973496));
#2841=CARTESIAN_POINT('Ctrl Pts',(-12.4995978151721,-123.928907930225,-181.685702598351));
#2842=CARTESIAN_POINT('Ctrl Pts',(-12.4097911016313,-123.074961216397,-182.899769267151));
#2843=CARTESIAN_POINT('Ctrl Pts',(-12.2719460415665,-121.759108547888,-184.682599512643));
#2844=CARTESIAN_POINT('Ctrl Pts',(-12.0670940839512,-119.794799806949,-187.076581102688));
#2845=CARTESIAN_POINT('Ctrl Pts',(-11.8594409253321,-117.084583795377,-189.107671980174));
#2846=CARTESIAN_POINT('Ctrl Pts',(-11.8360366117521,-114.6392508313,-189.317102658219));
#2847=CARTESIAN_POINT('Ctrl Pts',(-11.9089310405974,-112.886325074931,-188.640781336229));
#2848=CARTESIAN_POINT('Ctrl Pts',(-12.0246805745316,-111.27105975361,-187.438153716731));
#2849=CARTESIAN_POINT('Ctrl Pts',(-12.123735293996,-110.308348442571,-186.437646240165));
#2850=CARTESIAN_POINT('Ctrl Pts',(-12.1624249047132,-109.814343822614,-185.906372581874));
#2851=CARTESIAN_POINT('',(-12.3729994429491,-106.346569862473,-181.878431164936));
#2852=CARTESIAN_POINT('Ctrl Pts',(-12.1593784105488,-109.81122988167,-185.909784043612));
#2853=CARTESIAN_POINT('Ctrl Pts',(-12.1594282850261,-109.810590006514,-185.909096075627));
#2854=CARTESIAN_POINT('Ctrl Pts',(-12.159478141469,-109.809950109752,-185.908408055096));
#2855=CARTESIAN_POINT('Ctrl Pts',(-12.2138677205291,-109.111594741573,-185.157500665039));
#2856=CARTESIAN_POINT('Ctrl Pts',(-12.2719150648595,-108.179798058627,-184.087612027479));
#2857=CARTESIAN_POINT('Ctrl Pts',(-12.3387565747846,-107.039093978458,-182.716672172723));
#2858=CARTESIAN_POINT('Ctrl Pts',(-12.3543242896441,-106.566839865482,-182.160896265531));
#2859=CARTESIAN_POINT('Ctrl Pts',(-12.3728238244203,-106.347943843642,-181.88011259068));
#2860=CARTESIAN_POINT('Ctrl Pts',(-12.3728803087499,-106.347275515842,-181.879255269));
#2861=CARTESIAN_POINT('Ctrl Pts',(-12.3729367936947,-106.34660720462,-181.87839792853));
#2862=CARTESIAN_POINT('',(-13.3148668355266,-94.6604856537098,-164.154863661844));
#2863=CARTESIAN_POINT('Ctrl Pts',(-12.3769309669775,-106.350342609719,-181.875078436025));
#2864=CARTESIAN_POINT('Ctrl Pts',(-12.5221121631143,-104.640409462369,-179.68114799749));
#2865=CARTESIAN_POINT('Ctrl Pts',(-12.8952284654538,-100.635701606889,-173.887453887489));
#2866=CARTESIAN_POINT('Ctrl Pts',(-13.168555111638,-96.8717910282377,-167.83037968551));
#2867=CARTESIAN_POINT('Ctrl Pts',(-13.3148668355266,-94.6604856537098,-164.154863661844));
#2868=CARTESIAN_POINT('',(-12.0836969333084,-94.2987503970481,-165.953170191738));
#2869=CARTESIAN_POINT('Ctrl Pts',(-13.3148668355266,-94.6604856537098,-164.154863661844));
#2870=CARTESIAN_POINT('Ctrl Pts',(-13.3125778841306,-94.6603374173103,-164.157422452557));
#2871=CARTESIAN_POINT('Ctrl Pts',(-13.3102905750811,-94.6601872540407,-164.159982583184));
#2872=CARTESIAN_POINT('Ctrl Pts',(-13.3080049098609,-94.6600351649464,-164.162544049052));
#2873=CARTESIAN_POINT('Ctrl Pts',(-13.2018686697921,-94.6529728163209,-164.281487258178));
#2874=CARTESIAN_POINT('Ctrl Pts',(-13.0991620483061,-94.6417562367248,-164.403438110766));
#2875=CARTESIAN_POINT('Ctrl Pts',(-13.0001538170455,-94.6264408040091,-164.527852096241));
#2876=CARTESIAN_POINT('Ctrl Pts',(-12.9012172668204,-94.6111364595238,-164.652176007152));
#2877=CARTESIAN_POINT('Ctrl Pts',(-12.8059731497313,-94.5917387458981,-164.778959797057));
#2878=CARTESIAN_POINT('Ctrl Pts',(-12.7147230605662,-94.5682686585729,-164.907679466701));
#2879=CARTESIAN_POINT('Ctrl Pts',(-12.6867127098191,-94.5610642231136,-164.947191571596));
#2880=CARTESIAN_POINT('Ctrl Pts',(-12.6590789734439,-94.5534758467135,-164.986886205981));
#2881=CARTESIAN_POINT('Ctrl Pts',(-12.6318313463971,-94.5455035895404,-165.02674850909));
#2882=CARTESIAN_POINT('Ctrl Pts',(-12.5468228702075,-94.5206313526698,-165.151112867091));
#2883=CARTESIAN_POINT('Ctrl Pts',(-12.4653914170443,-94.4919749660347,-165.277373977242));
#2884=CARTESIAN_POINT('Ctrl Pts',(-12.3879090920039,-94.4594600359929,-165.405060909316));
#2885=CARTESIAN_POINT('Ctrl Pts',(-12.3138243176651,-94.4283708649653,-165.527148850582));
#2886=CARTESIAN_POINT('Ctrl Pts',(-12.2433497260567,-94.3937537620093,-165.650540554179));
#2887=CARTESIAN_POINT('Ctrl Pts',(-12.1768574106966,-94.3555369312368,-165.774826153232));
#2888=CARTESIAN_POINT('Ctrl Pts',(-12.1450887831625,-94.3372777345797,-165.834207194226));
#2889=CARTESIAN_POINT('Ctrl Pts',(-12.1142299230158,-94.3181967487699,-165.893792292373));
#2890=CARTESIAN_POINT('Ctrl Pts',(-12.0843256770063,-94.298285918465,-165.953536658377));
#2891=CARTESIAN_POINT('',(-11.4999999980164,-93.9238432897147,-169.209503386118));
#2892=CARTESIAN_POINT('Ctrl Pts',(-12.0843256770063,-94.298285918465,-165.953536658377));
#2893=CARTESIAN_POINT('Ctrl Pts',(-12.0620185986884,-94.2834362272561,-165.99810736143));
#2894=CARTESIAN_POINT('Ctrl Pts',(-12.0406675951489,-94.2692915621876,-166.043303269014));
#2895=CARTESIAN_POINT('Ctrl Pts',(-12.0202385059959,-94.2558168218852,-166.088936520967));
#2896=CARTESIAN_POINT('Ctrl Pts',(-11.9641998933724,-94.2188545399961,-166.214112152136));
#2897=CARTESIAN_POINT('Ctrl Pts',(-11.912256067393,-94.1850219863154,-166.348852288176));
#2898=CARTESIAN_POINT('Ctrl Pts',(-11.8646563302984,-94.1542384936957,-166.49269587583));
#2899=CARTESIAN_POINT('Ctrl Pts',(-11.8576905373292,-94.1497336067037,-166.513746089817));
#2900=CARTESIAN_POINT('Ctrl Pts',(-11.8508178667198,-94.145294011496,-166.534991268228));
#2901=CARTESIAN_POINT('Ctrl Pts',(-11.8440391949896,-94.1409194518927,-166.556429972392));
#2902=CARTESIAN_POINT('Ctrl Pts',(-11.7986996741351,-94.111659967991,-166.699823931149));
#2903=CARTESIAN_POINT('Ctrl Pts',(-11.7575613200937,-94.0853094757619,-166.851875780144));
#2904=CARTESIAN_POINT('Ctrl Pts',(-11.7207534277783,-94.0618655860895,-167.012108551478));
#2905=CARTESIAN_POINT('Ctrl Pts',(-11.6878713089705,-94.0409221221465,-167.155251575771));
#2906=CARTESIAN_POINT('Ctrl Pts',(-11.6584457872149,-94.0222979982625,-167.304923727253));
#2907=CARTESIAN_POINT('Ctrl Pts',(-11.6326031518781,-94.0059995197543,-167.460780984595));
#2908=CARTESIAN_POINT('Ctrl Pts',(-11.6090383570335,-93.9911376336766,-167.602900557404));
#2909=CARTESIAN_POINT('Ctrl Pts',(-11.5889656565852,-93.9784701399717,-167.746981852164));
#2910=CARTESIAN_POINT('Ctrl Pts',(-11.5721152913625,-93.9678679097541,-167.892226699));
#2911=CARTESIAN_POINT('Ctrl Pts',(-11.5555132878656,-93.9574219484457,-168.035330745898));
#2912=CARTESIAN_POINT('Ctrl Pts',(-11.542039038696,-93.9489806052756,-168.179564416992));
#2913=CARTESIAN_POINT('Ctrl Pts',(-11.5314289322413,-93.9423730902017,-168.324190193629));
#2914=CARTESIAN_POINT('Ctrl Pts',(-11.5205807390687,-93.9356173050246,-168.472061317204));
#2915=CARTESIAN_POINT('Ctrl Pts',(-11.5127264016343,-93.9307786058428,-168.620342324769));
#2916=CARTESIAN_POINT('Ctrl Pts',(-11.5075824658138,-93.9276255868413,-168.768271627738));
#2917=CARTESIAN_POINT('Ctrl Pts',(-11.5024385299932,-93.9244725678397,-168.916200930708));
#2918=CARTESIAN_POINT('Ctrl Pts',(-11.5000047316355,-93.9230050412242,-169.063778633535));
#2919=CARTESIAN_POINT('Ctrl Pts',(-11.4999999980164,-93.9229447243173,-169.210268737207));
#2920=CARTESIAN_POINT('Ctrl Pts',(-11.4999999980164,-93.9228626359929,-169.210142787307));
#2921=CARTESIAN_POINT('Ctrl Pts',(-11.4999999980164,-95.584372679296,-171.759435485164));
#2922=CARTESIAN_POINT('Ctrl Pts',(-11.4999999980164,-98.9187850177138,-176.669835229859));
#2923=CARTESIAN_POINT('Ctrl Pts',(-11.4999999980164,-102.562710030828,-181.37901571449));
#2924=CARTESIAN_POINT('Ctrl Pts',(-11.4999999980164,-104.729799555891,-183.812700751806));
#2925=CARTESIAN_POINT('Ctrl Pts',(-11.4999999980164,-105.222869497286,-184.361992796373));
#2926=CARTESIAN_POINT('Ctrl Pts',(-11.4999999980164,-106.468124779921,-185.717312593003));
#2927=CARTESIAN_POINT('Ctrl Pts',(-11.4999999980164,-107.505664522507,-186.780976284806));
#2928=CARTESIAN_POINT('Ctrl Pts',(-11.4999999980164,-108.907881294934,-188.065008706616));
#2929=CARTESIAN_POINT('Ctrl Pts',(-11.4999999980164,-110.116580587551,-189.064871179758));
#2930=CARTESIAN_POINT('Ctrl Pts',(-11.4999999980164,-111.740663275098,-190.020576268428));
#2931=CARTESIAN_POINT('Ctrl Pts',(-11.4999999980164,-112.76032885618,-190.407215834269));
#2932=CARTESIAN_POINT('Ctrl Pts',(-11.4999999980164,-113.047600271483,-190.498568650583));
#2933=CARTESIAN_POINT('Ctrl Pts',(7.37446989410613,-91.5640293753313,-164.138561346997));
#2934=CARTESIAN_POINT('Ctrl Pts',(5.6989893750593,-91.0424298370936,-164.138544253697));
#2935=CARTESIAN_POINT('Ctrl Pts',(3.96798366395407,-90.6993126965694,-164.138516951261));
#2936=CARTESIAN_POINT('Ctrl Pts',(2.22022074857366,-90.5423648326346,-164.138479445461));
#2937=CARTESIAN_POINT('Ctrl Pts',(7.28829687418476,-91.840867587087,-164.702003246674));
#2938=CARTESIAN_POINT('Ctrl Pts',(5.63244112418725,-91.3253909999856,-164.70199646466));
#2939=CARTESIAN_POINT('Ctrl Pts',(3.92158991337431,-90.9862899466014,-164.701985727149));
#2940=CARTESIAN_POINT('Ctrl Pts',(2.1943046507337,-90.8312093577009,-164.701970845643));
#2941=CARTESIAN_POINT('Ctrl Pts',(7.2427250476601,-91.9872844360256,-165.335135750195));
#2942=CARTESIAN_POINT('Ctrl Pts',(5.59722991979936,-91.4750404985239,-165.335144289131));
#2943=CARTESIAN_POINT('Ctrl Pts',(3.89708079116472,-91.1380722653159,-165.335157998041));
#2944=CARTESIAN_POINT('Ctrl Pts',(2.18060656784914,-90.9839777512016,-165.335176736357));
#2945=CARTESIAN_POINT('Ctrl Pts',(7.24273226468537,-91.987286682694,-165.968801244842));
#2946=CARTESIAN_POINT('Ctrl Pts',(5.59720005655712,-91.4750305821609,-165.968825178401));
#2947=CARTESIAN_POINT('Ctrl Pts',(3.89713607980321,-91.138078533081,-165.968863406991));
#2948=CARTESIAN_POINT('Ctrl Pts',(2.18062309004748,-90.9839792344756,-165.968915926869));
#2949=CARTESIAN_POINT('',(2.22022074857367,-90.5423648326346,-164.138479445461));
#2950=CARTESIAN_POINT('',(7.37446989410613,-91.5640293753313,-164.138561346997));
#2951=CARTESIAN_POINT('Ctrl Pts',(2.22022074857366,-90.5423648326346,-164.138479445461));
#2952=CARTESIAN_POINT('Ctrl Pts',(3.96798366395407,-90.6993126965694,-164.138516951261));
#2953=CARTESIAN_POINT('Ctrl Pts',(5.6989893750593,-91.0424298370936,-164.138544253697));
#2954=CARTESIAN_POINT('Ctrl Pts',(7.37446989410613,-91.5640293753313,-164.138561346997));
#2955=CARTESIAN_POINT('Origin',(8.43166027435184,-88.1680655333193,-165.968801244842));
#2956=CARTESIAN_POINT('',(2.35227150984184,-91.0000014156102,-165.968910720925));
#2957=CARTESIAN_POINT('Ctrl Pts',(7.24273226468537,-91.987286682694,-165.968801244842));
#2958=CARTESIAN_POINT('Ctrl Pts',(5.65206812701447,-91.4921110766523,-165.968824380368));
#2959=CARTESIAN_POINT('Ctrl Pts',(4.01044817007615,-91.1607438668504,-165.968860873522));
#2960=CARTESIAN_POINT('Ctrl Pts',(2.35227130326998,-91.0000035465794,-165.968910720921));
#2961=CARTESIAN_POINT('',(2.35103565480499,-90.999881676033,-165.968910758079));
#2962=CARTESIAN_POINT('Ctrl Pts',(2.35227130326996,-91.0000035465794,-165.968910720921));
#2963=CARTESIAN_POINT('Ctrl Pts',(2.35185935360334,-90.9999636130098,-165.968910733305));
#2964=CARTESIAN_POINT('Ctrl Pts',(2.35144740291482,-90.9999236899713,-165.96891074569));
#2965=CARTESIAN_POINT('Ctrl Pts',(2.35103545120494,-90.999883777464,-165.968910758075));
#2966=CARTESIAN_POINT('Ctrl Pts',(2.35103526546881,-90.9998837594687,-165.968910758081));
#2967=CARTESIAN_POINT('Ctrl Pts',(2.34109014947992,-90.9989202219451,-165.844419084967));
#2968=CARTESIAN_POINT('Ctrl Pts',(2.33139033689489,-90.9920445404311,-165.720143670103));
#2969=CARTESIAN_POINT('Ctrl Pts',(2.32194597446866,-90.9794158435109,-165.59647071373));
#2970=CARTESIAN_POINT('Ctrl Pts',(2.31240240283812,-90.9666544872416,-165.471498623012));
#2971=CARTESIAN_POINT('Ctrl Pts',(2.30311965842821,-90.948018507235,-165.347140928424));
#2972=CARTESIAN_POINT('Ctrl Pts',(2.29411177645575,-90.9236193043728,-165.223797899491));
#2973=CARTESIAN_POINT('Ctrl Pts',(2.28930790272507,-90.9106072900016,-165.158019469183));
#2974=CARTESIAN_POINT('Ctrl Pts',(2.28458226322983,-90.8959553025331,-165.092529716697));
#2975=CARTESIAN_POINT('Ctrl Pts',(2.27993742011535,-90.879674357358,-165.027390747813));
#2976=CARTESIAN_POINT('Ctrl Pts',(2.27122223226307,-90.849126179063,-164.905169536819));
#2977=CARTESIAN_POINT('Ctrl Pts',(2.26281552350958,-90.812928495009,-164.784511622911));
#2978=CARTESIAN_POINT('Ctrl Pts',(2.25473869481,-90.7712075904091,-164.665813581468));
#2979=CARTESIAN_POINT('Ctrl Pts',(2.24670744550166,-90.7297221264139,-164.547785380214));
#2980=CARTESIAN_POINT('Ctrl Pts',(2.23900235565656,-90.6827753622689,-164.431694231726));
#2981=CARTESIAN_POINT('Ctrl Pts',(2.23164971472549,-90.6304426863006,-164.317944248877));
#2982=CARTESIAN_POINT('Ctrl Pts',(2.22791175814619,-90.6038376511463,-164.260115707979));
#2983=CARTESIAN_POINT('Ctrl Pts',(2.22426497786162,-90.5758398518421,-164.202892546938));
#2984=CARTESIAN_POINT('Ctrl Pts',(2.220713363253,-90.5464546115881,-164.146330247267));
#2985=CARTESIAN_POINT('Ctrl Pts',(2.22054894866645,-90.5450942832137,-164.143711813642));
#2986=CARTESIAN_POINT('Ctrl Pts',(2.22038474365116,-90.543731022799,-164.141094877045));
#2987=CARTESIAN_POINT('Ctrl Pts',(2.22022074857366,-90.5423648326346,-164.138479445461));
#2988=CARTESIAN_POINT('Ctrl Pts',(2.22022074857366,-90.5423648326346,-164.138479445461));
#2989=CARTESIAN_POINT('Ctrl Pts',(0.755064883378004,-90.5610219419314,-164.42917584568));
#2990=CARTESIAN_POINT('Ctrl Pts',(-0.749806715528978,-90.5609748446647,
-164.42909675884));
#2991=CARTESIAN_POINT('Ctrl Pts',(-2.21507563726898,-90.542231598516,-164.13836274068));
#2992=CARTESIAN_POINT('Ctrl Pts',(2.31786480352681,-90.8415007131188,-164.700417051501));
#2993=CARTESIAN_POINT('Ctrl Pts',(0.78916824622804,-90.848160548519,-164.993186771582));
#2994=CARTESIAN_POINT('Ctrl Pts',(-0.783884859877791,-90.8481435092799,
-164.993131396383));
#2995=CARTESIAN_POINT('Ctrl Pts',(-2.31267771714637,-90.8414527922528,-164.700371802608));
#2996=CARTESIAN_POINT('Ctrl Pts',(2.42802452509723,-91.0000014156102,-165.334381815163));
#2997=CARTESIAN_POINT('Ctrl Pts',(0.827039322915444,-90.999949380665,-165.626178072033));
#2998=CARTESIAN_POINT('Ctrl Pts',(-0.821726448752381,-90.9999491248642,
-165.626157060518));
#2999=CARTESIAN_POINT('Ctrl Pts',(-2.42279416667775,-91.0000014156102,-165.334440693167));
#3000=CARTESIAN_POINT('Ctrl Pts',(2.53828317838377,-91.0000014156102,-165.968915926869));
#3001=CARTESIAN_POINT('Ctrl Pts',(0.864925750280415,-91.0000014156102,-166.259683803782));
#3002=CARTESIAN_POINT('Ctrl Pts',(-0.859583335726789,-91.0000014156102,
-166.259697239481));
#3003=CARTESIAN_POINT('Ctrl Pts',(-2.53300956752709,-91.0000014156102,-165.969079361925));
#3004=CARTESIAN_POINT('',(-2.21507563726897,-90.542231598516,-164.13836274068));
#3005=CARTESIAN_POINT('Ctrl Pts',(-2.21507563726898,-90.542231598516,-164.13836274068));
#3006=CARTESIAN_POINT('Ctrl Pts',(-0.749806715528978,-90.5609748446647,
-164.42909675884));
#3007=CARTESIAN_POINT('Ctrl Pts',(0.755064883378004,-90.5610219419314,-164.42917584568));
#3008=CARTESIAN_POINT('Ctrl Pts',(2.22022074857366,-90.5423648326346,-164.138479445461));
#3009=CARTESIAN_POINT('',(2.35227150982155,-91.0000014156102,-166.000061203826));
#3010=CARTESIAN_POINT('Ctrl Pts',(2.35098784507371,-90.9998792245858,-165.968867121162));
#3011=CARTESIAN_POINT('Ctrl Pts',(2.35181345358388,-90.9999607716363,-165.979208669244));
#3012=CARTESIAN_POINT('Ctrl Pts',(2.35222242705664,-91.0000013264744,-165.989593414054));
#3013=CARTESIAN_POINT('Ctrl Pts',(2.35222148584091,-91.0000014156102,-166.000015360563));
#3014=CARTESIAN_POINT('',(-2.34699674329335,-91.0000014156102,-166.000207468656));
#3015=CARTESIAN_POINT('Ctrl Pts',(2.35226307758461,-91.0000014156102,-166.000008683049));
#3016=CARTESIAN_POINT('Ctrl Pts',(0.799403601034024,-91.0000014156102,-166.249321043115));
#3017=CARTESIAN_POINT('Ctrl Pts',(-0.79406995519055,-91.0000014156102,-166.249337215912));
#3018=CARTESIAN_POINT('Ctrl Pts',(-2.34698831757762,-91.0000014156102,-166.000154959105));
#3019=CARTESIAN_POINT('',(-2.34576326542184,-90.9998819054537,-165.969087019277));
#3020=CARTESIAN_POINT('Ctrl Pts',(-2.34694669870941,-91.0000014156102,-166.000161637233));
#3021=CARTESIAN_POINT('Ctrl Pts',(-2.34694764197248,-91.0000013258676,-165.989714643755));
#3022=CARTESIAN_POINT('Ctrl Pts',(-2.34653666850268,-90.9999605761875,-165.979340536688));
#3023=CARTESIAN_POINT('Ctrl Pts',(-2.34571543274937,-90.9998794566409,-165.969043391194));
#3024=CARTESIAN_POINT('Ctrl Pts',(-2.34571543274937,-90.9998794566409,-165.969043391194));
#3025=CARTESIAN_POINT('Ctrl Pts',(-2.33578639565184,-90.9988987176731,-165.844550480653));
#3026=CARTESIAN_POINT('Ctrl Pts',(-2.32609888857391,-90.9920124530563,-165.720272338113));
#3027=CARTESIAN_POINT('Ctrl Pts',(-2.31666422593936,-90.979377425084,-165.59659575732));
#3028=CARTESIAN_POINT('Ctrl Pts',(-2.30713912681949,-90.9666212833458,-165.471733667759));
#3029=CARTESIAN_POINT('Ctrl Pts',(-2.29787156528474,-90.9480055226325,-165.347483965667));
#3030=CARTESIAN_POINT('Ctrl Pts',(-2.288879963122,-90.9236390713513,-165.224245856684));
#3031=CARTESIAN_POINT('Ctrl Pts',(-2.28406919693369,-90.9106023179639,-165.158309918119));
#3032=CARTESIAN_POINT('Ctrl Pts',(-2.27933755665312,-90.8959185183253,-165.092663643159));
#3033=CARTESIAN_POINT('Ctrl Pts',(-2.27468892369381,-90.8795984627192,-165.02736947815));
#3034=CARTESIAN_POINT('Ctrl Pts',(-2.26601231695569,-90.8491373130268,-164.905498855745));
#3035=CARTESIAN_POINT('Ctrl Pts',(-2.25764822207954,-90.8130606163685,-164.785181582943));
#3036=CARTESIAN_POINT('Ctrl Pts',(-2.24960975735115,-90.7714912934688,-164.666811842684));
#3037=CARTESIAN_POINT('Ctrl Pts',(-2.24161818893002,-90.7301644855027,-164.549132670078));
#3038=CARTESIAN_POINT('Ctrl Pts',(-2.23394832880022,-90.683408697693,-164.433377641196));
#3039=CARTESIAN_POINT('Ctrl Pts',(-2.22662514539722,-90.6312969186035,-164.319947393295));
#3040=CARTESIAN_POINT('Ctrl Pts',(-2.22284510714936,-90.604398163338,-164.261397627171));
#3041=CARTESIAN_POINT('Ctrl Pts',(-2.2191576454695,-90.5760716235476,-164.203467550739));
#3042=CARTESIAN_POINT('Ctrl Pts',(-2.21556764492223,-90.5463226357,-164.146214635701));
#3043=CARTESIAN_POINT('Ctrl Pts',(-2.21540343507971,-90.5449618903338,-164.143595836055));
#3044=CARTESIAN_POINT('Ctrl Pts',(-2.2152394323987,-90.5435982113331,-164.140978536639));
#3045=CARTESIAN_POINT('Ctrl Pts',(-2.21507563726896,-90.542231598516,-164.13836274068));
#3046=CARTESIAN_POINT('Ctrl Pts',(-2.21507563726897,-90.5422315985161,-164.13836274068));
#3047=CARTESIAN_POINT('Ctrl Pts',(-3.63430823564578,-90.6695922823211,-164.138318310176));
#3048=CARTESIAN_POINT('Ctrl Pts',(-5.39726587220311,-90.9819635201405,-164.138281932248));
#3049=CARTESIAN_POINT('Ctrl Pts',(-7.10969207765639,-91.4816041278975,-164.138208231888));
#3050=CARTESIAN_POINT('Ctrl Pts',(-7.88762157075641,-91.7267528914085,-164.138181707917));
#3051=CARTESIAN_POINT('Ctrl Pts',(-8.71233084013387,-92.0195721162375,-164.138871065673));
#3052=CARTESIAN_POINT('Ctrl Pts',(-10.7568534773196,-92.9114605555294,-164.142374785062));
#3053=CARTESIAN_POINT('Ctrl Pts',(-12.2636077299867,-93.8452441546402,-164.148489796615));
#3054=CARTESIAN_POINT('Ctrl Pts',(-13.3148668355266,-94.6604856537098,-164.154863661844));
#3055=CARTESIAN_POINT('Ctrl Pts',(-2.18911500141423,-90.8311649481054,-164.701924674176));
#3056=CARTESIAN_POINT('Ctrl Pts',(-3.59170858933458,-90.9570661095416,-164.701907044187));
#3057=CARTESIAN_POINT('Ctrl Pts',(-5.33390393514306,-91.2657936206694,-164.701887932483));
#3058=CARTESIAN_POINT('Ctrl Pts',(-7.02623632125999,-91.7596317398105,-164.70185824763));
#3059=CARTESIAN_POINT('Ctrl Pts',(-7.79497547475752,-92.0019086567096,-164.701847041979));
#3060=CARTESIAN_POINT('Ctrl Pts',(-8.60687625731824,-92.2896650399549,-164.702114449182));
#3061=CARTESIAN_POINT('Ctrl Pts',(-10.6228381908095,-93.166155258486,-164.703469073519));
#3062=CARTESIAN_POINT('Ctrl Pts',(-12.109540571314,-94.082224661508,-164.705815912881));
#3063=CARTESIAN_POINT('Ctrl Pts',(-13.1487459799303,-94.8822327679485,-164.708253530275));
#3064=CARTESIAN_POINT('Ctrl Pts',(-2.17537161745291,-90.9839812219412,-165.335235148084));
#3065=CARTESIAN_POINT('Ctrl Pts',(-3.56918054803136,-91.1091121281675,-165.335257350014));
#3066=CARTESIAN_POINT('Ctrl Pts',(-5.3004263187226,-91.4159102423198,-165.335273218159));
#3067=CARTESIAN_POINT('Ctrl Pts',(-6.98215111413534,-91.9066845694551,-165.33530982449));
#3068=CARTESIAN_POINT('Ctrl Pts',(-7.7460449152711,-92.1474460764689,-165.335322783049));
#3069=CARTESIAN_POINT('Ctrl Pts',(-8.55148747165385,-92.4326280866532,-165.334965960725));
#3070=CARTESIAN_POINT('Ctrl Pts',(-10.5528936604721,-93.3012132616946,-165.333133632545));
#3071=CARTESIAN_POINT('Ctrl Pts',(-12.029471158796,-94.2081672435141,-165.329931749027));
#3072=CARTESIAN_POINT('Ctrl Pts',(-13.0625924596942,-95.0003441965909,-165.326646199919));
#3073=CARTESIAN_POINT('Ctrl Pts',(-2.17534750630207,-90.9839790573598,-165.969079361925));
#3074=CARTESIAN_POINT('Ctrl Pts',(-3.56918817030503,-91.1091112668587,-165.969141587527));
#3075=CARTESIAN_POINT('Ctrl Pts',(-5.30049110591962,-91.4159009426586,-165.96919514309));
#3076=CARTESIAN_POINT('Ctrl Pts',(-6.98225721468607,-91.9066822847814,-165.969298598178));
#3077=CARTESIAN_POINT('Ctrl Pts',(-7.74618121108536,-92.1474492441639,-165.969336204545));
#3078=CARTESIAN_POINT('Ctrl Pts',(-8.55221127937259,-92.4328571355405,-165.968353097932));
#3079=CARTESIAN_POINT('Ctrl Pts',(-10.5545916358845,-93.3020432640386,-165.963318516943));
#3080=CARTESIAN_POINT('Ctrl Pts',(-12.0319156863653,-94.2097061689476,-165.954546476655));
#3081=CARTESIAN_POINT('Ctrl Pts',(-13.0653963483402,-95.0024950755533,-165.945512728137));
#3082=CARTESIAN_POINT('',(-7.45315048511414,-91.5898370663751,-164.138164250864));
#3083=CARTESIAN_POINT('Ctrl Pts',(-7.45315004872302,-91.5898384531062,-164.138196532032));
#3084=CARTESIAN_POINT('Ctrl Pts',(-7.4517770806568,-91.589405467031,-164.138196571813));
#3085=CARTESIAN_POINT('Ctrl Pts',(-7.45040385604737,-91.5889725615757,-164.138196615116));
#3086=CARTESIAN_POINT('Ctrl Pts',(-7.10969207765639,-91.4816041278975,-164.138208231888));
#3087=CARTESIAN_POINT('Ctrl Pts',(-5.39726587220311,-90.9819635201405,-164.138281932248));
#3088=CARTESIAN_POINT('Ctrl Pts',(-3.63430823564578,-90.6695922823211,-164.138318310176));
#3089=CARTESIAN_POINT('Ctrl Pts',(-2.21507563726897,-90.5422315985161,-164.13836274068));
#3090=CARTESIAN_POINT('',(-2.34699674331319,-91.0000014156102,-165.969087075063));
#3091=CARTESIAN_POINT('Ctrl Pts',(-2.34699675337123,-91.0000013118726,-165.96908693249));
#3092=CARTESIAN_POINT('Ctrl Pts',(-2.34658559485021,-90.999961465409,-165.969086914569));
#3093=CARTESIAN_POINT('Ctrl Pts',(-2.34617443548085,-90.9999216294156,-165.969086896646));
#3094=CARTESIAN_POINT('Ctrl Pts',(-2.34576327526373,-90.9998818038924,-165.969086878722));
#3095=CARTESIAN_POINT('',(-11.4999999980164,-93.9238432896915,-165.956910468947));
#3096=CARTESIAN_POINT('Ctrl Pts',(-2.34699675337429,-91.0000013118728,-165.96908693249));
#3097=CARTESIAN_POINT('Ctrl Pts',(-3.68287574874419,-91.1294648910399,-165.969145159797));
#3098=CARTESIAN_POINT('Ctrl Pts',(-5.35573441564408,-91.4320223197922,-165.969198541423));
#3099=CARTESIAN_POINT('Ctrl Pts',(-6.98225721468607,-91.9066822847814,-165.969298598178));
#3100=CARTESIAN_POINT('Ctrl Pts',(-7.74618121108536,-92.1474492441639,-165.969336204545));
#3101=CARTESIAN_POINT('Ctrl Pts',(-8.55221127937259,-92.4328571355405,-165.968353097932));
#3102=CARTESIAN_POINT('Ctrl Pts',(-9.96855937751379,-93.0476604699947,-165.964791976697));
#3103=CARTESIAN_POINT('Ctrl Pts',(-10.9343295244118,-93.5740119584338,-165.960329747228));
#3104=CARTESIAN_POINT('Ctrl Pts',(-11.5003926389102,-93.9232071403547,-165.956955183339));
#3105=CARTESIAN_POINT('Ctrl Pts',(-12.0839282616914,-94.2984051414541,-165.953192972092));
#3106=CARTESIAN_POINT('Ctrl Pts',(-11.8917278148518,-94.1696990053502,-165.954527405105));
#3107=CARTESIAN_POINT('Ctrl Pts',(-11.6972075880278,-94.0446190999076,-165.95578187845));
#3108=CARTESIAN_POINT('Ctrl Pts',(-11.5003926389102,-93.9232071403547,-165.956955183339));
#3109=CARTESIAN_POINT('Ctrl Pts',(-13.3148668355266,-94.6604856537098,-164.154863661844));
#3110=CARTESIAN_POINT('Ctrl Pts',(-12.2636077299867,-93.8452441546402,-164.148489796615));
#3111=CARTESIAN_POINT('Ctrl Pts',(-10.7568534773196,-92.9114605555294,-164.142374785062));
#3112=CARTESIAN_POINT('Ctrl Pts',(-8.71361135596229,-92.0201307196215,-164.138873260106));
#3113=CARTESIAN_POINT('Ctrl Pts',(-7.89020419404596,-91.7276700339775,-164.13818386844));
#3114=CARTESIAN_POINT('Ctrl Pts',(-7.45315004872302,-91.5898384531062,-164.138196532032));
#3115=CARTESIAN_POINT('Origin',(-15.4999999980164,-139.362099956397,-156.5300433684));
#3116=CARTESIAN_POINT('',(-13.3370323463522,-135.997345739837,-156.5300433684));
#3117=CARTESIAN_POINT('',(-11.4999999980164,-139.362099956397,-156.5300433684));
#3118=CARTESIAN_POINT('Ctrl Pts',(7.37814206378651,-91.5651729734573,-164.138561551778));
#3119=CARTESIAN_POINT('Ctrl Pts',(7.37691804532073,-91.5647916517763,-164.138561427745));
#3120=CARTESIAN_POINT('Ctrl Pts',(7.37569398875112,-91.564410452398,-164.138561359485));
#3121=CARTESIAN_POINT('Ctrl Pts',(7.37446989410608,-91.5640293753313,-164.138561346997));
#3122=CARTESIAN_POINT('Ctrl Pts',(7.29187433917247,-91.8419816606442,-164.702003428618));
#3123=CARTESIAN_POINT('Ctrl Pts',(7.29068191980422,-91.8416101943414,-164.70200331228));
#3124=CARTESIAN_POINT('Ctrl Pts',(7.28948936734631,-91.8412388164381,-164.70200325166));
#3125=CARTESIAN_POINT('Ctrl Pts',(7.28829687418471,-91.8408675870869,-164.702003246674));
#3126=CARTESIAN_POINT('Ctrl Pts',(7.24622807141464,-91.9883753079659,-165.335135898684));
#3127=CARTESIAN_POINT('Ctrl Pts',(7.24506046640652,-91.988011579662,-165.335135793449));
#3128=CARTESIAN_POINT('Ctrl Pts',(7.24389272422983,-91.98764793455,-165.335135743973));
#3129=CARTESIAN_POINT('Ctrl Pts',(7.24272504766005,-91.9872844360255,-165.335135750195));
#3130=CARTESIAN_POINT('Ctrl Pts',(7.24618924145461,-91.9883632118805,-165.96880135974));
#3131=CARTESIAN_POINT('Ctrl Pts',(7.24503695072334,-91.9880042569112,-165.968801265655));
#3132=CARTESIAN_POINT('Ctrl Pts',(7.24388462512517,-91.9876454138463,-165.968801227356));
#3133=CARTESIAN_POINT('Ctrl Pts',(7.24273226468532,-91.9872866826939,-165.968801244842));
#3134=CARTESIAN_POINT('Ctrl Pts',(7.37446989410608,-91.5640293753313,-164.138561346997));
#3135=CARTESIAN_POINT('Ctrl Pts',(7.37569398875112,-91.564410452398,-164.138561359485));
#3136=CARTESIAN_POINT('Ctrl Pts',(7.37691804532073,-91.5647916517763,-164.138561427745));
#3137=CARTESIAN_POINT('Ctrl Pts',(7.37814206378651,-91.5651729734573,-164.138561551778));
#3138=CARTESIAN_POINT('Origin',(11.5000000019827,-91.0000014156102,-168.));
#3139=CARTESIAN_POINT('Origin',(4.44089209850063E-15,-115.250000864267,
-156.5300433684));
#3140=CARTESIAN_POINT('',(21.9599508475601,-104.021051226557,-160.5300433684));
#3141=CARTESIAN_POINT('Ctrl Pts',(21.9634890283358,-104.020110995413,-160.5300433684));
#3142=CARTESIAN_POINT('Ctrl Pts',(24.1594702339673,-108.306936504773,-160.5300433684));
#3143=CARTESIAN_POINT('Ctrl Pts',(25.4918146635121,-115.718204943094,-160.5300433684));
#3144=CARTESIAN_POINT('Ctrl Pts',(22.9827856779911,-125.128957413499,-160.5300433684));
#3145=CARTESIAN_POINT('Ctrl Pts',(19.1576107172828,-131.342913131747,-160.5300433684));
#3146=CARTESIAN_POINT('Ctrl Pts',(15.5157837811489,-134.573195938216,-160.5300433684));
#3147=CARTESIAN_POINT('Ctrl Pts',(13.5008880687044,-135.891095131525,-160.5300433684));
#3148=CARTESIAN_POINT('',(21.9599508475615,-104.02105122656,-153.107204315094));
#3149=CARTESIAN_POINT('',(21.9599508475601,-104.021051226557,-156.5300433684));
#3150=CARTESIAN_POINT('',(23.3290098945998,-107.244624637559,-154.5300433684));
#3151=CARTESIAN_POINT('Ctrl Pts',(23.3290098945998,-107.244624637559,-154.5300433684));
#3152=CARTESIAN_POINT('Ctrl Pts',(23.1247551343869,-106.649391985516,-154.5300433684));
#3153=CARTESIAN_POINT('Ctrl Pts',(22.8818384134385,-106.023335558542,-154.406269761789));
#3154=CARTESIAN_POINT('Ctrl Pts',(22.3987020444573,-104.906587417092,-153.905269290799));
#3155=CARTESIAN_POINT('Ctrl Pts',(22.1597217076377,-104.411734096248,-153.535726552987));
#3156=CARTESIAN_POINT('Ctrl Pts',(21.9599508475615,-104.02105122656,-153.107204315094));
#3157=CARTESIAN_POINT('Origin',(4.44089209850063E-15,-115.250000864267,
-154.5300433684));
#3158=CARTESIAN_POINT('Ctrl Pts',(3.43016142640565,-103.872234662468,-189.254486222228));
#3159=CARTESIAN_POINT('Ctrl Pts',(4.9352297007436,-99.1804770780797,-179.679671937619));
#3160=CARTESIAN_POINT('Ctrl Pts',(6.44029797508155,-94.4887194936915,-170.104857653009));
#3161=CARTESIAN_POINT('Ctrl Pts',(7.9453662494195,-89.7969619093033,-160.5300433684));
#3162=CARTESIAN_POINT('Ctrl Pts',(4.38534482309999,-104.16017072451,-189.254486222228));
#3163=CARTESIAN_POINT('Ctrl Pts',(6.2466201523794,-99.5832417689089,-179.679671937619));
#3164=CARTESIAN_POINT('Ctrl Pts',(8.10917701079098,-95.0060374115422,-170.104857653009));
#3165=CARTESIAN_POINT('Ctrl Pts',(9.97045234007039,-90.4291084559414,-160.5300433684));
#3166=CARTESIAN_POINT('Ctrl Pts',(6.68157423374603,-105.186882953526,-189.254486222228));
#3167=CARTESIAN_POINT('Ctrl Pts',(9.38218510368336,-101.064368238394,-179.679671937619));
#3168=CARTESIAN_POINT('Ctrl Pts',(12.0825479776126,-96.9421391641116,-170.104857653009));
#3169=CARTESIAN_POINT('Ctrl Pts',(14.7831588475499,-92.8196244489797,-160.5300433684));
#3170=CARTESIAN_POINT('Ctrl Pts',(8.5556508704159,-106.900267281048,-189.254486222228));
#3171=CARTESIAN_POINT('Ctrl Pts',(11.819344204862,-103.582744017832,-179.679671937619));
#3172=CARTESIAN_POINT('Ctrl Pts',(15.0841702924518,-100.265370600475,-170.104857653009));
#3173=CARTESIAN_POINT('Ctrl Pts',(18.3478636268979,-96.9478473372587,-160.5300433684));
#3174=CARTESIAN_POINT('Ctrl Pts',(9.88970840009164,-108.701150200757,-189.254486222228));
#3175=CARTESIAN_POINT('Ctrl Pts',(13.4319457556738,-106.199367491646,-179.679671937619));
#3176=CARTESIAN_POINT('Ctrl Pts',(16.9758707543897,-103.696900214913,-170.10485765301));
#3177=CARTESIAN_POINT('Ctrl Pts',(20.5181081099718,-101.195117505801,-160.5300433684));
#3178=CARTESIAN_POINT('Ctrl Pts',(10.2797742717466,-109.340502716017,-189.254486222228));
#3179=CARTESIAN_POINT('Ctrl Pts',(13.9321295229779,-107.096435973703,-179.679671937619));
#3180=CARTESIAN_POINT('Ctrl Pts',(17.5875442341369,-104.851641918593,-170.104857653009));
#3181=CARTESIAN_POINT('Ctrl Pts',(21.2398994853682,-102.607575176279,-160.5300433684));
#3182=CARTESIAN_POINT('Ctrl Pts',(11.6152919559176,-112.039475284678,-189.254486222228));
#3183=CARTESIAN_POINT('Ctrl Pts',(15.7979044393159,-110.795072951488,-179.679671937619));
#3184=CARTESIAN_POINT('Ctrl Pts',(19.976857750569,-109.551338837964,-170.10485765301));
#3185=CARTESIAN_POINT('Ctrl Pts',(24.1594702339673,-108.306936504773,-160.5300433684));
#3186=CARTESIAN_POINT('Ctrl Pts',(12.2130964205218,-115.524054600578,-189.254486222228));
#3187=CARTESIAN_POINT('Ctrl Pts',(16.6394789036765,-115.588708315069,-179.679671937619));
#3188=CARTESIAN_POINT('Ctrl Pts',(21.0654321803574,-115.653551228604,-170.104857653009));
#3189=CARTESIAN_POINT('Ctrl Pts',(25.4918146635121,-115.718204943094,-160.5300433684));
#3190=CARTESIAN_POINT('Ctrl Pts',(11.0366838172107,-119.9483013882,-189.254486222228));
#3191=CARTESIAN_POINT('Ctrl Pts',(15.018854862213,-121.675163848252,-179.679671937619));
#3192=CARTESIAN_POINT('Ctrl Pts',(19.0006146329888,-123.402094953447,-170.104857653009));
#3193=CARTESIAN_POINT('Ctrl Pts',(22.9827856779911,-125.128957413499,-160.5300433684));
#3194=CARTESIAN_POINT('Ctrl Pts',(9.25719207190747,-122.880755422471,-189.254486222228));
#3195=CARTESIAN_POINT('Ctrl Pts',(12.5576129760489,-125.701455376171,-179.679671937619));
#3196=CARTESIAN_POINT('Ctrl Pts',(15.8571898131414,-128.522213178047,-170.104857653009));
#3197=CARTESIAN_POINT('Ctrl Pts',(19.1576107172828,-131.342913131747,-160.5300433684));
#3198=CARTESIAN_POINT('Ctrl Pts',(7.56399028440435,-124.419900858017,-189.254486222228));
#3199=CARTESIAN_POINT('Ctrl Pts',(10.21438857953,-127.80449017539,-179.679671937619));
#3200=CARTESIAN_POINT('Ctrl Pts',(12.8653854860233,-131.188606620843,-170.104857653009));
#3201=CARTESIAN_POINT('Ctrl Pts',(15.5157837811489,-134.573195938216,-160.5300433684));
#3202=CARTESIAN_POINT('Ctrl Pts',(6.62591920677944,-125.053870502934,-189.254486222228));
#3203=CARTESIAN_POINT('Ctrl Pts',(8.91757549408776,-128.666278712464,-179.679671937619));
#3204=CARTESIAN_POINT('Ctrl Pts',(11.2092317813961,-132.278686921995,-170.104857653009));
#3205=CARTESIAN_POINT('Ctrl Pts',(13.5008880687044,-135.891095131525,-160.5300433684));
#3206=CARTESIAN_POINT('',(7.9453662494195,-89.7969619093033,-160.5300433684));
#3207=CARTESIAN_POINT('',(3.31297386520048,-104.237544089592,-190.));
#3208=CARTESIAN_POINT('',(19.7928760424458,-99.7830006751969,-160.5300433684));
#3209=CARTESIAN_POINT('Ctrl Pts',(7.9453662494195,-89.7969619093033,-160.5300433684));
#3210=CARTESIAN_POINT('Ctrl Pts',(9.97045234007039,-90.4291084559414,-160.5300433684));
#3211=CARTESIAN_POINT('Ctrl Pts',(14.7831588475499,-92.8196244489797,-160.5300433684));
#3212=CARTESIAN_POINT('Ctrl Pts',(18.3478636268979,-96.9478473372587,-160.5300433684));
#3213=CARTESIAN_POINT('Ctrl Pts',(19.796039628253,-99.7819956451225,-160.5300433684));
#3214=CARTESIAN_POINT('Ctrl Pts',(19.796039628253,-99.7819956451225,-160.5300433684));
#3215=CARTESIAN_POINT('Ctrl Pts',(20.5181081099718,-101.195117505801,-160.5300433684));
#3216=CARTESIAN_POINT('Ctrl Pts',(21.2398994853682,-102.607575176279,-160.5300433684));
#3217=CARTESIAN_POINT('Ctrl Pts',(21.9634890283358,-104.020110995413,-160.5300433684));
#3218=CARTESIAN_POINT('Ctrl Pts',(-6.10127342191615,-125.399280568704,-189.23325293188));
#3219=CARTESIAN_POINT('Ctrl Pts',(-8.56786892747501,-128.896514617193,-179.66551641072));
#3220=CARTESIAN_POINT('Ctrl Pts',(-11.0344644330339,-132.393748665681,-170.09777988956));
#3221=CARTESIAN_POINT('Ctrl Pts',(-13.5010599385927,-135.89098271417,-160.5300433684));
#3222=CARTESIAN_POINT('Ctrl Pts',(-7.31515903283489,-124.669476658738,-189.23325293188));
#3223=CARTESIAN_POINT('Ctrl Pts',(-10.2168179270759,-127.861116816088,-179.66551641072));
#3224=CARTESIAN_POINT('Ctrl Pts',(-13.1179926453264,-131.051956961849,-170.09777988956));
#3225=CARTESIAN_POINT('Ctrl Pts',(-16.0196515395675,-134.243597119199,-160.5300433684));
#3226=CARTESIAN_POINT('Ctrl Pts',(-9.4777421187003,-122.770029753802,-189.23325293188));
#3227=CARTESIAN_POINT('Ctrl Pts',(-13.1338859994497,-125.185754579696,-179.66551641072));
#3228=CARTESIAN_POINT('Ctrl Pts',(-16.7898852552151,-127.601726840078,-170.09777988956));
#3229=CARTESIAN_POINT('Ctrl Pts',(-20.4460291359645,-130.017451665972,-160.5300433684));
#3230=CARTESIAN_POINT('Ctrl Pts',(-11.5157275675116,-118.963249663589,-189.23325293188));
#3231=CARTESIAN_POINT('Ctrl Pts',(-15.8034308766684,-119.882534305237,-179.66551641072));
#3232=CARTESIAN_POINT('Ctrl Pts',(-20.0919657301616,-120.802363365266,-170.09777988956));
#3233=CARTESIAN_POINT('Ctrl Pts',(-24.3796690393184,-121.721648006913,-160.5300433684));
#3234=CARTESIAN_POINT('Ctrl Pts',(-12.0847377686262,-114.683037872203,-189.23325293188));
#3235=CARTESIAN_POINT('Ctrl Pts',(-16.4158607492758,-113.977568185795,-179.66551641072));
#3236=CARTESIAN_POINT('Ctrl Pts',(-20.7469445492973,-113.272614353192,-170.09777988956));
#3237=CARTESIAN_POINT('Ctrl Pts',(-25.0780675299469,-112.567144666783,-160.5300433684));
#3238=CARTESIAN_POINT('Ctrl Pts',(-11.4388013184699,-111.878544268754,-189.23325293188));
#3239=CARTESIAN_POINT('Ctrl Pts',(-15.4028006756598,-110.152724088042,-179.66551641072));
#3240=CARTESIAN_POINT('Ctrl Pts',(-19.3665863667974,-108.42830463386,-170.09777988956));
#3241=CARTESIAN_POINT('Ctrl Pts',(-23.3305857239872,-106.702484453148,-160.5300433684));
#3242=CARTESIAN_POINT('Ctrl Pts',(-10.5849830297115,-109.891432325279,-189.23325293188));
#3243=CARTESIAN_POINT('Ctrl Pts',(-14.1358742349825,-107.464197571329,-179.66551641072));
#3244=CARTESIAN_POINT('Ctrl Pts',(-17.6872593074032,-105.037808297693,-170.09777988956));
#3245=CARTESIAN_POINT('Ctrl Pts',(-21.2381505126741,-102.610573543743,-160.5300433684));
#3246=CARTESIAN_POINT('Ctrl Pts',(-10.2286898809479,-109.231558637294,-189.23325293188));
#3247=CARTESIAN_POINT('Ctrl Pts',(-13.6574193708241,-106.55322914951,-179.66551641072));
#3248=CARTESIAN_POINT('Ctrl Pts',(-17.0870143989581,-103.876193118908,-170.09777988956));
#3249=CARTESIAN_POINT('Ctrl Pts',(-20.5157438888344,-101.197863631124,-160.5300433684));
#3250=CARTESIAN_POINT('Ctrl Pts',(-9.12863003944207,-107.568516388904,-189.23325293188));
#3251=CARTESIAN_POINT('Ctrl Pts',(-12.2814737161995,-104.186923822122,-179.66551641072));
#3252=CARTESIAN_POINT('Ctrl Pts',(-15.433472197049,-100.806056149682,-170.09777988956));
#3253=CARTESIAN_POINT('Ctrl Pts',(-18.5863158738064,-97.4244635828991,-160.5300433684));
#3254=CARTESIAN_POINT('Ctrl Pts',(-7.41521239073131,-105.709368879467,-189.23325293188));
#3255=CARTESIAN_POINT('Ctrl Pts',(-10.0164942758086,-101.535268680764,-179.66551641072));
#3256=CARTESIAN_POINT('Ctrl Pts',(-12.617316760927,-97.3650590974555,-170.09777988956));
#3257=CARTESIAN_POINT('Ctrl Pts',(-15.2185986460043,-93.1909588987524,-160.5300433684));
#3258=CARTESIAN_POINT('Ctrl Pts',(-5.20382610642949,-104.484804936211,-189.23325293188));
#3259=CARTESIAN_POINT('Ctrl Pts',(-6.96156594616606,-99.853256254446,-179.66551641072));
#3260=CARTESIAN_POINT('Ctrl Pts',(-8.71897461896258,-95.2224715155515,-170.09777988956));
#3261=CARTESIAN_POINT('Ctrl Pts',(-10.4767144586991,-90.5909228337866,-160.5300433684));
#3262=CARTESIAN_POINT('Ctrl Pts',(-1.648472644206,-103.197959206984,-189.23325293188));
#3263=CARTESIAN_POINT('Ctrl Pts',(-2.03601537104532,-98.1944134655344,-179.66551641072));
#3264=CARTESIAN_POINT('Ctrl Pts',(-2.42378735114235,-93.1911421921453,-170.09777988956));
#3265=CARTESIAN_POINT('Ctrl Pts',(-2.81133007798167,-88.187596450696,-160.5300433684));
#3266=CARTESIAN_POINT('Ctrl Pts',(1.00978453845217,-103.131170804435,-189.23325293188));
#3267=CARTESIAN_POINT('Ctrl Pts',(1.61028425776862,-98.1503169415368,-179.66551641072));
#3268=CARTESIAN_POINT('Ctrl Pts',(2.21059591154991,-93.1751128273702,-170.09777988956));
#3269=CARTESIAN_POINT('Ctrl Pts',(2.81109563086636,-88.1942589644715,-160.5300433684));
#3270=CARTESIAN_POINT('Ctrl Pts',(3.43349909444942,-103.861830131574,-189.23325293188));
#3271=CARTESIAN_POINT('Ctrl Pts',(4.93745481277278,-99.1735407241501,-179.66551641072));
#3272=CARTESIAN_POINT('Ctrl Pts',(6.44141053109614,-94.4852513167267,-170.09777988956));
#3273=CARTESIAN_POINT('Ctrl Pts',(7.94536624941951,-89.7969619093033,-160.5300433684));
#3274=CARTESIAN_POINT('',(-21.9599508475601,-104.021051226557,-160.5300433684));
#3275=CARTESIAN_POINT('Ctrl Pts',(-13.5010599385927,-135.89098271417,-160.5300433684));
#3276=CARTESIAN_POINT('Ctrl Pts',(-16.0196515395675,-134.243597119199,-160.5300433684));
#3277=CARTESIAN_POINT('Ctrl Pts',(-20.4460291359645,-130.017451665972,-160.5300433684));
#3278=CARTESIAN_POINT('Ctrl Pts',(-24.3796690393184,-121.721648006913,-160.5300433684));
#3279=CARTESIAN_POINT('Ctrl Pts',(-25.0780675299469,-112.567144666783,-160.5300433684));
#3280=CARTESIAN_POINT('Ctrl Pts',(-23.3305857239872,-106.702484453148,-160.5300433684));
#3281=CARTESIAN_POINT('Ctrl Pts',(-21.9604852840796,-104.023152301439,-160.5300433684));
#3282=CARTESIAN_POINT('',(-19.7928760424458,-99.7830006751969,-160.5300433684));
#3283=CARTESIAN_POINT('Ctrl Pts',(-21.9604852840796,-104.023152301439,-160.5300433684));
#3284=CARTESIAN_POINT('Ctrl Pts',(-21.2381505126741,-102.610573543743,-160.5300433684));
#3285=CARTESIAN_POINT('Ctrl Pts',(-20.5157438888344,-101.197863631124,-160.5300433684));
#3286=CARTESIAN_POINT('Ctrl Pts',(-19.7934709399633,-99.7853078068726,-160.5300433684));
#3287=CARTESIAN_POINT('',(-7.94536624941948,-89.7969619093033,-160.5300433684));
#3288=CARTESIAN_POINT('Ctrl Pts',(-19.7934709399633,-99.7853078068726,-160.5300433684));
#3289=CARTESIAN_POINT('Ctrl Pts',(-18.5863158738064,-97.4244635828991,-160.5300433684));
#3290=CARTESIAN_POINT('Ctrl Pts',(-15.2185986460043,-93.1909588987524,-160.5300433684));
#3291=CARTESIAN_POINT('Ctrl Pts',(-10.4767144586991,-90.5909228337866,-160.5300433684));
#3292=CARTESIAN_POINT('Ctrl Pts',(-7.9454373703529,-89.7972920506208,-160.5300433684));
#3293=CARTESIAN_POINT('Ctrl Pts',(-7.9454373703529,-89.7972920506208,-160.5300433684));
#3294=CARTESIAN_POINT('Ctrl Pts',(-2.81133007798167,-88.187596450696,-160.5300433684));
#3295=CARTESIAN_POINT('Ctrl Pts',(2.81109563086636,-88.1942589644715,-160.5300433684));
#3296=CARTESIAN_POINT('Ctrl Pts',(7.94536624941951,-89.7969619093033,-160.5300433684));
#3297=CARTESIAN_POINT('Origin',(-11.4999999980164,-147.999999998016,-168.));
#3298=CARTESIAN_POINT('Origin',(4.44089209850063E-15,-115.250000864267,
-156.5300433684));
#3299=CARTESIAN_POINT('',(-23.3290098945998,-107.244624637559,-154.5300433684));
#3300=CARTESIAN_POINT('Origin',(4.44089209850063E-15,-115.250000864267,
-154.5300433684));
#3301=CARTESIAN_POINT('',(-21.9599508475615,-104.02105122656,-153.107204315094));
#3302=CARTESIAN_POINT('Ctrl Pts',(-21.9599508475615,-104.02105122656,-153.107204315094));
#3303=CARTESIAN_POINT('Ctrl Pts',(-22.1597217076376,-104.411734096248,-153.535726552987));
#3304=CARTESIAN_POINT('Ctrl Pts',(-22.3987020444573,-104.906587417092,-153.905269290799));
#3305=CARTESIAN_POINT('Ctrl Pts',(-22.8818384134386,-106.023335558542,-154.406269761789));
#3306=CARTESIAN_POINT('Ctrl Pts',(-23.1247551343869,-106.649391985516,-154.5300433684));
#3307=CARTESIAN_POINT('Ctrl Pts',(-23.3290098945998,-107.244624637559,-154.5300433684));
#3308=CARTESIAN_POINT('',(-21.9599508475601,-104.021051226557,-156.5300433684));
#3309=CARTESIAN_POINT('Ctrl Pts',(7.24273226468507,-91.9872866826939,-165.));
#3310=CARTESIAN_POINT('Ctrl Pts',(7.24273226468507,-91.9872866826939,-168.));
#3311=CARTESIAN_POINT('Ctrl Pts',(6.15793461637578,-91.6495879063069,-165.));
#3312=CARTESIAN_POINT('Ctrl Pts',(6.15793461637578,-91.6495879063069,-168.));
#3313=CARTESIAN_POINT('Ctrl Pts',(4.92426069026966,-91.3522261955653,-165.));
#3314=CARTESIAN_POINT('Ctrl Pts',(4.92426069026966,-91.3522261955653,-168.));
#3315=CARTESIAN_POINT('Ctrl Pts',(3.19664057200873,-91.0929820391926,-165.));
#3316=CARTESIAN_POINT('Ctrl Pts',(3.19664057200873,-91.0929820391926,-168.));
#3317=CARTESIAN_POINT('Ctrl Pts',(2.77480949508244,-91.0409511648807,-165.));
#3318=CARTESIAN_POINT('Ctrl Pts',(2.77480949508244,-91.0409511648807,-168.));
#3319=CARTESIAN_POINT('Ctrl Pts',(2.35227150984184,-91.0000014156102,-165.));
#3320=CARTESIAN_POINT('Ctrl Pts',(2.35227150984184,-91.0000014156102,-168.));
#3321=CARTESIAN_POINT('Ctrl Pts',(2.30524603605318,-90.9954439996423,-165.));
#3322=CARTESIAN_POINT('Ctrl Pts',(2.30524603605318,-90.9954439996423,-168.));
#3323=CARTESIAN_POINT('Ctrl Pts',(2.25820740230279,-90.9910234103444,-165.));
#3324=CARTESIAN_POINT('Ctrl Pts',(2.25820740230279,-90.9910234103444,-168.));
#3325=CARTESIAN_POINT('Ctrl Pts',(2.21115620588221,-90.9867397039183,-165.));
#3326=CARTESIAN_POINT('Ctrl Pts',(2.21115620588221,-90.9867397039183,-168.));
#3327=CARTESIAN_POINT('',(2.35227150984184,-91.0000014156102,-165.));
#3328=CARTESIAN_POINT('Origin',(-11.4999999980164,-91.0000014156102,-168.));
#3329=CARTESIAN_POINT('',(-2.3469967433132,-91.0000014156102,-165.));
#3330=CARTESIAN_POINT('Ctrl Pts',(4.42697279347892,-91.291591277048,-161.21892213395));
#3331=CARTESIAN_POINT('Ctrl Pts',(4.42697279347892,-91.291591277048,-190.5));
#3332=CARTESIAN_POINT('Ctrl Pts',(2.23341864787523,-90.8864238192742,-161.21892213395));
#3333=CARTESIAN_POINT('Ctrl Pts',(2.23341864787523,-90.8864238192742,-190.5));
#3334=CARTESIAN_POINT('Ctrl Pts',(-0.00543392697238576,-90.7844857055532,
-161.21892213395));
#3335=CARTESIAN_POINT('Ctrl Pts',(-0.00543392697238576,-90.7844857055532,
-190.5));
#3336=CARTESIAN_POINT('Ctrl Pts',(-2.22673055053509,-90.9886468396677,-161.21892213395));
#3337=CARTESIAN_POINT('Ctrl Pts',(-2.22673055053509,-90.9886468396677,-190.5));
#3338=CARTESIAN_POINT('Ctrl Pts',(-2.26682860521947,-90.9923322836707,-161.21892213395));
#3339=CARTESIAN_POINT('Ctrl Pts',(-2.26682860521947,-90.9923322836707,-190.5));
#3340=CARTESIAN_POINT('Ctrl Pts',(-2.30691745940984,-90.9961171539344,-161.21892213395));
#3341=CARTESIAN_POINT('Ctrl Pts',(-2.30691745940984,-90.9961171539345,-190.5));
#3342=CARTESIAN_POINT('Ctrl Pts',(-3.34951080069226,-91.0971594999092,-161.21892213395));
#3343=CARTESIAN_POINT('Ctrl Pts',(-3.34951080069226,-91.0971594999093,-190.5));
#3344=CARTESIAN_POINT('Ctrl Pts',(-4.34692525096422,-91.2565879141946,-161.21892213395));
#3345=CARTESIAN_POINT('Ctrl Pts',(-4.34692525096422,-91.2565879141947,-190.5));
#3346=CARTESIAN_POINT('Ctrl Pts',(-8.08637708922297,-92.0961808791714,-161.21892213395));
#3347=CARTESIAN_POINT('Ctrl Pts',(-8.08637708922297,-92.0961808791715,-190.5));
#3348=CARTESIAN_POINT('Ctrl Pts',(-10.0711629724223,-93.0432229645183,-161.21892213395));
#3349=CARTESIAN_POINT('Ctrl Pts',(-10.0711629724223,-93.0432229645183,-190.5));
#3350=CARTESIAN_POINT('Ctrl Pts',(-13.5661959763061,-95.1972804568985,-161.21892213395));
#3351=CARTESIAN_POINT('Ctrl Pts',(-13.5661959763061,-95.1972804568985,-190.5));
#3352=CARTESIAN_POINT('Ctrl Pts',(-15.3640134716036,-96.8621262251247,-161.21892213395));
#3353=CARTESIAN_POINT('Ctrl Pts',(-15.3640134716036,-96.8621262251247,-190.5));
#3354=CARTESIAN_POINT('Ctrl Pts',(-17.3179954751707,-99.5474833058265,-161.21892213395));
#3355=CARTESIAN_POINT('Ctrl Pts',(-17.3179954751707,-99.5474833058265,-190.5));
#3356=CARTESIAN_POINT('Ctrl Pts',(-17.7912629664551,-100.30721637145,-161.21892213395));
#3357=CARTESIAN_POINT('Ctrl Pts',(-17.7912629664551,-100.30721637145,-190.5));
#3358=CARTESIAN_POINT('Ctrl Pts',(-18.2081561537156,-101.097975045704,-161.21892213395));
#3359=CARTESIAN_POINT('Ctrl Pts',(-18.2081561537156,-101.097975045704,-190.5));
#3360=CARTESIAN_POINT('',(-8.49999999801639,-92.4288701522453,-168.));
#3361=CARTESIAN_POINT('Ctrl Pts',(-8.49999999801638,-92.4288701522453,-167.));
#3362=CARTESIAN_POINT('Ctrl Pts',(-8.49999999801638,-92.4288701522453,-167.333333333333));
#3363=CARTESIAN_POINT('Ctrl Pts',(-8.49999999801638,-92.4288701522453,-167.666666666666));
#3364=CARTESIAN_POINT('Ctrl Pts',(-8.49999999801638,-92.4288701522453,-168.));
#3365=CARTESIAN_POINT('Ctrl Pts',(-8.49999999801639,-92.4288701522453,-190.5));
#3366=CARTESIAN_POINT('Ctrl Pts',(-8.49999999801639,-92.4288701522453,-183.));
#3367=CARTESIAN_POINT('Ctrl Pts',(-8.49999999801639,-92.4288701522453,-175.5));
#3368=CARTESIAN_POINT('Ctrl Pts',(-8.49999999801639,-92.4288701522453,-168.));
#3369=CARTESIAN_POINT('',(-11.4999999980164,-93.9238432896914,-165.));
#3370=CARTESIAN_POINT('Origin',(-8.49999999801639,-91.0000013560057,-168.));
#3371=CARTESIAN_POINT('',(-8.49999999801639,-144.999999998016,-190.));
#3372=CARTESIAN_POINT('Origin',(-11.4999999980164,-147.999999998016,-168.));
#3373=CARTESIAN_POINT('Origin',(8.50000000198274,-144.999999998016,-168.));
#3374=CARTESIAN_POINT('',(8.50000000198274,-144.999999998016,-168.));
#3375=CARTESIAN_POINT('Origin',(-8.49999999801639,-144.999999998016,-168.));
#3376=CARTESIAN_POINT('Origin',(16.4104508381408,-110.782344359693,-149.5300433684));
#3377=CARTESIAN_POINT('',(21.418024679433,-102.961230637897,-151.2800433684));
#3378=CARTESIAN_POINT('Origin',(23.5503994206418,-107.131419837808,-149.5300433684));
#3379=CARTESIAN_POINT('',(20.0552469526576,-103.658070196308,-151.280043367315));
#3380=CARTESIAN_POINT('',(14.2780760969319,-106.612155159782,-151.2800433684));
#3381=CARTESIAN_POINT('',(21.5285411438215,-108.165272095611,-154.5300433684));
#3382=CARTESIAN_POINT('Ctrl Pts',(20.0552469525265,-103.658070196368,-151.280043367298));
#3383=CARTESIAN_POINT('Ctrl Pts',(20.0580768947711,-103.680344907939,-151.336571515331));
#3384=CARTESIAN_POINT('Ctrl Pts',(20.061449273516,-103.703506061588,-151.392750382587));
#3385=CARTESIAN_POINT('Ctrl Pts',(20.1076003001757,-103.987516494066,-152.051915026241));
#3386=CARTESIAN_POINT('Ctrl Pts',(20.2153924723581,-104.354512528034,-152.604523077022));
#3387=CARTESIAN_POINT('Ctrl Pts',(20.4911710464079,-105.184391021902,-153.480317793599));
#3388=CARTESIAN_POINT('Ctrl Pts',(20.6778063699445,-105.704086752895,-153.863360329963));
#3389=CARTESIAN_POINT('Ctrl Pts',(21.0818588420338,-106.84554055386,-154.380513164012));
#3390=CARTESIAN_POINT('Ctrl Pts',(21.2978405652507,-107.46776876388,-154.514706168254));
#3391=CARTESIAN_POINT('Ctrl Pts',(21.5042821469914,-108.091657639085,-154.529601701048));
#3392=CARTESIAN_POINT('Ctrl Pts',(21.5164033837052,-108.128388782701,-154.5300433684));
#3393=CARTESIAN_POINT('Ctrl Pts',(21.5285411438214,-108.165272095611,-154.5300433684));
#3394=CARTESIAN_POINT('',(16.4104508381408,-110.782344359693,-154.5300433684));
#3395=CARTESIAN_POINT('Origin',(4.44089209850063E-15,-115.250000864267,
-154.5300433684));
#3396=CARTESIAN_POINT('',(-22.6643214217113,-115.250000864267,-154.5300433684));
#3397=CARTESIAN_POINT('Origin',(4.44089209850063E-15,-115.250000864267,
-154.5300433684));
#3398=CARTESIAN_POINT('',(-21.5285411438215,-108.165272095611,-154.5300433684));
#3399=CARTESIAN_POINT('Origin',(4.44089209850063E-15,-115.250000864267,
-154.5300433684));
#3400=CARTESIAN_POINT('',(-16.4104508381408,-110.782344359693,-154.5300433684));
#3401=CARTESIAN_POINT('Origin',(-16.4104508381408,-110.782344359693,-149.5300433684));
#3402=CARTESIAN_POINT('',(-20.0552469525817,-103.658070196802,-151.2800433684));
#3403=CARTESIAN_POINT('Ctrl Pts',(-21.5285411438214,-108.165272095611,-154.5300433684));
#3404=CARTESIAN_POINT('Ctrl Pts',(-21.5164033837052,-108.128388782701,-154.5300433684));
#3405=CARTESIAN_POINT('Ctrl Pts',(-21.5042821469914,-108.091657639085,-154.529601701048));
#3406=CARTESIAN_POINT('Ctrl Pts',(-21.2978405652507,-107.46776876388,-154.514706168254));
#3407=CARTESIAN_POINT('Ctrl Pts',(-21.0818588420338,-106.84554055386,-154.380513164012));
#3408=CARTESIAN_POINT('Ctrl Pts',(-20.6778063699445,-105.704086752895,-153.863360329963));
#3409=CARTESIAN_POINT('Ctrl Pts',(-20.4911710464079,-105.184391021902,-153.480317793599));
#3410=CARTESIAN_POINT('Ctrl Pts',(-20.2153924723581,-104.354512528035,-152.604523077022));
#3411=CARTESIAN_POINT('Ctrl Pts',(-20.1076003001757,-103.987516494066,-152.051915026241));
#3412=CARTESIAN_POINT('Ctrl Pts',(-20.0614492735414,-103.703506061744,-151.392750382949));
#3413=CARTESIAN_POINT('Ctrl Pts',(-20.058076894815,-103.68034490824,-151.336571516061));
#3414=CARTESIAN_POINT('Ctrl Pts',(-20.0552469525817,-103.658070196802,-151.2800433684));
#3415=CARTESIAN_POINT('',(-21.4180246794329,-102.961230637897,-151.2800433684));
#3416=CARTESIAN_POINT('',(-14.278076096932,-106.612155159782,-151.2800433684));
#3417=CARTESIAN_POINT('Origin',(-23.5503994206418,-107.131419837808,-149.5300433684));
#3418=CARTESIAN_POINT('Origin',(7.88095187330546,-94.1015875600484,-156.5300433684));
#3419=CARTESIAN_POINT('',(19.7928760424458,-99.7830006751969,-145.799911811475));
#3420=CARTESIAN_POINT('Origin',(15.0209004558065,-90.4506630381635,-156.5300433684));
#3421=CARTESIAN_POINT('',(12.3795535181811,-91.8012831713416,-141.5300433684));
#3422=CARTESIAN_POINT('Ctrl Pts',(19.7928760424458,-99.7830006751969,-145.799911811475));
#3423=CARTESIAN_POINT('Ctrl Pts',(19.7051247825702,-99.6113894901927,-145.611630765724));
#3424=CARTESIAN_POINT('Ctrl Pts',(19.6123996395568,-99.436182814456,-145.428180618719));
#3425=CARTESIAN_POINT('Ctrl Pts',(18.9958268194366,-98.3138892194846,-144.306179265732));
#3426=CARTESIAN_POINT('Ctrl Pts',(18.3247101787706,-97.2910272653695,-143.52868691554));
#3427=CARTESIAN_POINT('Ctrl Pts',(16.7664325985803,-95.3545355096335,-142.37799906988));
#3428=CARTESIAN_POINT('Ctrl Pts',(15.7465364735181,-94.2982345575759,-141.942158325685));
#3429=CARTESIAN_POINT('Ctrl Pts',(13.8882403037023,-92.7905576678375,-141.588942278433));
#3430=CARTESIAN_POINT('Ctrl Pts',(13.140329189389,-92.2640465674853,-141.5300433684));
#3431=CARTESIAN_POINT('Ctrl Pts',(12.3795535181811,-91.8012831713416,-141.5300433684));
#3432=CARTESIAN_POINT('',(10.3260590965631,-92.8513121810481,-141.5300433684));
#3433=CARTESIAN_POINT('',(7.88095187330546,-94.1015875600484,-141.5300433684));
#3434=CARTESIAN_POINT('Ctrl Pts',(10.3260590965631,-92.8513121810481,-141.5300433684));
#3435=CARTESIAN_POINT('Ctrl Pts',(10.4840280093154,-92.9241377089872,-141.5300433684));
#3436=CARTESIAN_POINT('Ctrl Pts',(10.6411571492819,-92.9989191421551,-141.531913245447));
#3437=CARTESIAN_POINT('Ctrl Pts',(11.6841622727028,-93.511194179754,-141.557638538084));
#3438=CARTESIAN_POINT('Ctrl Pts',(12.5688151699038,-94.0248965809435,-141.645214525015));
#3439=CARTESIAN_POINT('Ctrl Pts',(14.2373753239111,-95.1735909984902,-142.003636454342));
#3440=CARTESIAN_POINT('Ctrl Pts',(15.0212560748703,-95.8084361004472,-142.275076368708));
#3441=CARTESIAN_POINT('Ctrl Pts',(16.422669572748,-97.1305658737918,-143.017432397931));
#3442=CARTESIAN_POINT('Ctrl Pts',(17.0428140731431,-97.8197688501048,-143.489899503965));
#3443=CARTESIAN_POINT('Ctrl Pts',(18.092735938867,-99.170434824705,-144.610551657809));
#3444=CARTESIAN_POINT('Ctrl Pts',(18.5230111583919,-99.8314468430688,-145.258813715188));
#3445=CARTESIAN_POINT('Ctrl Pts',(19.5127019281383,-101.599898865874,-147.297806908771));
#3446=CARTESIAN_POINT('Ctrl Pts',(19.8945506174561,-102.685658381048,-148.979673525207));
#3447=CARTESIAN_POINT('Ctrl Pts',(20.0380035792786,-103.533033770393,-150.968999054606));
#3448=CARTESIAN_POINT('Ctrl Pts',(20.0474384617424,-103.596608913946,-151.124068621801));
#3449=CARTESIAN_POINT('Ctrl Pts',(20.0552469525265,-103.658070196368,-151.280043367298));
#3450=CARTESIAN_POINT('Origin',(4.44089209850063E-15,-115.250000864267,
-141.5300433684));
#3451=CARTESIAN_POINT('',(-10.3260590965631,-92.8513121810481,-141.5300433684));
#3452=CARTESIAN_POINT('Origin',(4.44089209850063E-15,-115.250000864267,
-141.5300433684));
#3453=CARTESIAN_POINT('Ctrl Pts',(-20.0552469525817,-103.658070196802,-151.2800433684));
#3454=CARTESIAN_POINT('Ctrl Pts',(-20.0051781415251,-103.263974407422,-150.279917955472));
#3455=CARTESIAN_POINT('Ctrl Pts',(-19.8867452973494,-102.786044446546,-149.332326295731));
#3456=CARTESIAN_POINT('Ctrl Pts',(-19.4739554937724,-101.617954919465,-147.398562917384));
#3457=CARTESIAN_POINT('Ctrl Pts',(-19.0977466823184,-100.795658810748,-146.309524733056));
#3458=CARTESIAN_POINT('Ctrl Pts',(-18.0100033796463,-99.0307006157123,-144.449882438506));
#3459=CARTESIAN_POINT('Ctrl Pts',(-17.2934247073971,-98.0912982095169,-143.679139913006));
#3460=CARTESIAN_POINT('Ctrl Pts',(-15.6394409985022,-96.3344011763741,-142.518717099024));
#3461=CARTESIAN_POINT('Ctrl Pts',(-14.5604435138792,-95.3907001468139,-142.067292529265));
#3462=CARTESIAN_POINT('Ctrl Pts',(-12.3932988932214,-93.9084794188144,-141.612292639186));
#3463=CARTESIAN_POINT('Ctrl Pts',(-11.3539878212781,-93.3251994209924,-141.5300433684));
#3464=CARTESIAN_POINT('Ctrl Pts',(-10.3260590965631,-92.8513121810481,-141.5300433684));
#3465=CARTESIAN_POINT('Origin',(4.44089209850063E-15,-115.250000864267,
-154.5300433684));
#3466=CARTESIAN_POINT('Origin',(4.44089209850063E-15,-96.3033653345566,
-141.5300433684));
#3467=CARTESIAN_POINT('',(7.94536624941949,-89.7969619093033,-141.5300433684));
#3468=CARTESIAN_POINT('Origin',(1.98581743978805,-108.888420156007,-141.5300433684));
#3469=CARTESIAN_POINT('',(-7.94536624941948,-89.7969619093033,-141.5300433684));
#3470=CARTESIAN_POINT('Origin',(4.44089209850063E-15,-115.250000864267,
-141.5300433684));
#3471=CARTESIAN_POINT('',(-12.3795535181811,-91.8012831713416,-141.5300433684));
#3472=CARTESIAN_POINT('Origin',(-1.98581743978804,-108.888420156007,-141.5300433684));
#3473=CARTESIAN_POINT('',(-7.88095187330545,-94.1015875600485,-141.5300433684));
#3474=CARTESIAN_POINT('Origin',(-7.88095187330545,-94.1015875600485,-156.5300433684));
#3475=CARTESIAN_POINT('',(-19.7928760424458,-99.7830006751969,-145.799911811475));
#3476=CARTESIAN_POINT('Ctrl Pts',(-12.3795535181811,-91.8012831713416,-141.5300433684));
#3477=CARTESIAN_POINT('Ctrl Pts',(-13.140329189389,-92.2640465674853,-141.5300433684));
#3478=CARTESIAN_POINT('Ctrl Pts',(-13.8882403037023,-92.7905576678375,-141.588942278433));
#3479=CARTESIAN_POINT('Ctrl Pts',(-15.7465364735181,-94.2982345575758,-141.942158325685));
#3480=CARTESIAN_POINT('Ctrl Pts',(-16.7664325985803,-95.3545355096335,-142.37799906988));
#3481=CARTESIAN_POINT('Ctrl Pts',(-18.3247101787706,-97.2910272653695,-143.52868691554));
#3482=CARTESIAN_POINT('Ctrl Pts',(-18.9958268194365,-98.3138892194845,-144.306179265732));
#3483=CARTESIAN_POINT('Ctrl Pts',(-19.6123996395568,-99.4361828144559,-145.428180618719));
#3484=CARTESIAN_POINT('Ctrl Pts',(-19.7051247825702,-99.6113894901927,-145.611630765724));
#3485=CARTESIAN_POINT('Ctrl Pts',(-19.7928760424458,-99.7830006751968,-145.799911811475));
#3486=CARTESIAN_POINT('Origin',(-15.0209004558064,-90.4506630381635,-156.5300433684));
#3487=CARTESIAN_POINT('Origin',(-1.98581743978804,-108.888420156007,-156.5300433684));
#3488=CARTESIAN_POINT('',(-7.94536624941948,-89.7969619093033,-156.5300433684));
#3489=CARTESIAN_POINT('',(-19.7928760424458,-99.7830006751969,-156.5300433684));
#3490=CARTESIAN_POINT('Origin',(4.44089209850063E-15,-115.250000864267,
-154.5300433684));
#3491=CARTESIAN_POINT('',(-20.6643214217113,-115.250000864267,-156.5300433684));
#3492=CARTESIAN_POINT('Origin',(-20.6643214217113,-115.250000864267,-154.5300433684));
#3493=CARTESIAN_POINT('Origin',(4.44089209850063E-15,-115.250000864267,
-156.5300433684));
#3494=CARTESIAN_POINT('Origin',(4.44089209850063E-15,-114.250000864267,
-156.5300433684));
#3495=CARTESIAN_POINT('Origin',(1.98581743978805,-108.888420156007,-156.5300433684));
#3496=CARTESIAN_POINT('',(19.7928760424458,-99.7830006751969,-156.5300433684));
#3497=CARTESIAN_POINT('',(7.94536624941949,-89.7969619093033,-156.5300433684));
#3498=CARTESIAN_POINT('Origin',(4.44089209850063E-15,-115.250000864267,
-156.5300433684));
#3499=CARTESIAN_POINT('Origin',(-21.9599508475601,-104.021051226557,-156.5300433684));
#3500=CARTESIAN_POINT('Origin',(17.3471484460623,-95.0000014156103,-156.5300433684));
#3501=UNCERTAINTY_MEASURE_WITH_UNIT(LENGTH_MEASURE(0.01),#3505,
'DISTANCE_ACCURACY_VALUE',
'Maximum model space distance between geometric entities at asserted c
onnectivities');
#3502=UNCERTAINTY_MEASURE_WITH_UNIT(LENGTH_MEASURE(0.01),#3505,
'DISTANCE_ACCURACY_VALUE',
'Maximum model space distance between geometric entities at asserted c
onnectivities');
#3503=(
GEOMETRIC_REPRESENTATION_CONTEXT(3)
GLOBAL_UNCERTAINTY_ASSIGNED_CONTEXT((#3501))
GLOBAL_UNIT_ASSIGNED_CONTEXT((#3505,#3506,#3507))
REPRESENTATION_CONTEXT('','3D')
);
#3504=(
GEOMETRIC_REPRESENTATION_CONTEXT(3)
GLOBAL_UNCERTAINTY_ASSIGNED_CONTEXT((#3502))
GLOBAL_UNIT_ASSIGNED_CONTEXT((#3505,#3506,#3507))
REPRESENTATION_CONTEXT('','3D')
);
#3505=(
LENGTH_UNIT()
NAMED_UNIT(*)
SI_UNIT(.MILLI.,.METRE.)
);
#3506=(
NAMED_UNIT(*)
PLANE_ANGLE_UNIT()
SI_UNIT($,.RADIAN.)
);
#3507=(
NAMED_UNIT(*)
SI_UNIT($,.STERADIAN.)
SOLID_ANGLE_UNIT()
);
#3508=SHAPE_DEFINITION_REPRESENTATION(#3509,#3510);
#3509=PRODUCT_DEFINITION_SHAPE('',$,#3512);
#3510=SHAPE_REPRESENTATION('',(#1222),#3503);
#3511=PRODUCT_DEFINITION_CONTEXT('part definition',#3516,'design');
#3512=PRODUCT_DEFINITION('smart-grind-by-weight. Eureka Mignon',
'smart-grind-by-weight. Eureka Mignon v2',#3513,#3511);
#3513=PRODUCT_DEFINITION_FORMATION('',$,#3518);
#3514=PRODUCT_RELATED_PRODUCT_CATEGORY(
'smart-grind-by-weight. Eureka Mignon v2',
'smart-grind-by-weight. Eureka Mignon v2',(#3518));
#3515=APPLICATION_PROTOCOL_DEFINITION('international standard',
'automotive_design',2009,#3516);
#3516=APPLICATION_CONTEXT(
'Core Data for Automotive Mechanical Design Process');
#3517=PRODUCT_CONTEXT('part definition',#3516,'mechanical');
#3518=PRODUCT('smart-grind-by-weight. Eureka Mignon',
'smart-grind-by-weight. Eureka Mignon v2',$,(#3517));
#3519=PRESENTATION_STYLE_ASSIGNMENT((#3522));
#3520=PRESENTATION_STYLE_ASSIGNMENT((#3523));
#3521=PRESENTATION_STYLE_ASSIGNMENT((#3524));
#3522=SURFACE_STYLE_USAGE(.BOTH.,#3525);
#3523=SURFACE_STYLE_USAGE(.BOTH.,#3526);
#3524=SURFACE_STYLE_USAGE(.BOTH.,#3527);
#3525=SURFACE_SIDE_STYLE('',(#3528));
#3526=SURFACE_SIDE_STYLE('',(#3529));
#3527=SURFACE_SIDE_STYLE('',(#3530));
#3528=SURFACE_STYLE_FILL_AREA(#3531);
#3529=SURFACE_STYLE_FILL_AREA(#3532);
#3530=SURFACE_STYLE_FILL_AREA(#3533);
#3531=FILL_AREA_STYLE('Opaque(82,82,82)',(#3534));
#3532=FILL_AREA_STYLE('Steel - Satin',(#3535));
#3533=FILL_AREA_STYLE('Paint - Enamel Glossy (Red)',(#3536));
#3534=FILL_AREA_STYLE_COLOUR('Opaque(82,82,82)',#3537);
#3535=FILL_AREA_STYLE_COLOUR('Steel - Satin',#3538);
#3536=FILL_AREA_STYLE_COLOUR('Paint - Enamel Glossy (Red)',#3539);
#3537=COLOUR_RGB('Opaque(82,82,82)',0.32156862745098,0.32156862745098,0.32156862745098);
#3538=COLOUR_RGB('Steel - Satin',0.627450980392157,0.627450980392157,0.627450980392157);
#3539=COLOUR_RGB('Paint - Enamel Glossy (Red)',0.768627450980392,0.207843137254902,
0.152941176470588);
ENDSEC;
END-ISO-10303-21;
